Customer ID,Recency,Frequency,Monetary,Cluster,ChurnRisk
12346.0,326,12,77556.46,0,High
12347.0,2,8,4921.53,0,Low
12348.0,75,5,2019.4,0,Low
12349.0,19,4,4428.6900000000005,0,Low
12350.0,310,1,334.40000000000003,1,High
12351.0,375,1,300.93,1,High
12352.0,36,10,2849.84,0,Low
12353.0,204,2,406.76,0,High
12354.0,232,1,1079.4,0,High
12355.0,214,2,947.61,0,High
12356.0,23,6,6371.7300000000005,0,Low
12357.0,33,3,18287.66,0,Low
12358.0,2,5,3887.07,0,Low
12359.0,58,10,8873.39,0,Low
12360.0,52,8,4252.89,0,Low
12361.0,287,4,511.25,1,High
12362.0,3,11,5356.2300000000005,0,Low
12363.0,110,2,552.0,0,Low
12364.0,8,4,1313.1,0,Low
12365.0,291,2,641.38,1,High
12366.0,634,1,500.24,1,High
12367.0,4,1,168.9,0,Low
12368.0,628,1,917.7,1,High
12369.0,413,3,1791.15,1,High
12370.0,51,7,4316.56,0,Low
12371.0,45,5,4067.38,0,Low
12372.0,72,3,1298.04,0,Low
12373.0,311,3,1127.65,1,High
12374.0,25,4,2989.2200000000003,0,Low
12375.0,11,2,457.5,0,Low
12376.0,390,2,503.15,1,High
12377.0,315,4,3426.32,1,High
12378.0,130,2,5416.32,0,Low
12379.0,82,4,1620.22,0,Low
12380.0,22,11,9676.3,0,Low
12381.0,5,5,1845.31,0,Low
12383.0,185,5,1850.56,0,High
12384.0,29,2,585.27,0,Low
12385.0,379,1,1938.4,1,High
12386.0,338,2,401.9,1,High
12387.0,415,1,143.94,1,High
12388.0,16,8,3901.11,0,Low
12389.0,403,3,1433.33,1,High
12390.0,80,1,549.84,0,Low
12391.0,22,6,2724.84,0,Low
12392.0,591,1,234.75000000000003,1,High
12393.0,72,6,2399.45,0,Low
12394.0,64,2,1272.48,0,Low
12395.0,19,15,4721.17,0,Low
12396.0,674,1,931.43,1,High
12397.0,36,2,2409.9,0,Low
12398.0,46,1,1635.66,0,Low
12399.0,119,7,1962.3,0,Low
12400.0,414,1,205.25,1,High
12401.0,303,1,84.3,1,High
12402.0,323,6,1256.9,1,High
12403.0,50,2,1019.36,0,Low
12404.0,682,1,63.24,1,High
12405.0,149,1,1710.39,0,Low
12406.0,22,5,6390.36,0,Low
12407.0,50,5,1708.12,0,Low
12408.0,33,8,4340.77,0,Low
12409.0,79,7,23419.29,0,Low
12410.0,309,3,1013.71,1,High
12411.0,410,1,346.9,1,High
12412.0,75,6,2596.93,0,Low
12413.0,67,4,999.45,0,Low
12414.0,217,6,952.41,0,High
12415.0,24,28,144458.37,3,Low
12416.0,657,1,202.56,1,High
12417.0,3,20,6797.41,0,Low
12418.0,113,4,2021.2,0,Low
12419.0,386,2,503.01,1,High
12420.0,64,1,600.39,0,Low
12421.0,16,6,1098.6,0,Low
12422.0,96,17,5231.8,0,Low
12423.0,1,10,2622.39,0,Low
12424.0,163,4,3340.03,0,Low
12425.0,78,2,1741.41,0,Low
12426.0,195,2,1345.21,0,High
12427.0,22,3,825.8000000000001,0,Low
12428.0,26,9,7956.46,0,Low
12429.0,9,8,6204.41,0,Low
12430.0,43,1,256.4,0,Low
12431.0,36,27,10432.22,0,Low
12432.0,43,5,5059.32,0,Low
12433.0,1,10,16794.14,0,Low
12434.0,85,3,1103.43,0,Low
12435.0,80,6,13925.93,0,Low
12436.0,100,1,509.01,0,Low
12437.0,2,39,12683.4,0,Low
12438.0,14,2,2906.85,0,Low
12439.0,683,2,1142.88,1,High
12440.0,462,2,859.2,1,High
12441.0,367,1,173.55,1,High
12442.0,3,1,172.06,0,Low
12443.0,732,1,485.31,1,High
12444.0,21,5,5005.46,0,Low
12445.0,22,2,434.98,0,Low
12446.0,58,1,1002.31,0,Low
12447.0,243,1,476.49,0,High
12448.0,44,1,449.45,0,Low
12449.0,22,6,4835.89,0,Low
12450.0,156,5,688.2,0,Low
12451.0,11,8,12669.88,0,Low
12452.0,17,2,430.5700000000001,0,Low
12453.0,134,1,707.09,0,Low
12454.0,56,5,16679.78,0,Low
12455.0,73,10,5879.95,0,Low
12456.0,44,3,3181.04,0,Low
12457.0,66,8,2995.91,0,Low
12458.0,71,4,1777.49,0,Low
12459.0,605,1,454.36,1,High
12460.0,456,1,326.65,1,High
12461.0,94,2,826.88,0,Low
12462.0,19,2,1189.59,0,Low
12463.0,53,4,1344.78,0,Low
12464.0,10,8,1212.05,0,Low
12465.0,17,2,742.19,0,Low
12466.0,682,1,56.73,1,High
12467.0,423,1,132.8,1,High
12468.0,188,5,3670.74,0,High
12469.0,523,2,3070.54,1,High
12470.0,690,1,211.95,1,High
12471.0,2,79,39918.19,3,Low
12472.0,32,19,16249.29,0,Low
12473.0,29,5,3928.05,0,Low
12474.0,17,31,12372.75,0,Low
12475.0,54,2,1149.64,0,Low
12476.0,16,23,14083.91,0,Low
12477.0,23,9,20276.37,0,Low
12478.0,4,1,680.99,0,Low
12479.0,11,1,527.2,0,Low
12480.0,28,7,5464.85,0,Low
12481.0,23,15,12185.51,0,Low
12482.0,576,29,23691.4,1,High
12483.0,17,19,5097.18,0,Low
12484.0,33,12,6354.1,0,Low
12485.0,529,1,708.1,1,High
12486.0,432,1,1037.28,1,High
12487.0,731,1,285.3,1,High
12488.0,10,3,1298.66,0,Low
12489.0,336,1,334.93,1,High
12490.0,5,21,9823.64,0,Low
12491.0,39,1,460.4,0,Low
12492.0,63,3,715.21,0,Low
12493.0,166,2,433.74,0,Low
12494.0,16,9,1815.27,0,Low
12495.0,641,1,357.4,1,High
12496.0,620,2,45.34,1,High
12497.0,82,3,6248.5,0,Low
12498.0,21,3,403.7000000000001,0,Low
12499.0,560,1,393.72,1,High
12500.0,23,19,5955.21,0,Low
12501.0,337,1,2169.39,1,High
12502.0,96,5,3723.87,0,Low
12503.0,584,1,1126.0,1,High
12504.0,18,4,779.05,0,Low
12505.0,409,1,955.2,1,High
12506.0,233,1,73.5,0,High
12507.0,134,4,1844.06,0,Low
12508.0,26,2,397.88,0,Low
12509.0,284,1,176.5,1,High
12510.0,143,9,5178.02,0,Low
12511.0,429,1,3084.02,1,High
12512.0,66,2,132.18,0,Low
12513.0,113,1,612.29,0,Low
12514.0,267,2,1597.76,1,High
12515.0,353,1,383.7,1,High
12516.0,78,4,2648.62,0,Low
12517.0,28,5,2481.6,0,Low
12518.0,1,5,2056.89,0,Low
12519.0,64,2,716.54,0,Low
12520.0,79,5,2634.26,0,Low
12521.0,143,1,599.68,0,Low
12522.0,39,2,192.72,0,Low
12523.0,19,23,4352.35,0,Low
12524.0,9,17,11126.11,0,Low
12525.0,498,3,973.73,1,High
12526.0,1,3,1316.66,0,Low
12527.0,82,5,735.51,0,Low
12528.0,9,6,1933.48,0,Low
12529.0,528,1,316.48,1,High
12530.0,60,9,3759.26,0,Low
12531.0,15,2,1933.2,0,Low
12532.0,30,1,349.83000000000004,0,Low
12533.0,628,2,1367.89,1,High
12534.0,131,1,1089.18,0,Low
12535.0,92,2,716.35,0,Low
12536.0,43,3,12601.830000000002,0,Low
12537.0,409,1,732.94,1,High
12538.0,29,2,640.45,0,Low
12539.0,22,7,11214.75,0,Low
12540.0,20,33,22254.49,0,Low
12541.0,30,3,981.18,0,Low
12542.0,484,2,481.88,1,High
12543.0,448,1,980.25,1,High
12544.0,36,1,372.7,0,Low
12545.0,75,2,1000.39,0,Low
12546.0,47,2,1161.5,0,Low
12547.0,198,3,383.58,0,High
12548.0,166,1,95.2,0,Low
12549.0,576,6,1575.68,1,High
12550.0,79,1,964.83,0,Low
12551.0,358,1,168.0,1,High
12552.0,39,2,437.82,0,Low
12553.0,8,12,4608.75,0,Low
12554.0,449,1,468.5,1,High
12555.0,682,1,129.23,1,High
12556.0,50,2,599.56,0,Low
12557.0,16,8,18096.14,0,Low
12558.0,8,1,269.96,0,Low
12559.0,311,2,561.71,1,High
12560.0,5,3,2134.01,0,Low
12561.0,303,1,238.85,1,High
12562.0,8,9,4966.92,0,Low
12563.0,409,1,249.24,1,High
12564.0,261,1,456.9,1,High
12565.0,289,1,145.92000000000002,1,High
12566.0,86,1,351.65,0,Low
12567.0,23,15,11767.48,0,Low
12568.0,645,1,70.0,1,High
12569.0,2,32,4124.6900000000005,0,Low
12570.0,682,1,77.52,1,High
12571.0,40,2,519.61,0,Low
12572.0,9,2,1020.42,0,Low
12573.0,227,5,717.41,0,High
12574.0,316,1,218.45,1,High
12575.0,457,2,622.82,1,High
12576.0,36,8,2142.7200000000003,0,Low
12577.0,35,8,1617.1,0,Low
12578.0,21,4,4642.45,0,Low
12579.0,78,1,440.42,0,Low
12580.0,247,2,1052.9,0,High
12581.0,40,1,197.71,0,Low
12582.0,239,4,1980.4,0,High
12583.0,3,27,13591.58,0,Low
12584.0,4,9,2338.15,0,Low
12585.0,234,2,2040.1,0,High
12586.0,17,4,2062.67,0,Low
12587.0,8,1,144.0,0,Low
12588.0,39,4,958.78,0,Low
12589.0,29,8,4695.66,0,Low
12590.0,211,2,9864.26,0,High
12591.0,317,3,1338.95,1,High
12592.0,92,5,2582.66,0,Low
12593.0,109,3,418.1,0,Low
12594.0,38,15,5090.110000000001,0,Low
12595.0,505,1,299.02,1,High
12596.0,51,2,618.27,0,Low
12597.0,19,4,3811.22,0,Low
12598.0,10,11,4534.09,0,Low
12599.0,29,13,2296.72,0,Low
12600.0,29,21,4967.42,0,Low
12601.0,190,6,681.26,0,High
12602.0,59,1,153.12,0,Low
12603.0,22,1,739.1999999999999,0,Low
12604.0,79,2,254.18,0,Low
12605.0,376,4,1232.95,1,High
12606.0,682,1,21.0,1,High
12607.0,60,1,1579.51,0,Low
12608.0,405,1,415.79,1,High
12609.0,78,9,3435.86,0,Low
12610.0,23,5,2099.54,0,Low
12611.0,52,1,1193.32,0,Low
12612.0,74,1,704.04,0,Low
12613.0,57,10,6817.37,0,Low
12614.0,278,1,315.6,1,High
12615.0,2,8,5740.9800000000005,0,Low
12616.0,95,3,1131.1,0,Low
12617.0,29,1,352.98,0,Low
12618.0,22,1,177.31,0,Low
12619.0,16,10,3781.38,0,Low
12620.0,15,3,1339.41,0,Low
12621.0,2,35,24311.2,0,Low
12622.0,232,1,180.1,0,High
12623.0,276,7,3747.84,1,High
12624.0,106,2,641.13,0,Low
12625.0,212,4,5164.88,0,High
12626.0,23,9,6620.4800000000005,0,Low
12627.0,11,7,4478.53,0,Low
12628.0,4,3,786.46,0,Low
12629.0,386,2,1558.22,1,High
12630.0,10,2,1270.88,0,Low
12631.0,57,6,3481.57,0,Low
12632.0,521,2,804.88,1,High
12633.0,59,7,5678.16,0,Low
12634.0,536,2,490.0,1,High
12635.0,90,4,2930.41,0,Low
12636.0,739,1,141.0,1,High
12637.0,67,12,8283.81,0,Low
12638.0,33,2,921.49,0,Low
12639.0,239,3,1312.37,0,High
12640.0,24,3,1174.58,0,Low
12641.0,115,1,185.9,0,Low
12642.0,25,3,1013.26,0,Low
12643.0,128,12,8304.82,0,Low
12644.0,130,4,1918.49,0,Low
12645.0,34,8,3539.3,0,Low
12646.0,5,2,1346.97,0,Low
12647.0,22,36,16955.55,0,Low
12648.0,155,4,1112.0,0,Low
12649.0,107,8,2294.65,0,Low
12650.0,3,1,314.44,0,Low
12651.0,335,4,377.75,1,High
12652.0,331,2,1017.03,1,High
12653.0,149,3,4160.83,0,Low
12654.0,11,5,601.98,0,Low
12655.0,424,1,261.35,1,High
12656.0,17,8,6407.83,0,Low
12657.0,11,4,1643.18,0,Low
12658.0,19,1,686.05,0,Low
12659.0,30,1,91.68,0,Low
12660.0,11,1,245.1,0,Low
12661.0,436,1,162.0,1,High
12662.0,1,20,6726.54,0,Low
12663.0,625,2,239.4,1,High
12664.0,8,11,6070.04,0,Low
12665.0,325,3,313.6,1,High
12666.0,394,1,1248.42,1,High
12667.0,58,1,620.13,0,Low
12668.0,12,10,11383.03,0,Low
12669.0,151,3,2744.03,0,Low
12670.0,10,7,3760.29,0,Low
12671.0,606,1,2622.481,1,High
12672.0,330,2,437.05,1,High
12673.0,5,3,1230.02,0,Low
12674.0,39,4,1970.6,0,Low
12675.0,554,2,957.25,1,High
12676.0,25,11,2843.09,0,Low
12677.0,555,2,395.1,1,High
12678.0,42,21,34281.18,0,Low
12679.0,59,4,1113.02,0,Low
12680.0,1,4,880.81,0,Low
12681.0,15,45,29834.76,0,Low
12682.0,4,52,22950.22,0,Low
12683.0,4,21,11633.7,0,Low
12684.0,8,7,2283.63,0,Low
12685.0,28,6,2863.08,0,Low
12686.0,372,1,89.14,1,High
12687.0,481,2,2138.91,1,High
12688.0,114,1,4873.81,0,Low
12689.0,26,2,1247.61,0,Low
12690.0,206,1,389.01,0,High
12691.0,28,7,1170.4,0,Low
12692.0,637,1,110.95,1,High
12693.0,127,7,1703.02,0,Low
12694.0,70,3,1843.35,0,Low
12695.0,7,7,1407.12,0,Low
12696.0,435,2,851.91,1,High
12697.0,29,3,957.59,0,Low
12698.0,590,1,339.75,1,High
12699.0,418,1,638.11,1,High
12700.0,8,4,4939.99,0,Low
12701.0,80,6,2446.41,0,Low
12702.0,20,1,219.0,0,Low
12703.0,71,4,1006.53,0,Low
12704.0,7,8,2340.84,0,Low
12705.0,15,14,11762.1,0,Low
12707.0,292,1,603.42,1,High
12708.0,30,18,5117.66,0,Low
12709.0,15,34,30291.76,0,Low
12710.0,97,3,1149.02,0,Low
12711.0,612,2,1339.05,1,High
12712.0,29,21,6723.03,0,Low
12713.0,1,1,848.55,0,Low
12714.0,9,12,14093.71,0,Low
12715.0,106,1,343.36,0,Low
12716.0,4,2,1053.49,0,Low
12717.0,151,3,1308.91,0,Low
12718.0,71,1,238.25,0,Low
12719.0,5,2,644.95,0,Low
12720.0,3,30,7787.28,0,Low
12721.0,32,8,4013.08,0,Low
12722.0,85,4,997.63,0,Low
12723.0,4,5,725.07,0,Low
12724.0,5,7,2317.52,0,Low
12725.0,371,4,2266.76,1,High
12726.0,28,11,4014.6,0,Low
12727.0,11,10,5679.53,0,Low
12728.0,71,5,1070.17,0,Low
12729.0,114,1,453.01,0,Low
12730.0,522,1,829.25,1,High
12731.0,24,17,25775.71,0,Low
12732.0,180,1,236.26,0,Low
12733.0,234,4,2424.87,0,High
12734.0,353,3,639.65,1,High
12735.0,315,2,779.5699999999999,1,High
12736.0,333,1,234.0,1,High
12737.0,499,2,3710.5,1,High
12738.0,372,1,155.35,1,High
12739.0,78,4,2726.73,0,Low
12740.0,64,1,427.6,0,Low
12741.0,529,2,406.07,1,High
12742.0,626,1,1201.52,1,High
12743.0,134,2,540.13,0,Low
12744.0,52,11,25317.06,0,Low
12745.0,487,3,925.41,1,High
12746.0,541,1,254.55,1,High
12747.0,2,26,8898.48,0,Low
12748.0,1,336,53539.64,3,Low
12749.0,4,9,6897.36,0,Low
12750.0,129,1,275.88,0,Low
12751.0,445,1,268.27,1,High
12752.0,81,1,4366.78,0,Low
12753.0,23,6,21429.39,0,Low
12754.0,236,3,3010.74,0,High
12755.0,281,11,5236.26,0,High
12756.0,87,1,112.08,0,Low
12757.0,16,13,7834.650000000001,0,Low
12758.0,117,7,9903.24,0,Low
12759.0,52,8,5020.74,0,Low
12760.0,456,1,347.8,1,High
12761.0,458,2,782.95,1,High
12762.0,8,2,1898.52,0,Low
12763.0,138,2,494.08,0,Low
12764.0,317,1,1693.88,1,High
12765.0,472,6,1404.58,1,High
12766.0,4,9,8918.99,0,Low
12767.0,376,1,949.82,1,High
12768.0,451,1,168.69,1,High
12769.0,239,1,1143.6,0,High
12770.0,211,2,3246.45,0,High
12771.0,486,1,282.3,1,High
12772.0,60,1,892.47,0,Low
12773.0,564,1,124.25,1,High
12774.0,536,1,98.7,1,High
12775.0,17,7,1686.12,0,Low
12776.0,668,1,55.5,1,High
12777.0,458,1,519.45,1,High
12778.0,20,9,1775.68,0,Low
12779.0,38,14,6474.11,0,Low
12780.0,599,1,337.4,1,High
12781.0,64,2,826.74,0,Low
12782.0,5,11,4618.24,0,Low
12783.0,2,6,2225.91,0,Low
12784.0,9,3,1763.15,0,Low
12785.0,364,3,1100.4,1,High
12786.0,610,1,728.5000000000001,1,High
12787.0,10,4,862.1800000000001,0,Low
12788.0,463,4,444.9,1,High
12789.0,65,3,273.35,0,Low
12790.0,192,2,591.85,0,High
12791.0,374,6,863.51,1,High
12792.0,257,2,827.01,1,High
12793.0,335,3,885.53,1,High
12794.0,53,2,860.41,0,Low
12795.0,19,1,430.48,0,Low
12796.0,628,1,381.0,1,High
12797.0,366,2,552.08,1,High
12798.0,10,4,8510.93,0,Low
12799.0,529,1,219.35,1,High
12800.0,470,3,584.25,1,High
12801.0,501,1,1071.82,1,High
12802.0,187,7,2416.42,0,High
12803.0,393,1,1092.81,1,High
12804.0,466,2,325.37,1,High
12805.0,382,4,1434.95,1,High
12806.0,435,4,2878.96,1,High
12807.0,383,1,330.35,1,High
12808.0,37,5,776.7,0,Low
12809.0,178,3,1755.94,0,Low
12810.0,535,2,534.99,1,High
12811.0,261,5,1033.9,0,High
12812.0,45,1,229.64,0,Low
12813.0,502,3,1687.8,1,High
12814.0,102,1,125.92,0,Low
12815.0,148,2,1063.46,0,Low
12816.0,96,2,572.2,0,Low
12817.0,281,3,690.98,1,High
12818.0,262,1,1542.08,1,High
12819.0,458,1,540.52,1,High
12820.0,3,11,2689.52,0,Low
12821.0,214,2,220.8,0,High
12822.0,71,2,948.88,0,Low
12823.0,75,18,6501.5,0,Low
12824.0,60,1,397.12,0,Low
12825.0,521,2,518.63,1,High
12826.0,3,12,2800.75,0,Low
12827.0,6,3,430.15,0,Low
12828.0,3,6,1018.71,0,Low
12829.0,337,3,385.3,1,High
12830.0,38,6,6814.64,0,Low
12831.0,262,3,451.11,1,High
12832.0,32,2,383.03,0,Low
12833.0,145,1,417.38,0,Low
12834.0,283,1,312.38,1,High
12835.0,428,41,5996.83,1,High
12836.0,59,15,6559.7300000000005,0,Low
12837.0,173,2,662.66,0,Low
12838.0,34,10,2975.91,0,Low
12839.0,3,26,9669.12,0,Low
12840.0,144,7,4041.97,0,Low
12841.0,5,40,6958.2,0,Low
12842.0,70,4,1917.99,0,Low
12843.0,66,30,6583.36,0,Low
12844.0,29,4,648.6,0,Low
12845.0,267,4,354.09000000000003,1,High
12846.0,682,1,15.58,1,High
12847.0,22,2,1609.0,0,Low
12848.0,676,1,208.0,1,High
12849.0,31,6,3042.4700000000003,0,Low
12850.0,446,1,330.0,1,High
12851.0,97,2,280.76,0,Low
12852.0,295,1,311.55,1,High
12853.0,135,11,3907.5,0,Low
12854.0,79,7,2970.9700000000003,0,Low
12855.0,373,4,612.84,1,High
12856.0,8,6,2170.78,0,Low
12857.0,211,6,3688.0,0,High
12858.0,383,1,147.27,1,High
12859.0,459,1,575.1,1,High
12860.0,693,1,54.22,1,High
12861.0,620,1,68.25,1,High
12862.0,426,2,984.62,1,High
12863.0,52,6,2792.55,0,Low
12864.0,138,2,299.57,0,Low
12865.0,26,4,3323.4700000000003,0,Low
12866.0,283,3,1227.35,1,High
12867.0,26,13,7829.26,0,Low
12868.0,186,8,2043.76,0,High
12869.0,682,1,337.67,1,High
12870.0,375,3,1676.95,1,High
12871.0,84,3,744.02,0,Low
12872.0,327,12,3283.96,1,High
12873.0,282,3,2027.3,1,High
12874.0,385,2,948.42,1,High
12875.0,143,5,1356.9900000000002,0,Low
12876.0,58,4,4081.79,0,Low
12877.0,4,20,2942.14,0,Low
12878.0,236,2,854.99,0,High
12879.0,45,3,573.22,0,Low
12880.0,382,2,640.13,1,High
12881.0,276,1,298.0,1,High
12882.0,9,2,1463.04,0,Low
12883.0,25,4,703.47,0,Low
12884.0,88,1,309.05,0,Low
12885.0,63,3,1175.22,0,Low
12886.0,68,2,1378.4,0,Low
12887.0,384,1,222.4,1,High
12888.0,214,2,354.12,0,High
12889.0,381,4,385.46,1,High
12890.0,24,2,706.02,0,Low
12891.0,186,11,840.5,0,High
12892.0,397,1,263.38,1,High
12893.0,31,1,176.55,0,Low
12894.0,575,1,157.35,1,High
12895.0,42,2,372.8,0,Low
12897.0,205,4,514.25,0,High
12898.0,464,2,296.21,1,High
12899.0,414,1,366.4,1,High
12900.0,422,1,340.33000000000004,1,High
12901.0,9,28,17654.54,0,Low
12902.0,265,1,138.68,1,High
12903.0,429,1,833.5300000000001,1,High
12904.0,18,2,496.06,0,Low
12905.0,577,2,1018.42,1,High
12906.0,12,5,2919.81,0,Low
12907.0,396,2,508.91,1,High
12908.0,176,5,1776.0,0,Low
12909.0,40,8,3103.19,0,Low
12910.0,23,13,5796.52,0,Low
12911.0,552,1,1651.72,1,High
12912.0,3,5,1662.3,0,Low
12913.0,5,13,6283.24,0,Low
12914.0,401,1,223.98,1,High
12915.0,149,4,975.1,0,Low
12916.0,139,7,4479.73,0,Low
12917.0,128,6,4359.2,0,Low
12918.0,626,1,10953.5,1,High
12919.0,8,6,1335.19,0,Low
12920.0,17,4,486.64,0,Low
12921.0,9,74,35233.24,3,Low
12922.0,161,1,405.38,0,Low
12923.0,64,3,770.42,0,Low
12924.0,88,12,2469.4,0,Low
12925.0,5,3,729.33,0,Low
12926.0,411,4,1523.97,1,High
12927.0,395,1,197.31,1,High
12928.0,35,12,4304.89,0,Low
12929.0,312,1,117.85,1,High
12930.0,78,2,415.8,0,Low
12931.0,22,57,92347.34,3,Low
12932.0,539,8,1698.56,1,High
12933.0,24,8,1636.63,0,Low
12934.0,737,1,181.65,1,High
12935.0,2,15,4243.86,0,Low
12936.0,17,4,1063.9,0,Low
12937.0,15,9,3097.61,0,Low
12938.0,26,1,114.14,0,Low
12939.0,64,20,25264.8,0,Low
12940.0,55,2,899.69,0,Low
12941.0,724,1,377.49,1,High
12942.0,131,3,675.6,0,Low
12943.0,558,2,496.5,1,High
12944.0,36,2,604.51,0,Low
12945.0,288,2,900.11,1,High
12946.0,437,1,324.45,1,High
12947.0,144,6,1603.99,0,Low
12948.0,16,9,2317.43,0,Low
12949.0,31,22,15526.7,0,Low
12950.0,2,3,1843.0,0,Low
12951.0,9,15,3213.7200000000003,0,Low
12952.0,6,4,1387.79,0,Low
12953.0,10,2,828.8100000000001,0,Low
12954.0,639,1,162.45,1,High
12955.0,1,11,4757.16,0,Low
12956.0,306,4,521.89,1,High
12957.0,10,13,8706.97,0,Low
12958.0,400,2,467.34,1,High
12959.0,484,1,150.95,1,High
12960.0,414,4,1322.0700000000002,1,High
12961.0,379,1,211.99,1,High
12962.0,7,2,266.39,0,Low
12963.0,8,12,3235.79,0,Low
12964.0,437,1,132.24,1,High
12965.0,89,1,769.8100000000001,0,Low
12966.0,10,1,160.18,0,Low
12967.0,358,3,2938.52,1,High
12968.0,112,1,135.95,0,Low
12969.0,603,1,122.45,1,High
12970.0,7,10,1453.6,0,Low
12971.0,4,116,15704.6,3,Low
12972.0,414,4,1161.2,1,High
12973.0,414,1,385.55,1,High
12974.0,198,2,408.95,0,High
12975.0,437,6,2100.09,1,High
12976.0,212,8,3156.38,0,High
12977.0,156,4,513.88,0,Low
12978.0,385,5,2502.82,1,High
12979.0,729,1,517.7,1,High
12980.0,158,21,16245.78,0,Low
12981.0,30,2,372.22,0,Low
12982.0,243,8,2744.81,0,High
12983.0,598,1,490.08,1,High
12984.0,19,1,97.5,0,Low
12985.0,1,2,1239.38,0,Low
12986.0,429,10,2729.84,1,High
12987.0,74,5,1312.21,0,Low
12988.0,292,1,505.82,1,High
12989.0,3,33,13551.75,0,Low
12990.0,31,7,955.5,0,Low
12991.0,23,3,764.82,0,Low
12992.0,725,1,93.35,1,High
12993.0,23,8,1259.63,0,Low
12994.0,4,3,974.42,0,Low
12995.0,85,1,211.32,0,Low
12996.0,376,1,355.5,1,High
12997.0,22,8,2110.91,0,Low
12998.0,493,3,920.08,1,High
12999.0,196,3,455.88,0,High
13000.0,107,4,1032.5,0,Low
13001.0,4,33,24042.65,0,Low
13002.0,318,3,414.13,1,High
13003.0,106,3,149.05,0,Low
13004.0,12,36,11650.85,0,Low
13005.0,174,4,999.68,0,Low
13006.0,56,1,81.57,0,Low
13007.0,580,1,175.25,1,High
13008.0,323,3,612.13,1,High
13009.0,673,1,234.0,1,High
13010.0,374,2,330.12,1,High
13011.0,372,1,50.55,1,High
13012.0,9,11,2957.83,0,Low
13013.0,1,29,11097.43,0,Low
13014.0,11,11,5381.08,0,Low
13015.0,53,11,6579.78,0,Low
13016.0,73,3,789.89,0,Low
13017.0,7,1,204.0,0,Low
13018.0,16,35,9763.16,0,Low
13019.0,379,6,1229.95,1,High
13020.0,563,2,618.96,1,High
13021.0,4,17,4887.24,0,Low
13022.0,430,1,65.3,1,High
13023.0,64,3,1449.03,0,Low
13024.0,471,2,555.87,1,High
13025.0,732,1,323.39,1,High
13026.0,1,9,1733.08,0,Low
13027.0,114,19,17239.2,0,Low
13028.0,23,2,661.3199999999999,0,Low
13029.0,31,5,1927.3,0,Low
13030.0,11,2,752.44,0,Low
13031.0,407,5,3292.84,1,High
13032.0,52,9,2815.96,0,Low
13033.0,357,2,220.55,1,High
13034.0,55,3,756.82,0,Low
13035.0,74,3,1364.2,0,Low
13036.0,685,1,307.1,1,High
13037.0,138,12,3914.95,0,Low
13038.0,80,3,908.46,0,Low
13039.0,584,4,1010.73,1,High
13040.0,9,2,676.99,0,Low
13041.0,451,4,799.13,1,High
13042.0,598,3,1488.59,1,High
13043.0,273,1,516.42,1,High
13044.0,291,11,4848.05,1,High
13045.0,99,3,808.9200000000001,0,Low
13046.0,31,3,949.25,0,Low
13047.0,32,24,8428.53,0,Low
13048.0,14,9,4049.13,0,Low
13049.0,64,4,1408.24,0,Low
13050.0,15,35,11986.52,0,Low
13051.0,579,2,155.8,1,High
13052.0,212,7,3119.33,0,High
13053.0,622,1,127.65,1,High
13055.0,78,4,2321.11,0,Low
13056.0,551,1,209.48,1,High
13057.0,530,3,709.59,1,High
13058.0,25,3,271.40000000000003,0,Low
13059.0,250,10,2291.77,0,High
13060.0,254,1,307.53000000000003,1,High
13061.0,72,1,248.61,0,Low
13062.0,191,1,346.98,0,High
13063.0,481,1,188.4,1,High
13064.0,13,6,1666.84,0,Low
13065.0,373,5,1055.05,1,High
13066.0,24,2,470.8,0,Low
13067.0,82,3,508.51,0,Low
13068.0,10,2,344.0,0,Low
13069.0,1,38,9284.45,0,Low
13070.0,192,4,751.7,0,High
13071.0,612,1,129.22,1,High
13072.0,267,1,177.15,1,High
13073.0,411,2,418.08,1,High
13074.0,511,4,1378.74,1,High
13075.0,130,1,919.61,0,Low
13076.0,458,1,135.4,1,High
13077.0,1,11,2740.65,0,Low
13078.0,3,57,29018.06,0,Low
13079.0,4,6,419.18,0,Low
13080.0,179,4,280.73,0,Low
13081.0,12,28,56838.37,0,Low
13082.0,126,21,7335.75,0,Low
13083.0,4,3,395.43,0,Low
13084.0,492,1,122.4,1,High
13085.0,158,8,2433.28,0,Low
13086.0,383,1,439.33,1,High
13087.0,726,1,313.64,1,High
13088.0,417,1,236.11,1,High
13089.0,3,203,113416.91,3,Low
13090.0,9,24,13091.74,0,Low
13091.0,28,3,2321.82,0,Low
13092.0,71,12,2140.28,0,Low
13093.0,276,55,54144.25,3,High
13094.0,21,13,2209.44,0,Low
13095.0,71,1,74.39999999999999,0,Low
13096.0,394,1,419.7000000000001,1,High
13097.0,33,28,13324.1,0,Low
13098.0,1,28,28882.44,0,Low
13099.0,99,1,207.36,0,Low
13101.0,234,4,695.4,0,High
13102.0,1,37,11380.1,0,Low
13103.0,40,3,709.64,0,Low
13104.0,3,9,1709.1,0,Low
13105.0,436,1,72.0,1,High
13106.0,133,2,603.46,0,Low
13107.0,44,9,5253.07,0,Low
13108.0,373,2,748.46,1,High
13109.0,60,3,1134.03,0,Low
13110.0,31,12,2957.4700000000003,0,Low
13111.0,719,1,321.88000000000005,1,High
13112.0,541,1,20.6,1,High
13113.0,1,37,18230.07,0,Low
13114.0,731,1,234.38,1,High
13115.0,12,10,5494.7,0,Low
13116.0,138,1,501.14,0,Low
13117.0,22,18,2255.66,0,Low
13118.0,20,9,2415.41,0,Low
13119.0,669,1,134.9,1,High
13120.0,239,1,30.6,0,High
13121.0,269,1,283.73,1,High
13122.0,94,2,922.39,0,Low
13123.0,473,2,506.75,1,High
13124.0,90,4,4641.66,0,Low
13125.0,524,1,148.62,1,High
13126.0,5,13,3774.81,0,Low
13127.0,78,1,259.17,0,Low
13128.0,631,1,263.5,1,High
13129.0,452,2,233.25,1,High
13130.0,94,1,64.0,0,Low
13131.0,23,7,3313.77,0,Low
13132.0,262,1,77.3,1,High
13133.0,274,3,200.45,1,High
13134.0,86,6,2475.23,0,Low
13135.0,197,2,3371.45,0,High
13136.0,56,13,6274.56,0,Low
13137.0,11,16,7586.94,0,Low
13138.0,22,7,1274.01,0,Low
13139.0,16,8,8202.98,0,Low
13140.0,108,5,1054.92,0,Low
13141.0,85,17,7656.08,0,Low
13142.0,19,1,307.09000000000003,0,Low
13143.0,585,1,405.1,1,High
13144.0,333,2,135.35,1,High
13145.0,40,7,1128.52,0,Low
13146.0,26,1,228.91,0,Low
13147.0,10,4,712.8,0,Low
13148.0,29,26,8497.82,0,Low
13149.0,14,4,1676.06,0,Low
13150.0,484,3,449.97,1,High
13151.0,296,3,2465.21,1,High
13152.0,417,7,2146.38,1,High
13153.0,6,1,486.22,0,Low
13154.0,399,3,1624.84,1,High
13155.0,33,6,1370.48,0,Low
13156.0,385,3,1586.54,1,High
13157.0,49,9,5687.36,0,Low
13158.0,95,5,1508.18,0,Low
13159.0,9,4,1429.35,0,Low
13160.0,22,1,91.8,0,Low
13161.0,313,2,472.13,1,High
13162.0,122,16,9275.49,0,Low
13163.0,610,1,17.65,1,High
13164.0,569,2,372.2,1,High
13165.0,46,3,1451.16,0,Low
13166.0,283,2,875.93,1,High
13167.0,19,5,1125.15,0,Low
13168.0,36,5,1840.73,0,Low
13169.0,64,3,840.08,0,Low
13170.0,27,1,108.81,0,Low
13171.0,22,3,468.41,0,Low
13172.0,400,1,69.6,1,High
13173.0,4,11,2399.82,0,Low
13174.0,16,12,7995.36,0,Low
13175.0,582,2,831.45,1,High
13176.0,46,1,481.49,0,Low
13177.0,65,2,512.2,0,Low
13178.0,26,21,14059.19,0,Low
13179.0,619,1,572.3100000000001,1,High
13180.0,607,1,86.10000000000001,1,High
13181.0,381,1,359.69,1,High
13182.0,45,1,121.18,0,Low
13183.0,8,15,7036.18,0,Low
13184.0,15,10,1668.95,0,Low
13185.0,268,1,71.4,1,High
13186.0,40,3,1575.89,0,Low
13187.0,337,4,341.36,1,High
13188.0,11,1,114.6,0,Low
13189.0,19,2,260.68,0,Low
13190.0,544,3,570.66,1,High
13191.0,658,1,164.69,1,High
13192.0,95,6,2558.58,0,Low
13193.0,61,1,112.08,0,Low
13194.0,136,2,472.78,0,Low
13195.0,414,1,136.73,1,High
13196.0,11,7,3068.84,0,Low
13197.0,610,1,373.0100000000001,1,High
13198.0,10,8,4974.2300000000005,0,Low
13199.0,4,67,15964.21,0,Low
13200.0,19,4,870.09,0,Low
13201.0,502,4,1233.06,1,High
13202.0,394,7,1580.3,1,High
13203.0,10,10,2648.25,0,Low
13204.0,731,1,966.66,1,High
13205.0,443,1,2803.2,1,High
13206.0,400,13,8308.19,1,High
13207.0,15,4,535.86,0,Low
13208.0,59,9,1976.3,0,Low
13209.0,30,13,8509.51,0,Low
13210.0,94,1,353.48,0,Low
13211.0,10,10,2618.77,0,Low
13212.0,20,3,786.83,0,Low
13213.0,57,11,3851.52,0,Low
13214.0,418,7,3264.23,1,High
13215.0,402,1,81.6,1,High
13216.0,268,1,333.74,1,High
13217.0,122,4,666.48,0,Low
13218.0,127,1,62.64,0,Low
13219.0,618,1,76.23,1,High
13220.0,78,5,1336.09,0,Low
13221.0,240,2,847.41,0,High
13222.0,577,1,88.5,1,High
13223.0,200,6,969.12,0,High
13224.0,60,2,2155.95,0,Low
13225.0,3,16,16260.07,0,Low
13226.0,273,2,312.46,1,High
13227.0,202,1,257.7,0,High
13228.0,81,1,358.0,0,Low
13229.0,226,1,160.95,0,High
13230.0,4,30,6120.01,0,Low
13232.0,13,7,1328.35,0,Low
13233.0,74,4,1176.46,0,Low
13234.0,673,2,346.5,1,High
13235.0,212,1,1031.07,0,High
13236.0,25,2,744.85,0,Low
13237.0,388,1,643.0,1,High
13238.0,17,6,1006.63,0,Low
13239.0,262,5,1594.69,0,High
13240.0,96,8,1475.79,0,Low
13241.0,412,1,112.53,1,High
13242.0,112,7,699.4,0,Low
13243.0,203,5,1220.38,0,High
13244.0,93,1,121.74,0,Low
13245.0,51,2,989.22,0,Low
13246.0,18,11,3351.75,0,Low
13247.0,18,4,501.12,0,Low
13248.0,125,2,465.68,0,Low
13249.0,92,9,1608.9299999999998,0,Low
13250.0,461,2,253.09,1,High
13251.0,402,1,252.68,1,High
13252.0,394,2,399.3,1,High
13253.0,157,4,2951.11,0,Low
13254.0,376,1,51.41,1,High
13255.0,9,3,678.76,0,Low
13257.0,436,1,149.75,1,High
13258.0,12,5,1009.43,0,Low
13259.0,62,9,1402.54,0,Low
13260.0,61,1,557.62,0,Low
13261.0,269,2,944.1,1,High
13262.0,263,3,573.45,1,High
13263.0,1,39,8676.2,0,Low
13264.0,443,1,722.5600000000001,1,High
13265.0,53,5,2092.66,0,Low
13266.0,11,19,6135.04,0,Low
13267.0,3,36,9429.81,0,Low
13268.0,18,11,3174.75,0,Low
13269.0,1,28,8537.32,0,Low
13270.0,366,1,590.0,1,High
13271.0,37,1,211.49,0,Low
13272.0,31,2,276.56,0,Low
13273.0,113,1,138.98,0,Low
13274.0,409,1,360.85,1,High
13275.0,384,2,238.86,1,High
13276.0,64,5,1891.91,0,Low
13277.0,16,7,523.3,0,Low
13278.0,41,4,1435.85,0,Low
13279.0,78,1,137.75,0,Low
13280.0,122,7,2293.33,0,Low
13281.0,439,1,350.85,1,High
13282.0,18,4,1313.19,0,Low
13283.0,60,4,373.36,0,Low
13284.0,331,1,201.19,1,High
13285.0,23,6,3364.59,0,Low
13286.0,600,1,734.91,1,High
13287.0,603,3,781.59,1,High
13288.0,443,5,927.61,1,High
13289.0,724,1,307.95,1,High
13290.0,438,1,208.63,1,High
13291.0,156,11,3270.79,0,Low
13292.0,39,5,994.51,0,Low
13293.0,392,6,1192.94,1,High
13294.0,190,3,1689.53,0,High
13295.0,360,4,1101.97,1,High
13296.0,137,6,792.51,0,Low
13297.0,8,7,4368.62,0,Low
13298.0,1,1,360.0,0,Low
13299.0,268,3,1218.7,1,High
13300.0,169,3,1285.51,0,Low
13301.0,104,4,618.09,0,Low
13302.0,155,2,159.2,0,Low
13303.0,400,1,61.72,1,High
13304.0,351,4,1217.99,1,High
13305.0,4,16,3616.41,0,Low
13306.0,430,1,53.65,1,High
13307.0,120,3,273.34,0,Low
13308.0,23,4,1670.37,0,Low
13309.0,7,6,1706.37,0,Low
13310.0,28,5,1541.2,0,Low
13311.0,4,2,598.57,0,Low
13312.0,451,1,124.75,1,High
13313.0,22,12,3445.32,0,Low
13314.0,2,3,775.94,0,Low
13315.0,689,1,310.26000000000005,1,High
13316.0,37,10,12940.82,0,Low
13317.0,66,19,6486.091,0,Low
13318.0,1,3,640.76,0,Low
13319.0,5,58,21323.22,0,Low
13320.0,78,6,2211.6,0,Low
13321.0,72,2,567.36,0,Low
13322.0,17,1,199.48,0,Low
13323.0,3,5,787.85,0,Low
13324.0,36,18,10513.47,0,Low
13325.0,82,1,675.3,0,Low
13326.0,432,1,281.76,1,High
13327.0,39,20,9134.48,0,Low
13328.0,316,1,1308.48,1,High
13329.0,32,8,4808.77,0,Low
13330.0,93,6,2796.1,0,Low
13331.0,402,1,262.4,1,High
13332.0,14,1,350.90000000000003,0,Low
13333.0,411,3,1015.74,1,High
13334.0,82,5,6201.8,0,Low
13336.0,77,1,795.12,0,Low
13337.0,546,1,1575.26,1,High
13338.0,158,4,2445.62,0,Low
13339.0,201,1,860.12,0,High
13340.0,45,12,22100.56,0,Low
13341.0,261,1,775.85,1,High
13343.0,178,1,353.43,0,Low
13344.0,68,3,2511.69,0,Low
13345.0,288,1,389.5,1,High
13346.0,463,6,299.4,1,High
13347.0,70,1,341.36,0,Low
13348.0,64,1,233.76,0,Low
13349.0,11,1,247.32,0,Low
13350.0,16,2,979.12,0,Low
13351.0,66,1,373.94,0,Low
13352.0,60,1,397.98,0,Low
13354.0,71,1,743.53,0,Low
13355.0,122,1,674.7,0,Low
13356.0,80,1,768.24,0,Low
13357.0,257,5,3805.51,0,High
13358.0,269,1,439.03,1,High
13359.0,64,2,1043.31,0,Low
13360.0,432,4,1553.65,1,High
13361.0,472,2,1450.5,1,High
13362.0,9,7,5394.07,0,Low
13363.0,18,3,1723.86,0,Low
13364.0,71,1,134.96,0,Low
13365.0,34,2,2225.37,0,Low
13366.0,50,1,56.16,0,Low
13367.0,432,1,510.2,1,High
13368.0,257,4,1121.5,0,High
13369.0,366,1,308.28000000000003,1,High
13370.0,372,1,754.87,1,High
13371.0,505,2,2297.66,1,High
13372.0,90,1,378.64,0,Low
13373.0,61,6,7587.19,0,Low
13374.0,415,2,422.8,1,High
13375.0,89,2,1792.23,0,Low
13376.0,99,3,1019.76,0,Low
13377.0,397,2,1552.88,1,High
13379.0,26,3,572.56,0,Low
13380.0,433,1,62.4,1,High
13381.0,32,12,8224.37,0,Low
13382.0,281,5,1387.58,1,High
13383.0,544,1,305.28000000000003,1,High
13384.0,31,11,6680.83,0,Low
13385.0,330,1,534.57,1,High
13386.0,414,2,835.46,1,High
13387.0,417,1,186.94,1,High
13388.0,131,3,1185.65,0,Low
13389.0,11,3,797.96,0,Low
13390.0,75,1,544.08,0,Low
13391.0,204,1,59.8,0,High
13392.0,677,1,91.14,1,High
13393.0,584,4,1131.45,1,High
13394.0,2,19,6621.7,0,Low
13395.0,185,3,1180.23,0,High
13396.0,29,2,1360.99,0,Low
13397.0,73,10,3191.87,0,Low
13398.0,192,2,670.34,0,High
13399.0,464,3,275.4,1,High
13400.0,583,1,310.83,1,High
13402.0,127,4,1226.85,0,Low
13403.0,18,3,229.5,0,Low
13404.0,1,2,252.49,0,Low
13405.0,74,6,1213.811,0,Low
13406.0,427,2,568.92,1,High
13407.0,579,3,2244.7,1,High
13408.0,2,106,50174.782,3,Low
13410.0,24,9,2201.96,0,Low
13411.0,107,1,213.55,0,Low
13412.0,620,1,487.35,1,High
13413.0,640,6,429.44,1,High
13414.0,134,6,2494.14,0,Low
13415.0,473,4,784.17,1,High
13416.0,44,3,940.8,0,Low
13417.0,5,6,1669.49,0,Low
13418.0,12,31,11559.66,0,Low
13419.0,64,1,221.06,0,Low
13420.0,150,2,159.85,0,Low
13421.0,40,8,4058.75,0,Low
13422.0,64,1,2626.3,0,Low
13423.0,429,1,217.03,1,High
13424.0,450,1,572.77,1,High
13425.0,108,5,3390.4300000000003,0,Low
13426.0,1,22,8167.38,0,Low
13427.0,19,6,1006.53,0,Low
13428.0,10,3,478.54,0,Low
13429.0,11,4,1006.8,0,Low
13430.0,19,2,679.45,0,Low
13431.0,67,8,3316.24,0,Low
13432.0,571,2,439.1,1,High
13433.0,501,4,658.32,1,High
13434.0,74,5,1666.86,0,Low
13435.0,5,9,4447.33,0,Low
13436.0,2,1,196.89,0,Low
13437.0,14,7,3408.06,0,Low
13438.0,547,1,46.5,1,High
13439.0,255,3,986.61,0,High
13440.0,423,7,1295.25,1,High
13441.0,92,2,720.9,0,Low
13442.0,667,3,419.87,1,High
13443.0,449,6,1273.16,1,High
13444.0,374,2,619.08,1,High
13445.0,626,1,241.9,1,High
13446.0,430,11,3881.89,1,High
13447.0,23,3,1129.14,0,Low
13448.0,17,13,8745.93,0,Low
13449.0,24,1,291.88,0,Low
13450.0,27,13,4120.04,0,Low
13451.0,26,11,7090.06,0,Low
13452.0,259,3,729.8,1,High
13453.0,166,3,781.69,0,Low
13454.0,641,1,219.87,1,High
13455.0,25,6,2212.99,0,Low
13456.0,18,6,1766.72,0,Low
13457.0,689,2,148.22,1,High
13458.0,7,16,11959.27,0,Low
13459.0,625,2,1160.41,1,High
13460.0,29,2,183.44,0,Low
13461.0,39,6,4160.0,0,Low
13462.0,253,5,1153.85,0,High
13464.0,58,6,3097.64,0,Low
13465.0,446,2,931.12,1,High
13466.0,184,5,1013.35,0,High
13467.0,11,2,1071.91,0,Low
13468.0,2,72,12793.28,3,Low
13469.0,653,1,82.4,1,High
13470.0,99,2,165.0,0,Low
13471.0,1,4,2501.84,0,Low
13472.0,464,2,592.24,1,High
13473.0,61,8,2657.76,0,Low
13474.0,236,3,646.59,0,High
13475.0,191,4,1431.78,0,High
13476.0,179,5,2061.4700000000003,0,Low
13477.0,38,11,2819.17,0,Low
13478.0,469,5,2215.78,1,High
13479.0,201,4,851.37,0,High
13480.0,417,2,627.82,1,High
13481.0,46,11,3830.84,0,Low
13482.0,232,2,336.09,0,High
13483.0,66,1,140.34,0,Low
13484.0,241,3,790.72,0,High
13485.0,233,11,3019.2200000000003,0,High
13486.0,78,3,1122.41,0,Low
13487.0,58,5,846.87,0,Low
13488.0,17,23,14205.96,0,Low
13489.0,105,4,449.52,0,Low
13490.0,654,1,154.25,1,High
13491.0,52,27,4467.66,0,Low
13492.0,136,3,1269.84,0,Low
13493.0,275,2,618.63,1,High
13494.0,312,1,316.26000000000005,1,High
13495.0,8,10,4863.31,0,Low
13496.0,11,2,653.33,0,Low
13497.0,283,6,1166.8300000000002,1,High
13498.0,730,1,327.38,1,High
13499.0,18,5,1159.11,0,Low
13500.0,23,4,1466.3,0,Low
13501.0,288,3,2885.11,1,High
13502.0,17,5,780.5,0,Low
13503.0,71,6,1859.24,0,Low
13504.0,64,1,295.93,0,Low
13505.0,73,4,4393.63,0,Low
13506.0,316,5,1338.08,1,High
13507.0,3,4,2479.16,0,Low
13508.0,244,2,287.05,0,High
13509.0,9,8,1114.72,0,Low
13510.0,1,11,4558.29,0,Low
13511.0,677,1,282.76,1,High
13512.0,261,4,713.39,0,High
13513.0,127,3,824.59,0,Low
13514.0,74,4,815.9000000000001,0,Low
13515.0,73,6,1265.82,0,Low
13516.0,21,4,1685.26,0,Low
13517.0,60,3,2128.42,0,Low
13518.0,86,1,627.16,0,Low
13519.0,78,2,343.21,0,Low
13520.0,59,11,6606.0,0,Low
13521.0,1,3,1071.73,0,Low
13522.0,30,1,125.8,0,Low
13523.0,33,6,4534.57,0,Low
13524.0,41,5,680.1800000000001,0,Low
13525.0,15,2,628.78,0,Low
13526.0,738,2,1182.0,1,High
13527.0,34,12,4541.29,0,Low
13529.0,79,2,307.76,0,Low
13530.0,634,1,402.98,1,High
13531.0,205,6,1433.07,0,High
13532.0,34,1,210.31,0,Low
13533.0,183,3,269.09,0,High
13534.0,2,35,7720.900000000001,0,Low
13535.0,403,1,89.5,1,High
13536.0,1,7,3444.39,0,Low
13537.0,426,2,717.85,1,High
13538.0,43,12,3103.13,0,Low
13539.0,86,7,1569.36,0,Low
13540.0,467,3,632.39,1,High
13541.0,427,2,785.25,1,High
13542.0,377,17,3959.49,1,High
13543.0,634,2,1439.61,1,High
13544.0,40,6,790.2,0,Low
13545.0,391,2,364.93,1,High
13546.0,12,5,1086.24,0,Low
13547.0,408,1,167.08,1,High
13548.0,96,3,901.44,0,Low
13549.0,26,8,1005.8,0,Low
13550.0,383,1,342.55,1,High
13551.0,319,2,244.2,1,High
13552.0,66,22,6948.92,0,Low
13553.0,675,1,499.6,1,High
13554.0,380,7,1629.35,1,High
13555.0,74,13,8891.84,0,Low
13556.0,429,2,200.82,1,High
13557.0,28,13,3032.26,0,Low
13558.0,6,4,594.52,0,Low
13559.0,513,2,990.0,1,High
13560.0,7,1,171.42000000000002,0,Low
13561.0,216,11,1803.4,0,High
13562.0,82,8,4838.18,0,Low
13563.0,84,2,777.53,0,Low
13564.0,144,37,16498.97,0,Low
13565.0,19,3,414.8,0,Low
13566.0,41,5,1688.6,0,Low
13567.0,428,4,1079.29,1,High
13568.0,173,1,187.05,0,Low
13569.0,17,4,726.54,0,Low
13570.0,243,1,239.49,0,High
13571.0,13,26,4537.26,0,Low
13572.0,206,1,1384.25,0,High
13573.0,50,6,904.52,0,Low
13574.0,411,1,404.45,1,High
13575.0,23,5,732.07,0,Low
13576.0,10,28,11202.59,0,Low
13577.0,25,11,3489.28,0,Low
13578.0,409,1,147.66,1,High
13579.0,15,5,1374.34,0,Low
13580.0,406,1,107.75,1,High
13581.0,309,2,280.53000000000003,1,High
13582.0,390,2,241.68,1,High
13583.0,156,2,1445.031,0,Low
13584.0,307,3,385.7,1,High
13585.0,531,3,684.54,1,High
13586.0,541,1,127.28,1,High
13587.0,64,4,1673.5,0,Low
13588.0,16,9,2478.95,0,Low
13589.0,15,6,1120.74,0,Low
13590.0,11,18,6336.04,0,Low
13591.0,65,7,2093.94,0,Low
13592.0,36,4,247.96,0,Low
13593.0,108,14,5493.29,0,Low
13594.0,53,2,533.32,0,Low
13595.0,517,3,784.48,1,High
13596.0,6,2,664.11,0,Low
13597.0,400,2,396.71,1,High
13598.0,47,5,761.96,0,Low
13599.0,1,33,9811.04,0,Low
13600.0,312,2,518.42,1,High
13601.0,45,4,1159.99,0,Low
13602.0,65,4,1025.17,0,Low
13603.0,26,1,164.34,0,Low
13604.0,659,1,717.62,1,High
13605.0,387,2,522.67,1,High
13606.0,29,3,276.75,0,Low
13607.0,40,2,1075.81,0,Low
13608.0,541,1,232.05,1,High
13609.0,593,1,167.35,1,High
13610.0,12,14,2103.71,0,Low
13611.0,89,10,3297.9300000000003,0,Low
13612.0,633,1,818.29,1,High
13613.0,453,5,1039.85,1,High
13614.0,24,6,2332.74,0,Low
13615.0,319,8,6272.53,1,High
13616.0,568,2,283.85,1,High
13617.0,40,8,1278.75,0,Low
13618.0,174,1,177.34,0,Low
13619.0,545,2,224.94,1,High
13620.0,528,1,112.34,1,High
13621.0,117,1,213.85,0,Low
13622.0,696,1,658.95,1,High
13623.0,31,10,2533.06,0,Low
13624.0,388,1,462.08,1,High
13625.0,597,1,301.26,1,High
13626.0,253,2,707.04,0,High
13627.0,59,7,2245.9,0,Low
13628.0,676,1,310.14,1,High
13629.0,23,19,13370.86,0,Low
13630.0,5,7,2031.78,0,Low
13631.0,100,11,3070.42,0,Low
13632.0,25,8,3645.81,0,Low
13634.0,33,16,5033.77,0,Low
13635.0,68,4,2999.16,0,Low
13636.0,37,5,949.12,0,Low
13637.0,52,3,804.3,0,Low
13638.0,16,1,122.64,0,Low
13639.0,74,2,1346.27,0,Low
13640.0,611,1,405.0,1,High
13641.0,641,5,1016.47,1,High
13642.0,216,4,472.2,0,High
13643.0,31,10,2156.77,0,Low
13644.0,16,4,2624.26,0,Low
13645.0,120,1,252.1,0,Low
13646.0,400,2,326.25,1,High
13647.0,10,8,3041.68,0,Low
13648.0,400,8,1764.02,1,High
13649.0,257,6,1453.68,0,High
13650.0,17,10,3288.0,0,Low
13651.0,35,3,226.85,0,Low
13652.0,46,5,2262.05,0,Low
13653.0,488,1,152.2,1,High
13654.0,43,11,6308.0,0,Low
13655.0,114,6,2280.51,0,Low
13656.0,165,4,1078.85,0,Low
13657.0,11,2,382.14,0,Low
13658.0,10,9,6025.5,0,Low
13659.0,206,12,4884.68,0,High
13660.0,400,1,306.64,1,High
13661.0,603,1,325.24,1,High
13662.0,86,11,2233.61,0,Low
13663.0,179,5,2047.51,0,Low
13665.0,386,3,1711.66,1,High
13666.0,60,5,127.9,0,Low
13667.0,149,1,299.05,0,Low
13668.0,3,35,12948.48,0,Low
13669.0,51,3,413.55,0,Low
13670.0,75,1,349.7,0,Low
13671.0,395,1,172.6,1,High
13672.0,301,3,419.92,1,High
13673.0,19,2,387.44,0,Low
13674.0,433,1,240.68,1,High
13675.0,151,2,486.8200000000001,0,Low
13676.0,539,2,243.9,1,High
13677.0,405,2,551.24,1,High
13678.0,152,1,232.6,0,Low
13679.0,494,3,281.26,1,High
13680.0,1,12,11419.67,0,Low
13681.0,18,4,827.83,0,Low
13682.0,187,1,59.5,0,High
13683.0,458,1,258.6,1,High
13684.0,286,4,594.88,1,High
13685.0,3,7,3119.44,0,Low
13686.0,183,3,409.04,0,High
13687.0,438,1,11880.84,1,High
13688.0,635,1,375.5,1,High
13689.0,63,2,1259.5,0,Low
13690.0,59,1,172.25,0,Low
13691.0,396,1,212.78,1,High
13692.0,25,5,3114.4,0,Low
13693.0,374,9,2011.82,1,High
13694.0,4,143,195640.69,3,Low
13695.0,31,16,2770.73,0,Low
13696.0,422,3,2020.4,1,High
13697.0,39,1,151.3,0,Low
13698.0,597,2,451.73,1,High
13699.0,155,2,764.15,0,Low
13700.0,26,13,2596.9700000000003,0,Low
13701.0,447,1,161.0,1,High
13702.0,446,1,135.18,1,High
13703.0,318,2,425.56,1,High
13704.0,5,9,2308.06,0,Low
13705.0,8,7,1717.19,0,Low
13706.0,303,2,631.1700000000001,1,High
13707.0,267,5,3365.86,0,High
13708.0,271,1,285.33,1,High
13709.0,4,18,7571.35,0,Low
13710.0,32,3,509.52,0,Low
13711.0,219,9,1792.26,0,High
13712.0,247,2,766.42,0,High
13713.0,408,3,740.76,1,High
13714.0,465,1,161.35,1,High
13715.0,281,17,8153.04,0,High
13716.0,269,1,138.28,1,High
13717.0,32,8,1763.3,0,Low
13718.0,246,2,306.55,0,High
13719.0,15,11,2783.08,0,Low
13720.0,117,4,799.9,0,Low
13721.0,36,2,741.54,0,Low
13722.0,132,10,5635.41,0,Low
13723.0,217,6,1194.08,0,High
13724.0,637,1,213.01,1,High
13725.0,50,8,1980.56,0,Low
13726.0,39,2,1079.66,0,Low
13727.0,29,8,1074.15,0,Low
13728.0,37,16,2855.17,0,Low
13729.0,436,3,724.73,1,High
13730.0,136,2,752.6,0,Low
13731.0,219,2,610.59,0,High
13732.0,28,1,491.86,0,Low
13733.0,411,2,487.03,1,High
13734.0,509,4,6695.6900000000005,1,High
13735.0,25,13,9762.77,0,Low
13736.0,5,7,2752.47,0,Low
13737.0,200,1,339.6,0,High
13738.0,396,1,434.78,1,High
13739.0,18,2,292.2,0,Low
13740.0,241,5,1582.77,0,High
13741.0,72,3,668.4300000000001,0,Low
13742.0,17,12,3107.87,0,Low
13743.0,3,7,1341.6,0,Low
13744.0,95,2,1080.52,0,Low
13745.0,162,2,777.36,0,Low
13746.0,414,1,176.69,1,High
13747.0,374,2,169.8,1,High
13748.0,96,9,2064.35,0,Low
13750.0,54,11,3602.18,0,Low
13751.0,288,1,296.25,1,High
13752.0,124,7,1579.8300000000002,0,Low
13753.0,288,4,2094.57,1,High
13754.0,152,3,447.05,0,Low
13755.0,4,9,2108.06,0,Low
13756.0,2,23,8655.95,0,Low
13757.0,675,1,195.55,1,High
13758.0,12,15,8698.13,0,Low
13759.0,33,2,659.4100000000001,0,Low
13760.0,54,5,1363.64,0,Low
13761.0,50,6,1952.17,0,Low
13762.0,219,5,2472.48,0,High
13763.0,63,3,5217.44,0,Low
13764.0,71,6,2919.62,0,Low
13765.0,653,1,352.821,1,High
13766.0,495,1,190.35,1,High
13767.0,2,73,33903.57,3,Low
13768.0,727,2,875.97,1,High
13769.0,2,20,5478.12,0,Low
13770.0,422,4,785.37,1,High
13771.0,64,9,5728.82,0,Low
13772.0,34,8,3100.02,0,Low
13773.0,397,2,301.54,1,High
13774.0,82,1,345.0,0,Low
13775.0,591,1,1049.66,1,High
13776.0,428,2,623.98,1,High
13777.0,1,61,49638.26,3,Low
13778.0,103,4,1124.49,0,Low
13779.0,516,1,161.13,1,High
13780.0,7,3,732.07,0,Low
13781.0,251,3,778.83,0,High
13782.0,13,13,1786.08,0,Low
13783.0,488,4,1542.09,1,High
13784.0,10,14,2910.23,0,Low
13785.0,429,4,542.49,1,High
13786.0,367,6,3127.99,1,High
13787.0,76,6,1222.5,0,Low
13788.0,505,1,3.75,1,High
13789.0,388,1,239.46,1,High
13790.0,4,1,348.79999999999995,0,Low
13791.0,128,2,1516.0,0,Low
13792.0,66,3,383.95,0,Low
13793.0,647,1,96.0,1,High
13794.0,547,1,126.03,1,High
13795.0,388,4,836.3,1,High
13796.0,499,1,289.7,1,High
13797.0,437,3,1179.45,1,High
13798.0,1,110,75428.87,3,Low
13799.0,117,9,2803.57,0,Low
13800.0,310,3,1679.56,1,High
13801.0,67,1,324.8,0,Low
13802.0,139,19,26259.11,0,Low
13803.0,255,3,1338.91,0,High
13804.0,31,9,3161.12,0,Low
13805.0,52,2,924.6,0,Low
13806.0,64,1,256.38,0,Low
13807.0,367,3,422.2,1,High
13808.0,6,5,1747.66,0,Low
13809.0,305,3,679.6999999999999,1,High
13810.0,29,3,1499.01,0,Low
13811.0,184,3,814.5,0,High
13812.0,42,3,539.0,0,Low
13813.0,40,8,2765.4700000000003,0,Low
13814.0,92,3,2257.32,0,Low
13815.0,22,8,7475.74,0,Low
13816.0,24,2,571.6700000000001,0,Low
13817.0,29,2,382.98,0,Low
13818.0,430,1,61.28,1,High
13819.0,302,6,2642.35,1,High
13820.0,418,3,652.75,1,High
13821.0,145,6,1379.08,0,Low
13822.0,6,2,632.0,0,Low
13823.0,19,7,3403.4500000000003,0,Low
13824.0,33,12,3314.76,0,Low
13825.0,622,2,255.59,1,High
13826.0,176,1,189.5,0,Low
13827.0,58,3,409.8,0,Low
13828.0,22,1,209.49,0,Low
13829.0,421,1,102.0,1,High
13830.0,582,1,156.85000000000002,1,High
13831.0,16,18,6585.54,0,Low
13832.0,19,2,609.89,0,Low
13833.0,159,2,700.41,0,Low
13834.0,577,2,324.19,1,High
13835.0,25,7,1095.27,0,Low
13836.0,399,2,620.37,1,High
13837.0,212,2,266.59000000000003,0,High
13838.0,6,10,1690.07,0,Low
13839.0,486,1,139.95000000000002,1,High
13840.0,416,1,651.4,1,High
13841.0,253,1,85.0,1,High
13842.0,59,18,5319.34,0,Low
13843.0,381,1,319.75,1,High
13844.0,11,1,361.62,0,Low
13845.0,65,1,312.98,0,Low
13846.0,25,4,1307.79,0,Low
13847.0,720,1,310.72,1,High
13848.0,92,8,3015.0,0,Low
13849.0,52,5,3469.3,0,Low
13850.0,129,1,1595.48,0,Low
13851.0,96,8,4606.46,0,Low
13852.0,611,1,187.35,1,High
13853.0,57,1,1090.14,0,Low
13854.0,9,39,11944.56,0,Low
13855.0,501,4,1310.34,1,High
13856.0,169,11,1142.03,0,Low
13857.0,393,6,1001.01,1,High
13858.0,57,1,216.17,0,Low
13859.0,326,2,515.86,1,High
13860.0,1,5,1245.9,0,Low
13861.0,429,2,273.26,1,High
13862.0,18,9,2556.09,0,Low
13863.0,248,4,1239.55,0,High
13864.0,387,1,662.4000000000001,1,High
13865.0,58,4,501.56,0,Low
13866.0,74,1,145.67,0,Low
13867.0,31,3,1005.09,0,Low
13868.0,7,2,3192.54,0,Low
13869.0,123,10,7996.87,0,Low
13870.0,2,15,5712.08,0,Low
13871.0,23,17,7885.85,0,Low
13872.0,527,3,919.57,1,High
13873.0,120,8,1038.92,0,Low
13874.0,358,7,2049.15,1,High
13875.0,54,14,4814.37,0,Low
13876.0,64,1,122.7,0,Low
13877.0,86,3,449.68,0,Low
13878.0,55,4,2416.9,0,Low
13879.0,646,1,395.5,1,High
13880.0,21,17,4293.86,0,Low
13881.0,4,43,45179.1,0,Low
13882.0,3,5,1191.13,0,Low
13883.0,11,15,6560.02,0,Low
13884.0,7,10,1825.03,0,Low
13885.0,189,2,506.8,0,High
13886.0,71,1,243.56,0,Low
13887.0,204,1,349.55,0,High
13888.0,120,7,2001.59,0,Low
13889.0,93,6,1991.23,0,Low
13890.0,1,14,2927.38,0,Low
13891.0,378,3,859.21,1,High
13892.0,27,6,1267.65,0,Low
13893.0,298,1,821.1,1,High
13894.0,24,3,564.62,0,Low
13895.0,28,6,4008.52,0,Low
13896.0,626,1,388.55,1,High
13897.0,50,3,1160.72,0,Low
13898.0,326,2,686.4,1,High
13899.0,16,2,388.52,0,Low
13900.0,183,6,1610.59,0,High
13901.0,72,15,5676.34,0,Low
13902.0,632,5,34095.26,1,High
13903.0,400,1,165.45000000000002,1,High
13904.0,37,2,332.64,0,Low
13905.0,733,1,312.65,1,High
13906.0,409,1,42.0,1,High
13907.0,692,1,136.8,1,High
13908.0,80,4,2369.55,0,Low
13909.0,423,2,282.85,1,High
13911.0,57,20,4234.99,0,Low
13912.0,424,1,124.95,1,High
13913.0,507,1,42.22,1,High
13914.0,12,2,626.45,0,Low
13915.0,394,1,70.80000000000001,1,High
13916.0,464,4,1275.81,1,High
13917.0,50,2,272.04,0,Low
13918.0,50,2,1212.84,0,Low
13919.0,59,4,1360.68,0,Low
13920.0,432,4,1774.68,1,High
13921.0,402,4,730.7,1,High
13922.0,352,3,865.2,1,High
13923.0,54,1,351.13,0,Low
13924.0,2,6,1838.85,0,Low
13925.0,93,4,678.25,0,Low
13926.0,23,1,223.85,0,Low
13927.0,75,2,708.26,0,Low
13928.0,11,4,464.57,0,Low
13929.0,169,11,3494.1,0,Low
13930.0,58,2,337.34,0,Low
13931.0,96,11,5257.38,0,Low
13932.0,295,1,307.4,1,High
13933.0,109,2,608.79,0,Low
13934.0,264,1,922.1,1,High
13935.0,597,3,6116.92,1,High
13936.0,180,3,939.66,0,Low
13937.0,169,2,880.13,0,Low
13938.0,35,1,71.66,0,Low
13939.0,23,7,1560.96,0,Low
13940.0,17,4,839.14,0,Low
13941.0,22,15,10027.18,0,Low
13942.0,535,1,320.0,1,High
13943.0,578,1,246.54,1,High
13944.0,653,1,200.43,1,High
13945.0,395,2,854.1500000000001,1,High
13946.0,79,6,1876.23,0,Low
13947.0,65,1,90.6,0,Low
13948.0,361,4,548.76,1,High
13949.0,3,6,2427.32,0,Low
13950.0,11,4,745.0600000000001,0,Low
13951.0,176,3,674.45,0,Low
13952.0,218,14,12823.521,0,High
13953.0,7,12,6640.68,0,Low
13954.0,2,2,439.92,0,Low
13955.0,154,3,544.0699999999999,0,Low
13956.0,5,5,1019.27,0,Low
13957.0,418,3,458.25,1,High
13958.0,380,8,4709.2300000000005,1,High
13959.0,79,6,1064.77,0,Low
13960.0,21,2,230.22,0,Low
13961.0,392,1,538.4,1,High
13962.0,22,3,362.8,0,Low
13963.0,308,17,2860.57,1,High
13964.0,387,2,438.9,1,High
13965.0,477,3,996.61,1,High
13966.0,435,1,384.26,1,High
13967.0,146,2,166.3,0,Low
13968.0,423,1,123.66,1,High
13969.0,7,35,12973.46,0,Low
13970.0,386,2,846.55,1,High
13971.0,19,14,4667.57,0,Low
13972.0,71,2,190.25,0,Low
13973.0,287,1,264.7,1,High
13974.0,49,2,677.72,0,Low
13975.0,31,12,5256.4,0,Low
13976.0,207,4,1192.36,0,High
13977.0,411,1,519.8100000000001,1,High
13978.0,15,2,196.79,0,Low
13979.0,73,7,3379.93,0,Low
13980.0,60,5,768.8199999999999,0,Low
13981.0,416,1,331.14,1,High
13982.0,39,9,3954.29,0,Low
13983.0,30,21,6753.89,0,Low
13984.0,27,12,1893.8,0,Low
13985.0,4,22,10020.86,0,Low
13986.0,17,1,320.46,0,Low
13987.0,380,2,682.54,1,High
13988.0,20,8,4757.8,0,Low
13989.0,66,5,2026.06,0,Low
13990.0,213,1,311.3,0,High
13991.0,12,6,852.88,0,Low
13992.0,30,3,219.5,0,Low
13993.0,43,19,6775.71,0,Low
13994.0,4,6,2274.14,0,Low
13995.0,15,14,3902.01,0,Low
13996.0,386,2,895.76,1,High
13997.0,519,3,376.46,1,High
13998.0,447,3,566.7,1,High
13999.0,10,29,9502.26,0,Low
14000.0,211,5,2046.34,0,High
14001.0,46,9,4228.85,0,Low
14002.0,134,2,529.73,0,Low
14003.0,733,1,209.41,1,High
14004.0,43,11,6258.45,0,Low
14005.0,10,5,2874.72,0,Low
14006.0,116,7,2196.67,0,Low
14007.0,513,1,79.48,1,High
14008.0,432,1,509.04,1,High
14009.0,198,3,1099.91,0,High
14010.0,565,2,445.15,1,High
14011.0,480,2,457.82,1,High
14012.0,278,1,328.8,1,High
14013.0,110,5,1084.57,0,Low
14014.0,77,3,1948.21,0,Low
14015.0,53,1,917.34,0,Low
14016.0,162,11,11403.41,0,Low
14017.0,571,1,229.75,1,High
14018.0,645,1,367.15,1,High
14019.0,47,3,1421.61,0,Low
14020.0,17,4,1249.01,0,Low
14021.0,155,7,1716.58,0,Low
14022.0,225,2,792.15,0,High
14023.0,7,2,584.07,0,Low
14024.0,122,3,645.74,0,Low
14025.0,465,8,4057.9,1,High
14026.0,471,2,713.11,1,High
14027.0,61,1,104.82,0,Low
14028.0,550,3,10396.5,1,High
14029.0,63,2,467.66,0,Low
14030.0,18,20,7521.8,0,Low
14031.0,7,44,39019.51,0,Low
14032.0,2,16,4546.41,0,Low
14033.0,555,1,109.44,1,High
14034.0,22,3,648.89,0,Low
14035.0,29,9,2794.75,0,Low
14036.0,285,1,626.65,1,High
14037.0,176,6,836.95,0,Low
14038.0,78,5,3069.88,0,Low
14039.0,33,2,267.28000000000003,0,Low
14040.0,41,35,12523.81,0,Low
14041.0,266,1,141.41,1,High
14042.0,725,1,431.98,1,High
14043.0,491,2,302.6,1,High
14044.0,27,10,3077.7,0,Low
14045.0,109,16,10986.63,0,Low
14046.0,284,1,154.99,1,High
14047.0,9,14,3968.11,0,Low
14048.0,305,3,748.69,1,High
14049.0,17,13,13023.4,0,Low
14050.0,32,2,746.36,0,Low
14051.0,1,37,21770.98,0,Low
14052.0,20,2,466.66,0,Low
14053.0,124,4,572.3,0,Low
14054.0,65,1,92.46,0,Low
14055.0,106,3,1520.96,0,Low
14056.0,1,23,8152.71,0,Low
14057.0,24,22,8346.66,0,Low
14058.0,463,2,469.19,1,High
14059.0,267,1,183.6,1,High
14060.0,5,30,8898.24,0,Low
14061.0,507,3,917.43,1,High
14062.0,10,24,25585.65,0,Low
14063.0,438,9,22710.2,1,High
14064.0,29,15,3260.24,0,Low
14065.0,389,3,891.02,1,High
14066.0,267,1,152.55,1,High
14067.0,64,2,374.7,0,Low
14068.0,320,4,1516.72,1,High
14069.0,515,2,225.81,1,High
14070.0,685,1,321.6,1,High
14071.0,4,8,1437.57,0,Low
14072.0,667,1,390.85,1,High
14073.0,32,1,151.04,0,Low
14074.0,623,1,219.4,1,High
14075.0,5,6,1734.87,0,Low
14076.0,129,1,118.67,0,Low
14077.0,41,6,615.08,0,Low
14078.0,102,9,1553.47,0,Low
14079.0,125,2,618.73,0,Low
14080.0,33,5,1115.68,0,Low
14081.0,302,10,4867.57,1,High
14082.0,365,2,413.36,1,High
14083.0,4,11,1082.19,0,Low
14084.0,512,1,150.5,1,High
14085.0,2,33,9720.67,0,Low
14086.0,463,1,39.95,1,High
14087.0,3,3,829.47,0,Low
14088.0,10,16,64036.8,0,Low
14089.0,57,1,158.75,0,Low
14090.0,325,1,76.32000000000001,1,High
14091.0,654,2,9530.08,1,High
14092.0,8,24,7229.45,0,Low
14093.0,12,1,433.86,0,Low
14094.0,440,1,311.77,1,High
14095.0,723,1,2.95,1,High
14096.0,4,17,65164.79,0,Low
14097.0,481,2,422.86,1,High
14098.0,37,1,147.35,0,Low
14099.0,16,20,5750.91,0,Low
14100.0,138,1,191.95,0,Low
14101.0,74,13,9961.93,0,Low
14102.0,5,5,1105.88,0,Low
14104.0,155,5,743.53,0,Low
14105.0,239,5,5988.83,0,High
14106.0,737,1,214.8,1,High
14107.0,52,11,4877.3,0,Low
14108.0,31,4,1044.96,0,Low
14109.0,73,1,144.2,0,Low
14110.0,4,33,12987.95,0,Low
14111.0,14,4,692.85,0,Low
14112.0,23,13,5834.59,0,Low
14113.0,4,16,7092.610000000001,0,Low
14114.0,274,7,1364.09,1,High
14115.0,502,2,622.67,1,High
14116.0,20,5,1382.74,0,Low
14117.0,144,1,90.0,0,Low
14118.0,429,1,458.45,1,High
14119.0,376,2,183.37,1,High
14121.0,4,4,2780.15,0,Low
14122.0,406,3,362.42,1,High
14123.0,733,1,436.18,1,High
14124.0,84,1,419.58,0,Low
14125.0,11,3,2720.63,0,Low
14126.0,8,4,1172.46,0,Low
14127.0,123,6,1900.08,0,Low
14128.0,61,3,924.21,0,Low
14129.0,2,9,2591.34,0,Low
14130.0,319,4,1858.77,1,High
14131.0,649,1,168.22,1,High
14132.0,2,11,3586.03,0,Low
14133.0,130,4,911.14,0,Low
14134.0,383,15,11123.35,1,High
14135.0,2,24,8839.67,0,Low
14136.0,401,5,1570.81,1,High
14137.0,696,1,332.7,1,High
14138.0,2,2,965.88,0,Low
14139.0,46,4,1086.8,0,Low
14140.0,4,2,935.05,0,Low
14141.0,3,4,915.13,0,Low
14142.0,373,2,671.34,1,High
14143.0,134,1,115.8,0,Low
14144.0,486,1,30.6,1,High
14145.0,47,7,7600.05,0,Low
14146.0,9,12,9450.3,0,Low
14147.0,78,9,2590.2,0,Low
14148.0,234,2,466.29,0,High
14149.0,221,1,446.62,0,High
14150.0,36,2,658.64,0,Low
14151.0,673,2,679.45,1,High
14152.0,75,7,1997.34,0,Low
14153.0,483,1,233.4,1,High
14154.0,239,8,6460.7,0,High
14155.0,266,1,118.75,1,High
14156.0,10,156,313437.62,2,Low
14157.0,20,5,978.69,0,Low
14158.0,40,1,507.66,0,Low
14159.0,20,20,7860.8,0,Low
14160.0,610,7,8421.47,1,High
14161.0,216,7,2996.93,0,High
14162.0,174,2,289.36,0,Low
14163.0,87,5,2594.62,0,Low
14164.0,71,2,1631.77,0,Low
14165.0,276,1,120.44,1,High
14166.0,505,2,251.15,1,High
14167.0,39,8,1274.29,0,Low
14168.0,421,2,370.45,1,High
14169.0,431,2,621.51,1,High
14170.0,375,3,570.18,1,High
14171.0,98,2,498.79,0,Low
14172.0,605,3,369.02,1,High
14173.0,11,6,586.0,0,Low
14174.0,33,1,134.46,0,Low
14175.0,60,8,7678.88,0,Low
14176.0,297,5,756.46,1,High
14177.0,86,13,2209.69,0,Low
14178.0,9,7,1600.26,0,Low
14179.0,41,2,701.57,0,Low
14180.0,11,33,6117.5,0,Low
14181.0,411,2,308.35,1,High
14182.0,444,4,678.77,1,High
14183.0,411,2,278.34000000000003,1,High
14184.0,67,1,452.89,0,Low
14185.0,331,1,197.65,1,High
14186.0,427,5,1550.63,1,High
14187.0,474,1,123.5,1,High
14188.0,31,6,2054.36,0,Low
14189.0,2,16,5503.150000000001,0,Low
14190.0,666,1,79.9,1,High
14191.0,2,15,4817.66,0,Low
14192.0,388,1,293.74,1,High
14193.0,68,3,1210.19,0,Low
14194.0,5,36,18670.59,0,Low
14195.0,202,6,2615.6,0,High
14196.0,107,1,335.52,0,Low
14197.0,411,1,390.05,1,High
14198.0,18,9,1569.73,0,Low
14199.0,218,4,1091.7,0,High
14200.0,617,1,379.2,1,High
14201.0,60,10,1193.54,0,Low
14202.0,381,3,847.76,1,High
14203.0,397,1,339.34,1,High
14204.0,2,4,1024.83,0,Low
14205.0,17,9,2414.2,0,Low
14206.0,239,3,1185.01,0,High
14207.0,688,1,157.8,1,High
14208.0,95,2,567.05,0,Low
14209.0,11,15,4993.27,0,Low
14210.0,106,16,5556.570000000001,0,Low
14211.0,53,18,4402.29,0,Low
14212.0,90,2,2190.14,0,Low
14213.0,405,1,1192.2,1,High
14214.0,31,5,1004.38,0,Low
14215.0,12,9,3250.33,0,Low
14216.0,3,5,2150.04,0,Low
14217.0,2,23,3298.59,0,Low
14218.0,43,1,169.48000000000002,0,Low
14219.0,4,3,633.83,0,Low
14220.0,247,4,1515.0,0,High
14221.0,42,17,6517.49,0,Low
14222.0,177,1,683.17,0,Low
14223.0,92,3,991.13,0,Low
14224.0,110,9,1841.71,0,Low
14225.0,435,4,2031.07,1,High
14226.0,29,6,2985.13,0,Low
14227.0,26,15,6368.71,0,Low
14228.0,438,3,745.5,1,High
14229.0,52,7,2594.04,0,Low
14230.0,436,3,979.8,1,High
14231.0,184,4,1235.62,0,High
14232.0,43,5,2048.07,0,Low
14233.0,49,7,2904.27,0,Low
14234.0,22,4,754.12,0,Low
14235.0,75,9,4717.99,0,Low
14236.0,81,5,1555.34,0,Low
14237.0,373,2,471.14,1,High
14238.0,326,3,434.23,1,High
14239.0,43,21,4263.17,0,Low
14240.0,30,3,1247.49,0,Low
14241.0,184,2,333.7,0,High
14242.0,235,2,280.55,0,High
14243.0,9,17,7217.75,0,Low
14244.0,661,1,366.42,1,High
14245.0,220,2,1693.45,0,High
14246.0,111,3,1474.06,0,Low
14247.0,278,5,753.56,1,High
14248.0,318,3,1032.95,1,High
14249.0,411,12,5400.461,1,High
14250.0,7,3,1904.05,0,Low
14251.0,2,5,2879.7000000000003,0,Low
14252.0,381,1,350.99,1,High
14253.0,493,2,363.4,1,High
14254.0,433,1,601.03,1,High
14255.0,546,1,1000.63,1,High
14256.0,260,5,2460.79,0,High
14257.0,64,9,5954.45,0,Low
14258.0,9,25,32051.34,0,Low
14259.0,142,1,120.0,0,Low
14260.0,471,3,824.28,1,High
14261.0,51,2,1163.45,0,Low
14262.0,8,8,2618.23,0,Low
14263.0,423,1,322.93,1,High
14264.0,155,6,1517.36,0,Low
14265.0,109,4,1373.35,0,Low
14266.0,428,1,40.56,1,High
14267.0,163,3,1516.24,0,Low
14268.0,471,1,354.85,1,High
14269.0,439,1,295.73,1,High
14270.0,332,1,492.65,1,High
14271.0,226,2,214.18,0,High
14272.0,74,4,920.81,0,Low
14273.0,51,4,559.97,0,Low
14274.0,686,1,256.6,1,High
14275.0,396,6,1189.38,1,High
14276.0,99,7,2102.68,0,Low
14277.0,15,9,17197.61,0,Low
14278.0,410,1,205.83,1,High
14279.0,521,2,191.86,1,High
14280.0,197,1,134.04,0,High
14281.0,408,1,245.15,1,High
14282.0,3,25,7250.76,0,Low
14283.0,463,4,628.44,1,High
14284.0,31,3,1299.65,0,Low
14285.0,21,8,3284.42,0,Low
14286.0,24,7,8479.76,0,Low
14287.0,8,3,176.63,0,Low
14288.0,213,1,426.6,0,High
14289.0,9,6,911.26,0,Low
14290.0,11,8,4516.56,0,Low
14291.0,2,23,7904.1,0,Low
14292.0,8,16,9226.25,0,Low
14293.0,3,9,2903.01,0,Low
14294.0,407,1,375.34,1,High
14295.0,40,5,2362.91,0,Low
14296.0,421,2,456.4,1,High
14297.0,18,4,1305.33,0,Low
14298.0,8,82,91194.49,3,Low
14299.0,8,27,14070.25,0,Low
14300.0,19,1,43.2,0,Low
14301.0,117,4,1992.18,0,Low
14302.0,431,3,742.9000000000001,1,High
14303.0,407,2,277.94,1,High
14304.0,223,3,1725.01,0,High
14305.0,71,3,1858.96,0,Low
14306.0,51,6,3151.4,0,Low
14307.0,89,10,4287.92,0,Low
14308.0,549,2,1147.02,1,High
14309.0,8,11,3780.81,0,Low
14310.0,433,1,492.1,1,High
14311.0,243,2,516.45,0,High
14312.0,47,11,3090.29,0,Low
14314.0,107,2,229.8,0,Low
14315.0,45,8,3197.82,0,Low
14316.0,422,5,1370.34,1,High
14317.0,65,1,508.58,0,Low
14318.0,460,1,158.02,1,High
14319.0,424,1,494.85,1,High
14320.0,207,5,1346.75,0,High
14321.0,11,7,2218.06,0,Low
14322.0,429,4,474.1,1,High
14323.0,115,2,605.0600000000001,0,Low
14324.0,410,2,701.61,1,High
14325.0,570,1,245.48,1,High
14326.0,242,3,940.98,0,High
14327.0,163,6,1894.93,0,Low
14328.0,438,1,445.05,1,High
14329.0,17,15,9887.62,0,Low
14330.0,624,1,200.63,1,High
14331.0,124,2,462.66,0,Low
14332.0,23,5,1917.41,0,Low
14333.0,68,1,415.2,0,Low
14334.0,17,12,4318.4800000000005,0,Low
14335.0,16,2,454.86,0,Low
14336.0,17,4,1614.91,0,Low
14338.0,161,3,928.1,0,Low
14339.0,243,2,620.27,0,High
14340.0,219,1,134.7,0,High
14341.0,45,18,4452.02,0,Low
14342.0,21,6,918.44,0,Low
14343.0,421,4,1079.66,1,High
14344.0,127,20,2993.05,0,Low
14345.0,39,1,108.98,0,Low
14346.0,121,5,2315.75,0,Low
14347.0,737,1,82.60000000000001,1,High
14348.0,260,1,409.57,1,High
14349.0,10,1,133.5,0,Low
14350.0,274,3,972.03,1,High
14351.0,165,1,51.0,0,Low
14352.0,157,4,1078.96,0,Low
14353.0,215,3,376.5,0,High
14354.0,6,2,163.62,0,Low
14355.0,366,3,840.0500000000001,1,High
14356.0,80,2,701.23,0,Low
14357.0,43,1,225.12,0,Low
14358.0,389,2,400.06,1,High
14359.0,19,3,912.18,0,Low
14360.0,32,4,2118.03,0,Low
14361.0,579,1,214.71,1,High
14362.0,22,1,151.5,0,Low
14363.0,402,2,227.47000000000003,1,High
14364.0,109,8,3717.35,0,Low
14365.0,395,2,634.68,1,High
14366.0,525,1,136.0,1,High
14367.0,8,16,9227.82,0,Low
14368.0,320,1,155.0,1,High
14369.0,642,2,469.13,1,High
14370.0,451,6,1175.78,1,High
14371.0,295,1,100.5,1,High
14372.0,443,2,860.08,1,High
14373.0,358,1,76.55,1,High
14374.0,541,1,108.0,1,High
14375.0,185,3,1106.82,0,High
14376.0,683,1,215.46,1,High
14377.0,191,2,617.05,0,High
14378.0,622,1,131.25,1,High
14379.0,44,4,1265.16,0,Low
14380.0,682,1,48.96,1,High
14381.0,52,2,625.94,0,Low
14382.0,26,2,1193.63,0,Low
14383.0,38,3,1247.69,0,Low
14384.0,501,1,58.5,1,High
14385.0,9,3,202.11,0,Low
14386.0,297,1,142.4,1,High
14387.0,33,3,1727.6,0,Low
14388.0,10,16,6388.2,0,Low
14389.0,65,5,1898.01,0,Low
14390.0,10,13,6150.03,0,Low
14391.0,577,1,135.6,1,High
14392.0,432,1,266.4,1,High
14393.0,218,1,67.95,0,High
14394.0,565,1,93.8,1,High
14395.0,2,20,7801.93,0,Low
14396.0,65,7,1969.38,0,Low
14397.0,3,19,2612.96,0,Low
14398.0,401,2,707.79,1,High
14399.0,394,8,2108.21,1,High
14400.0,149,3,1732.47,0,Low
14401.0,4,22,6795.9,0,Low
14402.0,652,1,285.6,1,High
14403.0,130,6,1880.51,0,Low
14404.0,34,13,2724.13,0,Low
14405.0,387,1,195.0,1,High
14406.0,119,1,156.75,0,Low
14407.0,107,6,2157.73,0,Low
14408.0,11,11,4102.27,0,Low
14409.0,71,9,3427.29,0,Low
14410.0,92,11,2631.9,0,Low
14411.0,311,1,1063.0,1,High
14412.0,43,3,1426.19,0,Low
14413.0,362,4,764.52,1,High
14414.0,92,8,2399.33,0,Low
14415.0,1,23,11980.09,0,Low
14416.0,22,2,490.22,0,Low
14417.0,388,1,524.65,1,High
14418.0,4,3,1937.25,0,Low
14419.0,11,7,1254.64,0,Low
14420.0,99,4,1639.17,0,Low
14421.0,57,6,2469.37,0,Low
14422.0,1,19,10271.52,0,Low
14423.0,218,3,916.61,0,High
14424.0,18,1,322.08,0,Low
14425.0,435,3,661.39,1,High
14426.0,24,17,11727.94,0,Low
14427.0,50,4,1263.52,0,Low
14428.0,7,5,1224.06,0,Low
14429.0,404,1,516.28,1,High
14430.0,512,3,1220.9,1,High
14431.0,303,4,2614.2,1,High
14432.0,10,6,2248.5,0,Low
14433.0,466,1,280.7,1,High
14434.0,22,6,1372.8,0,Low
14435.0,502,1,90.42,1,High
14436.0,99,2,271.7,0,Low
14437.0,366,5,873.34,1,High
14438.0,306,1,131.9,1,High
14439.0,320,5,9443.04,1,High
14440.0,8,13,5982.03,0,Low
14441.0,1,11,4611.6900000000005,0,Low
14442.0,205,7,5367.02,0,High
14443.0,54,5,2082.9700000000003,0,Low
14444.0,456,1,120.44,1,High
14445.0,456,1,221.65,1,High
14446.0,1,5,1200.28,0,Low
14447.0,19,6,1711.73,0,Low
14448.0,9,2,375.35,0,Low
14449.0,19,8,2230.96,0,Low
14450.0,181,7,1128.44,0,High
14451.0,60,12,3258.68,0,Low
14452.0,11,4,658.95,0,Low
14453.0,190,1,119.93,0,High
14454.0,376,5,977.3,1,High
14455.0,432,4,617.72,1,High
14456.0,5,9,3017.28,0,Low
14457.0,311,1,113.64,1,High
14458.0,381,1,228.07,1,High
14459.0,155,2,5375.741,0,Low
14460.0,110,9,1093.5,0,Low
14461.0,148,13,6676.91,0,Low
14462.0,66,12,2242.81,0,Low
14463.0,98,4,786.5699999999999,0,Low
14464.0,568,2,111.0,1,High
14465.0,247,11,3925.85,0,High
14466.0,29,13,4267.15,0,Low
14467.0,18,12,2203.24,0,Low
14468.0,734,1,204.24,1,High
14469.0,416,4,2093.46,1,High
14470.0,12,3,712.04,0,Low
14471.0,591,2,400.95,1,High
14472.0,104,9,2118.72,0,Low
14473.0,74,2,234.34,0,Low
14474.0,46,2,1258.89,0,Low
14475.0,72,4,1151.15,0,Low
14476.0,257,1,193.0,1,High
14477.0,20,7,1969.6,0,Low
14478.0,382,4,1276.66,1,High
14479.0,254,4,1124.71,0,High
14480.0,11,4,1299.52,0,Low
14481.0,165,5,2284.69,0,Low
14482.0,18,12,4306.72,0,Low
14483.0,282,2,257.1,1,High
14484.0,50,4,1070.98,0,Low
14485.0,39,1,162.8,0,Low
14486.0,512,2,175.5,1,High
14487.0,27,7,1266.27,0,Low
14488.0,68,1,1064.28,0,Low
14489.0,207,4,1574.93,0,High
14490.0,406,2,1273.47,1,High
14491.0,175,2,340.93,0,Low
14492.0,430,7,1921.91,1,High
14493.0,7,10,5087.86,0,Low
14494.0,26,3,401.46,0,Low
14495.0,51,3,174.8,0,Low
14496.0,312,7,2363.89,1,High
14497.0,309,2,697.0600000000001,1,High
14498.0,43,10,3900.83,0,Low
14499.0,26,7,2101.79,0,Low
14500.0,88,3,356.85,0,Low
14501.0,184,2,251.21,0,High
14502.0,20,11,2429.83,0,Low
14503.0,3,6,3543.26,0,Low
14504.0,47,4,673.26,0,Low
14505.0,17,19,11879.08,0,Low
14506.0,17,7,2960.25,0,Low
14507.0,24,11,3216.74,0,Low
14508.0,22,5,822.92,0,Low
14509.0,534,1,110.95,1,High
14510.0,376,3,979.85,1,High
14511.0,11,5,1314.81,0,Low
14512.0,188,7,1215.97,0,High
14513.0,101,6,788.01,0,Low
14514.0,61,9,4380.04,0,Low
14515.0,18,12,3724.06,0,Low
14516.0,516,1,151.17,1,High
14517.0,33,2,330.45,0,Low
14518.0,64,1,174.37,0,Low
14519.0,684,2,203.14,1,High
14520.0,2,2,270.6,0,Low
14521.0,491,1,199.45,1,High
14522.0,24,8,1748.42,0,Low
14523.0,108,1,241.09,0,Low
14524.0,32,13,2909.86,0,Low
14525.0,20,17,8026.54,0,Low
14526.0,389,1,258.65,1,High
14527.0,3,122,27246.88,3,Low
14528.0,37,1,364.22,0,Low
14529.0,60,3,578.61,0,Low
14530.0,26,16,6088.87,0,Low
14531.0,480,1,376.34,1,High
14532.0,236,11,3845.78,0,High
14533.0,25,11,3466.37,0,Low
14534.0,3,26,6187.66,0,Low
14535.0,60,9,5973.2300000000005,0,Low
14536.0,260,1,170.95,1,High
14537.0,58,2,641.4,0,Low
14538.0,65,5,1370.84,0,Low
14539.0,16,2,537.48,0,Low
14540.0,10,11,3709.64,0,Low
14541.0,59,14,2491.38,0,Low
14542.0,186,1,103.25,0,High
14543.0,29,39,14587.87,0,Low
14544.0,24,3,2938.53,0,Low
14545.0,674,1,349.25,1,High
14546.0,5,11,5184.84,0,Low
14547.0,4,8,3974.75,0,Low
14548.0,151,9,2541.29,0,Low
14549.0,311,4,913.6,1,High
14550.0,11,4,1345.06,0,Low
14551.0,18,7,878.09,0,Low
14552.0,152,3,507.93,0,Low
14553.0,19,9,1818.6,0,Low
14554.0,10,4,2279.49,0,Low
14555.0,57,6,2304.03,0,Low
14556.0,596,3,815.69,1,High
14557.0,85,1,788.38,0,Low
14558.0,654,3,655.5,1,High
14559.0,390,1,75.6,1,High
14560.0,7,44,6114.03,0,Low
14561.0,76,3,1080.76,0,Low
14562.0,4,26,6638.150000000001,0,Low
14563.0,510,2,640.54,1,High
14564.0,435,2,2605.62,1,High
14565.0,96,5,3859.22,0,Low
14566.0,111,4,4092.0,0,Low
14567.0,57,2,1530.36,0,Low
14568.0,435,1,919.7,1,High
14569.0,1,4,597.33,0,Low
14570.0,281,3,613.75,1,High
14571.0,425,1,160.0,1,High
14572.0,3,11,5526.88,0,Low
14573.0,180,13,2163.12,0,Low
14574.0,733,1,143.70000000000002,1,High
14575.0,488,1,420.22,1,High
14576.0,372,1,35.400000000000006,1,High
14577.0,13,7,1364.15,0,Low
14578.0,3,1,168.63,0,Low
14579.0,432,1,105.56,1,High
14580.0,518,1,14.85,1,High
14581.0,17,2,409.65,0,Low
14582.0,41,1,114.11,0,Low
14583.0,6,8,1660.29,0,Low
14584.0,169,8,1738.16,0,Low
14585.0,50,5,1143.27,0,Low
14586.0,277,1,237.36,1,High
14587.0,19,9,1580.29,0,Low
14588.0,578,1,135.39,1,High
14589.0,372,1,39.75,1,High
14590.0,425,20,2993.37,1,High
14591.0,15,4,1320.21,0,Low
14592.0,35,3,557.94,0,Low
14593.0,22,12,3665.53,0,Low
14594.0,7,2,363.33,0,Low
14595.0,20,8,2164.45,0,Low
14596.0,627,1,222.22,1,High
14597.0,11,6,2184.63,0,Low
14598.0,44,2,384.04,0,Low
14599.0,390,2,457.89,1,High
14600.0,306,2,865.17,1,High
14601.0,11,1,213.96,0,Low
14602.0,656,1,205.36,1,High
14603.0,275,1,660.0,1,High
14604.0,633,1,143.86,1,High
14605.0,374,4,921.56,1,High
14606.0,1,192,29951.37,3,Low
14607.0,16,22,23763.13,0,Low
14608.0,4,11,3352.94,0,Low
14609.0,72,10,1486.2,0,Low
14610.0,396,2,24.35,1,High
14611.0,444,2,604.33,1,High
14612.0,415,1,877.7,1,High
14613.0,680,1,76.32000000000001,1,High
14614.0,386,1,295.13,1,High
14615.0,394,5,951.76,1,High
14616.0,243,5,527.78,0,High
14617.0,403,2,190.47,1,High
14618.0,9,7,1342.32,0,Low
14619.0,246,2,1291.24,0,High
14620.0,206,2,412.78,0,High
14621.0,1,9,3000.57,0,Low
14622.0,185,1,320.58000000000004,0,High
14623.0,32,10,2016.98,0,Low
14624.0,57,6,814.07,0,Low
14625.0,196,11,4497.88,0,High
14626.0,24,11,5410.92,0,Low
14627.0,379,1,462.75,1,High
14628.0,91,5,1998.0,0,Low
14629.0,4,2,955.26,0,Low
14630.0,484,1,338.65,1,High
14631.0,51,6,2025.69,0,Low
14632.0,263,1,114.56,1,High
14633.0,266,1,344.90000000000003,1,High
14634.0,438,4,2124.46,1,High
14635.0,454,1,215.22,1,High
14636.0,36,2,609.85,0,Low
14637.0,677,1,106.68,1,High
14638.0,51,1,443.6,0,Low
14639.0,52,9,4978.96,0,Low
14640.0,24,10,3649.36,0,Low
14641.0,22,1,110.46,0,Low
14642.0,59,1,96.12,0,Low
14643.0,170,5,1679.89,0,Low
14644.0,68,7,2247.72,0,Low
14645.0,157,3,876.89,0,Low
14646.0,2,151,528602.52,2,Low
14647.0,201,2,506.04,0,High
14648.0,416,15,4466.65,1,High
14649.0,5,9,3651.19,0,Low
14650.0,589,1,62.5,1,High
14651.0,67,9,2025.52,0,Low
14652.0,77,1,114.18,0,Low
14653.0,1,12,3593.06,0,Low
14654.0,738,1,246.86,1,High
14655.0,8,7,3878.51,0,Low
14656.0,169,5,790.0,0,Low
14657.0,18,6,1450.19,0,Low
14658.0,5,2,247.15,0,Low
14659.0,9,9,2529.93,0,Low
14660.0,87,2,285.74,0,Low
14661.0,27,1,107.95,0,Low
14662.0,29,7,1376.43,0,Low
14663.0,430,2,490.6,1,High
14664.0,20,2,636.24,0,Low
14665.0,61,7,2749.65,0,Low
14666.0,24,1,195.25,0,Low
14667.0,11,54,20395.34,0,Low
14668.0,445,1,111.63,1,High
14669.0,242,7,3216.78,0,High
14670.0,280,3,583.33,1,High
14671.0,549,2,1127.45,1,High
14672.0,235,4,1113.14,0,High
14673.0,3,7,3037.32,0,Low
14674.0,509,1,173.66,1,High
14675.0,16,2,1015.58,0,Low
14676.0,31,12,8356.79,0,Low
14677.0,593,1,184.91,1,High
14678.0,579,1,403.39,1,High
14679.0,382,3,1289.44,1,High
14680.0,25,58,55688.5,3,Low
14681.0,71,6,875.1500000000001,0,Low
14682.0,188,6,1514.81,0,High
14683.0,588,1,146.56,1,High
14684.0,26,6,1430.03,0,Low
14685.0,576,8,4536.64,1,High
14686.0,414,5,852.53,1,High
14687.0,107,3,1402.06,0,Low
14688.0,8,28,7190.42,0,Low
14689.0,209,1,112.8,0,High
14690.0,44,4,777.6800000000001,0,Low
14691.0,31,5,2114.33,0,Low
14692.0,137,12,1715.14,0,Low
14693.0,265,7,1165.36,0,High
14694.0,617,1,244.31,1,High
14695.0,519,3,1534.22,1,High
14696.0,4,8,2473.28,0,Low
14697.0,218,2,188.61,0,High
14698.0,2,5,1217.27,0,Low
14699.0,214,4,702.6,0,High
14700.0,32,5,3076.06,0,Low
14701.0,11,15,4487.11,0,Low
14702.0,1,29,6368.78,0,Low
14703.0,15,1,318.17,0,Low
14704.0,11,11,1752.92,0,Low
14705.0,199,1,179.0,0,High
14706.0,619,1,367.54,1,High
14707.0,436,2,139.2,1,High
14708.0,3,5,1793.22,0,Low
14709.0,15,25,8886.33,0,Low
14710.0,14,13,1899.79,0,Low
14711.0,10,11,2839.62,0,Low
14712.0,29,4,1328.0700000000002,0,Low
14713.0,9,21,5115.76,0,Low
14714.0,24,4,906.24,0,Low
14715.0,25,8,1825.45,0,Low
14716.0,43,3,543.28,0,Low
14717.0,733,1,81.3,1,High
14718.0,410,1,226.42,1,High
14719.0,2,5,1581.84,0,Low
14720.0,6,3,663.81,0,Low
14721.0,379,1,109.07,1,High
14722.0,147,3,489.52,0,Low
14723.0,10,11,1803.06,0,Low
14724.0,590,1,341.9,1,High
14725.0,25,4,1252.74,0,Low
14726.0,655,1,116.5,1,High
14727.0,274,3,463.73,1,High
14728.0,413,1,190.58,1,High
14729.0,374,3,586.24,1,High
14730.0,1,8,1897.57,0,Low
14731.0,47,3,380.02,0,Low
14732.0,8,19,5517.07,0,Low
14733.0,16,15,14335.15,0,Low
14734.0,426,4,1056.42,1,High
14735.0,4,56,12240.16,0,Low
14736.0,485,2,374.05,1,High
14737.0,4,4,3554.17,0,Low
14738.0,43,9,1821.9,0,Low
14739.0,4,25,11573.62,0,Low
14740.0,197,11,4161.06,0,High
14741.0,12,7,1713.09,0,Low
14742.0,435,1,579.85,1,High
14743.0,593,1,50.48,1,High
14744.0,16,14,3660.08,0,Low
14745.0,113,12,2551.41,0,Low
14746.0,406,4,593.5,1,High
14747.0,249,1,328.2,0,High
14748.0,29,10,2681.9,0,Low
14749.0,480,1,310.15,1,High
14750.0,736,1,112.03,1,High
14751.0,684,2,126.45,1,High
14752.0,44,1,389.64,0,Low
14753.0,87,2,869.51,0,Low
14754.0,45,6,1547.93,0,Low
14755.0,10,25,9972.55,0,Low
14756.0,15,3,2653.76,0,Low
14757.0,75,1,420.5,0,Low
14758.0,145,7,2864.9700000000003,0,Low
14759.0,5,3,1625.97,0,Low
14760.0,297,1,89.2,1,High
14761.0,59,3,447.92,0,Low
14762.0,264,2,417.57,1,High
14764.0,47,1,278.3,0,Low
14765.0,29,3,254.11,0,Low
14766.0,8,11,6375.7300000000005,0,Low
14767.0,474,1,382.81,1,High
14768.0,17,2,192.6,0,Low
14769.0,3,17,15514.11,0,Low
14770.0,232,8,3637.64,0,High
14771.0,621,2,594.62,1,High
14772.0,112,1,139.26,0,Low
14773.0,593,1,140.55,1,High
14774.0,529,1,241.45,1,High
14775.0,58,3,1011.9,0,Low
14776.0,51,15,3708.3,0,Low
14777.0,404,1,307.56,1,High
14778.0,127,2,730.86,0,Low
14779.0,281,3,386.15,1,High
14780.0,55,2,447.68,0,Low
14782.0,320,1,200.1,1,High
14783.0,659,1,307.3,1,High
14784.0,26,3,449.93,0,Low
14785.0,10,2,77.4,0,Low
14786.0,550,1,90.96,1,High
14787.0,471,1,110.65,1,High
14788.0,7,3,1156.32,0,Low
14789.0,29,1,197.64,0,Low
14790.0,17,10,2526.62,0,Low
14791.0,607,1,303.63,1,High
14792.0,64,1,6.2,0,Low
14793.0,21,2,625.9,0,Low
14794.0,3,10,1953.9,0,Low
14795.0,166,1,131.45000000000002,0,Low
14796.0,1,27,10169.33,0,Low
14797.0,507,1,300.31,1,High
14798.0,53,8,724.31,0,Low
14799.0,51,2,338.15000000000003,0,Low
14800.0,48,17,7191.33,0,Low
14801.0,61,1,189.34,0,Low
14802.0,438,2,1502.98,1,High
14803.0,162,3,845.5500000000001,0,Low
14804.0,9,1,353.27,0,Low
14805.0,15,7,1082.55,0,Low
14806.0,75,2,303.43,0,Low
14807.0,391,2,504.14,1,High
14808.0,40,8,2718.6,0,Low
14809.0,621,2,686.76,1,High
14810.0,41,13,2354.03,0,Low
14811.0,387,1,170.5,1,High
14812.0,599,1,178.85,1,High
14813.0,370,4,888.91,1,High
14814.0,581,1,154.21,1,High
14815.0,37,2,778.5,0,Low
14816.0,197,1,271.85,0,High
14817.0,200,7,3959.86,0,High
14818.0,74,6,1153.56,0,Low
14819.0,64,4,456.41,0,Low
14820.0,21,9,1274.76,0,Low
14821.0,367,7,1230.15,1,High
14822.0,485,1,157.7,1,High
14823.0,180,3,321.43,0,Low
14824.0,10,10,4022.91,0,Low
14825.0,4,24,4735.08,0,Low
14826.0,582,2,385.2,1,High
14828.0,197,13,9839.46,0,High
14829.0,29,7,1455.87,0,Low
14830.0,53,1,188.88,0,Low
14831.0,680,3,1676.57,1,High
14832.0,630,1,322.69,1,High
14833.0,499,1,94.8,1,High
14834.0,18,7,2206.16,0,Low
14835.0,529,2,297.0,1,High
14836.0,10,3,102.45,0,Low
14837.0,90,9,3460.32,0,Low
14838.0,423,2,769.9200000000001,1,High
14839.0,418,3,915.28,1,High
14840.0,268,2,362.71,1,High
14841.0,53,14,7163.0,0,Low
14842.0,44,4,2824.69,0,Low
14843.0,437,1,211.8,1,High
14844.0,64,10,6702.43,0,Low
14845.0,600,1,150.0,1,High
14846.0,427,1,437.4,1,High
14847.0,149,3,1348.95,0,Low
14848.0,405,1,310.56,1,High
14849.0,22,43,15407.61,0,Low
14850.0,312,7,1770.96,1,High
14851.0,23,3,829.41,0,Low
14852.0,58,18,6132.43,0,Low
14853.0,24,5,1376.87,0,Low
14854.0,78,11,4303.06,0,Low
14855.0,119,7,6520.3,0,Low
14856.0,36,3,1290.53,0,Low
14857.0,60,7,3651.851,0,Low
14858.0,506,1,180.75,1,High
14859.0,13,5,1705.64,0,Low
14860.0,19,1,170.32,0,Low
14861.0,52,10,1380.73,0,Low
14862.0,26,2,841.2,0,Low
14863.0,29,1,266.76,0,Low
14865.0,7,4,92.52,0,Low
14866.0,11,19,20746.54,0,Low
14867.0,186,16,2952.06,0,High
14868.0,3,12,4184.01,0,Low
14869.0,9,6,2778.14,0,Low
14870.0,262,6,1838.95,0,High
14871.0,3,9,1228.17,0,Low
14872.0,484,3,816.6,1,High
14873.0,210,2,854.13,0,High
14874.0,535,1,116.18,1,High
14875.0,108,3,2862.4,0,Low
14876.0,521,2,256.7,1,High
14877.0,418,2,425.85,1,High
14878.0,13,25,4076.5,0,Low
14879.0,685,1,185.06,1,High
14880.0,77,3,690.59,0,Low
14881.0,20,1,255.4,0,Low
14882.0,27,14,3546.65,0,Low
14883.0,19,6,761.59,0,Low
14884.0,669,1,120.6,1,High
14885.0,132,3,1598.12,0,Low
14886.0,253,1,364.8,1,High
14887.0,79,1,1862.0,0,Low
14888.0,207,1,369.2,0,High
14889.0,336,1,135.9,1,High
14890.0,254,3,817.25,0,High
14891.0,148,4,1106.73,0,Low
14892.0,691,1,202.35,1,High
14893.0,10,3,1809.61,0,Low
14894.0,85,3,1492.81,0,Low
14895.0,8,38,25119.54,0,Low
14896.0,205,8,1826.0,0,High
14897.0,8,8,3140.54,0,Low
14898.0,23,14,3365.95,0,Low
14899.0,395,1,1331.38,1,High
14900.0,522,1,13.919999999999998,1,High
14901.0,11,12,1919.0,0,Low
14902.0,26,3,1035.62,0,Low
14903.0,21,5,2795.33,0,Low
14904.0,2,4,1630.49,0,Low
14905.0,158,8,1971.39,0,Low
14906.0,445,1,68.44,1,High
14907.0,3,16,5547.72,0,Low
14908.0,74,2,381.9,0,Low
14909.0,437,3,1404.68,1,High
14910.0,3,4,434.35,0,Low
14911.0,1,398,291420.81,2,Low
14912.0,17,6,1889.25,0,Low
14913.0,36,8,4073.13,0,Low
14915.0,91,11,1811.25,0,Low
14916.0,71,8,3042.95,0,Low
14917.0,597,2,1123.75,1,High
14918.0,116,9,5955.81,0,Low
14919.0,539,1,359.35,1,High
14920.0,213,3,1607.17,0,High
14921.0,30,2,1316.07,0,Low
14922.0,394,2,843.74,1,High
14923.0,51,1,749.1,0,Low
14924.0,246,3,931.01,0,High
14926.0,382,2,359.4,1,High
14927.0,397,1,308.2,1,High
14928.0,628,1,223.91000000000005,1,High
14929.0,32,2,836.69,0,Low
14930.0,109,6,5236.7300000000005,0,Low
14931.0,5,5,1257.68,0,Low
14932.0,366,2,666.13,1,High
14933.0,444,4,1770.0,1,High
14934.0,82,5,3503.5,0,Low
14935.0,297,2,2849.83,1,High
14936.0,34,12,12410.81,0,Low
14937.0,57,3,1621.88,0,Low
14938.0,562,2,2322.43,1,High
14940.0,418,2,531.49,1,High
14941.0,579,1,182.1,1,High
14942.0,402,4,746.56,1,High
14943.0,663,1,107.62,1,High
14944.0,30,19,9784.67,0,Low
14945.0,414,1,179.4,1,High
14946.0,14,1,100.9,0,Low
14947.0,72,6,1049.79,0,Low
14948.0,23,6,1101.97,0,Low
14949.0,469,4,515.0,1,High
14950.0,19,1,371.2,0,Low
14951.0,79,1,311.69,0,Low
14952.0,60,32,17629.35,0,Low
14953.0,25,4,971.32,0,Low
14954.0,12,2,462.12,0,Low
14955.0,733,1,163.77,1,High
14956.0,421,1,1325.0,1,High
14957.0,253,2,261.69,0,High
14958.0,147,6,941.99,0,Low
14959.0,64,4,695.42,0,Low
14960.0,8,2,221.27,0,Low
14961.0,11,22,16410.15,0,Low
14962.0,271,4,366.91,1,High
14963.0,10,12,3123.57,0,Low
14964.0,247,1,206.21,0,High
14965.0,96,2,596.09,0,Low
14966.0,15,6,1064.26,0,Low
14967.0,50,6,1982.61,0,Low
14968.0,30,2,501.24,0,Low
14969.0,704,1,906.23,1,High
14970.0,68,12,4919.35,0,Low
14971.0,35,3,1097.98,0,Low
14972.0,128,2,145.07,0,Low
14973.0,107,3,1314.45,0,Low
14974.0,37,1,89.94,0,Low
14975.0,57,2,472.39,0,Low
14976.0,57,7,790.86,0,Low
14977.0,726,1,31.93,1,High
14978.0,72,10,3112.19,0,Low
14979.0,735,1,429.66,1,High
14980.0,737,1,150.68,1,High
14981.0,246,2,372.92,0,High
14982.0,572,1,237.78,1,High
14983.0,689,1,183.2,1,High
14984.0,19,6,1260.51,0,Low
14985.0,198,2,292.01,0,High
14986.0,376,2,563.1,1,High
14987.0,16,8,1550.65,0,Low
14988.0,212,7,2038.65,0,High
14989.0,662,1,342.4,1,High
14990.0,612,2,304.17,1,High
14991.0,430,1,314.67,1,High
14992.0,442,1,210.5,1,High
14993.0,564,1,36.13,1,High
14994.0,382,5,946.72,1,High
14995.0,39,2,231.98,0,Low
14996.0,481,2,442.29,1,High
14997.0,46,4,776.6,0,Low
14998.0,170,4,753.18,0,Low
14999.0,593,1,129.48000000000002,1,High
15000.0,48,1,490.52,0,Low
15001.0,394,2,199.11,1,High
15002.0,116,9,4138.08,0,Low
15003.0,473,6,1027.03,1,High
15004.0,147,1,1220.77,0,Low
15005.0,16,56,13754.58,0,Low
15006.0,51,2,757.78,0,Low
15007.0,159,1,156.91,0,Low
15008.0,480,2,360.0,1,High
15009.0,12,3,1259.43,0,Low
15010.0,36,1,308.94,0,Low
15011.0,396,2,416.6,1,High
15012.0,54,3,646.26,0,Low
15013.0,488,10,1610.82,1,High
15014.0,43,2,257.67,0,Low
15015.0,501,13,2354.97,1,High
15016.0,173,5,620.89,0,Low
15017.0,34,1,125.58,0,Low
15018.0,39,3,496.21,0,Low
15019.0,267,1,252.81,1,High
15020.0,379,1,198.47,1,High
15021.0,9,12,2500.59,0,Low
15022.0,12,5,1133.44,0,Low
15023.0,3,20,11578.65,0,Low
15024.0,10,16,3559.39,0,Low
15025.0,33,2,979.79,0,Low
15026.0,80,5,1048.89,0,Low
15027.0,31,10,3195.6,0,Low
15028.0,8,6,962.94,0,Low
15029.0,620,1,365.1,1,High
15030.0,72,8,1979.91,0,Low
15031.0,4,14,3102.94,0,Low
15032.0,256,8,11010.05,0,High
15033.0,5,10,2557.18,0,Low
15034.0,16,14,8231.2,0,Low
15035.0,90,1,252.73,0,Low
15036.0,72,3,429.56,0,Low
15037.0,376,2,397.76,1,High
15038.0,59,9,1146.53,0,Low
15039.0,10,93,39141.48,3,Low
15040.0,542,1,7.49,1,High
15041.0,170,2,289.4,0,Low
15042.0,199,2,315.45,0,High
15043.0,31,6,2870.32,0,Low
15044.0,19,35,16024.15,0,Low
15045.0,152,2,735.66,0,Low
15046.0,9,25,7623.79,0,Low
15047.0,270,1,343.62,1,High
15048.0,65,4,381.0,0,Low
15049.0,274,1,121.17000000000002,1,High
15050.0,25,5,4087.19,0,Low
15051.0,23,9,3926.91,0,Low
15052.0,319,1,207.73,1,High
15053.0,5,3,693.95,0,Low
15054.0,12,2,302.1,0,Low
15055.0,475,3,549.12,1,High
15056.0,520,1,113.65,1,High
15057.0,275,5,3255.96,1,High
15058.0,25,16,3387.58,0,Low
15059.0,41,19,3491.2,0,Low
15060.0,8,4,294.25,0,Low
15061.0,4,127,126389.02,3,Low
15062.0,71,8,2585.62,0,Low
15063.0,213,1,370.8,0,High
15064.0,410,4,1254.41,1,High
15065.0,38,5,3326.86,0,Low
15066.0,53,1,893.59,0,Low
15067.0,78,5,3862.88,0,Low
15068.0,46,4,1174.9,0,Low
15069.0,179,1,1109.53,0,Low
15070.0,373,3,737.0500000000001,1,High
15071.0,94,4,1455.5600000000002,0,Low
15072.0,479,1,187.52,1,High
15073.0,10,8,2788.02,0,Low
15074.0,105,3,1553.13,0,Low
15075.0,78,1,773.03,0,Low
15076.0,173,3,1447.74,0,Low
15077.0,495,2,2428.08,1,High
15078.0,7,53,17286.73,0,Low
15079.0,213,11,3625.4,0,High
15080.0,428,2,546.25,1,High
15081.0,22,12,1854.57,0,Low
15082.0,669,1,93.35,1,High
15083.0,257,1,88.2,1,High
15084.0,380,2,965.2,1,High
15085.0,730,1,347.54,1,High
15086.0,565,2,218.53,1,High
15087.0,282,1,306.94,1,High
15088.0,21,2,1160.07,0,Low
15089.0,10,6,2420.84,0,Low
15090.0,308,1,381.32,1,High
15091.0,68,3,1046.61,0,Low
15092.0,215,3,776.46,0,High
15093.0,18,23,13702.38,0,Low
15094.0,463,2,83.0,1,High
15095.0,104,10,3141.64,0,Low
15096.0,43,1,219.39,0,Low
15097.0,4,3,908.35,0,Low
15098.0,182,3,39916.5,0,High
15099.0,84,1,410.48,0,Low
15100.0,334,7,2193.9,1,High
15101.0,9,6,1477.94,0,Low
15102.0,531,2,554.67,1,High
15103.0,31,2,703.36,0,Low
15104.0,197,2,993.54,0,High
15105.0,18,9,3094.91,0,Low
15106.0,18,5,1422.52,0,Low
15107.0,311,9,824.35,1,High
15108.0,142,4,1300.25,0,Low
15109.0,246,3,983.1,0,High
15110.0,24,6,1505.85,0,Low
15111.0,29,5,2442.37,0,Low
15112.0,611,1,209.4,1,High
15113.0,10,3,3509.43,0,Low
15114.0,30,12,3400.12,0,Low
15115.0,18,2,531.85,0,Low
15116.0,18,4,1352.75,0,Low
15117.0,15,8,2485.97,0,Low
15118.0,134,1,244.8,0,Low
15119.0,246,1,266.4,0,High
15120.0,134,1,358.82,0,Low
15121.0,50,2,457.72,0,Low
15122.0,114,11,4487.27,0,Low
15123.0,7,5,4656.17,0,Low
15124.0,23,4,450.82,0,Low
15125.0,25,24,17024.87,0,Low
15126.0,537,2,449.49,1,High
15127.0,66,2,711.5,0,Low
15128.0,60,5,1783.68,0,Low
15129.0,50,23,6860.18,0,Low
15130.0,170,1,330.11,0,Low
15131.0,395,1,80.28,1,High
15132.0,18,5,977.93,0,Low
15133.0,128,5,1806.9,0,Low
15134.0,15,10,1596.29,0,Low
15135.0,239,2,305.68,0,High
15136.0,3,4,1286.7,0,Low
15137.0,521,2,823.4,1,High
15138.0,394,1,502.52,1,High
15139.0,240,2,178.96,0,High
15140.0,52,8,3243.69,0,Low
15141.0,458,7,1388.47,1,High
15142.0,46,6,2619.92,0,Low
15143.0,226,2,563.63,0,High
15144.0,8,29,12160.31,0,Low
15145.0,4,4,1194.73,0,Low
15146.0,165,2,1327.16,0,Low
15147.0,240,1,623.5,0,High
15148.0,11,1,301.29,0,Low
15149.0,134,5,1554.61,0,Low
15150.0,17,13,8977.94,0,Low
15151.0,423,2,2085.61,1,High
15152.0,10,14,5263.83,0,Low
15153.0,31,1,329.25,0,Low
15154.0,75,3,1343.72,0,Low
15155.0,383,1,383.97,1,High
15156.0,1,3,961.49,0,Low
15157.0,4,5,2654.11,0,Low
15158.0,45,2,606.02,0,Low
15159.0,2,34,22116.73,0,Low
15160.0,357,4,589.27,1,High
15161.0,388,1,119.92,1,High
15162.0,731,1,312.9,1,High
15163.0,18,2,304.47,0,Low
15164.0,69,9,2028.11,0,Low
15165.0,373,1,487.75,1,High
15166.0,468,1,167.16,1,High
15167.0,321,5,1627.62,1,High
15168.0,26,1,106.56,0,Low
15169.0,382,2,569.22,1,High
15170.0,407,1,81.15,1,High
15171.0,331,1,1289.5,1,High
15172.0,9,5,1624.05,0,Low
15173.0,381,7,1494.6,1,High
15174.0,323,2,481.46,1,High
15175.0,72,1,224.14,0,Low
15176.0,668,1,988.04,1,High
15177.0,426,1,948.93,1,High
15178.0,260,1,40.5,1,High
15179.0,18,13,7491.92,0,Low
15180.0,367,3,816.9300000000001,1,High
15181.0,66,5,1200.2,0,Low
15182.0,154,11,2998.952,0,Low
15183.0,548,3,639.93,1,High
15184.0,29,4,685.39,0,Low
15185.0,70,1,310.62,0,Low
15186.0,14,5,1403.2,0,Low
15187.0,2,16,4777.18,0,Low
15188.0,725,1,310.43,1,High
15189.0,1,46,17524.38,0,Low
15190.0,434,1,834.4399999999999,1,High
15191.0,463,3,588.05,1,High
15192.0,120,5,1666.39,0,Low
15193.0,61,1,499.32,0,Low
15194.0,3,28,12021.53,0,Low
15195.0,3,1,3861.0,0,Low
15196.0,433,2,313.7,1,High
15197.0,11,6,1877.51,0,Low
15198.0,92,5,571.35,0,Low
15199.0,59,10,3122.4,0,Low
15200.0,495,1,549.0500000000001,1,High
15201.0,87,7,1842.95,0,Low
15202.0,420,3,6001.49,1,High
15203.0,26,15,4400.18,0,Low
15204.0,357,1,316.58,1,High
15205.0,85,2,653.24,0,Low
15206.0,10,4,420.3,0,Low
15207.0,416,3,683.92,1,High
15208.0,1,6,970.52,0,Low
15209.0,730,1,178.98000000000002,1,High
15210.0,225,3,1176.19,0,High
15211.0,60,2,894.4100000000001,0,Low
15212.0,241,2,208.28,0,High
15213.0,319,2,328.35,1,High
15214.0,2,8,1661.44,0,Low
15215.0,47,7,2422.4300000000003,0,Low
15216.0,88,2,486.09,0,Low
15217.0,563,1,426.24,1,High
15218.0,11,22,11468.83,0,Low
15219.0,176,2,685.45,0,Low
15220.0,52,6,1778.96,0,Low
15221.0,366,4,2062.2,1,High
15222.0,319,11,3550.91,1,High
15223.0,226,5,1417.95,0,High
15224.0,358,5,871.36,1,High
15225.0,234,1,409.4,0,High
15226.0,311,1,154.41,1,High
15227.0,37,9,2488.49,0,Low
15228.0,66,6,5580.27,0,Low
15229.0,586,1,160.5,1,High
15230.0,239,2,429.6,0,High
15231.0,621,1,250.26,1,High
15232.0,113,2,612.06,0,Low
15233.0,401,1,59.400000000000006,1,High
15234.0,277,1,197.0,1,High
15235.0,218,16,2772.76,0,High
15236.0,299,1,321.05,1,High
15237.0,2,4,1412.32,0,Low
15238.0,29,3,1071.99,0,Low
15239.0,10,2,780.59,0,Low
15240.0,45,12,4459.9800000000005,0,Low
15241.0,67,11,3050.16,0,Low
15242.0,422,1,302.04,1,High
15243.0,74,2,927.28,0,Low
15244.0,65,3,912.08,0,Low
15245.0,134,8,4610.84,0,Low
15246.0,238,3,780.4,0,High
15247.0,122,3,976.06,0,Low
15248.0,411,3,1893.93,1,High
15249.0,32,18,9266.0,0,Low
15250.0,641,1,60.0,1,High
15251.0,9,21,20324.54,0,Low
15252.0,36,5,2103.41,0,Low
15253.0,16,8,2055.09,0,Low
15254.0,127,3,1088.35,0,Low
15255.0,67,9,3706.02,0,Low
15256.0,149,2,170.4,0,Low
15257.0,283,2,685.9,1,High
15258.0,169,2,623.16,0,Low
15259.0,513,4,1182.38,1,High
15260.0,100,25,8767.73,0,Low
15261.0,135,4,1508.0,0,Low
15262.0,324,3,418.82,1,High
15263.0,107,1,156.51,0,Low
15264.0,64,2,848.4,0,Low
15265.0,151,4,3345.64,0,Low
15266.0,338,5,852.21,1,High
15267.0,22,5,1717.36,0,Low
15268.0,479,3,961.9,1,High
15269.0,24,3,1225.36,0,Low
15270.0,16,21,8524.86,0,Low
15271.0,7,24,4528.54,0,Low
15272.0,57,6,2030.95,0,Low
15273.0,600,1,228.96,1,High
15274.0,4,2,716.57,0,Low
15275.0,38,1,615.14,0,Low
15276.0,66,4,619.8,0,Low
15277.0,47,2,476.34,0,Low
15278.0,562,4,496.16,1,High
15279.0,355,5,1580.54,1,High
15280.0,172,3,397.52,0,Low
15281.0,59,16,8543.57,0,Low
15282.0,570,1,348.59,1,High
15283.0,390,3,148.32999999999998,1,High
15284.0,500,1,24.75,1,High
15285.0,408,1,94.92,1,High
15286.0,50,1,240.55,0,Low
15287.0,22,5,856.03,0,Low
15288.0,43,10,3715.38,0,Low
15289.0,29,5,1593.09,0,Low
15290.0,5,26,10496.28,0,Low
15291.0,26,40,13517.76,0,Low
15292.0,201,1,178.39,0,High
15293.0,666,1,247.5,1,High
15294.0,411,1,233.35,1,High
15295.0,654,1,207.04,1,High
15296.0,51,12,10323.03,0,Low
15297.0,10,3,641.94,0,Low
15298.0,2,23,9061.77,0,Low
15299.0,67,10,6156.53,0,Low
15300.0,64,1,496.44,0,Low
15301.0,51,17,6909.67,0,Low
15302.0,730,1,308.0,1,High
15303.0,290,3,1224.18,1,High
15304.0,61,9,796.4,0,Low
15305.0,555,1,93.6,1,High
15306.0,64,9,3484.73,0,Low
15307.0,96,1,205.3,0,Low
15308.0,274,1,310.47,1,High
15309.0,611,4,797.96,1,High
15310.0,479,1,1634.64,1,High
15311.0,1,208,114966.42,3,Low
15312.0,75,12,2930.19,0,Low
15313.0,110,1,52.0,0,Low
15314.0,199,3,820.45,0,High
15315.0,64,2,570.5,0,Low
15316.0,327,1,165.0,1,High
15317.0,677,1,129.75,1,High
15318.0,4,1,312.62,0,Low
15319.0,284,1,204.5,1,High
15320.0,44,1,267.13,0,Low
15321.0,71,12,6709.7300000000005,0,Low
15322.0,86,2,1390.86,0,Low
15323.0,563,3,434.6,1,High
15324.0,701,1,140.22000000000003,1,High
15325.0,104,8,1601.46,0,Low
15326.0,334,5,1700.52,1,High
15327.0,53,1,208.75,0,Low
15328.0,408,1,107.24,1,High
15329.0,39,11,2958.83,0,Low
15330.0,32,2,714.9599999999999,0,Low
15331.0,500,3,767.91,1,High
15332.0,366,6,4892.68,1,High
15333.0,208,1,1028.56,0,High
15334.0,157,3,350.82,0,Low
15335.0,54,1,170.22,0,Low
15336.0,402,1,240.5,1,High
15337.0,411,1,373.02,1,High
15338.0,677,1,277.93,1,High
15339.0,66,7,1821.02,0,Low
15340.0,562,1,105.5,1,High
15341.0,81,2,2402.72,0,Low
15342.0,130,1,406.09,0,Low
15343.0,87,1,364.5,0,Low
15344.0,1,3,563.94,0,Low
15345.0,46,1,393.54,0,Low
15346.0,333,3,596.12,1,High
15347.0,366,4,1162.0,1,High
15348.0,72,1,158.04,0,Low
15349.0,158,2,463.91,0,Low
15350.0,373,2,547.6,1,High
15351.0,12,10,3430.22,0,Low
15352.0,549,1,111.15,1,High
15353.0,255,7,2794.47,0,High
15354.0,603,3,284.4,1,High
15355.0,29,2,277.05,0,Low
15356.0,31,13,3239.57,0,Low
15358.0,5,42,16425.86,0,Low
15359.0,663,8,181.35,1,High
15360.0,40,1,427.93,0,Low
15361.0,362,4,689.07,1,High
15362.0,449,2,613.08,1,High
15363.0,373,2,678.11,1,High
15364.0,96,2,913.19,0,Low
15365.0,26,13,4557.13,0,Low
15366.0,75,7,2389.08,0,Low
15367.0,57,11,5081.33,0,Low
15368.0,21,2,722.74,0,Low
15369.0,492,11,6251.26,1,High
15370.0,41,8,3739.01,0,Low
15371.0,662,1,59.400000000000006,1,High
15372.0,137,8,6017.06,0,Low
15373.0,8,17,3084.54,0,Low
15374.0,129,2,307.32,0,Low
15375.0,690,1,60.96,1,High
15376.0,40,3,1221.56,0,Low
15377.0,383,4,1211.75,1,High
15378.0,463,2,246.5,1,High
15379.0,169,8,4877.84,0,Low
15380.0,9,11,3248.96,0,Low
15381.0,214,5,1890.57,0,High
15382.0,15,12,13733.55,0,Low
15384.0,170,4,2027.79,0,Low
15385.0,40,3,942.08,0,Low
15386.0,186,1,394.14,0,High
15387.0,492,1,468.65,1,High
15388.0,270,1,140.54,1,High
15389.0,172,5,2733.8,0,Low
15390.0,396,2,1216.66,1,High
15391.0,584,1,289.87,1,High
15392.0,5,7,2911.62,0,Low
15393.0,16,5,891.34,0,Low
15394.0,10,11,5286.8,0,Low
15395.0,326,1,107.45,1,High
15396.0,113,2,796.38,0,Low
15397.0,290,1,94.0,1,High
15398.0,16,2,1345.53,0,Low
15399.0,1,3,815.77,0,Low
15400.0,92,8,1302.3,0,Low
15401.0,452,2,216.95,1,High
15402.0,149,6,1830.54,0,Low
15403.0,492,2,170.88,1,High
15404.0,376,1,257.06,1,High
15405.0,189,2,659.84,0,High
15406.0,31,4,975.87,0,Low
15407.0,34,4,1046.74,0,Low
15408.0,264,1,267.18,1,High
15409.0,721,1,131.25,1,High
15410.0,84,10,4685.72,0,Low
15411.0,26,4,1348.93,0,Low
15412.0,171,1,190.53,0,Low
15413.0,692,5,6798.72,1,High
15414.0,10,3,774.9000000000001,0,Low
15415.0,313,1,559.61,1,High
15416.0,65,7,4572.82,0,Low
15417.0,85,1,508.8,0,Low
15418.0,425,2,449.42,1,High
15419.0,25,1,135.86,0,Low
15420.0,434,6,743.0,1,High
15421.0,59,10,3805.34,0,Low
15422.0,323,7,1619.97,1,High
15423.0,38,3,266.89,0,Low
15424.0,254,3,597.78,0,High
15425.0,400,4,1941.12,1,High
15426.0,19,9,2156.35,0,Low
15427.0,33,3,1430.54,0,Low
15428.0,15,4,762.75,0,Low
15429.0,27,2,397.35,0,Low
15430.0,468,2,954.75,1,High
15431.0,503,1,153.24,1,High
15432.0,23,2,320.76,0,Low
15433.0,214,2,533.3,0,High
15434.0,8,11,2567.06,0,Low
15435.0,22,1,149.29,0,Low
15436.0,12,3,1067.75,0,Low
15437.0,262,2,393.45,1,High
15438.0,131,1,156.57999999999998,0,Low
15439.0,405,4,1269.05,1,High
15440.0,55,3,383.68,0,Low
15441.0,396,3,1254.21,1,High
15442.0,249,1,594.0,0,High
15443.0,2,14,5114.2300000000005,0,Low
15444.0,9,2,1411.21,0,Low
15445.0,264,2,284.5,1,High
15446.0,377,3,399.75,1,High
15447.0,331,5,492.88,1,High
15448.0,313,2,788.8100000000001,1,High
15449.0,26,3,974.52,0,Low
15450.0,30,1,429.84,0,Low
15451.0,434,2,226.86,1,High
15452.0,30,6,1785.11,0,Low
15453.0,2,7,1371.77,0,Low
15454.0,362,2,305.99,1,High
15455.0,598,1,38.25,1,High
15456.0,283,10,2091.52,1,High
15457.0,262,1,237.07,1,High
15458.0,25,2,370.44,0,Low
15459.0,417,2,202.83,1,High
15460.0,354,1,214.26,1,High
15461.0,461,2,429.7,1,High
15462.0,94,4,737.05,0,Low
15463.0,29,1,126.14,0,Low
15464.0,338,1,1044.65,1,High
15465.0,20,32,12100.4,0,Low
15466.0,85,4,1560.46,0,Low
15467.0,9,3,524.88,0,Low
15468.0,51,3,1430.48,0,Low
15469.0,50,3,874.25,0,Low
15470.0,576,1,63.42,1,High
15471.0,2,3,1292.01,0,Low
15472.0,113,1,371.56,0,Low
15473.0,14,8,2046.0,0,Low
15474.0,596,1,150.35,1,High
15475.0,77,1,454.11,0,Low
15476.0,380,4,2209.98,1,High
15477.0,650,1,368.4,1,High
15478.0,40,3,1983.48,0,Low
15479.0,733,1,147.4,1,High
15480.0,116,5,6279.0,0,Low
15481.0,401,1,1993.34,1,High
15482.0,16,19,14417.36,0,Low
15483.0,161,10,817.82,0,Low
15484.0,1,6,4652.1,0,Low
15485.0,30,7,4810.92,0,Low
15486.0,527,1,102.0,1,High
15487.0,680,1,231.32,1,High
15488.0,93,5,431.92,0,Low
15489.0,23,8,2419.61,0,Low
15490.0,430,1,210.85,1,High
15491.0,95,6,3100.09,0,Low
15492.0,28,2,659.46,0,Low
15493.0,33,9,4121.68,0,Low
15494.0,21,5,3702.6,0,Low
15495.0,379,1,246.5,1,High
15496.0,631,1,146.14,1,High
15497.0,18,9,8657.39,0,Low
15498.0,3,44,24972.86,0,Low
15499.0,724,1,158.65,1,High
15500.0,8,4,1131.56,0,Low
15501.0,405,2,399.95,1,High
15502.0,16,14,13003.87,0,Low
15503.0,363,2,257.3,1,High
15504.0,81,4,402.7,0,Low
15505.0,53,5,3610.96,0,Low
15506.0,23,6,2030.33,0,Low
15507.0,172,1,475.86,0,Low
15508.0,189,6,1000.27,0,High
15509.0,380,1,152.41,1,High
15510.0,331,1,250.0,1,High
15511.0,12,5,900.53,0,Low
15512.0,156,4,331.58,0,Low
15513.0,33,35,26437.05,0,Low
15514.0,12,18,6392.06,0,Low
15515.0,387,1,171.81,1,High
15516.0,45,3,62.43,0,Low
15517.0,233,1,267.03,0,High
15518.0,64,15,4189.99,0,Low
15519.0,383,2,344.61,1,High
15520.0,2,1,343.5,0,Low
15521.0,40,16,7098.24,0,Low
15522.0,33,2,397.99,0,Low
15523.0,84,16,17259.19,0,Low
15524.0,25,2,591.4,0,Low
15525.0,2,4,890.22,0,Low
15526.0,33,2,148.44,0,Low
15527.0,19,23,5554.89,0,Low
15528.0,254,1,229.33,1,High
15529.0,23,12,4783.66,0,Low
15530.0,22,5,1808.68,0,Low
15531.0,8,2,1972.39,0,Low
15532.0,25,10,3738.85,0,Low
15533.0,19,3,807.57,0,Low
15534.0,726,1,162.25,1,High
15535.0,173,6,1044.37,0,Low
15536.0,409,1,259.09,1,High
15537.0,163,1,110.92,0,Low
15538.0,538,6,3358.4,1,High
15539.0,7,1,538.46,0,Low
15540.0,11,2,460.68,0,Low
15541.0,114,1,85.13000000000001,0,Low
15542.0,512,3,855.71,1,High
15543.0,288,2,242.26,1,High
15544.0,9,20,7807.89,0,Low
15545.0,54,2,288.97,0,Low
15546.0,607,2,1079.1,1,High
15547.0,7,26,10057.05,0,Low
15548.0,596,1,158.09,1,High
15549.0,77,8,2334.16,0,Low
15550.0,4,12,2211.05,0,Low
15551.0,37,7,1679.81,0,Low
15552.0,217,2,252.52,0,High
15553.0,60,1,428.93,0,Low
15554.0,278,1,217.2,1,High
15555.0,12,36,11243.91,0,Low
15556.0,24,1,279.77,0,Low
15557.0,29,1,468.91,0,Low
15558.0,639,1,202.68,1,High
15559.0,568,1,1109.4,1,High
15560.0,398,2,153.52,1,High
15561.0,12,8,1934.39,0,Low
15562.0,352,3,671.4300000000001,1,High
15563.0,22,7,2859.46,0,Low
15564.0,463,2,70.74000000000001,1,High
15565.0,50,2,173.16000000000005,0,Low
15566.0,393,2,227.87,1,High
15567.0,19,1,186.01,0,Low
15568.0,3,3,758.29,0,Low
15569.0,104,10,3583.45,0,Low
15570.0,7,25,8736.49,0,Low
15571.0,12,14,3892.35,0,Low
15572.0,5,10,3965.2,0,Low
15573.0,32,5,1188.42,0,Low
15574.0,178,6,1101.44,0,Low
15575.0,620,1,30.1,1,High
15576.0,38,1,921.37,0,Low
15577.0,151,5,396.03,0,Low
15578.0,162,1,127.1,0,Low
15579.0,69,5,1250.63,0,Low
15580.0,377,8,1375.39,1,High
15581.0,121,38,7480.4,0,Low
15582.0,25,3,682.9100000000001,0,Low
15583.0,376,1,95.96,1,High
15584.0,24,6,1268.2,0,Low
15585.0,177,1,455.3,0,Low
15586.0,593,3,1139.1,1,High
15587.0,50,7,1522.08,0,Low
15588.0,678,1,579.6,1,High
15589.0,256,3,478.53,0,High
15590.0,382,5,1496.6,1,High
15591.0,583,3,217.9,1,High
15592.0,47,1,388.58,0,Low
15593.0,71,1,199.8,0,Low
15594.0,16,5,1771.78,0,Low
15595.0,488,1,357.6,1,High
15596.0,101,9,2727.72,0,Low
15597.0,35,2,563.37,0,Low
15598.0,53,2,548.02,0,Low
15599.0,27,3,1250.06,0,Low
15600.0,428,4,1199.31,1,High
15601.0,11,30,14191.74,0,Low
15602.0,8,16,3137.96,0,Low
15603.0,79,2,88.48,0,Low
15604.0,52,1,216.39,0,Low
15605.0,36,9,1741.95,0,Low
15606.0,61,17,5230.99,0,Low
15607.0,337,9,1708.97,1,High
15608.0,28,5,1785.98,0,Low
15609.0,184,1,298.48,0,High
15610.0,52,1,112.46,0,Low
15611.0,10,26,2997.28,0,Low
15612.0,36,2,195.15,0,Low
15613.0,610,1,433.72,1,High
15614.0,438,4,3147.36,1,High
15615.0,10,47,21373.97,0,Low
15616.0,438,1,317.11,1,High
15617.0,396,3,828.5500000000001,1,High
15618.0,33,4,776.851,0,Low
15619.0,11,1,336.4,0,Low
15620.0,57,4,1942.36,0,Low
15621.0,4,4,1293.03,0,Low
15622.0,43,17,7852.610000000001,0,Low
15623.0,141,8,2437.05,0,Low
15624.0,117,4,588.13,0,Low
15625.0,104,9,3236.4,0,Low
15626.0,75,3,1067.52,0,Low
15627.0,457,2,566.9,1,High
15628.0,5,17,5333.08,0,Low
15629.0,450,4,2240.9,1,High
15630.0,45,3,1481.4,0,Low
15631.0,642,1,596.67,1,High
15632.0,16,8,3285.31,0,Low
15633.0,509,13,4335.96,1,High
15634.0,17,2,554.65,0,Low
15635.0,396,1,100.35,1,High
15636.0,90,4,1444.58,0,Low
15637.0,53,5,797.59,0,Low
15638.0,379,6,2265.2,1,High
15639.0,134,3,1065.08,0,Low
15640.0,4,29,23494.31,0,Low
15641.0,105,12,5345.55,0,Low
15642.0,730,1,105.78,1,High
15643.0,192,3,664.0,0,High
15644.0,166,4,803.54,0,Low
15645.0,19,3,1055.17,0,Low
15646.0,158,5,784.8100000000001,0,Low
15647.0,415,1,169.0,1,High
15648.0,204,2,639.5,0,High
15649.0,336,4,1660.35,1,High
15650.0,522,2,553.88,1,High
15651.0,37,5,1259.06,0,Low
15652.0,91,5,1405.94,0,Low
15653.0,93,2,877.44,0,Low
15654.0,9,2,922.53,0,Low
15655.0,243,1,560.6700000000001,0,High
15656.0,45,4,748.5,0,Low
15657.0,23,1,30.0,0,Low
15658.0,190,8,2117.27,0,High
15659.0,44,3,532.49,0,Low
15660.0,25,15,2603.69,0,Low
15661.0,317,8,1215.95,1,High
15662.0,661,2,283.73,1,High
15663.0,106,1,138.14,0,Low
15664.0,51,4,1254.03,0,Low
15665.0,168,5,3987.07,0,Low
15666.0,472,2,632.94,1,High
15667.0,40,1,301.32000000000005,0,Low
15668.0,218,1,76.32000000000001,0,High
15669.0,40,4,684.34,0,Low
15670.0,297,2,325.2,1,High
15671.0,19,7,2657.13,0,Low
15672.0,725,1,45.3,1,High
15673.0,88,9,6204.32,0,Low
15674.0,73,13,6948.2300000000005,0,Low
15675.0,81,4,542.04,0,Low
15676.0,19,3,3435.76,0,Low
15677.0,49,3,1305.63,0,Low
15678.0,53,3,1825.94,0,Low
15679.0,24,4,781.28,0,Low
15680.0,9,10,4028.69,0,Low
15681.0,25,14,2989.7000000000003,0,Low
15682.0,599,2,318.24,1,High
15683.0,117,2,524.54,0,Low
15684.0,547,3,173.95,1,High
15685.0,450,1,55.98,1,High
15686.0,420,1,90.0,1,High
15687.0,9,9,2993.1,0,Low
15688.0,419,1,190.57,1,High
15689.0,120,3,521.03,0,Low
15690.0,4,2,239.76,0,Low
15691.0,252,4,571.3,0,High
15692.0,28,1,191.04,0,Low
15693.0,659,1,37.5,1,High
15694.0,1,24,9978.48,0,Low
15695.0,267,4,1131.04,1,High
15696.0,33,13,3881.22,0,Low
15697.0,690,1,246.75,1,High
15698.0,624,1,46.2,1,High
15699.0,18,1,309.65,0,Low
15700.0,172,2,696.68,0,Low
15701.0,2,4,1529.0,0,Low
15702.0,476,2,140.39,1,High
15703.0,265,1,211.5,1,High
15704.0,140,6,3734.66,0,Low
15705.0,201,1,143.1,0,High
15706.0,64,4,1060.56,0,Low
15707.0,35,4,916.98,0,Low
15708.0,41,9,3887.15,0,Low
15709.0,284,2,327.85,1,High
15710.0,417,1,898.87,1,High
15711.0,557,2,420.25,1,High
15712.0,9,12,3472.41,0,Low
15713.0,143,4,839.64,0,Low
15714.0,12,5,783.96,0,Low
15715.0,556,5,658.02,1,High
15716.0,146,11,2485.26,0,Low
15717.0,234,5,607.0,0,High
15718.0,540,1,293.79,1,High
15719.0,33,31,10195.97,0,Low
15720.0,24,2,739.22,0,Low
15721.0,12,1,471.4,0,Low
15722.0,36,11,5234.0,0,Low
15723.0,365,4,930.7,1,High
15724.0,201,3,310.85,0,High
15725.0,15,1,415.25,0,Low
15726.0,390,1,321.91,1,High
15727.0,17,15,9371.71,0,Low
15728.0,380,2,544.6,1,High
15729.0,213,3,192.55,0,High
15730.0,66,5,1726.58,0,Low
15731.0,554,1,125.3,1,High
15732.0,212,10,1543.97,0,High
15733.0,283,1,162.3,1,High
15734.0,115,4,2263.3,0,Low
15735.0,421,1,327.68,1,High
15736.0,435,2,1767.12,1,High
15737.0,15,8,1188.12,0,Low
15738.0,19,41,13043.32,0,Low
15739.0,66,1,449.12,0,Low
15740.0,49,1,154.88,0,Low
15741.0,458,2,208.62,1,High
15742.0,619,1,156.87,1,High
15743.0,16,4,775.96,0,Low
15744.0,78,1,34.8,0,Low
15745.0,19,4,1094.59,0,Low
15746.0,134,1,196.88,0,Low
15747.0,13,9,2499.81,0,Low
15748.0,40,3,609.81,0,Low
15749.0,235,3,44534.3,0,High
15750.0,3,18,6452.991,0,Low
15751.0,461,11,1380.44,1,High
15752.0,40,9,3924.91,0,Low
15753.0,305,1,79.2,1,High
15754.0,51,9,3037.61,0,Low
15755.0,10,17,5993.12,0,Low
15756.0,61,4,528.01,0,Low
15757.0,66,6,2940.36,0,Low
15758.0,25,1,205.25,0,Low
15759.0,218,7,830.9300000000001,0,High
15760.0,631,2,13916.34,1,High
15761.0,443,1,143.05,1,High
15762.0,65,2,583.75,0,Low
15763.0,32,2,1086.92,0,Low
15764.0,88,8,4503.08,0,Low
15765.0,667,1,370.63,1,High
15766.0,64,3,831.0600000000001,0,Low
15768.0,116,34,15308.89,0,Low
15769.0,7,46,88612.52,3,Low
15770.0,613,1,321.45,1,High
15771.0,604,3,1006.54,1,High
15772.0,418,1,280.88,1,High
15773.0,6,2,774.52,0,Low
15774.0,69,6,1288.34,0,Low
15775.0,245,2,150.5,0,High
15776.0,133,1,241.62,0,Low
15777.0,241,7,1762.61,0,High
15778.0,431,1,307.95000000000005,1,High
15779.0,463,2,124.08,1,High
15780.0,184,3,475.28,0,High
15781.0,25,3,345.46000000000004,0,Low
15782.0,10,4,4014.1,0,Low
15783.0,11,1,246.3,0,Low
15784.0,468,2,848.33,1,High
15785.0,33,16,5969.93,0,Low
15786.0,46,5,8501.62,0,Low
15787.0,26,3,933.26,0,Low
15788.0,509,1,221.83,1,High
15789.0,358,6,1962.01,1,High
15790.0,10,1,218.75,0,Low
15791.0,44,5,3608.34,0,Low
15792.0,400,2,933.84,1,High
15793.0,15,8,2399.57,0,Low
15794.0,736,2,777.0,1,High
15795.0,150,8,1979.87,0,Low
15796.0,1,17,5171.63,0,Low
15797.0,113,6,2821.08,0,Low
15798.0,493,3,1535.37,1,High
15799.0,76,4,1421.34,0,Low
15800.0,107,7,1227.07,0,Low
15801.0,46,3,1063.95,0,Low
15802.0,143,1,451.42,0,Low
15803.0,51,4,1929.66,0,Low
15804.0,1,13,4206.39,0,Low
15805.0,23,30,10148.93,0,Low
15806.0,46,3,784.58,0,Low
15807.0,50,5,1817.52,0,Low
15808.0,306,21,17180.25,0,High
15809.0,36,7,1274.44,0,Low
15810.0,79,8,2999.04,0,Low
15811.0,22,7,3486.15,0,Low
15812.0,107,12,5201.47,0,Low
15813.0,208,2,1303.91,0,High
15814.0,17,6,2634.44,0,Low
15815.0,64,5,2100.6,0,Low
15816.0,542,2,144.15,1,High
15817.0,421,3,2766.4,1,High
15818.0,588,1,340.5,1,High
15819.0,49,10,3934.79,0,Low
15820.0,320,1,206.98,1,High
15821.0,44,2,570.96,0,Low
15822.0,3,6,1840.06,0,Low
15823.0,372,3,3882.17,1,High
15824.0,453,2,890.94,1,High
15825.0,172,1,532.94,0,Low
15826.0,56,4,2598.28,0,Low
15827.0,73,28,3603.14,0,Low
15828.0,375,1,1108.82,1,High
15829.0,99,2,636.14,0,Low
15830.0,38,1,576.0,0,Low
15831.0,58,3,794.64,0,Low
15832.0,254,1,836.79,1,High
15833.0,738,1,80.4,1,High
15834.0,70,7,3764.39,0,Low
15835.0,44,4,954.09,0,Low
15836.0,50,1,137.37,0,Low
15837.0,65,2,777.01,0,Low
15838.0,11,34,73205.5,3,Low
15839.0,33,3,1048.49,0,Low
15840.0,59,2,355.56,0,Low
15841.0,73,9,2742.41,0,Low
15842.0,393,2,548.8000000000001,1,High
15843.0,304,1,118.95,1,High
15844.0,46,1,130.73999999999998,0,Low
15845.0,18,11,4426.28,0,Low
15846.0,385,1,107.01,1,High
15847.0,38,5,822.57,0,Low
15848.0,622,1,137.99,1,High
15850.0,19,6,1006.75,0,Low
15851.0,527,1,109.73,1,High
15852.0,187,3,257.26,0,High
15853.0,52,1,110.8,0,Low
15854.0,4,21,5578.28,0,Low
15855.0,137,6,1052.72,0,Low
15856.0,4,52,32275.95,0,Low
15857.0,19,2,570.48,0,Low
15858.0,16,13,3552.41,0,Low
15859.0,432,1,438.46,1,High
15860.0,41,17,2361.3,0,Low
15861.0,12,12,4369.2,0,Low
15862.0,8,13,2512.29,0,Low
15863.0,26,5,355.1,0,Low
15864.0,22,7,2180.76,0,Low
15865.0,41,5,2241.42,0,Low
15866.0,101,1,211.89,0,Low
15867.0,5,31,8923.3,0,Low
15868.0,583,1,94.53,1,High
15869.0,277,3,321.11,1,High
15870.0,33,4,857.46,0,Low
15871.0,437,1,33.099999999999994,1,High
15872.0,15,4,729.25,0,Low
15873.0,500,4,313.92,1,High
15874.0,64,21,11284.76,0,Low
15875.0,646,1,108.52,1,High
15876.0,409,2,1449.14,1,High
15877.0,2,2,490.33,0,Low
15878.0,562,2,330.77,1,High
15879.0,404,4,1137.8,1,High
15880.0,369,1,329.03,1,High
15881.0,312,5,501.39,1,High
15882.0,199,8,1124.66,0,High
15883.0,2,2,396.48,0,Low
15884.0,432,2,244.6,1,High
15885.0,93,15,1951.82,0,Low
15886.0,60,4,1052.87,0,Low
15887.0,407,3,1027.15,1,High
15888.0,81,3,429.16,0,Low
15889.0,157,8,1427.6,0,Low
15890.0,395,5,535.65,1,High
15891.0,227,1,511.68,0,High
15892.0,669,1,128.2,1,High
15893.0,482,1,305.28000000000003,1,High
15894.0,253,2,258.25,0,High
15895.0,150,1,179.17,0,Low
15897.0,194,2,208.59,0,High
15898.0,1,25,4996.45,0,Low
15899.0,369,1,56.25,1,High
15900.0,24,4,886.57,0,Low
15901.0,17,7,687.72,0,Low
15902.0,380,1,145.01,1,High
15903.0,10,12,8939.84,0,Low
15904.0,8,1,164.68,0,Low
15905.0,543,1,114.69,1,High
15906.0,20,10,2530.19,0,Low
15907.0,4,3,882.72,0,Low
15908.0,491,2,758.62,1,High
15909.0,174,1,191.94,0,Low
15910.0,1,15,2661.17,0,Low
15911.0,624,8,1700.24,1,High
15912.0,178,9,1074.7,0,Low
15913.0,534,1,6.300000000000001,1,High
15914.0,378,2,205.99,1,High
15915.0,402,1,364.45,1,High
15916.0,16,13,3145.24,0,Low
15917.0,248,5,530.17,0,High
15918.0,191,3,582.88,0,High
15919.0,20,2,525.69,0,Low
15920.0,154,9,569.14,0,Low
15921.0,173,4,775.26,0,Low
15922.0,373,1,369.5,1,High
15923.0,373,1,127.08,1,High
15924.0,731,1,102.82,1,High
15925.0,194,1,207.15,0,High
15926.0,542,1,134.44,1,High
15927.0,647,1,106.54,1,High
15928.0,656,1,293.53,1,High
15929.0,644,1,594.0,1,High
15930.0,67,1,426.63,0,Low
15931.0,428,1,239.9,1,High
15932.0,4,8,2495.87,0,Low
15933.0,21,3,1107.46,0,Low
15934.0,418,2,2190.66,1,High
15935.0,239,2,416.86,0,High
15936.0,379,2,282.79,1,High
15937.0,64,1,145.35000000000002,0,Low
15938.0,112,9,734.8100000000001,0,Low
15939.0,90,16,9060.39,0,Low
15940.0,311,1,35.8,1,High
15941.0,637,1,405.0,1,High
15942.0,134,1,337.44,0,Low
15943.0,650,2,271.29,1,High
15944.0,277,4,2164.24,1,High
15945.0,365,4,646.27,1,High
15946.0,503,3,2304.18,1,High
15947.0,83,1,1708.24,0,Low
15948.0,8,3,1509.09,0,Low
15949.0,17,2,364.72,0,Low
15950.0,32,10,7120.91,0,Low
15951.0,9,3,1013.17,0,Low
15952.0,34,4,781.91,0,Low
15953.0,15,18,3440.34,0,Low
15954.0,589,1,190.75,1,High
15955.0,24,22,8085.98,0,Low
15956.0,551,2,617.6,1,High
15957.0,32,3,921.25,0,Low
15958.0,74,4,462.12,0,Low
15959.0,682,3,542.89,1,High
15960.0,374,4,410.95,1,High
15961.0,379,1,451.29,1,High
15962.0,449,1,289.48,1,High
15963.0,20,2,470.76,0,Low
15964.0,663,1,269.21000000000004,1,High
15965.0,17,13,2771.94,0,Low
15966.0,451,1,426.53,1,High
15967.0,23,12,2966.0,0,Low
15968.0,388,1,404.55,1,High
15969.0,3,5,1127.05,0,Low
15970.0,304,2,1017.32,1,High
15971.0,18,18,5902.83,0,Low
15972.0,456,5,1769.33,1,High
15973.0,367,3,680.62,1,High
15974.0,39,7,3442.15,0,Low
15975.0,84,1,371.01,0,Low
15976.0,165,6,1694.41,0,Low
15977.0,17,2,1054.73,0,Low
15978.0,77,3,3279.42,0,Low
15979.0,603,1,329.22,1,High
15980.0,89,7,6543.68,0,Low
15981.0,25,21,9362.77,0,Low
15982.0,605,1,324.51,1,High
15983.0,22,8,3110.37,0,Low
15984.0,3,30,8393.02,0,Low
15985.0,123,7,2715.28,0,Low
15986.0,30,2,354.42,0,Low
15987.0,12,8,1535.99,0,Low
15988.0,19,3,738.89,0,Low
15989.0,376,2,368.31,1,High
15990.0,44,7,1997.75,0,Low
15991.0,534,1,150.55,1,High
15992.0,4,3,896.6,0,Low
15993.0,9,7,2777.67,0,Low
15994.0,55,3,1175.68,0,Low
15995.0,414,1,694.54,1,High
15996.0,88,7,1386.4,0,Low
15998.0,37,16,8274.14,0,Low
15999.0,736,1,20.4,1,High
16000.0,3,3,12393.7,0,Low
16001.0,381,1,583.39,1,High
16002.0,625,1,169.21,1,High
16003.0,30,10,5613.83,0,Low
16004.0,475,5,2146.39,1,High
16005.0,12,10,2365.49,0,Low
16006.0,211,2,332.82,0,High
16007.0,48,7,3053.06,0,Low
16008.0,24,15,5339.13,0,Low
16009.0,22,4,972.11,0,Low
16010.0,246,11,1694.86,0,High
16011.0,8,29,5601.01,0,Low
16012.0,35,5,2978.59,0,Low
16013.0,4,84,56078.44,3,Low
16014.0,38,5,1100.28,0,Low
16015.0,4,3,704.55,0,Low
16016.0,3,11,2083.4,0,Low
16017.0,47,5,1545.58,0,Low
16018.0,39,4,698.13,0,Low
16019.0,47,27,17329.16,0,Low
16020.0,17,3,851.01,0,Low
16021.0,395,2,487.03,1,High
16022.0,260,1,602.63,1,High
16023.0,46,3,719.81,0,Low
16024.0,12,3,483.99,0,Low
16025.0,30,1,439.66,0,Low
16026.0,43,1,236.09,0,Low
16027.0,92,15,2048.36,0,Low
16028.0,596,1,82.2,1,High
16029.0,39,107,117763.62,3,Low
16030.0,310,1,331.24,1,High
16031.0,92,2,547.9,0,Low
16032.0,456,6,1965.72,1,High
16033.0,6,27,10608.81,0,Low
16034.0,196,6,911.32,0,High
16035.0,560,1,217.73,1,High
16036.0,87,4,2556.84,0,Low
16037.0,270,5,1509.34,1,High
16038.0,8,3,471.78,0,Low
16039.0,424,2,456.4,1,High
16040.0,65,7,2416.9,0,Low
16041.0,31,3,3166.4,0,Low
16042.0,22,8,2245.32,0,Low
16043.0,38,8,1856.59,0,Low
16044.0,435,1,340.84000000000003,1,High
16045.0,120,8,3434.93,0,Low
16046.0,562,1,235.78,1,High
16047.0,682,1,107.14,1,High
16048.0,373,4,818.7900000000001,1,High
16049.0,40,6,1852.15,0,Low
16050.0,174,3,300.7,0,Low
16051.0,682,1,188.44,1,High
16052.0,54,1,362.06,0,Low
16053.0,33,6,3634.84,0,Low
16054.0,145,4,2111.88,0,Low
16055.0,221,1,134.8,0,High
16056.0,45,1,650.75,0,Low
16057.0,16,10,3854.85,0,Low
16058.0,406,1,62.7,1,High
16059.0,66,12,3053.57,0,Low
16060.0,401,3,541.95,1,High
16061.0,431,1,89.65,1,High
16062.0,10,8,2863.45,0,Low
16063.0,260,1,335.32,1,High
16064.0,725,1,109.31,1,High
16065.0,365,8,1992.13,1,High
16066.0,17,5,1521.04,0,Low
16067.0,563,3,3269.11,1,High
16068.0,594,1,115.73,1,High
16069.0,418,1,457.7,1,High
16070.0,22,2,852.15,0,Low
16071.0,45,4,1076.8,0,Low
16072.0,288,4,4180.09,1,High
16073.0,297,1,122.4,1,High
16074.0,390,1,252.5,1,High
16075.0,503,2,736.9300000000001,1,High
16076.0,3,10,2234.73,0,Low
16077.0,626,1,2300.4,1,High
16078.0,284,2,362.99,1,High
16079.0,17,3,1352.0,0,Low
16080.0,82,4,602.5600000000001,0,Low
16081.0,56,8,4278.96,0,Low
16082.0,670,1,106.75,1,High
16083.0,101,4,2351.42,0,Low
16084.0,299,1,436.18,1,High
16085.0,23,12,2341.03,0,Low
16086.0,59,10,2687.73,0,Low
16087.0,389,5,1739.92,1,High
16088.0,576,2,1437.43,1,High
16089.0,386,2,263.49,1,High
16090.0,624,1,180.56,1,High
16091.0,155,2,315.06,0,Low
16092.0,115,6,1587.94,0,Low
16093.0,107,1,17.0,0,Low
16094.0,12,11,3695.56,0,Low
16095.0,456,1,447.05,1,High
16096.0,264,4,1584.97,1,High
16097.0,240,1,185.05,0,High
16098.0,88,14,4010.7,0,Low
16099.0,50,7,1573.2,0,Low
16100.0,463,1,582.64,1,High
16101.0,71,4,3229.16,0,Low
16102.0,42,3,1842.14,0,Low
16103.0,7,22,6191.71,0,Low
16104.0,62,9,2774.46,0,Low
16105.0,249,5,2386.19,0,High
16106.0,66,1,108.38,0,Low
16107.0,18,7,3204.1600000000003,0,Low
16108.0,85,4,2235.92,0,Low
16109.0,219,3,939.48,0,High
16110.0,45,4,1781.59,0,Low
16111.0,428,1,549.33,1,High
16112.0,143,4,195.74,0,Low
16113.0,183,1,161.38,0,High
16114.0,171,1,135.75000000000003,0,Low
16115.0,10,12,2553.8,0,Low
16116.0,212,1,612.78,0,High
16117.0,190,3,654.4,0,High
16118.0,653,1,4376.25,1,High
16119.0,8,8,1720.81,0,Low
16120.0,59,6,2967.51,0,Low
16121.0,57,5,1450.04,0,Low
16122.0,73,6,895.62,0,Low
16123.0,52,1,307.78000000000003,0,Low
16124.0,317,4,1772.49,1,High
16125.0,367,14,4292.35,1,High
16126.0,29,15,14644.6,0,Low
16127.0,39,2,801.3100000000001,0,Low
16128.0,18,11,3801.05,0,Low
16129.0,407,3,1396.05,1,High
16130.0,422,4,987.48,1,High
16131.0,52,12,9957.42,0,Low
16132.0,544,2,664.1999999999999,1,High
16133.0,4,56,22992.26,0,Low
16134.0,22,5,2145.34,0,Low
16135.0,263,2,819.45,1,High
16136.0,60,4,946.8,0,Low
16137.0,680,1,422.7,1,High
16138.0,379,3,910.35,1,High
16139.0,19,5,1111.15,0,Low
16140.0,66,3,1433.46,0,Low
16141.0,88,2,955.94,0,Low
16142.0,250,1,535.34,0,High
16143.0,3,12,4555.08,0,Low
16144.0,247,1,175.2,0,High
16145.0,9,19,6805.4400000000005,0,Low
16146.0,157,4,946.38,0,Low
16147.0,134,5,2398.91,0,Low
16148.0,296,2,386.62,1,High
16149.0,5,3,422.22,0,Low
16150.0,43,10,4002.17,0,Low
16152.0,269,1,1829.04,1,High
16153.0,50,11,5133.49,0,Low
16155.0,382,5,796.9,1,High
16156.0,9,20,6188.18,0,Low
16157.0,16,3,656.69,0,Low
16158.0,522,9,628.32,1,High
16159.0,282,4,1232.79,1,High
16160.0,65,2,1025.44,0,Low
16161.0,2,43,12580.06,0,Low
16162.0,252,1,37.4,1,High
16163.0,232,6,2407.98,0,High
16164.0,17,3,822.48,0,Low
16165.0,505,1,79.9,1,High
16166.0,428,2,435.83,1,High
16167.0,414,5,1386.12,1,High
16168.0,11,66,10360.67,0,Low
16169.0,8,4,1822.97,0,Low
16170.0,51,20,6869.0,0,Low
16171.0,59,1,73.19999999999999,0,Low
16172.0,95,8,1884.55,0,Low
16173.0,16,6,1418.32,0,Low
16174.0,126,7,2246.75,0,Low
16175.0,94,7,1836.44,0,Low
16176.0,421,4,2052.69,1,High
16177.0,50,8,2247.31,0,Low
16178.0,138,2,612.6,0,Low
16179.0,61,1,215.83,0,Low
16180.0,100,13,16249.87,0,Low
16181.0,73,1,305.54,0,Low
16182.0,72,9,9971.65,0,Low
16183.0,67,4,1077.81,0,Low
16184.0,64,6,1158.79,0,Low
16185.0,17,3,644.72,0,Low
16186.0,23,26,8718.43,0,Low
16187.0,32,15,6911.4400000000005,0,Low
16188.0,45,5,1087.66,0,Low
16189.0,16,2,215.48,0,Low
16190.0,40,8,2723.55,0,Low
16191.0,3,24,15677.820000000002,0,Low
16192.0,736,1,351.3,1,High
16193.0,237,2,630.4300000000001,0,High
16194.0,375,1,308.6,1,High
16195.0,723,1,323.25,1,High
16196.0,489,1,93.3,1,High
16197.0,469,9,2016.71,1,High
16198.0,75,2,1030.0410000000002,0,Low
16199.0,392,7,942.75,1,High
16200.0,4,12,5608.1,0,Low
16201.0,3,5,2112.12,0,Low
16202.0,361,9,2501.99,1,High
16203.0,59,6,943.84,0,Low
16204.0,23,3,918.71,0,Low
16205.0,31,7,1820.11,0,Low
16206.0,55,13,2589.87,0,Low
16207.0,25,1,394.38,0,Low
16208.0,45,10,3440.4500000000003,0,Low
16209.0,89,9,4146.78,0,Low
16210.0,2,35,33750.97,0,Low
16211.0,89,3,1090.59,0,Low
16212.0,19,4,1293.71,0,Low
16213.0,79,1,159.0,0,Low
16214.0,171,4,2038.25,0,Low
16215.0,81,1,242.35,0,Low
16216.0,267,1,914.93,1,High
16217.0,235,2,304.25,0,High
16218.0,30,13,3968.67,0,Low
16219.0,501,1,40.8,1,High
16221.0,37,9,2019.92,0,Low
16222.0,318,2,1272.05,1,High
16223.0,375,2,1087.05,1,High
16224.0,57,5,1616.54,0,Low
16225.0,45,15,2859.31,0,Low
16226.0,203,5,672.17,0,High
16227.0,225,3,1027.22,0,High
16228.0,385,3,885.71,1,High
16229.0,87,6,2867.86,0,Low
16230.0,190,2,542.03,0,High
16231.0,379,4,1074.47,1,High
16232.0,44,7,2712.97,0,Low
16233.0,71,9,1818.31,0,Low
16234.0,476,3,333.18,1,High
16235.0,41,9,2053.71,0,Low
16236.0,78,1,432.2,0,Low
16237.0,437,1,136.65,1,High
16238.0,423,1,63.66,1,High
16239.0,57,6,1492.2,0,Low
16240.0,24,2,3718.8,0,Low
16241.0,10,16,3992.86,0,Low
16242.0,8,14,7404.650000000001,0,Low
16243.0,34,2,409.1,0,Low
16244.0,212,2,1522.75,0,High
16245.0,24,3,1413.66,0,Low
16246.0,460,2,821.35,1,High
16247.0,170,1,114.56,0,Low
16248.0,62,1,152.94,0,Low
16249.0,53,5,1800.07,0,Low
16250.0,261,3,565.24,1,High
16251.0,512,1,128.31,1,High
16252.0,383,1,295.09000000000003,1,High
16253.0,67,7,7272.2,0,Low
16254.0,378,3,967.44,1,High
16255.0,17,15,4530.0,0,Low
16256.0,267,3,1629.37,1,High
16257.0,177,1,46.95,0,Low
16258.0,45,15,11942.52,0,Low
16259.0,410,3,340.94,1,High
16260.0,51,1,1035.45,0,Low
16261.0,17,6,1041.16,0,Low
16262.0,378,1,755.15,1,High
16263.0,423,1,348.16,1,High
16264.0,438,2,823.53,1,High
16265.0,9,12,6935.17,0,Low
16266.0,74,14,1757.95,0,Low
16267.0,591,1,186.66,1,High
16268.0,71,2,667.65,0,Low
16269.0,438,1,717.57,1,High
16270.0,353,1,1141.24,1,High
16271.0,3,10,3397.82,0,Low
16272.0,117,1,411.7,0,Low
16273.0,648,2,318.34000000000003,1,High
16274.0,373,1,351.75,1,High
16275.0,197,3,2151.11,0,High
16276.0,177,3,2629.3900000000003,0,Low
16277.0,734,1,188.69,1,High
16278.0,100,3,1117.84,0,Low
16279.0,21,9,5698.28,0,Low
16280.0,725,1,238.05,1,High
16281.0,72,3,3424.02,0,Low
16282.0,340,3,1307.5800000000002,1,High
16283.0,6,8,4350.32,0,Low
16284.0,31,3,1018.48,0,Low
16285.0,646,1,176.9,1,High
16286.0,477,2,328.95,1,High
16287.0,170,5,1006.98,0,Low
16288.0,470,1,129.85,1,High
16289.0,462,1,136.31,1,High
16290.0,465,4,1957.7,1,High
16291.0,682,1,117.72,1,High
16292.0,122,5,1253.76,0,Low
16293.0,22,15,4279.2,0,Low
16294.0,477,1,126.05,1,High
16295.0,10,4,1328.55,0,Low
16296.0,626,4,1313.67,1,High
16297.0,269,1,301.9,1,High
16298.0,23,7,1085.7,0,Low
16299.0,477,1,193.65,1,High
16300.0,430,3,1367.32,1,High
16301.0,737,1,107.33,1,High
16302.0,127,1,233.22,0,Low
16303.0,26,7,7928.27,0,Low
16304.0,695,1,381.66,1,High
16305.0,139,1,361.22,0,Low
16306.0,214,7,1124.72,0,High
16307.0,429,3,1194.92,1,High
16308.0,38,7,5120.0,0,Low
16309.0,106,2,706.57,0,Low
16310.0,414,2,460.08,1,High
16311.0,18,2,616.26,0,Low
16312.0,432,1,171.15,1,High
16313.0,3,2,274.15000000000003,0,Low
16314.0,390,3,1491.4,1,High
16315.0,331,2,402.71,1,High
16316.0,64,13,5744.91,0,Low
16317.0,120,5,2192.51,0,Low
16318.0,35,1,328.15000000000003,0,Low
16319.0,218,1,404.4,0,High
16320.0,172,6,5628.99,0,Low
16321.0,72,7,604.5500000000001,0,Low
16322.0,1,2,326.75,0,Low
16323.0,196,2,353.66,0,High
16324.0,128,3,408.59,0,Low
16325.0,47,12,3597.5,0,Low
16326.0,6,24,4721.25,0,Low
16327.0,14,16,10159.64,0,Low
16328.0,563,1,310.83,1,High
16329.0,428,4,1664.92,1,High
16330.0,18,7,625.38,0,Low
16331.0,432,6,2037.7,1,High
16332.0,28,11,2000.01,0,Low
16333.0,8,22,26626.8,0,Low
16334.0,492,1,263.73,1,High
16335.0,552,7,2753.52,1,High
16336.0,421,4,3517.69,1,High
16337.0,37,1,151.05,0,Low
16338.0,157,1,214.8,0,Low
16339.0,284,1,94.05,1,High
16340.0,107,3,1496.24,0,Low
16341.0,25,7,3850.79,0,Low
16342.0,75,4,322.41,0,Low
16343.0,16,3,614.12,0,Low
16344.0,158,4,842.42,0,Low
16345.0,44,2,1178.79,0,Low
16346.0,385,1,224.51,1,High
16347.0,11,11,3442.96,0,Low
16348.0,32,8,1744.42,0,Low
16349.0,291,1,53.5,1,High
16350.0,21,9,2253.89,0,Low
16351.0,333,13,3330.03,1,High
16352.0,18,2,494.44,0,Low
16353.0,4,38,9795.46,0,Low
16354.0,63,5,1119.46,0,Low
16355.0,375,1,416.35,1,High
16356.0,198,6,415.87,0,High
16357.0,33,4,868.37,0,Low
16358.0,1,5,2919.65,0,Low
16359.0,7,16,2697.75,0,Low
16360.0,5,6,3450.41,0,Low
16361.0,10,4,891.21,0,Low
16362.0,32,6,922.16,0,Low
16363.0,53,1,109.36,0,Low
16364.0,12,2,705.79,0,Low
16365.0,18,15,3167.34,0,Low
16366.0,19,4,1548.13,0,Low
16367.0,37,3,1350.48,0,Low
16368.0,2,3,621.44,0,Low
16369.0,18,7,2656.56,0,Low
16370.0,82,4,1301.91,0,Low
16371.0,449,1,157.2,1,High
16372.0,33,5,1290.31,0,Low
16373.0,382,2,309.49,1,High
16374.0,66,5,1723.4,0,Low
16375.0,470,2,104.0,1,High
16376.0,9,2,974.96,0,Low
16377.0,267,2,1308.48,1,High
16378.0,247,3,362.95,0,High
16379.0,4,4,2157.4,0,Low
16380.0,61,1,1743.15,0,Low
16381.0,396,2,247.85,1,High
16382.0,408,2,353.1,1,High
16383.0,75,7,2896.69,0,Low
16384.0,90,4,1358.95,0,Low
16385.0,60,5,881.35,0,Low
16386.0,29,3,1068.16,0,Low
16387.0,323,5,882.46,1,High
16388.0,654,1,186.05,1,High
16389.0,53,4,1382.0700000000002,0,Low
16390.0,537,3,467.5,1,High
16391.0,401,4,1052.26,1,High
16392.0,270,3,756.7,1,High
16393.0,2,23,5297.77,0,Low
16394.0,57,5,1555.34,0,Low
16395.0,61,14,3518.41,0,Low
16396.0,476,1,137.8,1,High
16397.0,628,1,123.13,1,High
16398.0,154,2,1705.8,0,Low
16399.0,19,3,630.22,0,Low
16400.0,95,9,3059.85,0,Low
16401.0,1,23,6849.15,0,Low
16402.0,265,2,293.45,1,High
16403.0,312,1,177.5,1,High
16404.0,70,1,443.05,0,Low
16405.0,302,2,167.25,1,High
16406.0,19,3,528.36,0,Low
16407.0,13,14,2761.65,0,Low
16408.0,591,1,231.93,1,High
16409.0,36,12,5652.74,0,Low
16410.0,734,1,130.32,1,High
16411.0,19,4,756.39,0,Low
16412.0,54,5,593.19,0,Low
16413.0,57,2,522.03,0,Low
16414.0,22,5,551.21,0,Low
16415.0,44,3,696.76,0,Low
16416.0,27,9,2957.88,0,Low
16417.0,493,1,35.7,1,High
16418.0,45,5,1028.74,0,Low
16419.0,113,8,1463.7,0,Low
16420.0,396,1,75.0,1,High
16421.0,376,3,526.27,1,High
16422.0,17,109,61920.87,3,Low
16423.0,25,1,346.12,0,Low
16424.0,191,2,443.06,0,High
16425.0,302,1,302.7,1,High
16426.0,2,10,1863.76,0,Low
16427.0,263,2,241.06,1,High
16428.0,414,3,638.49,1,High
16429.0,106,1,284.55,0,Low
16430.0,57,7,1117.94,0,Low
16431.0,213,3,623.28,0,High
16432.0,64,1,287.40000000000003,0,Low
16433.0,28,2,384.52,0,Low
16434.0,29,12,2673.69,0,Low
16435.0,512,3,1003.07,1,High
16436.0,668,3,319.14,1,High
16437.0,381,2,301.25,1,High
16438.0,6,5,798.35,0,Low
16439.0,722,1,310.70000000000005,1,High
16440.0,8,6,3856.97,0,Low
16441.0,67,5,1019.13,0,Low
16442.0,2,5,891.98,0,Low
16443.0,521,1,162.24,1,High
16444.0,46,17,3625.88,0,Low
16445.0,34,4,583.16,0,Low
16446.0,1,2,168472.5,3,Low
16447.0,136,3,727.1,0,Low
16448.0,198,2,361.12,0,High
16449.0,198,2,707.69,0,High
16450.0,150,3,1505.73,0,Low
16451.0,88,3,1013.15,0,Low
16452.0,631,2,332.17,1,High
16453.0,531,2,251.71,1,High
16454.0,45,4,30.950000000000003,0,Low
16455.0,64,11,3995.57,0,Low
16456.0,99,13,6000.94,0,Low
16457.0,218,1,208.36,0,High
16458.0,3,30,5690.89,0,Low
16459.0,730,1,71.78999999999999,1,High
16460.0,28,3,811.23,0,Low
16461.0,178,3,1545.83,0,Low
16462.0,74,3,136.0,0,Low
16463.0,21,4,1422.4,0,Low
16464.0,20,3,1298.66,0,Low
16465.0,421,2,746.24,1,High
16466.0,34,15,3767.09,0,Low
16467.0,509,7,2869.16,1,High
16468.0,74,3,787.52,0,Low
16469.0,24,5,803.9,0,Low
16470.0,52,11,2416.85,0,Low
16471.0,275,4,1189.98,1,High
16472.0,434,2,789.6,1,High
16473.0,165,4,470.83,0,Low
16474.0,7,7,1810.65,0,Low
16475.0,88,4,544.3,0,Low
16476.0,432,1,350.35,1,High
16477.0,64,11,4094.37,0,Low
16478.0,25,3,331.0,0,Low
16479.0,10,2,300.83,0,Low
16480.0,76,1,769.29,0,Low
16481.0,682,1,453.38,1,High
16482.0,16,1,220.62,0,Low
16483.0,192,1,139.35,0,High
16484.0,174,2,404.3,0,Low
16485.0,77,5,2287.19,0,Low
16486.0,538,1,134.36,1,High
16487.0,577,2,209.4,1,High
16488.0,33,3,498.8,0,Low
16489.0,380,2,303.7,1,High
16490.0,436,1,205.41000000000005,1,High
16491.0,47,2,1533.16,0,Low
16492.0,541,1,385.56,1,High
16493.0,80,7,2132.09,0,Low
16494.0,297,1,826.53,1,High
16495.0,3,3,648.26,0,Low
16496.0,9,6,2330.77,0,Low
16497.0,50,23,6695.28,0,Low
16498.0,161,2,100.97,0,Low
16499.0,360,8,2578.34,1,High
16500.0,5,9,843.9100000000001,0,Low
16501.0,383,1,1191.23,1,High
16502.0,620,2,258.55,1,High
16503.0,107,11,3614.34,0,Low
16504.0,25,1,465.88,0,Low
16505.0,32,1,777.6,0,Low
16506.0,20,2,90.3,0,Low
16507.0,572,1,142.71,1,High
16508.0,630,1,240.95,1,High
16509.0,297,1,363.7000000000001,1,High
16510.0,372,6,1777.5,1,High
16511.0,22,6,1760.49,0,Low
16513.0,5,4,874.59,0,Low
16515.0,52,10,3179.06,0,Low
16516.0,30,1,101.7,0,Low
16517.0,277,1,162.70000000000002,1,High
16518.0,61,4,959.37,0,Low
16519.0,25,4,439.06,0,Low
16520.0,186,6,2148.38,0,High
16521.0,415,3,1140.11,1,High
16522.0,436,2,433.36,1,High
16523.0,2,28,11916.33,0,Low
16524.0,446,2,306.19,1,High
16525.0,2,48,24151.3,0,Low
16526.0,172,2,717.21,0,Low
16527.0,81,2,1232.94,0,Low
16528.0,4,1,244.41,0,Low
16529.0,190,4,1986.8,0,High
16530.0,668,1,48.35,1,High
16531.0,22,11,2298.33,0,Low
16532.0,18,5,8756.64,0,Low
16533.0,19,3,1082.81,0,Low
16534.0,642,1,635.9,1,High
16535.0,5,3,972.04,0,Low
16536.0,110,1,548.12,0,Low
16537.0,641,1,23.35,1,High
16538.0,541,3,395.07,1,High
16539.0,3,10,3289.66,0,Low
16540.0,414,1,205.75,1,High
16541.0,735,1,424.03,1,High
16542.0,54,2,257.32,0,Low
16543.0,592,1,292.21,1,High
16544.0,520,4,376.7000000000001,1,High
16545.0,165,2,689.8199999999999,0,Low
16546.0,291,5,5307.07,1,High
16547.0,546,1,104.26,1,High
16548.0,599,1,30.15,1,High
16549.0,10,34,12781.8,0,Low
16550.0,109,18,8813.58,0,Low
16551.0,96,7,2237.12,0,Low
16552.0,243,2,379.73,0,High
16553.0,163,33,16584.01,0,Low
16554.0,42,8,2841.7200000000003,0,Low
16555.0,35,6,1915.68,0,Low
16556.0,67,17,8012.58,0,Low
16557.0,24,2,281.85,0,Low
16558.0,1,38,13304.11,0,Low
16559.0,397,1,175.0,1,High
16560.0,27,8,3048.38,0,Low
16561.0,6,2,511.12,0,Low
16562.0,477,1,223.86,1,High
16563.0,54,6,4412.56,0,Low
16564.0,569,1,87.80000000000001,1,High
16565.0,364,4,773.05,1,High
16566.0,15,5,614.66,0,Low
16567.0,194,2,865.6,0,High
16568.0,428,2,1020.9,1,High
16569.0,3,5,1455.23,0,Low
16570.0,15,20,7434.31,0,Low
16571.0,27,10,4248.74,0,Low
16572.0,127,3,1009.6,0,Low
16573.0,85,2,663.61,0,Low
16574.0,71,3,1301.78,0,Low
16576.0,420,2,540.87,1,High
16577.0,667,1,380.0,1,High
16578.0,626,1,156.6,1,High
16579.0,426,1,295.05,1,High
16581.0,183,1,105.84,0,High
16582.0,113,1,313.62,0,Low
16583.0,374,2,297.95,1,High
16584.0,80,5,3156.17,0,Low
16585.0,594,2,341.59000000000003,1,High
16586.0,249,3,1462.78,0,High
16587.0,232,1,225.15,0,High
16588.0,386,4,1361.28,1,High
16589.0,71,4,612.36,0,Low
16590.0,401,2,605.9,1,High
16591.0,69,1,213.5,0,Low
16592.0,4,28,7807.91,0,Low
16593.0,51,8,1071.14,0,Low
16594.0,75,1,181.09,0,Low
16595.0,61,5,1757.75,0,Low
16596.0,16,4,458.98,0,Low
16597.0,4,1,90.04,0,Low
16598.0,286,1,145.05,1,High
16599.0,386,1,172.8,1,High
16600.0,4,13,2153.41,0,Low
16601.0,41,3,677.0,0,Low
16602.0,36,2,763.33,0,Low
16603.0,75,2,482.47,0,Low
16604.0,563,2,432.4500000000001,1,High
16605.0,724,1,60.48,1,High
16606.0,404,2,357.66,1,High
16607.0,18,25,5706.87,0,Low
16608.0,454,2,1286.62,1,High
16609.0,15,7,5493.46,0,Low
16610.0,219,1,75.66,0,High
16611.0,186,6,1785.13,0,High
16612.0,33,9,3245.4300000000003,0,Low
16613.0,70,1,618.59,0,Low
16614.0,183,3,1179.79,0,High
16615.0,626,1,291.5,1,High
16616.0,15,2,500.42,0,Low
16617.0,236,1,151.85,0,High
16618.0,31,5,2647.59,0,Low
16619.0,264,4,1938.33,1,High
16620.0,4,6,1758.93,0,Low
16621.0,52,4,813.48,0,Low
16622.0,544,1,225.4,1,High
16623.0,246,4,1015.24,0,High
16624.0,81,2,810.57,0,Low
16625.0,275,5,1654.03,1,High
16626.0,1,17,4413.1,0,Low
16627.0,79,1,322.8,0,Low
16628.0,30,7,2318.1,0,Low
16629.0,74,2,408.63,0,Low
16630.0,407,1,106.8,1,High
16631.0,482,7,1892.52,1,High
16632.0,486,2,406.4,1,High
16633.0,17,6,2883.1,0,Low
16634.0,223,6,1649.81,0,High
16635.0,407,1,473.0,1,High
16636.0,438,4,3802.04,1,High
16637.0,32,4,1154.47,0,Low
16638.0,23,15,2380.13,0,Low
16639.0,31,4,1747.98,0,Low
16640.0,398,1,179.4,1,High
16641.0,106,2,554.5,0,Low
16642.0,5,3,1077.45,0,Low
16643.0,246,2,923.11,0,High
16644.0,178,2,833.78,0,Low
16645.0,736,1,160.39,1,High
16646.0,449,1,678.8,1,High
16647.0,170,4,541.9,0,Low
16648.0,43,3,672.8,0,Low
16649.0,520,1,306.58,1,High
16650.0,72,7,1916.11,0,Low
16651.0,587,1,136.2,1,High
16652.0,59,16,17550.39,0,Low
16653.0,16,2,1212.66,0,Low
16654.0,141,8,1484.07,0,Low
16655.0,18,13,6423.26,0,Low
16656.0,22,30,16833.170000000002,0,Low
16657.0,10,4,874.43,0,Low
16658.0,368,6,690.83,1,High
16659.0,189,1,39.12,0,High
16660.0,16,7,1879.55,0,Low
16661.0,540,4,932.76,1,High
16662.0,394,1,151.05,1,High
16663.0,729,1,165.0,1,High
16664.0,569,1,109.2,1,High
16665.0,362,1,135.4,1,High
16666.0,19,2,217.71,0,Low
16667.0,68,2,567.1800000000001,0,Low
16668.0,15,13,862.42,0,Low
16669.0,24,3,1348.88,0,Low
16670.0,17,20,8030.150000000001,0,Low
16671.0,28,3,1692.27,0,Low
16672.0,2,20,8134.94,0,Low
16673.0,679,1,171.13,1,High
16674.0,55,2,304.24,0,Low
16675.0,442,2,608.86,1,High
16676.0,34,6,2361.9,0,Low
16677.0,411,2,880.62,1,High
16678.0,3,12,3109.99,0,Low
16679.0,366,3,663.31,1,High
16680.0,43,3,821.45,0,Low
16681.0,73,7,1921.84,0,Low
16682.0,5,5,1028.0,0,Low
16683.0,534,1,320.25,1,High
16684.0,4,55,147142.77,3,Low
16685.0,61,2,324.24,0,Low
16686.0,47,16,4881.07,0,Low
16687.0,391,1,157.63,1,High
16688.0,1,4,1260.86,0,Low
16689.0,76,2,422.6,0,Low
16690.0,72,4,353.03000000000003,0,Low
16691.0,418,2,178.83,1,High
16692.0,256,4,1914.7,0,High
16693.0,69,5,1179.48,0,Low
16694.0,723,1,98.3,1,High
16695.0,562,2,191.9,1,High
16696.0,135,4,657.9,0,Low
16697.0,241,1,112.75,0,High
16698.0,227,2,1998.0,0,High
16699.0,380,7,994.6,1,High
16700.0,9,25,8830.77,0,Low
16701.0,9,26,9916.73,0,Low
16702.0,415,4,1110.83,1,High
16704.0,618,2,664.16,1,High
16705.0,1,42,43515.051,0,Low
16706.0,37,3,531.35,0,Low
16707.0,400,4,533.41,1,High
16708.0,46,1,656.63,0,Low
16709.0,85,14,9056.01,0,Low
16710.0,19,22,5921.35,0,Low
16711.0,3,9,2868.48,0,Low
16712.0,9,13,4232.87,0,Low
16713.0,19,32,14115.56,0,Low
16714.0,219,4,1497.33,0,High
16715.0,78,2,625.52,0,Low
16716.0,267,3,2149.6800000000003,1,High
16717.0,24,14,6663.68,0,Low
16718.0,369,5,3006.08,1,High
16719.0,15,14,3513.62,0,Low
16720.0,26,3,758.74,0,Low
16721.0,262,1,292.47,1,High
16722.0,17,22,8189.56,0,Low
16723.0,91,4,1231.36,0,Low
16724.0,405,1,147.35,1,High
16725.0,302,14,1688.26,1,High
16726.0,26,7,2063.88,0,Low
16727.0,364,4,1377.77,1,High
16728.0,46,4,1048.28,0,Low
16729.0,38,21,7205.33,0,Low
16730.0,52,3,743.11,0,Low
16731.0,648,1,170.3,1,High
16732.0,32,4,4387.64,0,Low
16733.0,530,1,259.68,1,High
16734.0,52,3,646.76,0,Low
16735.0,79,14,6217.41,0,Low
16736.0,506,5,2956.56,1,High
16737.0,53,2,835.2,0,Low
16738.0,298,1,3.75,1,High
16739.0,177,2,786.4300000000001,0,Low
16740.0,395,1,226.91,1,High
16741.0,625,1,173.06,1,High
16742.0,47,14,2799.87,0,Low
16743.0,29,14,4212.15,0,Low
16744.0,11,7,1291.91,0,Low
16745.0,87,17,7180.7,0,Low
16746.0,5,42,18046.75,0,Low
16747.0,38,2,836.0600000000001,0,Low
16748.0,18,14,3637.33,0,Low
16749.0,591,2,4157.88,1,High
16750.0,45,5,623.93,0,Low
16751.0,31,1,1764.72,0,Low
16752.0,373,1,207.5,1,High
16753.0,58,1,223.92,0,Low
16754.0,372,29,65500.07,0,High
16755.0,114,7,2864.68,0,Low
16756.0,215,7,1312.37,0,High
16757.0,319,2,270.48,1,High
16758.0,65,1,369.34,0,Low
16759.0,8,3,789.79,0,Low
16760.0,430,1,228.0,1,High
16761.0,97,1,316.62,0,Low
16762.0,20,3,1207.24,0,Low
16763.0,199,2,964.7,0,High
16764.0,4,13,2790.9500000000003,0,Low
16765.0,294,2,454.75,1,High
16766.0,273,2,1145.6,1,High
16767.0,31,15,8056.76,0,Low
16768.0,48,9,1698.57,0,Low
16769.0,260,4,1117.05,0,High
16770.0,58,9,1778.93,0,Low
16771.0,33,10,3949.6,0,Low
16772.0,423,3,3698.05,1,High
16773.0,57,3,421.24,0,Low
16774.0,68,8,1567.48,0,Low
16775.0,10,16,2820.84,0,Low
16776.0,60,2,592.51,0,Low
16777.0,80,5,1292.18,0,Low
16778.0,74,2,245.94,0,Low
16779.0,2,53,32809.03,0,Low
16780.0,100,3,596.4,0,Low
16781.0,372,2,623.0,1,High
16782.0,10,38,9636.12,0,Low
16783.0,437,1,391.95,1,High
16784.0,20,5,892.33,0,Low
16785.0,410,1,533.78,1,High
16786.0,394,1,51.84,1,High
16787.0,398,4,1017.53,1,High
16788.0,123,5,1928.93,0,Low
16789.0,8,1,80.80000000000001,0,Low
16790.0,4,6,1545.62,0,Low
16791.0,29,15,3957.63,0,Low
16792.0,282,5,623.46,1,High
16793.0,57,1,243.84,0,Low
16794.0,1,15,2052.7,0,Low
16795.0,365,3,2062.41,1,High
16796.0,89,1,305.62,0,Low
16797.0,393,5,1802.02,1,High
16798.0,554,3,841.16,1,High
16799.0,432,2,452.78,1,High
16800.0,11,1,1162.65,0,Low
16801.0,163,4,1594.23,0,Low
16802.0,679,2,582.61,1,High
16803.0,65,1,332.3,0,Low
16804.0,23,3,536.99,0,Low
16805.0,174,5,1091.34,0,Low
16806.0,103,4,762.16,0,Low
16807.0,143,6,2123.88,0,Low
16808.0,99,2,288.42,0,Low
16809.0,23,9,1727.43,0,Low
16810.0,192,2,842.04,0,High
16811.0,5,2,547.07,0,Low
16812.0,361,4,2392.0,1,High
16813.0,8,10,1652.18,0,Low
16814.0,14,36,11924.85,0,Low
16815.0,454,2,406.02,1,High
16816.0,103,4,417.06,0,Low
16817.0,3,13,2560.7000000000003,0,Low
16818.0,11,11,3349.57,0,Low
16819.0,465,2,182.59,1,High
16820.0,96,1,497.61,0,Low
16821.0,382,1,113.35,1,High
16822.0,686,1,181.39,1,High
16823.0,227,7,2243.09,0,High
16824.0,16,3,686.24,0,Low
16825.0,39,5,1826.89,0,Low
16826.0,51,1,341.7,0,Low
16827.0,393,5,392.13,1,High
16828.0,93,2,128.5,0,Low
16829.0,157,2,513.32,0,Low
16830.0,39,4,1207.5,0,Low
16831.0,565,1,91.8,1,High
16832.0,184,5,417.61,0,High
16833.0,1,6,2409.04,0,Low
16834.0,228,2,898.96,0,High
16835.0,128,6,1456.66,0,Low
16836.0,40,4,782.37,0,Low
16837.0,31,11,3170.98,0,Low
16838.0,197,4,1159.61,0,High
16839.0,9,44,21758.25,0,Low
16840.0,603,2,139.85,1,High
16841.0,37,12,4006.06,0,Low
16842.0,101,3,1264.19,0,Low
16843.0,43,35,19571.43,0,Low
16844.0,563,2,614.34,1,High
16845.0,618,1,253.88,1,High
16846.0,50,3,842.41,0,Low
16847.0,43,2,614.89,0,Low
16848.0,53,4,1411.62,0,Low
16849.0,187,1,124.57,0,High
16850.0,334,1,332.41,1,High
16851.0,4,3,342.45,0,Low
16852.0,10,2,144.91,0,Low
16854.0,417,2,1408.96,1,High
16855.0,24,2,328.40000000000003,0,Low
16856.0,15,3,358.49,0,Low
16857.0,443,1,352.8,1,High
16858.0,369,10,4292.59,1,High
16859.0,145,7,1932.41,0,Low
16860.0,453,3,1610.62,1,High
16861.0,60,5,946.59,0,Low
16862.0,547,4,662.33,1,High
16863.0,31,3,834.27,0,Low
16864.0,434,2,409.25,1,High
16865.0,402,1,130.95,1,High
16866.0,141,3,207.74,0,Low
16867.0,690,1,76.74000000000001,1,High
16868.0,394,3,384.56,1,High
16869.0,23,4,817.12,0,Low
16870.0,469,1,450.16,1,High
16871.0,22,6,2812.34,0,Low
16872.0,77,6,1213.13,0,Low
16873.0,5,12,14617.39,0,Low
16874.0,379,1,209.89,1,High
16875.0,67,11,4234.53,0,Low
16876.0,404,1,136.01,1,High
16877.0,12,6,846.62,0,Low
16878.0,84,1,13.3,0,Low
16880.0,31,8,1813.21,0,Low
16881.0,67,1,432.0,0,Low
16882.0,67,3,705.12,0,Low
16883.0,187,19,2246.06,0,High
16884.0,38,4,1070.97,0,Low
16885.0,15,4,684.6,0,Low
16886.0,456,1,134.0,1,High
16887.0,35,3,658.17,0,Low
16888.0,401,3,434.2,1,High
16889.0,195,6,2526.65,0,High
16890.0,477,3,285.41,1,High
16891.0,2,11,1727.94,0,Low
16892.0,1,7,754.75,0,Low
16893.0,367,2,249.89,1,High
16894.0,502,3,1306.96,1,High
16895.0,65,5,1102.9,0,Low
16896.0,555,1,103.95,1,High
16897.0,299,2,289.78,1,High
16898.0,26,5,885.21,0,Low
16899.0,8,8,1695.77,0,Low
16900.0,17,3,887.11,0,Low
16901.0,729,1,204.26,1,High
16902.0,116,1,1706.88,0,Low
16903.0,29,3,1041.75,0,Low
16904.0,4,21,4675.36,0,Low
16905.0,5,17,4706.77,0,Low
16906.0,82,7,1410.92,0,Low
16907.0,29,9,1470.89,0,Low
16908.0,722,1,252.59,1,High
16909.0,72,1,379.14,0,Low
16910.0,4,8,1508.96,0,Low
16911.0,636,2,255.25,1,High
16912.0,29,15,4460.51,0,Low
16913.0,290,3,423.91,1,High
16914.0,36,1,183.76,0,Low
16915.0,9,11,1543.18,0,Low
16916.0,24,4,902.02,0,Low
16917.0,277,2,1851.88,1,High
16918.0,50,16,3206.54,0,Low
16919.0,156,24,4909.66,0,Low
16920.0,411,1,355.45,1,High
16921.0,61,3,409.21,0,Low
16922.0,573,1,611.08,1,High
16923.0,12,32,13157.13,0,Low
16924.0,21,3,829.89,0,Low
16925.0,540,1,125.65,1,High
16926.0,371,5,1169.61,1,High
16927.0,116,3,543.05,0,Low
16928.0,80,29,3897.53,0,Low
16929.0,4,7,1295.39,0,Low
16930.0,26,3,378.89,0,Low
16931.0,5,23,5032.22,0,Low
16932.0,53,3,412.55,0,Low
16933.0,1,9,3099.3,0,Low
16934.0,55,6,2083.14,0,Low
16935.0,382,3,530.86,1,High
16936.0,26,2,548.29,0,Low
16937.0,499,1,196.25,1,High
16938.0,9,9,6995.360000000001,0,Low
16939.0,489,3,433.85,1,High
16940.0,52,8,6427.66,0,Low
16941.0,612,1,33.0,1,High
16942.0,13,9,1904.99,0,Low
16943.0,212,5,1299.49,0,High
16944.0,610,1,101.36,1,High
16945.0,22,33,8548.16,0,Low
16946.0,383,5,1222.04,1,High
16947.0,236,5,955.21,0,High
16948.0,139,7,868.77,0,Low
16949.0,4,6,1286.27,0,Low
16950.0,57,10,3541.77,0,Low
16951.0,135,3,1277.75,0,Low
16952.0,109,5,795.83,0,Low
16953.0,30,1,20.8,0,Low
16954.0,1,20,6081.88,0,Low
16955.0,185,6,1120.31,0,High
16956.0,18,1,308.74,0,Low
16957.0,239,2,416.64,0,High
16958.0,435,1,778.49,1,High
16959.0,87,1,117.35,0,Low
16960.0,39,8,1990.88,0,Low
16961.0,116,3,794.56,0,Low
16962.0,410,1,251.04,1,High
16963.0,187,1,110.55,0,High
16964.0,733,2,207.85,1,High
16965.0,227,1,201.19,0,High
16966.0,8,7,2154.97,0,Low
16967.0,189,1,319.02,0,High
16968.0,4,2,439.43,0,Low
16969.0,39,3,650.41,0,Low
16970.0,626,1,71.4,1,High
16971.0,38,1,357.21,0,Low
16972.0,383,2,749.0,1,High
16973.0,386,1,127.0,1,High
16974.0,523,2,365.5,1,High
16975.0,423,3,926.12,1,High
16976.0,267,1,251.52,1,High
16977.0,395,4,496.0,1,High
16978.0,78,3,768.88,0,Low
16979.0,4,9,2859.74,0,Low
16980.0,255,3,1422.83,0,High
16982.0,61,1,384.06,0,Low
16983.0,13,11,3490.53,0,Low
16984.0,88,9,10350.53,0,Low
16985.0,17,23,10923.16,0,Low
16986.0,30,11,4888.75,0,Low
16987.0,3,11,2521.4,0,Low
16988.0,5,2,382.67,0,Low
16989.0,7,6,1133.25,0,Low
16990.0,219,2,344.0,0,High
16991.0,421,1,1041.21,1,High
16992.0,11,13,5476.5,0,Low
16993.0,464,2,1950.95,1,High
16996.0,30,9,2123.61,0,Low
16997.0,288,3,702.0,1,High
16998.0,150,5,402.0,0,Low
16999.0,23,2,484.82,0,Low
17000.0,396,2,406.3,1,High
17001.0,1,19,6640.8,0,Low
17002.0,86,7,2571.55,0,Low
17003.0,402,4,828.21,1,High
17004.0,46,4,2324.36,0,Low
17005.0,471,2,622.36,1,High
17006.0,5,8,1635.27,0,Low
17007.0,51,7,1120.1,0,Low
17008.0,429,1,81.36,1,High
17009.0,551,1,242.06,1,High
17010.0,18,1,195.36,0,Low
17011.0,30,3,671.7,0,Low
17012.0,725,1,360.61,1,High
17014.0,8,3,583.4300000000001,0,Low
17015.0,29,3,1838.61,0,Low
17016.0,577,1,552.4,1,High
17017.0,3,29,12576.99,0,Low
17018.0,41,6,2287.7,0,Low
17019.0,11,11,3602.29,0,Low
17020.0,542,2,935.62,1,High
17021.0,442,6,1182.22,1,High
17022.0,31,2,260.0,0,Low
17023.0,417,3,800.1800000000001,1,High
17024.0,45,3,95.85,0,Low
17025.0,61,5,1349.67,0,Low
17026.0,185,3,175.83,0,High
17027.0,79,9,1310.63,0,Low
17028.0,581,3,1593.83,1,High
17029.0,111,7,2137.3,0,Low
17030.0,64,1,146.87,0,Low
17031.0,12,6,2773.85,0,Low
17032.0,548,8,2984.32,1,High
17033.0,86,4,1332.79,0,Low
17034.0,16,5,1276.42,0,Low
17035.0,246,4,613.59,0,High
17036.0,383,1,176.9,1,High
17037.0,88,1,1267.32,0,Low
17038.0,30,2,743.17,0,Low
17039.0,604,1,1954.99,1,High
17040.0,138,2,463.25,0,Low
17041.0,27,6,1655.2,0,Low
17042.0,3,5,1036.58,0,Low
17043.0,32,8,2593.65,0,Low
17044.0,25,12,11962.3,0,Low
17045.0,113,5,827.6800000000001,0,Low
17046.0,157,5,1906.07,0,Low
17047.0,85,6,2289.23,0,Low
17048.0,118,7,2071.68,0,Low
17049.0,3,19,9942.53,0,Low
17050.0,96,11,4648.59,0,Low
17051.0,194,4,706.49,0,High
17052.0,28,1,399.09,0,Low
17053.0,131,1,498.48,0,Low
17054.0,28,5,1356.33,0,Low
17055.0,446,1,232.85,1,High
17056.0,738,1,128.60000000000002,1,High
17057.0,596,1,294.74,1,High
17058.0,82,3,1179.89,0,Low
17059.0,30,9,4864.57,0,Low
17060.0,266,1,234.24,1,High
17061.0,74,11,5232.2300000000005,0,Low
17062.0,314,6,889.75,1,High
17063.0,21,13,3638.53,0,Low
17064.0,59,3,855.45,0,Low
17065.0,638,2,194.7,1,High
17066.0,726,1,228.34,1,High
17067.0,725,3,454.54,1,High
17068.0,12,47,8987.68,0,Low
17069.0,28,14,5517.2300000000005,0,Low
17070.0,114,2,437.42,0,Low
17071.0,28,13,3793.71,0,Low
17072.0,625,1,273.35,1,High
17073.0,18,4,1446.09,0,Low
17074.0,563,1,203.05,1,High
17075.0,18,10,2236.63,0,Low
17076.0,36,6,1242.75,0,Low
17077.0,578,1,306.0,1,High
17078.0,36,2,378.2,0,Low
17079.0,78,1,118.8,0,Low
17080.0,22,7,957.53,0,Low
17081.0,25,6,949.39,0,Low
17082.0,33,6,4732.03,0,Low
17083.0,109,9,4049.79,0,Low
17084.0,35,3,5001.21,0,Low
17085.0,123,28,7847.67,0,Low
17086.0,7,6,2050.08,0,Low
17087.0,738,1,221.53,1,High
17088.0,28,4,1991.01,0,Low
17089.0,386,1,128.45,1,High
17090.0,4,13,3080.1800000000003,0,Low
17091.0,3,19,7495.75,0,Low
17092.0,50,11,5511.41,0,Low
17093.0,593,1,235.88,1,High
17094.0,322,2,402.2000000000001,1,High
17095.0,23,7,2572.25,0,Low
17096.0,15,11,3697.93,0,Low
17097.0,2,9,1143.36,0,Low
17098.0,382,3,591.07,1,High
17099.0,533,1,582.17,1,High
17100.0,18,2,971.74,0,Low
17101.0,10,7,2507.05,0,Low
17102.0,262,1,25.5,1,High
17103.0,722,1,424.3,1,High
17104.0,424,1,474.03,1,High
17105.0,159,2,665.78,0,Low
17106.0,389,1,481.58,1,High
17107.0,33,10,16052.72,0,Low
17108.0,664,1,174.95,1,High
17109.0,29,8,1291.71,0,Low
17110.0,165,3,499.9,0,Low
17111.0,47,2,459.58,0,Low
17112.0,503,1,197.57,1,High
17113.0,574,6,2305.59,1,High
17114.0,6,8,801.12,0,Low
17115.0,8,7,2761.49,0,Low
17116.0,648,1,389.78,1,High
17117.0,288,1,116.2,1,High
17118.0,318,1,157.02,1,High
17119.0,3,2,606.91,0,Low
17120.0,233,1,307.46,0,High
17121.0,403,1,314.74,1,High
17122.0,119,4,570.5,0,Low
17123.0,162,3,977.17,0,Low
17124.0,185,1,294.24,0,High
17125.0,50,1,230.5,0,Low
17126.0,152,9,2016.43,0,Low
17127.0,429,5,1155.0300000000002,1,High
17128.0,335,1,157.09,1,High
17129.0,520,1,31.85,1,High
17131.0,5,5,2463.17,0,Low
17132.0,452,2,1220.91,1,High
17133.0,16,12,14622.33,0,Low
17134.0,107,3,625.3,0,Low
17135.0,16,10,1722.18,0,Low
17136.0,662,1,231.68,1,High
17137.0,416,6,1099.81,1,High
17138.0,276,7,4417.27,1,High
17139.0,16,25,19566.76,0,Low
17140.0,247,1,454.12,0,High
17141.0,418,4,727.58,1,High
17142.0,239,4,1275.25,0,High
17143.0,417,2,880.97,1,High
17144.0,1,2,984.57,0,Low
17145.0,513,4,3120.91,1,High
17146.0,106,13,5852.64,0,Low
17147.0,23,9,3199.95,0,Low
17148.0,52,1,124.88,0,Low
17149.0,451,1,143.10000000000002,1,High
17150.0,377,6,1357.95,1,High
17151.0,735,1,231.90000000000003,1,High
17152.0,195,4,2016.5,0,High
17153.0,24,1,213.78,0,Low
17154.0,75,1,329.34,0,Low
17155.0,18,7,892.46,0,Low
17156.0,492,1,591.87,1,High
17157.0,8,19,5151.900000000001,0,Low
17158.0,32,5,1980.0,0,Low
17159.0,22,5,2099.59,0,Low
17160.0,31,17,10209.16,0,Low
17161.0,444,1,856.01,1,High
17162.0,29,10,1715.46,0,Low
17163.0,22,4,699.78,0,Low
17164.0,33,7,2467.35,0,Low
17165.0,284,6,1794.32,1,High
17166.0,39,2,206.34,0,Low
17167.0,380,3,867.11,1,High
17168.0,499,1,400.2,1,High
17169.0,58,3,1156.73,0,Low
17170.0,374,2,178.68,1,High
17171.0,289,2,384.59,1,High
17172.0,79,3,956.57,0,Low
17173.0,5,8,3766.6,0,Low
17174.0,218,1,59.9,0,High
17175.0,44,4,1443.69,0,Low
17176.0,202,3,902.32,0,High
17177.0,505,1,119.5,1,High
17178.0,731,1,432.96,1,High
17179.0,178,6,1507.26,0,Low
17180.0,56,11,2236.77,0,Low
17181.0,57,3,309.85,0,Low
17182.0,423,2,321.3,1,High
17183.0,8,6,3347.31,0,Low
17184.0,569,2,198.41000000000005,1,High
17185.0,592,3,229.46,1,High
17186.0,47,2,144.0,0,Low
17187.0,227,2,467.71,0,High
17188.0,11,13,4592.93,0,Low
17189.0,106,5,953.63,0,Low
17190.0,59,7,1726.57,0,Low
17191.0,28,15,4310.34,0,Low
17192.0,536,1,75.28,1,High
17193.0,36,9,2310.04,0,Low
17194.0,274,3,812.5,1,High
17195.0,655,1,562.98,1,High
17196.0,428,1,327.75,1,High
17197.0,30,1,1013.01,0,Low
17198.0,24,3,692.22,0,Low
17199.0,582,1,135.04000000000002,1,High
17200.0,387,4,356.71,1,High
17201.0,54,4,1143.1,0,Low
17202.0,421,1,160.65,1,High
17203.0,36,10,5564.09,0,Low
17204.0,175,9,5504.6900000000005,0,Low
17205.0,54,3,999.35,0,Low
17206.0,53,1,204.24,0,Low
17207.0,652,1,292.62,1,High
17208.0,396,1,111.15,1,High
17209.0,649,3,595.7,1,High
17210.0,393,1,251.72,1,High
17211.0,27,13,3773.35,0,Low
17212.0,253,3,794.41,0,High
17213.0,40,13,4869.400000000001,0,Low
17214.0,60,6,1059.12,0,Low
17215.0,464,1,186.15,1,High
17216.0,554,1,63.6,1,High
17217.0,234,2,210.1,0,High
17218.0,4,18,3891.39,0,Low
17219.0,32,2,259.13,0,Low
17220.0,24,21,4457.31,0,Low
17221.0,7,5,976.62,0,Low
17222.0,65,6,1579.51,0,Low
17223.0,310,3,558.04,1,High
17224.0,501,1,100.86,1,High
17225.0,582,1,131.15,1,High
17226.0,309,3,895.47,1,High
17227.0,19,12,1878.93,0,Low
17228.0,16,13,2820.03,0,Low
17229.0,96,2,318.76,0,Low
17230.0,264,18,9388.49,0,High
17231.0,12,25,7064.8,0,Low
17232.0,3,2,417.77,0,Low
17233.0,35,3,560.86,0,Low
17234.0,183,1,149.89,0,High
17235.0,25,8,1562.98,0,Low
17236.0,13,12,1929.26,0,Low
17237.0,11,4,994.13,0,Low
17238.0,3,32,7331.67,0,Low
17239.0,313,4,1189.45,1,High
17240.0,596,1,130.60000000000002,1,High
17241.0,385,12,2736.64,1,High
17242.0,108,5,2889.28,0,Low
17243.0,1,69,20203.58,3,Low
17244.0,53,5,1826.04,0,Low
17245.0,205,2,371.63,0,High
17246.0,547,2,38.92,1,High
17247.0,15,1,280.09000000000003,0,Low
17248.0,120,2,500.54,0,Low
17249.0,429,1,68.03,1,High
17250.0,4,2,381.97,0,Low
17251.0,363,3,798.98,1,High
17252.0,117,2,348.91,0,Low
17253.0,18,1,178.26,0,Low
17254.0,5,3,469.48,0,Low
17255.0,41,4,781.7,0,Low
17256.0,107,5,498.93,0,Low
17257.0,436,2,189.78,1,High
17258.0,397,2,417.3,1,High
17259.0,148,6,1452.39,0,Low
17260.0,411,1,120.95,1,High
17261.0,510,1,221.59,1,High
17262.0,52,11,2488.76,0,Low
17263.0,208,1,63.440000000000005,0,High
17264.0,424,1,268.28,1,High
17265.0,139,2,550.01,0,Low
17266.0,2,5,501.72,0,Low
17267.0,127,2,317.2,0,Low
17268.0,108,11,1733.89,0,Low
17269.0,386,1,491.81,1,High
17270.0,469,2,601.45,1,High
17271.0,736,1,204.3,1,High
17272.0,42,4,2148.63,0,Low
17273.0,424,1,141.12,1,High
17274.0,35,2,573.22,0,Low
17275.0,383,1,114.1,1,High
17276.0,402,1,502.49,1,High
17277.0,228,2,1065.35,0,High
17278.0,241,2,271.24,0,High
17279.0,58,1,187.83,0,Low
17280.0,438,1,118.86,1,High
17281.0,374,6,797.85,1,High
17282.0,130,5,2308.54,0,Low
17283.0,379,1,188.46,1,High
17284.0,60,8,2788.06,0,Low
17285.0,628,2,407.94,1,High
17286.0,22,3,389.18,0,Low
17287.0,26,21,3826.86,0,Low
17288.0,9,11,2468.43,0,Low
17289.0,32,9,2041.8,0,Low
17290.0,4,8,1487.96,0,Low
17291.0,308,1,550.8000000000001,1,High
17292.0,472,2,271.75,1,High
17293.0,8,17,3750.63,0,Low
17294.0,669,2,467.79,1,High
17295.0,29,3,547.0,0,Low
17296.0,730,1,338.13,1,High
17297.0,17,1,128.18,0,Low
17298.0,101,5,954.26,0,Low
17299.0,12,6,993.23,0,Low
17300.0,391,2,393.64,1,High
17301.0,21,2,294.39,0,Low
17302.0,15,5,1135.63,0,Low
17303.0,361,1,250.04,1,High
17304.0,534,1,111.5,1,High
17305.0,649,1,2135.46,1,High
17306.0,11,21,9782.35,0,Low
17307.0,395,11,3999.89,1,High
17308.0,393,2,4511.76,1,High
17309.0,95,3,320.39,0,Low
17310.0,387,2,1025.1,1,High
17311.0,78,6,3566.56,0,Low
17312.0,139,3,644.3,0,Low
17313.0,31,1,2328.84,0,Low
17314.0,25,17,4904.43,0,Low
17315.0,2,43,9599.58,0,Low
17316.0,420,1,124.45,1,High
17317.0,46,3,2600.34,0,Low
17318.0,725,1,157.32999999999998,1,High
17319.0,669,1,29.1,1,High
17320.0,100,6,2444.85,0,Low
17321.0,8,6,1665.21,0,Low
17322.0,376,5,922.59,1,High
17323.0,15,12,1551.04,0,Low
17324.0,18,12,2171.07,0,Low
17325.0,280,3,609.5699999999999,1,High
17326.0,408,2,312.35,1,High
17327.0,410,2,152.35,1,High
17328.0,673,1,104.7,1,High
17329.0,14,5,998.53,0,Low
17330.0,23,4,423.8,0,Low
17331.0,124,1,175.2,0,Low
17332.0,528,5,838.27,1,High
17333.0,86,1,494.25,0,Low
17334.0,302,3,635.1500000000001,1,High
17335.0,384,2,497.04,1,High
17336.0,472,1,81.12,1,High
17337.0,151,4,1981.06,0,Low
17338.0,17,17,11889.33,0,Low
17339.0,94,3,302.36,0,Low
17340.0,30,18,19617.95,0,Low
17341.0,157,5,1272.21,0,Low
17342.0,380,4,1227.54,1,High
17343.0,355,6,1259.94,1,High
17344.0,46,2,457.36,0,Low
17345.0,15,10,1586.63,0,Low
17346.0,4,26,4998.61,0,Low
17347.0,86,1,228.96,0,Low
17348.0,15,9,2442.29,0,Low
17349.0,179,5,772.41,0,Low
17350.0,8,7,1893.701,0,Low
17351.0,36,12,1988.23,0,Low
17352.0,696,1,36.25,1,High
17353.0,129,4,3242.0,0,Low
17354.0,51,4,3133.96,0,Low
17355.0,386,1,273.31,1,High
17356.0,312,5,946.47,1,High
17357.0,24,2,384.39,0,Low
17358.0,303,5,861.01,1,High
17359.0,11,2,284.46,0,Low
17360.0,17,6,1200.51,0,Low
17361.0,49,5,871.7900000000001,0,Low
17362.0,239,7,1024.04,0,High
17363.0,395,3,920.46,1,High
17364.0,1,28,11972.92,0,Low
17365.0,13,15,8184.49,0,Low
17366.0,432,2,1077.24,1,High
17367.0,238,1,167.55,0,High
17368.0,23,14,2758.29,0,Low
17369.0,456,1,979.2,1,High
17370.0,73,4,446.18,0,Low
17371.0,17,6,655.37,0,Low
17372.0,41,28,4347.31,0,Low
17373.0,40,7,1167.5,0,Low
17374.0,219,3,727.11,0,High
17375.0,199,4,660.55,0,High
17376.0,71,4,453.64,0,Low
17377.0,24,78,17644.27,3,Low
17378.0,374,1,10.95,1,High
17379.0,11,1,389.72,0,Low
17380.0,434,3,645.0,1,High
17381.0,9,38,36398.65,0,Low
17382.0,65,8,902.28,0,Low
17383.0,4,2,304.09000000000003,0,Low
17384.0,19,3,507.55,0,Low
17385.0,15,1,256.11,0,Low
17386.0,8,7,2812.77,0,Low
17387.0,20,2,746.81,0,Low
17388.0,78,11,2675.37,0,Low
17389.0,1,61,57215.33,3,Low
17390.0,421,1,149.3,1,High
17391.0,164,2,508.8,0,Low
17392.0,307,3,585.92,1,High
17393.0,411,2,381.15,1,High
17394.0,219,1,203.87,0,High
17395.0,508,1,97.5,1,High
17396.0,39,14,8409.6,0,Low
17397.0,22,3,1198.28,0,Low
17398.0,115,3,653.38,0,Low
17400.0,126,8,4623.28,0,Low
17401.0,541,1,114.85,1,High
17402.0,5,23,4635.56,0,Low
17403.0,36,2,382.87,0,Low
17404.0,4,23,47781.12,0,Low
17405.0,1,3,1031.41,0,Low
17406.0,333,13,4186.95,1,High
17407.0,412,1,552.9,1,High
17408.0,163,3,316.09000000000003,0,Low
17409.0,185,10,7793.51,0,High
17410.0,16,5,1214.72,0,Low
17411.0,12,5,1425.38,0,Low
17412.0,3,16,4220.22,0,Low
17413.0,405,2,560.14,1,High
17414.0,44,6,2249.52,0,Low
17415.0,80,1,507.84,0,Low
17416.0,30,22,17298.45,0,Low
17417.0,549,1,164.18,1,High
17418.0,42,3,670.0600000000001,0,Low
17419.0,11,18,6126.25,0,Low
17420.0,50,6,953.58,0,Low
17421.0,386,3,1059.41,1,High
17422.0,16,11,3594.76,0,Low
17423.0,46,3,1118.95,0,Low
17425.0,19,2,759.1700000000001,0,Low
17426.0,8,13,8077.77,0,Low
17427.0,72,1,100.8,0,Low
17428.0,1,45,31466.76,0,Low
17429.0,128,5,1357.46,0,Low
17430.0,33,4,622.57,0,Low
17431.0,313,1,403.3,1,High
17432.0,18,9,1728.99,0,Low
17433.0,88,2,569.96,0,Low
17434.0,2,7,2373.82,0,Low
17435.0,411,1,331.35,1,High
17436.0,2,5,534.0600000000001,0,Low
17437.0,530,1,369.68,1,High
17438.0,254,5,1422.77,0,High
17439.0,656,1,325.74,1,High
17440.0,157,4,323.58,0,Low
17441.0,732,1,293.35,1,High
17442.0,37,15,4620.3,0,Low
17443.0,220,1,534.24,0,High
17444.0,148,3,2940.04,0,Low
17446.0,177,2,120.9,0,Low
17447.0,40,2,541.53,0,Low
17448.0,497,46,14523.67,1,High
17449.0,2,13,4868.15,0,Low
17450.0,8,51,244784.25,3,Low
17451.0,1,7,1721.4,0,Low
17453.0,18,2,486.72,0,Low
17454.0,192,10,1547.94,0,High
17455.0,204,1,131.7,0,High
17456.0,365,2,975.56,1,High
17457.0,127,14,5984.81,0,Low
17458.0,15,2,529.58,0,Low
17459.0,43,2,657.3,0,Low
17460.0,94,16,2157.9700000000003,0,Low
17461.0,23,3,735.82,0,Low
17462.0,60,2,675.69,0,Low
17463.0,16,7,2535.26,0,Low
17464.0,158,3,907.14,0,Low
17465.0,426,7,2542.79,1,High
17466.0,10,2,763.28,0,Low
17467.0,395,1,102.6,1,High
17468.0,10,3,194.8,0,Low
17469.0,16,17,5051.25,0,Low
17470.0,45,11,2626.47,0,Low
17471.0,475,1,321.65000000000003,1,High
17472.0,191,4,922.35,0,High
17473.0,409,2,607.0,1,High
17474.0,600,1,1047.0,1,High
17475.0,79,1,194.37,0,Low
17476.0,396,2,489.86,1,High
17477.0,613,2,1144.3,1,High
17478.0,408,2,1272.8000000000002,1,High
17479.0,633,1,389.2600000000001,1,High
17480.0,78,2,882.23,0,Low
17481.0,4,4,1255.59,0,Low
17482.0,487,2,775.64,1,High
17483.0,65,4,591.73,0,Low
17484.0,576,2,209.57,1,High
17486.0,261,1,396.87,1,High
17487.0,728,1,160.55,1,High
17488.0,641,1,336.5,1,High
17489.0,59,2,376.64,0,Low
17490.0,1,9,2750.5,0,Low
17491.0,1,17,5653.67,0,Low
17492.0,248,3,1122.42,0,High
17493.0,385,1,100.91,1,High
17494.0,502,1,54.7,1,High
17495.0,8,3,806.72,0,Low
17496.0,359,4,1412.89,1,High
17497.0,390,2,287.25,1,High
17498.0,76,1,272.22,0,Low
17499.0,290,2,1341.39,1,High
17500.0,17,3,1138.0,0,Low
17501.0,221,2,288.6,0,High
17502.0,9,4,689.1,0,Low
17503.0,3,2,558.96,0,Low
17504.0,206,18,9490.17,0,High
17505.0,162,5,2435.48,0,Low
17506.0,76,1,302.2,0,Low
17507.0,262,2,605.58,1,High
17508.0,281,8,4579.23,1,High
17509.0,58,8,6083.64,0,Low
17510.0,25,2,514.56,0,Low
17511.0,3,60,172132.87,3,Low
17512.0,29,18,5467.820000000001,0,Low
17513.0,72,3,1158.8,0,Low
17514.0,128,2,522.0,0,Low
17515.0,31,9,1602.51,0,Low
17516.0,15,6,947.5,0,Low
17517.0,309,1,153.94,1,High
17518.0,426,2,329.42,1,High
17519.0,17,15,4774.17,0,Low
17520.0,54,1,546.81,0,Low
17521.0,30,5,1278.06,0,Low
17522.0,2,5,1070.71,0,Low
17523.0,11,4,652.74,0,Low
17524.0,361,3,539.14,1,High
17525.0,360,3,1161.9,1,High
17526.0,5,12,3939.24,0,Low
17527.0,54,4,939.37,0,Low
17528.0,1,8,3628.5,0,Low
17529.0,610,2,1240.25,1,High
17530.0,1,12,2791.69,0,Low
17531.0,190,3,1266.82,0,High
17532.0,386,1,65.34,1,High
17533.0,435,1,34.8,1,High
17534.0,54,5,1668.83,0,Low
17535.0,280,1,164.4,1,High
17536.0,177,3,364.83,0,Low
17537.0,30,2,887.6700000000001,0,Low
17538.0,26,1,98.42,0,Low
17539.0,618,4,1176.84,1,High
17540.0,25,6,1590.6,0,Low
17541.0,510,1,119.86,1,High
17542.0,270,3,340.85,1,High
17543.0,550,1,120.05,1,High
17544.0,390,3,944.82,1,High
17545.0,43,6,1409.86,0,Low
17547.0,376,2,727.85,1,High
17548.0,234,4,731.26,0,High
17549.0,24,2,148.86,0,Low
17550.0,197,9,2506.64,0,High
17551.0,359,1,290.34,1,High
17552.0,60,12,2786.77,0,Low
17553.0,130,4,3757.6,0,Low
17554.0,1,5,1952.45,0,Low
17555.0,20,5,1045.74,0,Low
17556.0,206,2,300.67,0,High
17557.0,14,4,575.46,0,Low
17558.0,393,1,259.17,1,High
17559.0,513,1,167.62,1,High
17560.0,95,8,1895.8,0,Low
17561.0,19,4,703.02,0,Low
17562.0,14,7,1122.38,0,Low
17563.0,578,2,392.38,1,High
17564.0,24,3,454.01,0,Low
17565.0,587,1,131.83,1,High
17566.0,8,2,869.77,0,Low
17567.0,7,9,4838.08,0,Low
17568.0,633,1,374.45,1,High
17569.0,332,1,344.14,1,High
17570.0,382,1,100.0,1,High
17571.0,50,5,1630.91,0,Low
17572.0,71,10,652.21,0,Low
17573.0,29,3,380.6,0,Low
17574.0,243,1,185.65,0,High
17575.0,667,1,171.7,1,High
17576.0,8,41,8711.95,0,Low
17577.0,645,2,348.75,1,High
17578.0,218,7,1047.33,0,High
17579.0,5,4,753.28,0,Low
17580.0,253,5,541.02,0,High
17581.0,1,43,17951.17,0,Low
17582.0,236,5,1446.95,0,High
17583.0,560,1,135.95,1,High
17584.0,7,6,5309.42,0,Low
17585.0,109,7,2064.71,0,Low
17586.0,619,1,167.4,1,High
17587.0,628,1,176.71,1,High
17588.0,100,7,2939.55,0,Low
17589.0,60,18,13837.94,0,Low
17590.0,2,3,1468.02,0,Low
17591.0,73,8,2339.32,0,Low
17592.0,739,1,148.3,1,High
17593.0,4,11,8092.32,0,Low
17594.0,85,4,2497.88,0,Low
17595.0,12,2,386.69,0,Low
17596.0,23,13,4491.46,0,Low
17597.0,214,5,3484.09,0,High
17598.0,381,1,409.98,1,High
17599.0,478,1,52.05,1,High
17600.0,18,1,161.67000000000002,0,Low
17601.0,239,2,413.08,0,High
17602.0,2,14,7354.43,0,Low
17603.0,78,4,1788.38,0,Low
17604.0,217,6,942.38,0,High
17605.0,590,1,160.75,1,High
17606.0,737,1,87.30000000000001,1,High
17607.0,376,1,333.81,1,High
17608.0,33,4,488.06,0,Low
17609.0,41,11,1887.9,0,Low
17610.0,540,5,1511.94,1,High
17611.0,7,28,8337.53,0,Low
17612.0,53,18,5394.86,0,Low
17613.0,23,14,4544.55,0,Low
17614.0,57,1,386.32,0,Low
17615.0,130,6,721.8000000000001,0,Low
17616.0,174,4,734.4,0,Low
17617.0,559,1,385.19,1,High
17618.0,6,11,4001.64,0,Low
17619.0,312,1,214.37,1,High
17620.0,60,1,81.44,0,Low
17621.0,21,6,3175.12,0,Low
17622.0,598,2,1130.21,1,High
17623.0,33,7,2365.77,0,Low
17624.0,15,4,1568.63,0,Low
17625.0,18,8,5978.9,0,Low
17626.0,603,1,254.0,1,High
17627.0,479,1,296.36,1,High
17628.0,81,1,75.75,0,Low
17629.0,6,10,2455.52,0,Low
17630.0,170,2,503.6,0,Low
17631.0,2,7,998.49,0,Low
17633.0,31,7,2057.39,0,Low
17634.0,36,9,2358.59,0,Low
17635.0,424,3,1265.58,1,High
17636.0,19,1,285.56,0,Low
17637.0,31,2,547.0600000000001,0,Low
17638.0,647,2,842.4000000000001,1,High
17639.0,276,6,615.17,1,High
17640.0,87,6,3168.94,0,Low
17642.0,120,5,1824.49,0,Low
17643.0,373,2,439.7,1,High
17644.0,1,20,6028.6,0,Low
17646.0,219,12,3898.79,0,High
17647.0,65,3,331.66,0,Low
17648.0,61,5,2216.37,0,Low
17649.0,138,3,1578.89,0,Low
17650.0,21,1,166.07999999999998,0,Low
17651.0,12,16,5703.52,0,Low
17652.0,25,12,4867.72,0,Low
17653.0,37,4,1207.56,0,Low
17654.0,277,1,117.55,1,High
17655.0,11,9,2976.38,0,Low
17656.0,73,5,1674.69,0,Low
17657.0,430,1,126.0,1,High
17658.0,26,2,595.42,0,Low
17659.0,17,14,3586.99,0,Low
17660.0,141,2,342.22,0,Low
17662.0,662,2,412.92,1,High
17663.0,26,17,5175.83,0,Low
17664.0,19,4,1166.23,0,Low
17665.0,493,1,563.1,1,High
17666.0,4,5,2047.8,0,Low
17667.0,66,9,3950.7,0,Low
17668.0,1,2,347.75,0,Low
17669.0,43,10,6142.35,0,Low
17670.0,228,1,205.7,0,High
17671.0,16,5,2009.16,0,Low
17672.0,50,7,5778.63,0,Low
17673.0,2,13,4173.88,0,Low
17674.0,74,2,551.04,0,Low
17675.0,1,70,37642.48,3,Low
17676.0,4,10,2448.64,0,Low
17677.0,2,54,35058.46,0,Low
17678.0,264,2,599.76,1,High
17679.0,53,7,3577.61,0,Low
17680.0,24,3,497.4500000000001,0,Low
17681.0,597,5,731.2,1,High
17682.0,10,11,4065.28,0,Low
17683.0,386,3,819.01,1,High
17684.0,44,1,239.41,0,Low
17685.0,17,12,5454.95,0,Low
17686.0,7,9,8296.81,0,Low
17687.0,421,1,432.68,1,High
17688.0,394,1,304.2,1,High
17689.0,388,2,317.08,1,High
17690.0,30,20,6963.8,0,Low
17691.0,358,4,637.55,1,High
17692.0,127,12,2975.8,0,Low
17693.0,137,1,200.47,0,Low
17694.0,142,3,1695.97,0,Low
17695.0,132,5,1746.04,0,Low
17696.0,38,27,7679.59,0,Low
17697.0,236,1,338.95,0,High
17698.0,261,1,154.95,1,High
17699.0,477,2,442.0,1,High
17700.0,17,14,6679.97,0,Low
17701.0,253,1,417.95,1,High
17702.0,30,6,3144.04,0,Low
17703.0,35,4,1094.84,0,Low
17704.0,169,2,885.19,0,Low
17705.0,3,11,2083.9,0,Low
17706.0,4,31,20272.15,0,Low
17707.0,185,8,609.3,0,High
17708.0,188,4,884.1800000000001,0,High
17709.0,170,5,671.01,0,Low
17710.0,424,1,293.5,1,High
17711.0,11,2,385.1,0,Low
17712.0,45,1,522.91,0,Low
17713.0,382,4,1198.09,1,High
17714.0,321,5,1410.18,1,High
17715.0,201,2,489.6,0,High
17716.0,23,24,15956.97,0,Low
17717.0,421,1,376.92,1,High
17718.0,232,2,439.18,0,High
17719.0,38,15,5396.04,0,Low
17720.0,26,10,2666.91,0,Low
17721.0,659,1,307.21000000000004,1,High
17722.0,96,5,3520.2200000000003,0,Low
17723.0,127,7,3378.4000000000005,0,Low
17724.0,71,3,1033.0,0,Low
17725.0,16,11,3439.08,0,Low
17726.0,395,7,1092.06,1,High
17727.0,15,1,1060.25,0,Low
17728.0,4,5,4238.76,0,Low
17729.0,596,1,438.65,1,High
17730.0,3,20,7773.8,0,Low
17731.0,79,6,1708.99,0,Low
17732.0,373,8,2166.42,1,High
17733.0,39,2,692.19,0,Low
17734.0,54,6,1442.32,0,Low
17735.0,2,26,16790.33,0,Low
17736.0,9,3,377.44,0,Low
17737.0,9,2,168.24,0,Low
17738.0,19,13,4183.56,0,Low
17739.0,12,18,7730.59,0,Low
17740.0,389,6,426.9,1,High
17741.0,407,2,101.1,1,High
17742.0,113,11,2098.48,0,Low
17743.0,448,1,229.2,1,High
17744.0,4,7,2649.14,0,Low
17745.0,478,2,600.34,1,High
17746.0,240,4,904.18,0,High
17747.0,113,1,71.4,0,Low
17748.0,527,1,358.15,1,High
17749.0,178,3,1026.18,0,Low
17750.0,5,9,1710.45,0,Low
17751.0,421,1,157.86,1,High
17752.0,359,1,80.64,1,High
17753.0,464,4,382.06,1,High
17754.0,1,13,4451.22,0,Low
17756.0,376,3,728.75,1,High
17757.0,1,56,9074.05,0,Low
17758.0,19,12,4964.03,0,Low
17759.0,17,5,1261.88,0,Low
17760.0,22,6,746.39,0,Low
17761.0,33,1,712.78,0,Low
17762.0,456,1,129.75,1,High
17763.0,263,4,86.15,1,High
17764.0,51,5,1513.57,0,Low
17765.0,159,4,524.0,0,Low
17766.0,381,2,299.61,1,High
17767.0,15,2,413.05,0,Low
17768.0,8,7,3292.73,0,Low
17769.0,13,17,7053.38,0,Low
17770.0,199,5,1143.27,0,High
17771.0,57,4,387.41,0,Low
17772.0,11,3,360.75,0,Low
17773.0,514,2,575.37,1,High
17774.0,97,9,3273.83,0,Low
17775.0,255,1,56.4,1,High
17776.0,387,2,330.56,1,High
17777.0,25,3,647.56,0,Low
17778.0,662,1,197.7,1,High
17779.0,21,3,650.32,0,Low
17780.0,667,3,346.56,1,High
17781.0,159,2,188.02,0,Low
17782.0,383,2,679.02,1,High
17783.0,72,3,376.96,0,Low
17784.0,550,1,112.86,1,High
17785.0,53,3,403.38,0,Low
17786.0,85,2,266.85,0,Low
17787.0,153,4,1817.54,0,Low
17788.0,74,2,1117.9,0,Low
17789.0,281,2,397.15,1,High
17790.0,27,20,2779.41,0,Low
17791.0,30,1,106.1,0,Low
17792.0,467,2,368.35,1,High
17793.0,25,1,300.34,0,Low
17794.0,687,2,147.3,1,High
17795.0,180,2,342.83,0,Low
17796.0,40,7,1236.39,0,Low
17797.0,22,8,1971.87,0,Low
17798.0,582,1,178.07,1,High
17799.0,22,20,6246.93,0,Low
17800.0,37,9,1187.21,0,Low
17801.0,451,3,770.03,1,High
17802.0,82,10,4946.22,0,Low
17803.0,392,1,184.66,1,High
17804.0,376,3,383.78,1,High
17805.0,74,2,927.03,0,Low
17806.0,11,1,546.04,0,Low
17807.0,395,3,437.87,1,High
17808.0,549,4,262.64,1,High
17809.0,16,20,10085.89,0,Low
17810.0,669,2,373.16,1,High
17811.0,4,47,9519.8,0,Low
17812.0,13,7,911.99,0,Low
17813.0,14,5,1698.07,0,Low
17814.0,375,2,1609.37,1,High
17815.0,393,1,591.96,1,High
17816.0,37,6,96.11,0,Low
17817.0,4,6,788.15,0,Low
17818.0,738,1,124.78,1,High
17819.0,72,12,6021.05,0,Low
17820.0,374,1,180.61,1,High
17821.0,406,1,334.62,1,High
17822.0,420,5,2162.93,1,High
17823.0,421,2,449.25,1,High
17824.0,51,1,298.4,0,Low
17825.0,599,4,701.96,1,High
17826.0,374,1,133.34,1,High
17827.0,5,6,2376.17,0,Low
17828.0,23,4,1820.09,0,Low
17829.0,299,5,4756.74,1,High
17830.0,2,3,398.7,0,Low
17831.0,33,1,35.400000000000006,0,Low
17832.0,50,1,155.37,0,Low
17833.0,723,1,338.46000000000004,1,High
17834.0,415,2,689.6700000000001,1,High
17835.0,3,3,342.24,0,Low
17836.0,47,1,110.21,0,Low
17837.0,42,8,1541.23,0,Low
17838.0,27,13,5604.64,0,Low
17839.0,42,1,318.15,0,Low
17840.0,444,1,175.9,1,High
17841.0,2,211,68545.25,3,Low
17842.0,602,1,430.69,1,High
17843.0,303,2,320.4,1,High
17844.0,107,1,51.56,0,Low
17845.0,555,4,596.09,1,High
17846.0,85,1,2033.1,0,Low
17847.0,516,2,129.69,1,High
17848.0,81,30,3559.11,0,Low
17849.0,218,8,1063.76,0,High
17850.0,372,155,51208.87,3,High
17851.0,422,6,1552.35,1,High
17852.0,12,5,657.8100000000001,0,Low
17853.0,407,3,1596.29,1,High
17854.0,185,6,1068.5,0,High
17855.0,373,1,208.97,1,High
17856.0,2,4,1418.03,0,Low
17857.0,4,24,27347.04,0,Low
17858.0,6,30,12518.65,0,Low
17859.0,305,1,141.92,1,High
17860.0,369,4,717.39,1,High
17861.0,3,18,5088.29,0,Low
17862.0,324,4,1254.89,1,High
17863.0,59,12,5360.4800000000005,0,Low
17864.0,13,5,876.57,0,Low
17865.0,31,46,26312.19,0,Low
17866.0,143,3,1134.95,0,Low
17867.0,30,15,1582.0500000000002,0,Low
17868.0,386,1,227.15,1,High
17869.0,107,7,813.64,0,Low
17870.0,2,13,2753.29,0,Low
17871.0,205,5,1068.95,0,High
17872.0,382,1,235.87,1,High
17873.0,80,18,6265.33,0,Low
17874.0,185,6,683.46,0,High
17875.0,688,1,167.1,1,High
17876.0,400,3,3424.02,1,High
17877.0,170,1,237.61,0,Low
17878.0,44,3,1378.93,0,Low
17879.0,174,1,178.52,0,Low
17880.0,365,3,824.9200000000001,1,High
17881.0,304,1,133.35,1,High
17882.0,379,2,291.56,1,High
17883.0,3,7,988.42,0,Low
17884.0,4,20,2698.47,0,Low
17885.0,12,1,156.34,0,Low
17886.0,32,6,1572.55,0,Low
17887.0,129,1,111.35,0,Low
17888.0,21,25,1807.44,0,Low
17889.0,212,7,746.42,0,High
17890.0,323,2,586.89,1,High
17891.0,162,1,203.86,0,Low
17892.0,56,3,244.1,0,Low
17893.0,225,1,107.21,0,High
17894.0,72,18,2304.58,0,Low
17895.0,44,1,95.45,0,Low
17896.0,23,1,256.32,0,Low
17897.0,173,9,2099.89,0,Low
17898.0,85,4,299.18,0,Low
17899.0,159,1,154.55,0,Low
17900.0,190,2,112.2,0,High
17901.0,29,3,260.08,0,Low
17902.0,547,1,216.4,1,High
17903.0,394,1,381.09,1,High
17904.0,21,1,181.07,0,Low
17905.0,71,13,2178.87,0,Low
17906.0,247,1,72.9,0,High
17907.0,641,1,291.76,1,High
17908.0,374,5,1142.47,1,High
17909.0,737,1,110.05,1,High
17910.0,726,1,261.7,1,High
17911.0,9,1,366.23,0,Low
17912.0,310,6,374.55,1,High
17913.0,59,14,3429.29,0,Low
17914.0,4,1,329.36,0,Low
17915.0,551,1,225.78,1,High
17916.0,629,2,43.87,1,High
17917.0,45,3,335.03,0,Low
17918.0,501,3,396.39,1,High
17919.0,88,2,1840.32,0,Low
17920.0,4,54,23581.78,0,Low
17921.0,64,10,2394.36,0,Low
17922.0,543,1,170.4,1,High
17923.0,282,3,497.0,1,High
17924.0,12,8,3257.7000000000003,0,Low
17925.0,373,1,244.08,1,High
17926.0,133,5,1035.49,0,Low
17927.0,722,1,294.0,1,High
17928.0,45,3,341.24,0,Low
17929.0,11,12,3082.1,0,Low
17930.0,36,13,4275.22,0,Low
17931.0,134,14,3402.24,0,Low
17932.0,29,3,1331.57,0,Low
17933.0,632,1,114.69,1,High
17934.0,52,3,1049.15,0,Low
17935.0,138,7,686.14,0,Low
17936.0,5,1,380.13,0,Low
17937.0,9,7,4301.22,0,Low
17938.0,420,1,144.29,1,High
17939.0,160,1,99.14,0,Low
17940.0,49,16,30306.79,0,Low
17941.0,131,4,1433.28,0,Low
17942.0,8,1,77.50000000000001,0,Low
17944.0,423,1,74.99,1,High
17945.0,697,3,360.35,1,High
17946.0,233,2,149.57999999999998,0,High
17947.0,37,1,176.68,0,Low
17948.0,147,1,358.56000000000006,0,Low
17949.0,1,118,117314.08,3,Low
17950.0,72,7,1166.29,0,Low
17951.0,40,4,1340.5800000000002,0,Low
17952.0,378,4,788.46,1,High
17953.0,540,1,159.17000000000002,1,High
17954.0,5,19,3804.38,0,Low
17955.0,199,6,949.9,0,High
17956.0,249,1,12.75,0,High
17957.0,66,1,111.68,0,Low
17958.0,117,2,973.88,0,Low
17959.0,592,1,140.75,1,High
17960.0,171,3,135.08,0,Low
17961.0,21,100,2866.74,3,Low
17962.0,142,4,666.96,0,Low
17963.0,471,4,643.16,1,High
17964.0,32,2,463.21,0,Low
17965.0,38,29,7006.65,0,Low
17966.0,38,10,1963.92,0,Low
17967.0,372,2,223.42,1,High
17968.0,374,4,590.44,1,High
17969.0,166,20,2354.29,0,Low
17970.0,211,1,562.79,0,High
17971.0,548,1,161.94,1,High
17972.0,242,1,135.19,0,High
17973.0,52,1,337.04,0,Low
17974.0,25,6,1739.09,0,Low
17975.0,15,24,6696.33,0,Low
17976.0,372,1,321.79,1,High
17977.0,29,2,1511.45,0,Low
17978.0,365,4,1159.99,1,High
17979.0,36,4,732.41,0,Low
17980.0,166,4,1012.72,0,Low
17981.0,411,1,239.12,1,High
17982.0,681,1,138.18,1,High
17983.0,395,1,171.71,1,High
17984.0,145,5,1152.19,0,Low
17985.0,22,1,631.35,0,Low
17986.0,56,1,20.8,0,Low
17987.0,185,5,965.44,0,High
17988.0,12,14,489.54,0,Low
17989.0,379,1,207.33,1,High
17990.0,237,6,1527.61,0,High
17991.0,225,3,300.3,0,High
17992.0,389,1,252.88,1,High
17993.0,617,1,225.99,1,High
17994.0,122,11,2270.03,0,Low
17995.0,282,3,495.48,1,High
17996.0,380,3,482.33,1,High
17997.0,74,8,1962.46,0,Low
17998.0,380,3,639.24,1,High
17999.0,37,3,528.46,0,Low
18000.0,564,1,124.25,1,High
18001.0,12,6,924.14,0,Low
18002.0,376,4,244.37,1,High
18003.0,376,1,353.51,1,High
18004.0,362,1,157.92,1,High
18005.0,4,2,226.47,0,Low
18006.0,23,4,969.51,0,Low
18007.0,393,1,215.22,1,High
18008.0,70,23,19759.08,0,Low
18009.0,235,8,2144.23,0,High
18010.0,257,1,174.8,1,High
18011.0,373,2,410.79,1,High
18012.0,723,1,115.3,1,High
18013.0,155,2,187.29,0,Low
18014.0,28,1,162.22,0,Low
18015.0,4,1,120.03,0,Low
18016.0,32,7,1954.56,0,Low
18017.0,81,4,688.0,0,Low
18018.0,108,4,297.99,0,Low
18019.0,52,1,38.45,0,Low
18020.0,544,1,190.48,1,High
18021.0,510,2,216.41,1,High
18022.0,36,5,1507.25,0,Low
18024.0,153,2,389.78,0,Low
18025.0,380,6,1177.72,1,High
18026.0,501,2,2074.07,1,High
18027.0,99,1,115.31,0,Low
18028.0,583,1,192.05,1,High
18029.0,642,1,433.77,1,High
18030.0,4,2,230.65,0,Low
18031.0,379,1,451.3,1,High
18032.0,334,1,73.5,1,High
18033.0,65,1,93.82,0,Low
18034.0,22,3,754.2,0,Low
18035.0,36,5,1260.23,0,Low
18036.0,32,11,1545.49,0,Low
18037.0,154,15,167.42,0,Low
18038.0,556,1,141.48,1,High
18039.0,374,4,548.22,1,High
18040.0,19,2,357.20000000000005,0,Low
18041.0,12,38,8018.769999999999,0,Low
18042.0,54,2,281.15,0,Low
18043.0,25,3,529.29,0,Low
18044.0,4,18,3505.61,0,Low
18045.0,45,1,178.34,0,Low
18046.0,650,1,189.63,1,High
18047.0,381,2,326.09,1,High
18048.0,203,3,394.93,0,High
18049.0,437,2,500.92,1,High
18050.0,359,2,412.06,1,High
18051.0,634,7,2282.28,1,High
18052.0,565,1,10877.18,1,High
18053.0,71,3,571.07,0,Low
18054.0,393,1,176.5,1,High
18055.0,7,14,10142.64,0,Low
18056.0,288,2,554.6,1,High
18057.0,393,3,1188.46,1,High
18058.0,10,3,774.06,0,Low
18059.0,23,3,306.46,0,Low
18060.0,408,2,1185.46,1,High
18061.0,22,28,6083.81,0,Low
18062.0,173,6,1632.67,0,Low
18063.0,391,2,186.6,1,High
18064.0,133,11,4481.83,0,Low
18065.0,6,29,5866.63,0,Low
18066.0,75,3,1440.4,0,Low
18067.0,40,1,396.33,0,Low
18068.0,289,1,101.7,1,High
18069.0,26,11,4464.92,0,Low
18070.0,669,1,314.1,1,High
18071.0,258,6,1169.68,0,High
18072.0,186,1,247.44,0,High
18073.0,114,12,3859.82,0,Low
18074.0,374,2,1019.44,1,High
18075.0,23,20,5783.29,0,Low
18076.0,380,1,151.49,1,High
18077.0,8,18,4078.79,0,Low
18078.0,217,4,725.53,0,High
18079.0,45,5,4203.93,0,Low
18080.0,19,2,1231.5,0,Low
18081.0,36,3,343.45,0,Low
18082.0,26,1,680.84,0,Low
18083.0,398,1,463.53,1,High
18084.0,16,3,795.23,0,Low
18085.0,330,4,1341.85,1,High
18086.0,274,1,101.34,1,High
18087.0,98,17,14761.52,0,Low
18088.0,61,1,166.03,0,Low
18089.0,447,1,428.45,1,High
18090.0,422,1,321.9,1,High
18091.0,593,1,360.85,1,High
18092.0,2,18,14693.72,0,Low
18093.0,93,8,4452.71,0,Low
18094.0,82,13,6391.52,0,Low
18095.0,313,5,2303.09,1,High
18096.0,12,6,1657.87,0,Low
18097.0,8,11,4627.92,0,Low
18098.0,396,1,527.94,1,High
18099.0,127,1,168.31,0,Low
18100.0,550,1,451.56,1,High
18101.0,11,5,622.01,0,Low
18102.0,1,145,580987.04,2,Low
18103.0,549,1,105.8,1,High
18104.0,37,1,754.64,0,Low
18105.0,38,1,113.48000000000002,0,Low
18106.0,330,6,1441.06,1,High
18107.0,442,1,165.88,1,High
18108.0,254,3,848.8100000000001,0,High
18109.0,2,38,9555.71,0,Low
18110.0,20,2,392.28,0,Low
18111.0,589,1,405.85,1,High
18112.0,12,4,773.36,0,Low
18113.0,369,1,76.32000000000001,1,High
18114.0,290,1,220.1,1,High
18115.0,698,1,9.7,1,High
18116.0,68,13,2134.49,0,Low
18117.0,26,1,315.65,0,Low
18118.0,11,29,6221.02,0,Low
18119.0,368,1,180.7,1,High
18120.0,214,1,111.15,0,High
18121.0,149,2,653.3000000000001,0,Low
18122.0,8,6,1793.06,0,Low
18123.0,24,3,666.64,0,Low
18124.0,472,1,102.65,1,High
18125.0,30,4,1131.75,0,Low
18126.0,61,1,200.92,0,Low
18127.0,19,4,556.13,0,Low
18128.0,537,1,399.29,1,High
18129.0,243,1,112.55,0,High
18130.0,15,3,1059.39,0,Low
18131.0,632,1,222.96,1,High
18132.0,504,1,220.13,1,High
18133.0,212,1,931.5,0,High
18134.0,598,2,445.0,1,High
18135.0,29,10,1249.62,0,Low
18136.0,63,5,1631.36,0,Low
18137.0,551,2,145.99,1,High
18138.0,295,1,152.65,1,High
18139.0,18,6,8438.34,0,Low
18140.0,474,1,536.41,1,High
18141.0,402,2,882.47,1,High
18142.0,157,2,1019.52,0,Low
18143.0,117,2,1000.16,0,Low
18144.0,8,19,4892.95,0,Low
18145.0,13,11,5609.74,0,Low
18146.0,141,2,160.35,0,Low
18147.0,46,2,179.34,0,Low
18148.0,647,1,112.85,1,High
18149.0,51,7,1553.96,0,Low
18150.0,32,3,566.58,0,Low
18151.0,135,6,1879.44,0,Low
18152.0,646,1,426.69,1,High
18153.0,659,1,246.22,1,High
18154.0,3,5,932.6,0,Low
18155.0,75,3,371.62,0,Low
18156.0,13,2,675.64,0,Low
18157.0,571,1,213.9,1,High
18158.0,9,2,453.4,0,Low
18159.0,301,1,530.15,1,High
18160.0,57,3,1003.88,0,Low
18161.0,15,6,1803.1,0,Low
18162.0,732,1,371.51,1,High
18163.0,584,1,728.84,1,High
18164.0,37,1,399.65,0,Low
18165.0,177,1,302.46,0,Low
18166.0,624,1,175.5,1,High
18167.0,23,3,1384.86,0,Low
18168.0,176,16,3435.5,0,Low
18169.0,61,1,202.65,0,Low
18170.0,33,9,2878.0,0,Low
18171.0,59,9,2437.31,0,Low
18172.0,15,52,17467.24,0,Low
18173.0,87,5,2696.36,0,Low
18174.0,7,2,162.5,0,Low
18175.0,676,1,176.10000000000002,1,High
18176.0,358,1,476.35,1,High
18177.0,31,9,2216.32,0,Low
18178.0,129,11,6103.74,0,Low
18179.0,9,8,2547.55,0,Low
18180.0,5,6,1843.75,0,Low
18181.0,24,5,1188.34,0,Low
18182.0,463,1,291.13,1,High
18183.0,227,2,632.07,0,High
18184.0,15,1,49.8,0,Low
18185.0,249,1,304.25,0,High
18186.0,723,1,329.58000000000004,1,High
18187.0,632,1,724.89,1,High
18188.0,15,6,3280.59,0,Low
18189.0,78,3,1403.73,0,Low
18190.0,192,5,745.62,0,High
18191.0,262,2,529.4,1,High
18192.0,72,1,957.97,0,Low
18193.0,165,3,1207.35,0,Low
18194.0,82,6,4162.04,0,Low
18195.0,387,1,101.16,1,High
18196.0,95,4,1457.19,0,Low
18197.0,576,1,230.1,1,High
18198.0,4,17,5425.56,0,Low
18199.0,684,1,344.75,1,High
18200.0,106,1,150.35,0,Low
18201.0,723,1,447.53,1,High
18202.0,200,3,1396.99,0,High
18203.0,157,4,492.52,0,Low
18204.0,71,3,1975.35,0,Low
18205.0,36,2,517.36,0,Low
18206.0,553,1,314.66,1,High
18207.0,499,1,544.47,1,High
18208.0,566,1,360.08,1,High
18209.0,29,1,139.10000000000002,0,Low
18210.0,2,7,2768.83,0,Low
18211.0,26,5,600.07,0,Low
18212.0,326,2,514.37,1,High
18213.0,237,1,232.48,0,High
18214.0,531,4,1780.34,1,High
18215.0,89,5,2232.49,0,Low
18216.0,31,1,481.75,0,Low
18217.0,29,4,945.04,0,Low
18218.0,211,4,1121.84,0,High
18219.0,3,17,3352.7000000000003,0,Low
18220.0,227,6,1921.76,0,High
18221.0,22,6,1424.94,0,Low
18222.0,93,1,443.0,0,Low
18223.0,5,26,14000.85,0,Low
18224.0,264,1,158.95000000000002,1,High
18225.0,3,26,13014.8,0,Low
18226.0,44,26,11878.88,0,Low
18227.0,218,2,388.75,0,High
18228.0,57,2,779.9,0,Low
18229.0,12,28,10150.51,0,Low
18230.0,9,9,4291.06,0,Low
18231.0,192,28,6854.17,0,High
18232.0,82,4,592.97,0,Low
18233.0,326,1,440.0,1,High
18234.0,552,1,179.6,1,High
18235.0,72,3,1796.48,0,Low
18236.0,30,12,1795.35,0,Low
18237.0,3,5,987.1,0,Low
18238.0,515,1,270.92,1,High
18239.0,219,6,1712.26,0,High
18240.0,46,1,422.58,0,Low
18241.0,10,21,2986.99,0,Low
18242.0,72,8,3605.21,0,Low
18243.0,414,1,515.78,1,High
18244.0,431,2,568.64,1,High
18245.0,7,20,6324.9800000000005,0,Low
18246.0,24,3,758.8199999999999,0,Low
18247.0,415,3,839.73,1,High
18248.0,123,2,804.02,0,Low
18249.0,17,1,95.34,0,Low
18250.0,310,1,349.27,1,High
18251.0,87,9,26278.86,0,Low
18252.0,51,7,1533.69,0,Low
18253.0,643,1,317.88,1,High
18254.0,581,1,267.9,1,High
18255.0,89,2,303.15,0,Low
18256.0,388,1,110.7,1,High
18257.0,39,12,4600.15,0,Low
18258.0,464,6,2059.67,1,High
18259.0,25,7,3941.9,0,Low
18260.0,173,23,9947.26,0,Low
18261.0,43,2,324.24,0,Low
18262.0,140,3,577.54,0,Low
18263.0,26,3,1213.16,0,Low
18264.0,499,1,603.25,1,High
18265.0,72,2,801.51,0,Low
18266.0,434,1,251.1,1,High
18267.0,673,1,269.37,1,High
18268.0,134,6,1490.23,0,Low
18269.0,366,1,168.60000000000002,1,High
18270.0,38,3,444.55,0,Low
18271.0,610,2,680.85,1,High
18272.0,3,9,4385.9800000000005,0,Low
18273.0,2,4,357.0,0,Low
18274.0,30,1,175.92,0,Low
18275.0,578,2,741.85,1,High
18276.0,44,6,1656.52,0,Low
18277.0,58,5,1180.05,0,Low
18278.0,74,2,414.2000000000001,0,Low
18279.0,519,1,231.34,1,High
18280.0,278,2,488.15,1,High
18281.0,181,2,201.14,0,High
18282.0,8,2,178.05,0,Low
18283.0,4,22,2664.9,0,Low
18284.0,432,1,461.68,1,High
18285.0,661,1,427.0,1,High
18286.0,477,2,1296.43,1,High
18287.0,43,7,4182.99,0,Low
