Customer ID,Recency,Frequency,Monetary,Cluster
12346.0,326,12,77556.46,0
12347.0,2,8,4921.53,0
12348.0,75,5,2019.4,0
12349.0,19,4,4428.6900000000005,0
12350.0,310,1,334.40000000000003,1
12351.0,375,1,300.93,1
12352.0,36,10,2849.84,0
12353.0,204,2,406.76,0
12354.0,232,1,1079.4,0
12355.0,214,2,947.61,0
12356.0,23,6,6371.7300000000005,0
12357.0,33,3,18287.66,0
12358.0,2,5,3887.07,0
12359.0,58,10,8873.39,0
12360.0,52,8,4252.89,0
12361.0,287,4,511.25,1
12362.0,3,11,5356.2300000000005,0
12363.0,110,2,552.0,0
12364.0,8,4,1313.1,0
12365.0,291,2,641.38,1
12366.0,634,1,500.24,1
12367.0,4,1,168.9,0
12368.0,628,1,917.7,1
12369.0,413,3,1791.15,1
12370.0,51,7,4316.56,0
12371.0,45,5,4067.38,0
12372.0,72,3,1298.04,0
12373.0,311,3,1127.65,1
12374.0,25,4,2989.2200000000003,0
12375.0,11,2,457.5,0
12376.0,390,2,503.15,1
12377.0,315,4,3426.32,1
12378.0,130,2,5416.32,0
12379.0,82,4,1620.22,0
12380.0,22,11,9676.3,0
12381.0,5,5,1845.31,0
12383.0,185,5,1850.56,0
12384.0,29,2,585.27,0
12385.0,379,1,1938.4,1
12386.0,338,2,401.9,1
12387.0,415,1,143.94,1
12388.0,16,8,3901.11,0
12389.0,403,3,1433.33,1
12390.0,80,1,549.84,0
12391.0,22,6,2724.84,0
12392.0,591,1,234.75000000000003,1
12393.0,72,6,2399.45,0
12394.0,64,2,1272.48,0
12395.0,19,15,4721.17,0
12396.0,674,1,931.43,1
12397.0,36,2,2409.9,0
12398.0,46,1,1635.66,0
12399.0,119,7,1962.3,0
12400.0,414,1,205.25,1
12401.0,303,1,84.3,1
12402.0,323,6,1256.9,1
12403.0,50,2,1019.36,0
12404.0,682,1,63.24,1
12405.0,149,1,1710.39,0
12406.0,22,5,6390.36,0
12407.0,50,5,1708.12,0
12408.0,33,8,4340.77,0
12409.0,79,7,23419.29,0
12410.0,309,3,1013.71,1
12411.0,410,1,346.9,1
12412.0,75,6,2596.93,0
12413.0,67,4,999.45,0
12414.0,217,6,952.41,0
12415.0,24,28,144458.37,3
12416.0,657,1,202.56,1
12417.0,3,20,6797.41,0
12418.0,113,4,2021.2,0
12419.0,386,2,503.01,1
12420.0,64,1,600.39,0
12421.0,16,6,1098.6,0
12422.0,96,17,5231.8,0
12423.0,1,10,2622.39,0
12424.0,163,4,3340.03,0
12425.0,78,2,1741.41,0
12426.0,195,2,1345.21,0
12427.0,22,3,825.8000000000001,0
12428.0,26,9,7956.46,0
12429.0,9,8,6204.41,0
12430.0,43,1,256.4,0
12431.0,36,27,10432.22,0
12432.0,43,5,5059.32,0
12433.0,1,10,16794.14,0
12434.0,85,3,1103.43,0
12435.0,80,6,13925.93,0
12436.0,100,1,509.01,0
12437.0,2,39,12683.4,0
12438.0,14,2,2906.85,0
12439.0,683,2,1142.88,1
12440.0,462,2,859.2,1
12441.0,367,1,173.55,1
12442.0,3,1,172.06,0
12443.0,732,1,485.31,1
12444.0,21,5,5005.46,0
12445.0,22,2,434.98,0
12446.0,58,1,1002.31,0
12447.0,243,1,476.49,0
12448.0,44,1,449.45,0
12449.0,22,6,4835.89,0
12450.0,156,5,688.2,0
12451.0,11,8,12669.88,0
12452.0,17,2,430.5700000000001,0
12453.0,134,1,707.09,0
12454.0,56,5,16679.78,0
12455.0,73,10,5879.95,0
12456.0,44,3,3181.04,0
12457.0,66,8,2995.91,0
12458.0,71,4,1777.49,0
12459.0,605,1,454.36,1
12460.0,456,1,326.65,1
12461.0,94,2,826.88,0
12462.0,19,2,1189.59,0
12463.0,53,4,1344.78,0
12464.0,10,8,1212.05,0
12465.0,17,2,742.19,0
12466.0,682,1,56.73,1
12467.0,423,1,132.8,1
12468.0,188,5,3670.74,0
12469.0,523,2,3070.54,1
12470.0,690,1,211.95,1
12471.0,2,79,39918.19,3
12472.0,32,19,16249.29,0
12473.0,29,5,3928.05,0
12474.0,17,31,12372.75,0
12475.0,54,2,1149.64,0
12476.0,16,23,14083.91,0
12477.0,23,9,20276.37,0
12478.0,4,1,680.99,0
12479.0,11,1,527.2,0
12480.0,28,7,5464.85,0
12481.0,23,15,12185.51,0
12482.0,576,29,23691.4,1
12483.0,17,19,5097.18,0
12484.0,33,12,6354.1,0
12485.0,529,1,708.1,1
12486.0,432,1,1037.28,1
12487.0,731,1,285.3,1
12488.0,10,3,1298.66,0
12489.0,336,1,334.93,1
12490.0,5,21,9823.64,0
12491.0,39,1,460.4,0
12492.0,63,3,715.21,0
12493.0,166,2,433.74,0
12494.0,16,9,1815.27,0
12495.0,641,1,357.4,1
12496.0,620,2,45.34,1
12497.0,82,3,6248.5,0
12498.0,21,3,403.7000000000001,0
12499.0,560,1,393.72,1
12500.0,23,19,5955.21,0
12501.0,337,1,2169.39,1
12502.0,96,5,3723.87,0
12503.0,584,1,1126.0,1
12504.0,18,4,779.05,0
12505.0,409,1,955.2,1
12506.0,233,1,73.5,0
12507.0,134,4,1844.06,0
12508.0,26,2,397.88,0
12509.0,284,1,176.5,1
12510.0,143,9,5178.02,0
12511.0,429,1,3084.02,1
12512.0,66,2,132.18,0
12513.0,113,1,612.29,0
12514.0,267,2,1597.76,1
12515.0,353,1,383.7,1
12516.0,78,4,2648.62,0
12517.0,28,5,2481.6,0
12518.0,1,5,2056.89,0
12519.0,64,2,716.54,0
12520.0,79,5,2634.26,0
12521.0,143,1,599.68,0
12522.0,39,2,192.72,0
12523.0,19,23,4352.35,0
12524.0,9,17,11126.11,0
12525.0,498,3,973.73,1
12526.0,1,3,1316.66,0
12527.0,82,5,735.51,0
12528.0,9,6,1933.48,0
12529.0,528,1,316.48,1
12530.0,60,9,3759.26,0
12531.0,15,2,1933.2,0
12532.0,30,1,349.83000000000004,0
12533.0,628,2,1367.89,1
12534.0,131,1,1089.18,0
12535.0,92,2,716.35,0
12536.0,43,3,12601.830000000002,0
12537.0,409,1,732.94,1
12538.0,29,2,640.45,0
12539.0,22,7,11214.75,0
12540.0,20,33,22254.49,0
12541.0,30,3,981.18,0
12542.0,484,2,481.88,1
12543.0,448,1,980.25,1
12544.0,36,1,372.7,0
12545.0,75,2,1000.39,0
12546.0,47,2,1161.5,0
12547.0,198,3,383.58,0
12548.0,166,1,95.2,0
12549.0,576,6,1575.68,1
12550.0,79,1,964.83,0
12551.0,358,1,168.0,1
12552.0,39,2,437.82,0
12553.0,8,12,4608.75,0
12554.0,449,1,468.5,1
12555.0,682,1,129.23,1
12556.0,50,2,599.56,0
12557.0,16,8,18096.14,0
12558.0,8,1,269.96,0
12559.0,311,2,561.71,1
12560.0,5,3,2134.01,0
12561.0,303,1,238.85,1
12562.0,8,9,4966.92,0
12563.0,409,1,249.24,1
12564.0,261,1,456.9,1
12565.0,289,1,145.92000000000002,1
12566.0,86,1,351.65,0
12567.0,23,15,11767.48,0
12568.0,645,1,70.0,1
12569.0,2,32,4124.6900000000005,0
12570.0,682,1,77.52,1
12571.0,40,2,519.61,0
12572.0,9,2,1020.42,0
12573.0,227,5,717.41,0
12574.0,316,1,218.45,1
12575.0,457,2,622.82,1
12576.0,36,8,2142.7200000000003,0
12577.0,35,8,1617.1,0
12578.0,21,4,4642.45,0
12579.0,78,1,440.42,0
12580.0,247,2,1052.9,0
12581.0,40,1,197.71,0
12582.0,239,4,1980.4,0
12583.0,3,27,13591.58,0
12584.0,4,9,2338.15,0
12585.0,234,2,2040.1,0
12586.0,17,4,2062.67,0
12587.0,8,1,144.0,0
12588.0,39,4,958.78,0
12589.0,29,8,4695.66,0
12590.0,211,2,9864.26,0
12591.0,317,3,1338.95,1
12592.0,92,5,2582.66,0
12593.0,109,3,418.1,0
12594.0,38,15,5090.110000000001,0
12595.0,505,1,299.02,1
12596.0,51,2,618.27,0
12597.0,19,4,3811.22,0
12598.0,10,11,4534.09,0
12599.0,29,13,2296.72,0
12600.0,29,21,4967.42,0
12601.0,190,6,681.26,0
12602.0,59,1,153.12,0
12603.0,22,1,739.1999999999999,0
12604.0,79,2,254.18,0
12605.0,376,4,1232.95,1
12606.0,682,1,21.0,1
12607.0,60,1,1579.51,0
12608.0,405,1,415.79,1
12609.0,78,9,3435.86,0
12610.0,23,5,2099.54,0
12611.0,52,1,1193.32,0
12612.0,74,1,704.04,0
12613.0,57,10,6817.37,0
12614.0,278,1,315.6,1
12615.0,2,8,5740.9800000000005,0
12616.0,95,3,1131.1,0
12617.0,29,1,352.98,0
12618.0,22,1,177.31,0
12619.0,16,10,3781.38,0
12620.0,15,3,1339.41,0
12621.0,2,35,24311.2,0
12622.0,232,1,180.1,0
12623.0,276,7,3747.84,1
12624.0,106,2,641.13,0
12625.0,212,4,5164.88,0
12626.0,23,9,6620.4800000000005,0
12627.0,11,7,4478.53,0
12628.0,4,3,786.46,0
12629.0,386,2,1558.22,1
12630.0,10,2,1270.88,0
12631.0,57,6,3481.57,0
12632.0,521,2,804.88,1
12633.0,59,7,5678.16,0
12634.0,536,2,490.0,1
12635.0,90,4,2930.41,0
12636.0,739,1,141.0,1
12637.0,67,12,8283.81,0
12638.0,33,2,921.49,0
12639.0,239,3,1312.37,0
12640.0,24,3,1174.58,0
12641.0,115,1,185.9,0
12642.0,25,3,1013.26,0
12643.0,128,12,8304.82,0
12644.0,130,4,1918.49,0
12645.0,34,8,3539.3,0
12646.0,5,2,1346.97,0
12647.0,22,36,16955.55,0
12648.0,155,4,1112.0,0
12649.0,107,8,2294.65,0
12650.0,3,1,314.44,0
12651.0,335,4,377.75,1
12652.0,331,2,1017.03,1
12653.0,149,3,4160.83,0
12654.0,11,5,601.98,0
12655.0,424,1,261.35,1
12656.0,17,8,6407.83,0
12657.0,11,4,1643.18,0
12658.0,19,1,686.05,0
12659.0,30,1,91.68,0
12660.0,11,1,245.1,0
12661.0,436,1,162.0,1
12662.0,1,20,6726.54,0
12663.0,625,2,239.4,1
12664.0,8,11,6070.04,0
12665.0,325,3,313.6,1
12666.0,394,1,1248.42,1
12667.0,58,1,620.13,0
12668.0,12,10,11383.03,0
12669.0,151,3,2744.03,0
12670.0,10,7,3760.29,0
12671.0,606,1,2622.481,1
12672.0,330,2,437.05,1
12673.0,5,3,1230.02,0
12674.0,39,4,1970.6,0
12675.0,554,2,957.25,1
12676.0,25,11,2843.09,0
12677.0,555,2,395.1,1
12678.0,42,21,34281.18,0
12679.0,59,4,1113.02,0
12680.0,1,4,880.81,0
12681.0,15,45,29834.76,0
12682.0,4,52,22950.22,0
12683.0,4,21,11633.7,0
12684.0,8,7,2283.63,0
12685.0,28,6,2863.08,0
12686.0,372,1,89.14,1
12687.0,481,2,2138.91,1
12688.0,114,1,4873.81,0
12689.0,26,2,1247.61,0
12690.0,206,1,389.01,0
12691.0,28,7,1170.4,0
12692.0,637,1,110.95,1
12693.0,127,7,1703.02,0
12694.0,70,3,1843.35,0
12695.0,7,7,1407.12,0
12696.0,435,2,851.91,1
12697.0,29,3,957.59,0
12698.0,590,1,339.75,1
12699.0,418,1,638.11,1
12700.0,8,4,4939.99,0
12701.0,80,6,2446.41,0
12702.0,20,1,219.0,0
12703.0,71,4,1006.53,0
12704.0,7,8,2340.84,0
12705.0,15,14,11762.1,0
12707.0,292,1,603.42,1
12708.0,30,18,5117.66,0
12709.0,15,34,30291.76,0
12710.0,97,3,1149.02,0
12711.0,612,2,1339.05,1
12712.0,29,21,6723.03,0
12713.0,1,1,848.55,0
12714.0,9,12,14093.71,0
12715.0,106,1,343.36,0
12716.0,4,2,1053.49,0
12717.0,151,3,1308.91,0
12718.0,71,1,238.25,0
12719.0,5,2,644.95,0
12720.0,3,30,7787.28,0
12721.0,32,8,4013.08,0
12722.0,85,4,997.63,0
12723.0,4,5,725.07,0
12724.0,5,7,2317.52,0
12725.0,371,4,2266.76,1
12726.0,28,11,4014.6,0
12727.0,11,10,5679.53,0
12728.0,71,5,1070.17,0
12729.0,114,1,453.01,0
12730.0,522,1,829.25,1
12731.0,24,17,25775.71,0
12732.0,180,1,236.26,0
12733.0,234,4,2424.87,0
12734.0,353,3,639.65,1
12735.0,315,2,779.5699999999999,1
12736.0,333,1,234.0,1
12737.0,499,2,3710.5,1
12738.0,372,1,155.35,1
12739.0,78,4,2726.73,0
12740.0,64,1,427.6,0
12741.0,529,2,406.07,1
12742.0,626,1,1201.52,1
12743.0,134,2,540.13,0
12744.0,52,11,25317.06,0
12745.0,487,3,925.41,1
12746.0,541,1,254.55,1
12747.0,2,26,8898.48,0
12748.0,1,336,53539.64,3
12749.0,4,9,6897.36,0
12750.0,129,1,275.88,0
12751.0,445,1,268.27,1
12752.0,81,1,4366.78,0
12753.0,23,6,21429.39,0
12754.0,236,3,3010.74,0
12755.0,281,11,5236.26,0
12756.0,87,1,112.08,0
12757.0,16,13,7834.650000000001,0
12758.0,117,7,9903.24,0
12759.0,52,8,5020.74,0
12760.0,456,1,347.8,1
12761.0,458,2,782.95,1
12762.0,8,2,1898.52,0
12763.0,138,2,494.08,0
12764.0,317,1,1693.88,1
12765.0,472,6,1404.58,1
12766.0,4,9,8918.99,0
12767.0,376,1,949.82,1
12768.0,451,1,168.69,1
12769.0,239,1,1143.6,0
12770.0,211,2,3246.45,0
12771.0,486,1,282.3,1
12772.0,60,1,892.47,0
12773.0,564,1,124.25,1
12774.0,536,1,98.7,1
12775.0,17,7,1686.12,0
12776.0,668,1,55.5,1
12777.0,458,1,519.45,1
12778.0,20,9,1775.68,0
12779.0,38,14,6474.11,0
12780.0,599,1,337.4,1
12781.0,64,2,826.74,0
12782.0,5,11,4618.24,0
12783.0,2,6,2225.91,0
12784.0,9,3,1763.15,0
12785.0,364,3,1100.4,1
12786.0,610,1,728.5000000000001,1
12787.0,10,4,862.1800000000001,0
12788.0,463,4,444.9,1
12789.0,65,3,273.35,0
12790.0,192,2,591.85,0
12791.0,374,6,863.51,1
12792.0,257,2,827.01,1
12793.0,335,3,885.53,1
12794.0,53,2,860.41,0
12795.0,19,1,430.48,0
12796.0,628,1,381.0,1
12797.0,366,2,552.08,1
12798.0,10,4,8510.93,0
12799.0,529,1,219.35,1
12800.0,470,3,584.25,1
12801.0,501,1,1071.82,1
12802.0,187,7,2416.42,0
12803.0,393,1,1092.81,1
12804.0,466,2,325.37,1
12805.0,382,4,1434.95,1
12806.0,435,4,2878.96,1
12807.0,383,1,330.35,1
12808.0,37,5,776.7,0
12809.0,178,3,1755.94,0
12810.0,535,2,534.99,1
12811.0,261,5,1033.9,0
12812.0,45,1,229.64,0
12813.0,502,3,1687.8,1
12814.0,102,1,125.92,0
12815.0,148,2,1063.46,0
12816.0,96,2,572.2,0
12817.0,281,3,690.98,1
12818.0,262,1,1542.08,1
12819.0,458,1,540.52,1
12820.0,3,11,2689.52,0
12821.0,214,2,220.8,0
12822.0,71,2,948.88,0
12823.0,75,18,6501.5,0
12824.0,60,1,397.12,0
12825.0,521,2,518.63,1
12826.0,3,12,2800.75,0
12827.0,6,3,430.15,0
12828.0,3,6,1018.71,0
12829.0,337,3,385.3,1
12830.0,38,6,6814.64,0
12831.0,262,3,451.11,1
12832.0,32,2,383.03,0
12833.0,145,1,417.38,0
12834.0,283,1,312.38,1
12835.0,428,41,5996.83,1
12836.0,59,15,6559.7300000000005,0
12837.0,173,2,662.66,0
12838.0,34,10,2975.91,0
12839.0,3,26,9669.12,0
12840.0,144,7,4041.97,0
12841.0,5,40,6958.2,0
12842.0,70,4,1917.99,0
12843.0,66,30,6583.36,0
12844.0,29,4,648.6,0
12845.0,267,4,354.09000000000003,1
12846.0,682,1,15.58,1
12847.0,22,2,1609.0,0
12848.0,676,1,208.0,1
12849.0,31,6,3042.4700000000003,0
12850.0,446,1,330.0,1
12851.0,97,2,280.76,0
12852.0,295,1,311.55,1
12853.0,135,11,3907.5,0
12854.0,79,7,2970.9700000000003,0
12855.0,373,4,612.84,1
12856.0,8,6,2170.78,0
12857.0,211,6,3688.0,0
12858.0,383,1,147.27,1
12859.0,459,1,575.1,1
12860.0,693,1,54.22,1
12861.0,620,1,68.25,1
12862.0,426,2,984.62,1
12863.0,52,6,2792.55,0
12864.0,138,2,299.57,0
12865.0,26,4,3323.4700000000003,0
12866.0,283,3,1227.35,1
12867.0,26,13,7829.26,0
12868.0,186,8,2043.76,0
12869.0,682,1,337.67,1
12870.0,375,3,1676.95,1
12871.0,84,3,744.02,0
12872.0,327,12,3283.96,1
12873.0,282,3,2027.3,1
12874.0,385,2,948.42,1
12875.0,143,5,1356.9900000000002,0
12876.0,58,4,4081.79,0
12877.0,4,20,2942.14,0
12878.0,236,2,854.99,0
12879.0,45,3,573.22,0
12880.0,382,2,640.13,1
12881.0,276,1,298.0,1
12882.0,9,2,1463.04,0
12883.0,25,4,703.47,0
12884.0,88,1,309.05,0
12885.0,63,3,1175.22,0
12886.0,68,2,1378.4,0
12887.0,384,1,222.4,1
12888.0,214,2,354.12,0
12889.0,381,4,385.46,1
12890.0,24,2,706.02,0
12891.0,186,11,840.5,0
12892.0,397,1,263.38,1
12893.0,31,1,176.55,0
12894.0,575,1,157.35,1
12895.0,42,2,372.8,0
12897.0,205,4,514.25,0
12898.0,464,2,296.21,1
12899.0,414,1,366.4,1
12900.0,422,1,340.33000000000004,1
12901.0,9,28,17654.54,0
12902.0,265,1,138.68,1
12903.0,429,1,833.5300000000001,1
12904.0,18,2,496.06,0
12905.0,577,2,1018.42,1
12906.0,12,5,2919.81,0
12907.0,396,2,508.91,1
12908.0,176,5,1776.0,0
12909.0,40,8,3103.19,0
12910.0,23,13,5796.52,0
12911.0,552,1,1651.72,1
12912.0,3,5,1662.3,0
12913.0,5,13,6283.24,0
12914.0,401,1,223.98,1
12915.0,149,4,975.1,0
12916.0,139,7,4479.73,0
12917.0,128,6,4359.2,0
12918.0,626,1,10953.5,1
12919.0,8,6,1335.19,0
12920.0,17,4,486.64,0
12921.0,9,74,35233.24,3
12922.0,161,1,405.38,0
12923.0,64,3,770.42,0
12924.0,88,12,2469.4,0
12925.0,5,3,729.33,0
12926.0,411,4,1523.97,1
12927.0,395,1,197.31,1
12928.0,35,12,4304.89,0
12929.0,312,1,117.85,1
12930.0,78,2,415.8,0
12931.0,22,57,92347.34,3
12932.0,539,8,1698.56,1
12933.0,24,8,1636.63,0
12934.0,737,1,181.65,1
12935.0,2,15,4243.86,0
12936.0,17,4,1063.9,0
12937.0,15,9,3097.61,0
12938.0,26,1,114.14,0
12939.0,64,20,25264.8,0
12940.0,55,2,899.69,0
12941.0,724,1,377.49,1
12942.0,131,3,675.6,0
12943.0,558,2,496.5,1
12944.0,36,2,604.51,0
12945.0,288,2,900.11,1
12946.0,437,1,324.45,1
12947.0,144,6,1603.99,0
12948.0,16,9,2317.43,0
12949.0,31,22,15526.7,0
12950.0,2,3,1843.0,0
12951.0,9,15,3213.7200000000003,0
12952.0,6,4,1387.79,0
12953.0,10,2,828.8100000000001,0
12954.0,639,1,162.45,1
12955.0,1,11,4757.16,0
12956.0,306,4,521.89,1
12957.0,10,13,8706.97,0
12958.0,400,2,467.34,1
12959.0,484,1,150.95,1
12960.0,414,4,1322.0700000000002,1
12961.0,379,1,211.99,1
12962.0,7,2,266.39,0
12963.0,8,12,3235.79,0
12964.0,437,1,132.24,1
12965.0,89,1,769.8100000000001,0
12966.0,10,1,160.18,0
12967.0,358,3,2938.52,1
12968.0,112,1,135.95,0
12969.0,603,1,122.45,1
12970.0,7,10,1453.6,0
12971.0,4,116,15704.6,3
12972.0,414,4,1161.2,1
12973.0,414,1,385.55,1
12974.0,198,2,408.95,0
12975.0,437,6,2100.09,1
12976.0,212,8,3156.38,0
12977.0,156,4,513.88,0
12978.0,385,5,2502.82,1
12979.0,729,1,517.7,1
12980.0,158,21,16245.78,0
12981.0,30,2,372.22,0
12982.0,243,8,2744.81,0
12983.0,598,1,490.08,1
12984.0,19,1,97.5,0
12985.0,1,2,1239.38,0
12986.0,429,10,2729.84,1
12987.0,74,5,1312.21,0
12988.0,292,1,505.82,1
12989.0,3,33,13551.75,0
12990.0,31,7,955.5,0
12991.0,23,3,764.82,0
12992.0,725,1,93.35,1
12993.0,23,8,1259.63,0
12994.0,4,3,974.42,0
12995.0,85,1,211.32,0
12996.0,376,1,355.5,1
12997.0,22,8,2110.91,0
12998.0,493,3,920.08,1
12999.0,196,3,455.88,0
13000.0,107,4,1032.5,0
13001.0,4,33,24042.65,0
13002.0,318,3,414.13,1
13003.0,106,3,149.05,0
13004.0,12,36,11650.85,0
13005.0,174,4,999.68,0
13006.0,56,1,81.57,0
13007.0,580,1,175.25,1
13008.0,323,3,612.13,1
13009.0,673,1,234.0,1
13010.0,374,2,330.12,1
13011.0,372,1,50.55,1
13012.0,9,11,2957.83,0
13013.0,1,29,11097.43,0
13014.0,11,11,5381.08,0
13015.0,53,11,6579.78,0
13016.0,73,3,789.89,0
13017.0,7,1,204.0,0
13018.0,16,35,9763.16,0
13019.0,379,6,1229.95,1
13020.0,563,2,618.96,1
13021.0,4,17,4887.24,0
13022.0,430,1,65.3,1
13023.0,64,3,1449.03,0
13024.0,471,2,555.87,1
13025.0,732,1,323.39,1
13026.0,1,9,1733.08,0
13027.0,114,19,17239.2,0
13028.0,23,2,661.3199999999999,0
13029.0,31,5,1927.3,0
13030.0,11,2,752.44,0
13031.0,407,5,3292.84,1
13032.0,52,9,2815.96,0
13033.0,357,2,220.55,1
13034.0,55,3,756.82,0
13035.0,74,3,1364.2,0
13036.0,685,1,307.1,1
13037.0,138,12,3914.95,0
13038.0,80,3,908.46,0
13039.0,584,4,1010.73,1
13040.0,9,2,676.99,0
13041.0,451,4,799.13,1
13042.0,598,3,1488.59,1
13043.0,273,1,516.42,1
13044.0,291,11,4848.05,1
13045.0,99,3,808.9200000000001,0
13046.0,31,3,949.25,0
13047.0,32,24,8428.53,0
13048.0,14,9,4049.13,0
13049.0,64,4,1408.24,0
13050.0,15,35,11986.52,0
13051.0,579,2,155.8,1
13052.0,212,7,3119.33,0
13053.0,622,1,127.65,1
13055.0,78,4,2321.11,0
13056.0,551,1,209.48,1
13057.0,530,3,709.59,1
13058.0,25,3,271.40000000000003,0
13059.0,250,10,2291.77,0
13060.0,254,1,307.53000000000003,1
13061.0,72,1,248.61,0
13062.0,191,1,346.98,0
13063.0,481,1,188.4,1
13064.0,13,6,1666.84,0
13065.0,373,5,1055.05,1
13066.0,24,2,470.8,0
13067.0,82,3,508.51,0
13068.0,10,2,344.0,0
13069.0,1,38,9284.45,0
13070.0,192,4,751.7,0
13071.0,612,1,129.22,1
13072.0,267,1,177.15,1
13073.0,411,2,418.08,1
13074.0,511,4,1378.74,1
13075.0,130,1,919.61,0
13076.0,458,1,135.4,1
13077.0,1,11,2740.65,0
13078.0,3,57,29018.06,0
13079.0,4,6,419.18,0
13080.0,179,4,280.73,0
13081.0,12,28,56838.37,0
13082.0,126,21,7335.75,0
13083.0,4,3,395.43,0
13084.0,492,1,122.4,1
13085.0,158,8,2433.28,0
13086.0,383,1,439.33,1
13087.0,726,1,313.64,1
13088.0,417,1,236.11,1
13089.0,3,203,113416.91,3
13090.0,9,24,13091.74,0
13091.0,28,3,2321.82,0
13092.0,71,12,2140.28,0
13093.0,276,55,54144.25,3
13094.0,21,13,2209.44,0
13095.0,71,1,74.39999999999999,0
13096.0,394,1,419.7000000000001,1
13097.0,33,28,13324.1,0
13098.0,1,28,28882.44,0
13099.0,99,1,207.36,0
13101.0,234,4,695.4,0
13102.0,1,37,11380.1,0
13103.0,40,3,709.64,0
13104.0,3,9,1709.1,0
13105.0,436,1,72.0,1
13106.0,133,2,603.46,0
13107.0,44,9,5253.07,0
13108.0,373,2,748.46,1
13109.0,60,3,1134.03,0
13110.0,31,12,2957.4700000000003,0
13111.0,719,1,321.88000000000005,1
13112.0,541,1,20.6,1
13113.0,1,37,18230.07,0
13114.0,731,1,234.38,1
13115.0,12,10,5494.7,0
13116.0,138,1,501.14,0
13117.0,22,18,2255.66,0
13118.0,20,9,2415.41,0
13119.0,669,1,134.9,1
13120.0,239,1,30.6,0
13121.0,269,1,283.73,1
13122.0,94,2,922.39,0
13123.0,473,2,506.75,1
13124.0,90,4,4641.66,0
13125.0,524,1,148.62,1
13126.0,5,13,3774.81,0
13127.0,78,1,259.17,0
13128.0,631,1,263.5,1
13129.0,452,2,233.25,1
13130.0,94,1,64.0,0
13131.0,23,7,3313.77,0
13132.0,262,1,77.3,1
13133.0,274,3,200.45,1
13134.0,86,6,2475.23,0
13135.0,197,2,3371.45,0
13136.0,56,13,6274.56,0
13137.0,11,16,7586.94,0
13138.0,22,7,1274.01,0
13139.0,16,8,8202.98,0
13140.0,108,5,1054.92,0
13141.0,85,17,7656.08,0
13142.0,19,1,307.09000000000003,0
13143.0,585,1,405.1,1
13144.0,333,2,135.35,1
13145.0,40,7,1128.52,0
13146.0,26,1,228.91,0
13147.0,10,4,712.8,0
13148.0,29,26,8497.82,0
13149.0,14,4,1676.06,0
13150.0,484,3,449.97,1
13151.0,296,3,2465.21,1
13152.0,417,7,2146.38,1
13153.0,6,1,486.22,0
13154.0,399,3,1624.84,1
13155.0,33,6,1370.48,0
13156.0,385,3,1586.54,1
13157.0,49,9,5687.36,0
13158.0,95,5,1508.18,0
13159.0,9,4,1429.35,0
13160.0,22,1,91.8,0
13161.0,313,2,472.13,1
13162.0,122,16,9275.49,0
13163.0,610,1,17.65,1
13164.0,569,2,372.2,1
13165.0,46,3,1451.16,0
13166.0,283,2,875.93,1
13167.0,19,5,1125.15,0
13168.0,36,5,1840.73,0
13169.0,64,3,840.08,0
13170.0,27,1,108.81,0
13171.0,22,3,468.41,0
13172.0,400,1,69.6,1
13173.0,4,11,2399.82,0
13174.0,16,12,7995.36,0
13175.0,582,2,831.45,1
13176.0,46,1,481.49,0
13177.0,65,2,512.2,0
13178.0,26,21,14059.19,0
13179.0,619,1,572.3100000000001,1
13180.0,607,1,86.10000000000001,1
13181.0,381,1,359.69,1
13182.0,45,1,121.18,0
13183.0,8,15,7036.18,0
13184.0,15,10,1668.95,0
13185.0,268,1,71.4,1
13186.0,40,3,1575.89,0
13187.0,337,4,341.36,1
13188.0,11,1,114.6,0
13189.0,19,2,260.68,0
13190.0,544,3,570.66,1
13191.0,658,1,164.69,1
13192.0,95,6,2558.58,0
13193.0,61,1,112.08,0
13194.0,136,2,472.78,0
13195.0,414,1,136.73,1
13196.0,11,7,3068.84,0
13197.0,610,1,373.0100000000001,1
13198.0,10,8,4974.2300000000005,0
13199.0,4,67,15964.21,0
13200.0,19,4,870.09,0
13201.0,502,4,1233.06,1
13202.0,394,7,1580.3,1
13203.0,10,10,2648.25,0
13204.0,731,1,966.66,1
13205.0,443,1,2803.2,1
13206.0,400,13,8308.19,1
13207.0,15,4,535.86,0
13208.0,59,9,1976.3,0
13209.0,30,13,8509.51,0
13210.0,94,1,353.48,0
13211.0,10,10,2618.77,0
13212.0,20,3,786.83,0
13213.0,57,11,3851.52,0
13214.0,418,7,3264.23,1
13215.0,402,1,81.6,1
13216.0,268,1,333.74,1
13217.0,122,4,666.48,0
13218.0,127,1,62.64,0
13219.0,618,1,76.23,1
13220.0,78,5,1336.09,0
13221.0,240,2,847.41,0
13222.0,577,1,88.5,1
13223.0,200,6,969.12,0
13224.0,60,2,2155.95,0
13225.0,3,16,16260.07,0
13226.0,273,2,312.46,1
13227.0,202,1,257.7,0
13228.0,81,1,358.0,0
13229.0,226,1,160.95,0
13230.0,4,30,6120.01,0
13232.0,13,7,1328.35,0
13233.0,74,4,1176.46,0
13234.0,673,2,346.5,1
13235.0,212,1,1031.07,0
13236.0,25,2,744.85,0
13237.0,388,1,643.0,1
13238.0,17,6,1006.63,0
13239.0,262,5,1594.69,0
13240.0,96,8,1475.79,0
13241.0,412,1,112.53,1
13242.0,112,7,699.4,0
13243.0,203,5,1220.38,0
13244.0,93,1,121.74,0
13245.0,51,2,989.22,0
13246.0,18,11,3351.75,0
13247.0,18,4,501.12,0
13248.0,125,2,465.68,0
13249.0,92,9,1608.9299999999998,0
13250.0,461,2,253.09,1
13251.0,402,1,252.68,1
13252.0,394,2,399.3,1
13253.0,157,4,2951.11,0
13254.0,376,1,51.41,1
13255.0,9,3,678.76,0
13257.0,436,1,149.75,1
13258.0,12,5,1009.43,0
13259.0,62,9,1402.54,0
13260.0,61,1,557.62,0
13261.0,269,2,944.1,1
13262.0,263,3,573.45,1
13263.0,1,39,8676.2,0
13264.0,443,1,722.5600000000001,1
13265.0,53,5,2092.66,0
13266.0,11,19,6135.04,0
13267.0,3,36,9429.81,0
13268.0,18,11,3174.75,0
13269.0,1,28,8537.32,0
13270.0,366,1,590.0,1
13271.0,37,1,211.49,0
13272.0,31,2,276.56,0
13273.0,113,1,138.98,0
13274.0,409,1,360.85,1
13275.0,384,2,238.86,1
13276.0,64,5,1891.91,0
13277.0,16,7,523.3,0
13278.0,41,4,1435.85,0
13279.0,78,1,137.75,0
13280.0,122,7,2293.33,0
13281.0,439,1,350.85,1
13282.0,18,4,1313.19,0
13283.0,60,4,373.36,0
13284.0,331,1,201.19,1
13285.0,23,6,3364.59,0
13286.0,600,1,734.91,1
13287.0,603,3,781.59,1
13288.0,443,5,927.61,1
13289.0,724,1,307.95,1
13290.0,438,1,208.63,1
13291.0,156,11,3270.79,0
13292.0,39,5,994.51,0
13293.0,392,6,1192.94,1
13294.0,190,3,1689.53,0
13295.0,360,4,1101.97,1
13296.0,137,6,792.51,0
13297.0,8,7,4368.62,0
13298.0,1,1,360.0,0
13299.0,268,3,1218.7,1
13300.0,169,3,1285.51,0
13301.0,104,4,618.09,0
13302.0,155,2,159.2,0
13303.0,400,1,61.72,1
13304.0,351,4,1217.99,1
13305.0,4,16,3616.41,0
13306.0,430,1,53.65,1
13307.0,120,3,273.34,0
13308.0,23,4,1670.37,0
13309.0,7,6,1706.37,0
13310.0,28,5,1541.2,0
13311.0,4,2,598.57,0
13312.0,451,1,124.75,1
13313.0,22,12,3445.32,0
13314.0,2,3,775.94,0
13315.0,689,1,310.26000000000005,1
13316.0,37,10,12940.82,0
13317.0,66,19,6486.091,0
13318.0,1,3,640.76,0
13319.0,5,58,21323.22,0
13320.0,78,6,2211.6,0
13321.0,72,2,567.36,0
13322.0,17,1,199.48,0
13323.0,3,5,787.85,0
13324.0,36,18,10513.47,0
13325.0,82,1,675.3,0
13326.0,432,1,281.76,1
13327.0,39,20,9134.48,0
13328.0,316,1,1308.48,1
13329.0,32,8,4808.77,0
13330.0,93,6,2796.1,0
13331.0,402,1,262.4,1
13332.0,14,1,350.90000000000003,0
13333.0,411,3,1015.74,1
13334.0,82,5,6201.8,0
13336.0,77,1,795.12,0
13337.0,546,1,1575.26,1
13338.0,158,4,2445.62,0
13339.0,201,1,860.12,0
13340.0,45,12,22100.56,0
13341.0,261,1,775.85,1
13343.0,178,1,353.43,0
13344.0,68,3,2511.69,0
13345.0,288,1,389.5,1
13346.0,463,6,299.4,1
13347.0,70,1,341.36,0
13348.0,64,1,233.76,0
13349.0,11,1,247.32,0
13350.0,16,2,979.12,0
13351.0,66,1,373.94,0
13352.0,60,1,397.98,0
13354.0,71,1,743.53,0
13355.0,122,1,674.7,0
13356.0,80,1,768.24,0
13357.0,257,5,3805.51,0
13358.0,269,1,439.03,1
13359.0,64,2,1043.31,0
13360.0,432,4,1553.65,1
13361.0,472,2,1450.5,1
13362.0,9,7,5394.07,0
13363.0,18,3,1723.86,0
13364.0,71,1,134.96,0
13365.0,34,2,2225.37,0
13366.0,50,1,56.16,0
13367.0,432,1,510.2,1
13368.0,257,4,1121.5,0
13369.0,366,1,308.28000000000003,1
13370.0,372,1,754.87,1
13371.0,505,2,2297.66,1
13372.0,90,1,378.64,0
13373.0,61,6,7587.19,0
13374.0,415,2,422.8,1
13375.0,89,2,1792.23,0
13376.0,99,3,1019.76,0
13377.0,397,2,1552.88,1
13379.0,26,3,572.56,0
13380.0,433,1,62.4,1
13381.0,32,12,8224.37,0
13382.0,281,5,1387.58,1
13383.0,544,1,305.28000000000003,1
13384.0,31,11,6680.83,0
13385.0,330,1,534.57,1
13386.0,414,2,835.46,1
13387.0,417,1,186.94,1
13388.0,131,3,1185.65,0
13389.0,11,3,797.96,0
13390.0,75,1,544.08,0
13391.0,204,1,59.8,0
13392.0,677,1,91.14,1
13393.0,584,4,1131.45,1
13394.0,2,19,6621.7,0
13395.0,185,3,1180.23,0
13396.0,29,2,1360.99,0
13397.0,73,10,3191.87,0
13398.0,192,2,670.34,0
13399.0,464,3,275.4,1
13400.0,583,1,310.83,1
13402.0,127,4,1226.85,0
13403.0,18,3,229.5,0
13404.0,1,2,252.49,0
13405.0,74,6,1213.811,0
13406.0,427,2,568.92,1
13407.0,579,3,2244.7,1
13408.0,2,106,50174.782,3
13410.0,24,9,2201.96,0
13411.0,107,1,213.55,0
13412.0,620,1,487.35,1
13413.0,640,6,429.44,1
13414.0,134,6,2494.14,0
13415.0,473,4,784.17,1
13416.0,44,3,940.8,0
13417.0,5,6,1669.49,0
13418.0,12,31,11559.66,0
13419.0,64,1,221.06,0
13420.0,150,2,159.85,0
13421.0,40,8,4058.75,0
13422.0,64,1,2626.3,0
13423.0,429,1,217.03,1
13424.0,450,1,572.77,1
13425.0,108,5,3390.4300000000003,0
13426.0,1,22,8167.38,0
13427.0,19,6,1006.53,0
13428.0,10,3,478.54,0
13429.0,11,4,1006.8,0
13430.0,19,2,679.45,0
13431.0,67,8,3316.24,0
13432.0,571,2,439.1,1
13433.0,501,4,658.32,1
13434.0,74,5,1666.86,0
13435.0,5,9,4447.33,0
13436.0,2,1,196.89,0
13437.0,14,7,3408.06,0
13438.0,547,1,46.5,1
13439.0,255,3,986.61,0
13440.0,423,7,1295.25,1
13441.0,92,2,720.9,0
13442.0,667,3,419.87,1
13443.0,449,6,1273.16,1
13444.0,374,2,619.08,1
13445.0,626,1,241.9,1
13446.0,430,11,3881.89,1
13447.0,23,3,1129.14,0
13448.0,17,13,8745.93,0
13449.0,24,1,291.88,0
13450.0,27,13,4120.04,0
13451.0,26,11,7090.06,0
13452.0,259,3,729.8,1
13453.0,166,3,781.69,0
13454.0,641,1,219.87,1
13455.0,25,6,2212.99,0
13456.0,18,6,1766.72,0
13457.0,689,2,148.22,1
13458.0,7,16,11959.27,0
13459.0,625,2,1160.41,1
13460.0,29,2,183.44,0
13461.0,39,6,4160.0,0
13462.0,253,5,1153.85,0
13464.0,58,6,3097.64,0
13465.0,446,2,931.12,1
13466.0,184,5,1013.35,0
13467.0,11,2,1071.91,0
13468.0,2,72,12793.28,3
13469.0,653,1,82.4,1
13470.0,99,2,165.0,0
13471.0,1,4,2501.84,0
13472.0,464,2,592.24,1
13473.0,61,8,2657.76,0
13474.0,236,3,646.59,0
13475.0,191,4,1431.78,0
13476.0,179,5,2061.4700000000003,0
13477.0,38,11,2819.17,0
13478.0,469,5,2215.78,1
13479.0,201,4,851.37,0
13480.0,417,2,627.82,1
13481.0,46,11,3830.84,0
13482.0,232,2,336.09,0
13483.0,66,1,140.34,0
13484.0,241,3,790.72,0
13485.0,233,11,3019.2200000000003,0
13486.0,78,3,1122.41,0
13487.0,58,5,846.87,0
13488.0,17,23,14205.96,0
13489.0,105,4,449.52,0
13490.0,654,1,154.25,1
13491.0,52,27,4467.66,0
13492.0,136,3,1269.84,0
13493.0,275,2,618.63,1
13494.0,312,1,316.26000000000005,1
13495.0,8,10,4863.31,0
13496.0,11,2,653.33,0
13497.0,283,6,1166.8300000000002,1
13498.0,730,1,327.38,1
13499.0,18,5,1159.11,0
13500.0,23,4,1466.3,0
13501.0,288,3,2885.11,1
13502.0,17,5,780.5,0
13503.0,71,6,1859.24,0
13504.0,64,1,295.93,0
13505.0,73,4,4393.63,0
13506.0,316,5,1338.08,1
13507.0,3,4,2479.16,0
13508.0,244,2,287.05,0
13509.0,9,8,1114.72,0
13510.0,1,11,4558.29,0
13511.0,677,1,282.76,1
13512.0,261,4,713.39,0
13513.0,127,3,824.59,0
13514.0,74,4,815.9000000000001,0
13515.0,73,6,1265.82,0
13516.0,21,4,1685.26,0
13517.0,60,3,2128.42,0
13518.0,86,1,627.16,0
13519.0,78,2,343.21,0
13520.0,59,11,6606.0,0
13521.0,1,3,1071.73,0
13522.0,30,1,125.8,0
13523.0,33,6,4534.57,0
13524.0,41,5,680.1800000000001,0
13525.0,15,2,628.78,0
13526.0,738,2,1182.0,1
13527.0,34,12,4541.29,0
13529.0,79,2,307.76,0
13530.0,634,1,402.98,1
13531.0,205,6,1433.07,0
13532.0,34,1,210.31,0
13533.0,183,3,269.09,0
13534.0,2,35,7720.900000000001,0
13535.0,403,1,89.5,1
13536.0,1,7,3444.39,0
13537.0,426,2,717.85,1
13538.0,43,12,3103.13,0
13539.0,86,7,1569.36,0
13540.0,467,3,632.39,1
13541.0,427,2,785.25,1
13542.0,377,17,3959.49,1
13543.0,634,2,1439.61,1
13544.0,40,6,790.2,0
13545.0,391,2,364.93,1
13546.0,12,5,1086.24,0
13547.0,408,1,167.08,1
13548.0,96,3,901.44,0
13549.0,26,8,1005.8,0
13550.0,383,1,342.55,1
13551.0,319,2,244.2,1
13552.0,66,22,6948.92,0
13553.0,675,1,499.6,1
13554.0,380,7,1629.35,1
13555.0,74,13,8891.84,0
13556.0,429,2,200.82,1
13557.0,28,13,3032.26,0
13558.0,6,4,594.52,0
13559.0,513,2,990.0,1
13560.0,7,1,171.42000000000002,0
13561.0,216,11,1803.4,0
13562.0,82,8,4838.18,0
13563.0,84,2,777.53,0
13564.0,144,37,16498.97,0
13565.0,19,3,414.8,0
13566.0,41,5,1688.6,0
13567.0,428,4,1079.29,1
13568.0,173,1,187.05,0
13569.0,17,4,726.54,0
13570.0,243,1,239.49,0
13571.0,13,26,4537.26,0
13572.0,206,1,1384.25,0
13573.0,50,6,904.52,0
13574.0,411,1,404.45,1
13575.0,23,5,732.07,0
13576.0,10,28,11202.59,0
13577.0,25,11,3489.28,0
13578.0,409,1,147.66,1
13579.0,15,5,1374.34,0
13580.0,406,1,107.75,1
13581.0,309,2,280.53000000000003,1
13582.0,390,2,241.68,1
13583.0,156,2,1445.031,0
13584.0,307,3,385.7,1
13585.0,531,3,684.54,1
13586.0,541,1,127.28,1
13587.0,64,4,1673.5,0
13588.0,16,9,2478.95,0
13589.0,15,6,1120.74,0
13590.0,11,18,6336.04,0
13591.0,65,7,2093.94,0
13592.0,36,4,247.96,0
13593.0,108,14,5493.29,0
13594.0,53,2,533.32,0
13595.0,517,3,784.48,1
13596.0,6,2,664.11,0
13597.0,400,2,396.71,1
13598.0,47,5,761.96,0
13599.0,1,33,9811.04,0
13600.0,312,2,518.42,1
13601.0,45,4,1159.99,0
13602.0,65,4,1025.17,0
13603.0,26,1,164.34,0
13604.0,659,1,717.62,1
13605.0,387,2,522.67,1
13606.0,29,3,276.75,0
13607.0,40,2,1075.81,0
13608.0,541,1,232.05,1
13609.0,593,1,167.35,1
13610.0,12,14,2103.71,0
13611.0,89,10,3297.9300000000003,0
13612.0,633,1,818.29,1
13613.0,453,5,1039.85,1
13614.0,24,6,2332.74,0
13615.0,319,8,6272.53,1
13616.0,568,2,283.85,1
13617.0,40,8,1278.75,0
13618.0,174,1,177.34,0
13619.0,545,2,224.94,1
13620.0,528,1,112.34,1
13621.0,117,1,213.85,0
13622.0,696,1,658.95,1
13623.0,31,10,2533.06,0
13624.0,388,1,462.08,1
13625.0,597,1,301.26,1
13626.0,253,2,707.04,0
13627.0,59,7,2245.9,0
13628.0,676,1,310.14,1
13629.0,23,19,13370.86,0
13630.0,5,7,2031.78,0
13631.0,100,11,3070.42,0
13632.0,25,8,3645.81,0
13634.0,33,16,5033.77,0
13635.0,68,4,2999.16,0
13636.0,37,5,949.12,0
13637.0,52,3,804.3,0
13638.0,16,1,122.64,0
13639.0,74,2,1346.27,0
13640.0,611,1,405.0,1
13641.0,641,5,1016.47,1
13642.0,216,4,472.2,0
13643.0,31,10,2156.77,0
13644.0,16,4,2624.26,0
13645.0,120,1,252.1,0
13646.0,400,2,326.25,1
13647.0,10,8,3041.68,0
13648.0,400,8,1764.02,1
13649.0,257,6,1453.68,0
13650.0,17,10,3288.0,0
13651.0,35,3,226.85,0
13652.0,46,5,2262.05,0
13653.0,488,1,152.2,1
13654.0,43,11,6308.0,0
13655.0,114,6,2280.51,0
13656.0,165,4,1078.85,0
13657.0,11,2,382.14,0
13658.0,10,9,6025.5,0
13659.0,206,12,4884.68,0
13660.0,400,1,306.64,1
13661.0,603,1,325.24,1
13662.0,86,11,2233.61,0
13663.0,179,5,2047.51,0
13665.0,386,3,1711.66,1
13666.0,60,5,127.9,0
13667.0,149,1,299.05,0
13668.0,3,35,12948.48,0
13669.0,51,3,413.55,0
13670.0,75,1,349.7,0
13671.0,395,1,172.6,1
13672.0,301,3,419.92,1
13673.0,19,2,387.44,0
13674.0,433,1,240.68,1
13675.0,151,2,486.8200000000001,0
13676.0,539,2,243.9,1
13677.0,405,2,551.24,1
13678.0,152,1,232.6,0
13679.0,494,3,281.26,1
13680.0,1,12,11419.67,0
13681.0,18,4,827.83,0
13682.0,187,1,59.5,0
13683.0,458,1,258.6,1
13684.0,286,4,594.88,1
13685.0,3,7,3119.44,0
13686.0,183,3,409.04,0
13687.0,438,1,11880.84,1
13688.0,635,1,375.5,1
13689.0,63,2,1259.5,0
13690.0,59,1,172.25,0
13691.0,396,1,212.78,1
13692.0,25,5,3114.4,0
13693.0,374,9,2011.82,1
13694.0,4,143,195640.69,3
13695.0,31,16,2770.73,0
13696.0,422,3,2020.4,1
13697.0,39,1,151.3,0
13698.0,597,2,451.73,1
13699.0,155,2,764.15,0
13700.0,26,13,2596.9700000000003,0
13701.0,447,1,161.0,1
13702.0,446,1,135.18,1
13703.0,318,2,425.56,1
13704.0,5,9,2308.06,0
13705.0,8,7,1717.19,0
13706.0,303,2,631.1700000000001,1
13707.0,267,5,3365.86,0
13708.0,271,1,285.33,1
13709.0,4,18,7571.35,0
13710.0,32,3,509.52,0
13711.0,219,9,1792.26,0
13712.0,247,2,766.42,0
13713.0,408,3,740.76,1
13714.0,465,1,161.35,1
13715.0,281,17,8153.04,0
13716.0,269,1,138.28,1
13717.0,32,8,1763.3,0
13718.0,246,2,306.55,0
13719.0,15,11,2783.08,0
13720.0,117,4,799.9,0
13721.0,36,2,741.54,0
13722.0,132,10,5635.41,0
13723.0,217,6,1194.08,0
13724.0,637,1,213.01,1
13725.0,50,8,1980.56,0
13726.0,39,2,1079.66,0
13727.0,29,8,1074.15,0
13728.0,37,16,2855.17,0
13729.0,436,3,724.73,1
13730.0,136,2,752.6,0
13731.0,219,2,610.59,0
13732.0,28,1,491.86,0
13733.0,411,2,487.03,1
13734.0,509,4,6695.6900000000005,1
13735.0,25,13,9762.77,0
13736.0,5,7,2752.47,0
13737.0,200,1,339.6,0
13738.0,396,1,434.78,1
13739.0,18,2,292.2,0
13740.0,241,5,1582.77,0
13741.0,72,3,668.4300000000001,0
13742.0,17,12,3107.87,0
13743.0,3,7,1341.6,0
13744.0,95,2,1080.52,0
13745.0,162,2,777.36,0
13746.0,414,1,176.69,1
13747.0,374,2,169.8,1
13748.0,96,9,2064.35,0
13750.0,54,11,3602.18,0
13751.0,288,1,296.25,1
13752.0,124,7,1579.8300000000002,0
13753.0,288,4,2094.57,1
13754.0,152,3,447.05,0
13755.0,4,9,2108.06,0
13756.0,2,23,8655.95,0
13757.0,675,1,195.55,1
13758.0,12,15,8698.13,0
13759.0,33,2,659.4100000000001,0
13760.0,54,5,1363.64,0
13761.0,50,6,1952.17,0
13762.0,219,5,2472.48,0
13763.0,63,3,5217.44,0
13764.0,71,6,2919.62,0
13765.0,653,1,352.821,1
13766.0,495,1,190.35,1
13767.0,2,73,33903.57,3
13768.0,727,2,875.97,1
13769.0,2,20,5478.12,0
13770.0,422,4,785.37,1
13771.0,64,9,5728.82,0
13772.0,34,8,3100.02,0
13773.0,397,2,301.54,1
13774.0,82,1,345.0,0
13775.0,591,1,1049.66,1
13776.0,428,2,623.98,1
13777.0,1,61,49638.26,3
13778.0,103,4,1124.49,0
13779.0,516,1,161.13,1
13780.0,7,3,732.07,0
13781.0,251,3,778.83,0
13782.0,13,13,1786.08,0
13783.0,488,4,1542.09,1
13784.0,10,14,2910.23,0
13785.0,429,4,542.49,1
13786.0,367,6,3127.99,1
13787.0,76,6,1222.5,0
13788.0,505,1,3.75,1
13789.0,388,1,239.46,1
13790.0,4,1,348.79999999999995,0
13791.0,128,2,1516.0,0
13792.0,66,3,383.95,0
13793.0,647,1,96.0,1
13794.0,547,1,126.03,1
13795.0,388,4,836.3,1
13796.0,499,1,289.7,1
13797.0,437,3,1179.45,1
13798.0,1,110,75428.87,3
13799.0,117,9,2803.57,0
13800.0,310,3,1679.56,1
13801.0,67,1,324.8,0
13802.0,139,19,26259.11,0
13803.0,255,3,1338.91,0
13804.0,31,9,3161.12,0
13805.0,52,2,924.6,0
13806.0,64,1,256.38,0
13807.0,367,3,422.2,1
13808.0,6,5,1747.66,0
13809.0,305,3,679.6999999999999,1
13810.0,29,3,1499.01,0
13811.0,184,3,814.5,0
13812.0,42,3,539.0,0
13813.0,40,8,2765.4700000000003,0
13814.0,92,3,2257.32,0
13815.0,22,8,7475.74,0
13816.0,24,2,571.6700000000001,0
13817.0,29,2,382.98,0
13818.0,430,1,61.28,1
13819.0,302,6,2642.35,1
13820.0,418,3,652.75,1
13821.0,145,6,1379.08,0
13822.0,6,2,632.0,0
13823.0,19,7,3403.4500000000003,0
13824.0,33,12,3314.76,0
13825.0,622,2,255.59,1
13826.0,176,1,189.5,0
13827.0,58,3,409.8,0
13828.0,22,1,209.49,0
13829.0,421,1,102.0,1
13830.0,582,1,156.85000000000002,1
13831.0,16,18,6585.54,0
13832.0,19,2,609.89,0
13833.0,159,2,700.41,0
13834.0,577,2,324.19,1
13835.0,25,7,1095.27,0
13836.0,399,2,620.37,1
13837.0,212,2,266.59000000000003,0
13838.0,6,10,1690.07,0
13839.0,486,1,139.95000000000002,1
13840.0,416,1,651.4,1
13841.0,253,1,85.0,1
13842.0,59,18,5319.34,0
13843.0,381,1,319.75,1
13844.0,11,1,361.62,0
13845.0,65,1,312.98,0
13846.0,25,4,1307.79,0
13847.0,720,1,310.72,1
13848.0,92,8,3015.0,0
13849.0,52,5,3469.3,0
13850.0,129,1,1595.48,0
13851.0,96,8,4606.46,0
13852.0,611,1,187.35,1
13853.0,57,1,1090.14,0
13854.0,9,39,11944.56,0
13855.0,501,4,1310.34,1
13856.0,169,11,1142.03,0
13857.0,393,6,1001.01,1
13858.0,57,1,216.17,0
13859.0,326,2,515.86,1
13860.0,1,5,1245.9,0
13861.0,429,2,273.26,1
13862.0,18,9,2556.09,0
13863.0,248,4,1239.55,0
13864.0,387,1,662.4000000000001,1
13865.0,58,4,501.56,0
13866.0,74,1,145.67,0
13867.0,31,3,1005.09,0
13868.0,7,2,3192.54,0
13869.0,123,10,7996.87,0
13870.0,2,15,5712.08,0
13871.0,23,17,7885.85,0
13872.0,527,3,919.57,1
13873.0,120,8,1038.92,0
13874.0,358,7,2049.15,1
13875.0,54,14,4814.37,0
13876.0,64,1,122.7,0
13877.0,86,3,449.68,0
13878.0,55,4,2416.9,0
13879.0,646,1,395.5,1
13880.0,21,17,4293.86,0
13881.0,4,43,45179.1,0
13882.0,3,5,1191.13,0
13883.0,11,15,6560.02,0
13884.0,7,10,1825.03,0
13885.0,189,2,506.8,0
13886.0,71,1,243.56,0
13887.0,204,1,349.55,0
13888.0,120,7,2001.59,0
13889.0,93,6,1991.23,0
13890.0,1,14,2927.38,0
13891.0,378,3,859.21,1
13892.0,27,6,1267.65,0
13893.0,298,1,821.1,1
13894.0,24,3,564.62,0
13895.0,28,6,4008.52,0
13896.0,626,1,388.55,1
13897.0,50,3,1160.72,0
13898.0,326,2,686.4,1
13899.0,16,2,388.52,0
13900.0,183,6,1610.59,0
13901.0,72,15,5676.34,0
13902.0,632,5,34095.26,1
13903.0,400,1,165.45000000000002,1
13904.0,37,2,332.64,0
13905.0,733,1,312.65,1
13906.0,409,1,42.0,1
13907.0,692,1,136.8,1
13908.0,80,4,2369.55,0
13909.0,423,2,282.85,1
13911.0,57,20,4234.99,0
13912.0,424,1,124.95,1
13913.0,507,1,42.22,1
13914.0,12,2,626.45,0
13915.0,394,1,70.80000000000001,1
13916.0,464,4,1275.81,1
13917.0,50,2,272.04,0
13918.0,50,2,1212.84,0
13919.0,59,4,1360.68,0
13920.0,432,4,1774.68,1
13921.0,402,4,730.7,1
13922.0,352,3,865.2,1
13923.0,54,1,351.13,0
13924.0,2,6,1838.85,0
13925.0,93,4,678.25,0
13926.0,23,1,223.85,0
13927.0,75,2,708.26,0
13928.0,11,4,464.57,0
13929.0,169,11,3494.1,0
13930.0,58,2,337.34,0
13931.0,96,11,5257.38,0
13932.0,295,1,307.4,1
13933.0,109,2,608.79,0
13934.0,264,1,922.1,1
13935.0,597,3,6116.92,1
13936.0,180,3,939.66,0
13937.0,169,2,880.13,0
13938.0,35,1,71.66,0
13939.0,23,7,1560.96,0
13940.0,17,4,839.14,0
13941.0,22,15,10027.18,0
13942.0,535,1,320.0,1
13943.0,578,1,246.54,1
13944.0,653,1,200.43,1
13945.0,395,2,854.1500000000001,1
13946.0,79,6,1876.23,0
13947.0,65,1,90.6,0
13948.0,361,4,548.76,1
13949.0,3,6,2427.32,0
13950.0,11,4,745.0600000000001,0
13951.0,176,3,674.45,0
13952.0,218,14,12823.521,0
13953.0,7,12,6640.68,0
13954.0,2,2,439.92,0
13955.0,154,3,544.0699999999999,0
13956.0,5,5,1019.27,0
13957.0,418,3,458.25,1
13958.0,380,8,4709.2300000000005,1
13959.0,79,6,1064.77,0
13960.0,21,2,230.22,0
13961.0,392,1,538.4,1
13962.0,22,3,362.8,0
13963.0,308,17,2860.57,1
13964.0,387,2,438.9,1
13965.0,477,3,996.61,1
13966.0,435,1,384.26,1
13967.0,146,2,166.3,0
13968.0,423,1,123.66,1
13969.0,7,35,12973.46,0
13970.0,386,2,846.55,1
13971.0,19,14,4667.57,0
13972.0,71,2,190.25,0
13973.0,287,1,264.7,1
13974.0,49,2,677.72,0
13975.0,31,12,5256.4,0
13976.0,207,4,1192.36,0
13977.0,411,1,519.8100000000001,1
13978.0,15,2,196.79,0
13979.0,73,7,3379.93,0
13980.0,60,5,768.8199999999999,0
13981.0,416,1,331.14,1
13982.0,39,9,3954.29,0
13983.0,30,21,6753.89,0
13984.0,27,12,1893.8,0
13985.0,4,22,10020.86,0
13986.0,17,1,320.46,0
13987.0,380,2,682.54,1
13988.0,20,8,4757.8,0
13989.0,66,5,2026.06,0
13990.0,213,1,311.3,0
13991.0,12,6,852.88,0
13992.0,30,3,219.5,0
13993.0,43,19,6775.71,0
13994.0,4,6,2274.14,0
13995.0,15,14,3902.01,0
13996.0,386,2,895.76,1
13997.0,519,3,376.46,1
13998.0,447,3,566.7,1
13999.0,10,29,9502.26,0
14000.0,211,5,2046.34,0
14001.0,46,9,4228.85,0
14002.0,134,2,529.73,0
14003.0,733,1,209.41,1
14004.0,43,11,6258.45,0
14005.0,10,5,2874.72,0
14006.0,116,7,2196.67,0
14007.0,513,1,79.48,1
14008.0,432,1,509.04,1
14009.0,198,3,1099.91,0
14010.0,565,2,445.15,1
14011.0,480,2,457.82,1
14012.0,278,1,328.8,1
14013.0,110,5,1084.57,0
14014.0,77,3,1948.21,0
14015.0,53,1,917.34,0
14016.0,162,11,11403.41,0
14017.0,571,1,229.75,1
14018.0,645,1,367.15,1
14019.0,47,3,1421.61,0
14020.0,17,4,1249.01,0
14021.0,155,7,1716.58,0
14022.0,225,2,792.15,0
14023.0,7,2,584.07,0
14024.0,122,3,645.74,0
14025.0,465,8,4057.9,1
14026.0,471,2,713.11,1
14027.0,61,1,104.82,0
14028.0,550,3,10396.5,1
14029.0,63,2,467.66,0
14030.0,18,20,7521.8,0
14031.0,7,44,39019.51,0
14032.0,2,16,4546.41,0
14033.0,555,1,109.44,1
14034.0,22,3,648.89,0
14035.0,29,9,2794.75,0
14036.0,285,1,626.65,1
14037.0,176,6,836.95,0
14038.0,78,5,3069.88,0
14039.0,33,2,267.28000000000003,0
14040.0,41,35,12523.81,0
14041.0,266,1,141.41,1
14042.0,725,1,431.98,1
14043.0,491,2,302.6,1
14044.0,27,10,3077.7,0
14045.0,109,16,10986.63,0
14046.0,284,1,154.99,1
14047.0,9,14,3968.11,0
14048.0,305,3,748.69,1
14049.0,17,13,13023.4,0
14050.0,32,2,746.36,0
14051.0,1,37,21770.98,0
14052.0,20,2,466.66,0
14053.0,124,4,572.3,0
14054.0,65,1,92.46,0
14055.0,106,3,1520.96,0
14056.0,1,23,8152.71,0
14057.0,24,22,8346.66,0
14058.0,463,2,469.19,1
14059.0,267,1,183.6,1
14060.0,5,30,8898.24,0
14061.0,507,3,917.43,1
14062.0,10,24,25585.65,0
14063.0,438,9,22710.2,1
14064.0,29,15,3260.24,0
14065.0,389,3,891.02,1
14066.0,267,1,152.55,1
14067.0,64,2,374.7,0
14068.0,320,4,1516.72,1
14069.0,515,2,225.81,1
14070.0,685,1,321.6,1
14071.0,4,8,1437.57,0
14072.0,667,1,390.85,1
14073.0,32,1,151.04,0
14074.0,623,1,219.4,1
14075.0,5,6,1734.87,0
14076.0,129,1,118.67,0
14077.0,41,6,615.08,0
14078.0,102,9,1553.47,0
14079.0,125,2,618.73,0
14080.0,33,5,1115.68,0
14081.0,302,10,4867.57,1
14082.0,365,2,413.36,1
14083.0,4,11,1082.19,0
14084.0,512,1,150.5,1
14085.0,2,33,9720.67,0
14086.0,463,1,39.95,1
14087.0,3,3,829.47,0
14088.0,10,16,64036.8,0
14089.0,57,1,158.75,0
14090.0,325,1,76.32000000000001,1
14091.0,654,2,9530.08,1
14092.0,8,24,7229.45,0
14093.0,12,1,433.86,0
14094.0,440,1,311.77,1
14095.0,723,1,2.95,1
14096.0,4,17,65164.79,0
14097.0,481,2,422.86,1
14098.0,37,1,147.35,0
14099.0,16,20,5750.91,0
14100.0,138,1,191.95,0
14101.0,74,13,9961.93,0
14102.0,5,5,1105.88,0
14104.0,155,5,743.53,0
14105.0,239,5,5988.83,0
14106.0,737,1,214.8,1
14107.0,52,11,4877.3,0
14108.0,31,4,1044.96,0
14109.0,73,1,144.2,0
14110.0,4,33,12987.95,0
14111.0,14,4,692.85,0
14112.0,23,13,5834.59,0
14113.0,4,16,7092.610000000001,0
14114.0,274,7,1364.09,1
14115.0,502,2,622.67,1
14116.0,20,5,1382.74,0
14117.0,144,1,90.0,0
14118.0,429,1,458.45,1
14119.0,376,2,183.37,1
14121.0,4,4,2780.15,0
14122.0,406,3,362.42,1
14123.0,733,1,436.18,1
14124.0,84,1,419.58,0
14125.0,11,3,2720.63,0
14126.0,8,4,1172.46,0
14127.0,123,6,1900.08,0
14128.0,61,3,924.21,0
14129.0,2,9,2591.34,0
14130.0,319,4,1858.77,1
14131.0,649,1,168.22,1
14132.0,2,11,3586.03,0
14133.0,130,4,911.14,0
14134.0,383,15,11123.35,1
14135.0,2,24,8839.67,0
14136.0,401,5,1570.81,1
14137.0,696,1,332.7,1
14138.0,2,2,965.88,0
14139.0,46,4,1086.8,0
14140.0,4,2,935.05,0
14141.0,3,4,915.13,0
14142.0,373,2,671.34,1
14143.0,134,1,115.8,0
14144.0,486,1,30.6,1
14145.0,47,7,7600.05,0
14146.0,9,12,9450.3,0
14147.0,78,9,2590.2,0
14148.0,234,2,466.29,0
14149.0,221,1,446.62,0
14150.0,36,2,658.64,0
14151.0,673,2,679.45,1
14152.0,75,7,1997.34,0
14153.0,483,1,233.4,1
14154.0,239,8,6460.7,0
14155.0,266,1,118.75,1
14156.0,10,156,313437.62,2
14157.0,20,5,978.69,0
14158.0,40,1,507.66,0
14159.0,20,20,7860.8,0
14160.0,610,7,8421.47,1
14161.0,216,7,2996.93,0
14162.0,174,2,289.36,0
14163.0,87,5,2594.62,0
14164.0,71,2,1631.77,0
14165.0,276,1,120.44,1
14166.0,505,2,251.15,1
14167.0,39,8,1274.29,0
14168.0,421,2,370.45,1
14169.0,431,2,621.51,1
14170.0,375,3,570.18,1
14171.0,98,2,498.79,0
14172.0,605,3,369.02,1
14173.0,11,6,586.0,0
14174.0,33,1,134.46,0
14175.0,60,8,7678.88,0
14176.0,297,5,756.46,1
14177.0,86,13,2209.69,0
14178.0,9,7,1600.26,0
14179.0,41,2,701.57,0
14180.0,11,33,6117.5,0
14181.0,411,2,308.35,1
14182.0,444,4,678.77,1
14183.0,411,2,278.34000000000003,1
14184.0,67,1,452.89,0
14185.0,331,1,197.65,1
14186.0,427,5,1550.63,1
14187.0,474,1,123.5,1
14188.0,31,6,2054.36,0
14189.0,2,16,5503.150000000001,0
14190.0,666,1,79.9,1
14191.0,2,15,4817.66,0
14192.0,388,1,293.74,1
14193.0,68,3,1210.19,0
14194.0,5,36,18670.59,0
14195.0,202,6,2615.6,0
14196.0,107,1,335.52,0
14197.0,411,1,390.05,1
14198.0,18,9,1569.73,0
14199.0,218,4,1091.7,0
14200.0,617,1,379.2,1
14201.0,60,10,1193.54,0
14202.0,381,3,847.76,1
14203.0,397,1,339.34,1
14204.0,2,4,1024.83,0
14205.0,17,9,2414.2,0
14206.0,239,3,1185.01,0
14207.0,688,1,157.8,1
14208.0,95,2,567.05,0
14209.0,11,15,4993.27,0
14210.0,106,16,5556.570000000001,0
14211.0,53,18,4402.29,0
14212.0,90,2,2190.14,0
14213.0,405,1,1192.2,1
14214.0,31,5,1004.38,0
14215.0,12,9,3250.33,0
14216.0,3,5,2150.04,0
14217.0,2,23,3298.59,0
14218.0,43,1,169.48000000000002,0
14219.0,4,3,633.83,0
14220.0,247,4,1515.0,0
14221.0,42,17,6517.49,0
14222.0,177,1,683.17,0
14223.0,92,3,991.13,0
14224.0,110,9,1841.71,0
14225.0,435,4,2031.07,1
14226.0,29,6,2985.13,0
14227.0,26,15,6368.71,0
14228.0,438,3,745.5,1
14229.0,52,7,2594.04,0
14230.0,436,3,979.8,1
14231.0,184,4,1235.62,0
14232.0,43,5,2048.07,0
14233.0,49,7,2904.27,0
14234.0,22,4,754.12,0
14235.0,75,9,4717.99,0
14236.0,81,5,1555.34,0
14237.0,373,2,471.14,1
14238.0,326,3,434.23,1
14239.0,43,21,4263.17,0
14240.0,30,3,1247.49,0
14241.0,184,2,333.7,0
14242.0,235,2,280.55,0
14243.0,9,17,7217.75,0
14244.0,661,1,366.42,1
14245.0,220,2,1693.45,0
14246.0,111,3,1474.06,0
14247.0,278,5,753.56,1
14248.0,318,3,1032.95,1
14249.0,411,12,5400.461,1
14250.0,7,3,1904.05,0
14251.0,2,5,2879.7000000000003,0
14252.0,381,1,350.99,1
14253.0,493,2,363.4,1
14254.0,433,1,601.03,1
14255.0,546,1,1000.63,1
14256.0,260,5,2460.79,0
14257.0,64,9,5954.45,0
14258.0,9,25,32051.34,0
14259.0,142,1,120.0,0
14260.0,471,3,824.28,1
14261.0,51,2,1163.45,0
14262.0,8,8,2618.23,0
14263.0,423,1,322.93,1
14264.0,155,6,1517.36,0
14265.0,109,4,1373.35,0
14266.0,428,1,40.56,1
14267.0,163,3,1516.24,0
14268.0,471,1,354.85,1
14269.0,439,1,295.73,1
14270.0,332,1,492.65,1
14271.0,226,2,214.18,0
14272.0,74,4,920.81,0
14273.0,51,4,559.97,0
14274.0,686,1,256.6,1
14275.0,396,6,1189.38,1
14276.0,99,7,2102.68,0
14277.0,15,9,17197.61,0
14278.0,410,1,205.83,1
14279.0,521,2,191.86,1
14280.0,197,1,134.04,0
14281.0,408,1,245.15,1
14282.0,3,25,7250.76,0
14283.0,463,4,628.44,1
14284.0,31,3,1299.65,0
14285.0,21,8,3284.42,0
14286.0,24,7,8479.76,0
14287.0,8,3,176.63,0
14288.0,213,1,426.6,0
14289.0,9,6,911.26,0
14290.0,11,8,4516.56,0
14291.0,2,23,7904.1,0
14292.0,8,16,9226.25,0
14293.0,3,9,2903.01,0
14294.0,407,1,375.34,1
14295.0,40,5,2362.91,0
14296.0,421,2,456.4,1
14297.0,18,4,1305.33,0
14298.0,8,82,91194.49,3
14299.0,8,27,14070.25,0
14300.0,19,1,43.2,0
14301.0,117,4,1992.18,0
14302.0,431,3,742.9000000000001,1
14303.0,407,2,277.94,1
14304.0,223,3,1725.01,0
14305.0,71,3,1858.96,0
14306.0,51,6,3151.4,0
14307.0,89,10,4287.92,0
14308.0,549,2,1147.02,1
14309.0,8,11,3780.81,0
14310.0,433,1,492.1,1
14311.0,243,2,516.45,0
14312.0,47,11,3090.29,0
14314.0,107,2,229.8,0
14315.0,45,8,3197.82,0
14316.0,422,5,1370.34,1
14317.0,65,1,508.58,0
14318.0,460,1,158.02,1
14319.0,424,1,494.85,1
14320.0,207,5,1346.75,0
14321.0,11,7,2218.06,0
14322.0,429,4,474.1,1
14323.0,115,2,605.0600000000001,0
14324.0,410,2,701.61,1
14325.0,570,1,245.48,1
14326.0,242,3,940.98,0
14327.0,163,6,1894.93,0
14328.0,438,1,445.05,1
14329.0,17,15,9887.62,0
14330.0,624,1,200.63,1
14331.0,124,2,462.66,0
14332.0,23,5,1917.41,0
14333.0,68,1,415.2,0
14334.0,17,12,4318.4800000000005,0
14335.0,16,2,454.86,0
14336.0,17,4,1614.91,0
14338.0,161,3,928.1,0
14339.0,243,2,620.27,0
14340.0,219,1,134.7,0
14341.0,45,18,4452.02,0
14342.0,21,6,918.44,0
14343.0,421,4,1079.66,1
14344.0,127,20,2993.05,0
14345.0,39,1,108.98,0
14346.0,121,5,2315.75,0
14347.0,737,1,82.60000000000001,1
14348.0,260,1,409.57,1
14349.0,10,1,133.5,0
14350.0,274,3,972.03,1
14351.0,165,1,51.0,0
14352.0,157,4,1078.96,0
14353.0,215,3,376.5,0
14354.0,6,2,163.62,0
14355.0,366,3,840.0500000000001,1
14356.0,80,2,701.23,0
14357.0,43,1,225.12,0
14358.0,389,2,400.06,1
14359.0,19,3,912.18,0
14360.0,32,4,2118.03,0
14361.0,579,1,214.71,1
14362.0,22,1,151.5,0
14363.0,402,2,227.47000000000003,1
14364.0,109,8,3717.35,0
14365.0,395,2,634.68,1
14366.0,525,1,136.0,1
14367.0,8,16,9227.82,0
14368.0,320,1,155.0,1
14369.0,642,2,469.13,1
14370.0,451,6,1175.78,1
14371.0,295,1,100.5,1
14372.0,443,2,860.08,1
14373.0,358,1,76.55,1
14374.0,541,1,108.0,1
14375.0,185,3,1106.82,0
14376.0,683,1,215.46,1
14377.0,191,2,617.05,0
14378.0,622,1,131.25,1
14379.0,44,4,1265.16,0
14380.0,682,1,48.96,1
14381.0,52,2,625.94,0
14382.0,26,2,1193.63,0
14383.0,38,3,1247.69,0
14384.0,501,1,58.5,1
14385.0,9,3,202.11,0
14386.0,297,1,142.4,1
14387.0,33,3,1727.6,0
14388.0,10,16,6388.2,0
14389.0,65,5,1898.01,0
14390.0,10,13,6150.03,0
14391.0,577,1,135.6,1
14392.0,432,1,266.4,1
14393.0,218,1,67.95,0
14394.0,565,1,93.8,1
14395.0,2,20,7801.93,0
14396.0,65,7,1969.38,0
14397.0,3,19,2612.96,0
14398.0,401,2,707.79,1
14399.0,394,8,2108.21,1
14400.0,149,3,1732.47,0
14401.0,4,22,6795.9,0
14402.0,652,1,285.6,1
14403.0,130,6,1880.51,0
14404.0,34,13,2724.13,0
14405.0,387,1,195.0,1
14406.0,119,1,156.75,0
14407.0,107,6,2157.73,0
14408.0,11,11,4102.27,0
14409.0,71,9,3427.29,0
14410.0,92,11,2631.9,0
14411.0,311,1,1063.0,1
14412.0,43,3,1426.19,0
14413.0,362,4,764.52,1
14414.0,92,8,2399.33,0
14415.0,1,23,11980.09,0
14416.0,22,2,490.22,0
14417.0,388,1,524.65,1
14418.0,4,3,1937.25,0
14419.0,11,7,1254.64,0
14420.0,99,4,1639.17,0
14421.0,57,6,2469.37,0
14422.0,1,19,10271.52,0
14423.0,218,3,916.61,0
14424.0,18,1,322.08,0
14425.0,435,3,661.39,1
14426.0,24,17,11727.94,0
14427.0,50,4,1263.52,0
14428.0,7,5,1224.06,0
14429.0,404,1,516.28,1
14430.0,512,3,1220.9,1
14431.0,303,4,2614.2,1
14432.0,10,6,2248.5,0
14433.0,466,1,280.7,1
14434.0,22,6,1372.8,0
14435.0,502,1,90.42,1
14436.0,99,2,271.7,0
14437.0,366,5,873.34,1
14438.0,306,1,131.9,1
14439.0,320,5,9443.04,1
14440.0,8,13,5982.03,0
14441.0,1,11,4611.6900000000005,0
14442.0,205,7,5367.02,0
14443.0,54,5,2082.9700000000003,0
14444.0,456,1,120.44,1
14445.0,456,1,221.65,1
14446.0,1,5,1200.28,0
14447.0,19,6,1711.73,0
14448.0,9,2,375.35,0
14449.0,19,8,2230.96,0
14450.0,181,7,1128.44,0
14451.0,60,12,3258.68,0
14452.0,11,4,658.95,0
14453.0,190,1,119.93,0
14454.0,376,5,977.3,1
14455.0,432,4,617.72,1
14456.0,5,9,3017.28,0
14457.0,311,1,113.64,1
14458.0,381,1,228.07,1
14459.0,155,2,5375.741,0
14460.0,110,9,1093.5,0
14461.0,148,13,6676.91,0
14462.0,66,12,2242.81,0
14463.0,98,4,786.5699999999999,0
14464.0,568,2,111.0,1
14465.0,247,11,3925.85,0
14466.0,29,13,4267.15,0
14467.0,18,12,2203.24,0
14468.0,734,1,204.24,1
14469.0,416,4,2093.46,1
14470.0,12,3,712.04,0
14471.0,591,2,400.95,1
14472.0,104,9,2118.72,0
14473.0,74,2,234.34,0
14474.0,46,2,1258.89,0
14475.0,72,4,1151.15,0
14476.0,257,1,193.0,1
14477.0,20,7,1969.6,0
14478.0,382,4,1276.66,1
14479.0,254,4,1124.71,0
14480.0,11,4,1299.52,0
14481.0,165,5,2284.69,0
14482.0,18,12,4306.72,0
14483.0,282,2,257.1,1
14484.0,50,4,1070.98,0
14485.0,39,1,162.8,0
14486.0,512,2,175.5,1
14487.0,27,7,1266.27,0
14488.0,68,1,1064.28,0
14489.0,207,4,1574.93,0
14490.0,406,2,1273.47,1
14491.0,175,2,340.93,0
14492.0,430,7,1921.91,1
14493.0,7,10,5087.86,0
14494.0,26,3,401.46,0
14495.0,51,3,174.8,0
14496.0,312,7,2363.89,1
14497.0,309,2,697.0600000000001,1
14498.0,43,10,3900.83,0
14499.0,26,7,2101.79,0
14500.0,88,3,356.85,0
14501.0,184,2,251.21,0
14502.0,20,11,2429.83,0
14503.0,3,6,3543.26,0
14504.0,47,4,673.26,0
14505.0,17,19,11879.08,0
14506.0,17,7,2960.25,0
14507.0,24,11,3216.74,0
14508.0,22,5,822.92,0
14509.0,534,1,110.95,1
14510.0,376,3,979.85,1
14511.0,11,5,1314.81,0
14512.0,188,7,1215.97,0
14513.0,101,6,788.01,0
14514.0,61,9,4380.04,0
14515.0,18,12,3724.06,0
14516.0,516,1,151.17,1
14517.0,33,2,330.45,0
14518.0,64,1,174.37,0
14519.0,684,2,203.14,1
14520.0,2,2,270.6,0
14521.0,491,1,199.45,1
14522.0,24,8,1748.42,0
14523.0,108,1,241.09,0
14524.0,32,13,2909.86,0
14525.0,20,17,8026.54,0
14526.0,389,1,258.65,1
14527.0,3,122,27246.88,3
14528.0,37,1,364.22,0
14529.0,60,3,578.61,0
14530.0,26,16,6088.87,0
14531.0,480,1,376.34,1
14532.0,236,11,3845.78,0
14533.0,25,11,3466.37,0
14534.0,3,26,6187.66,0
14535.0,60,9,5973.2300000000005,0
14536.0,260,1,170.95,1
14537.0,58,2,641.4,0
14538.0,65,5,1370.84,0
14539.0,16,2,537.48,0
14540.0,10,11,3709.64,0
14541.0,59,14,2491.38,0
14542.0,186,1,103.25,0
14543.0,29,39,14587.87,0
14544.0,24,3,2938.53,0
14545.0,674,1,349.25,1
14546.0,5,11,5184.84,0
14547.0,4,8,3974.75,0
14548.0,151,9,2541.29,0
14549.0,311,4,913.6,1
14550.0,11,4,1345.06,0
14551.0,18,7,878.09,0
14552.0,152,3,507.93,0
14553.0,19,9,1818.6,0
14554.0,10,4,2279.49,0
14555.0,57,6,2304.03,0
14556.0,596,3,815.69,1
14557.0,85,1,788.38,0
14558.0,654,3,655.5,1
14559.0,390,1,75.6,1
14560.0,7,44,6114.03,0
14561.0,76,3,1080.76,0
14562.0,4,26,6638.150000000001,0
14563.0,510,2,640.54,1
14564.0,435,2,2605.62,1
14565.0,96,5,3859.22,0
14566.0,111,4,4092.0,0
14567.0,57,2,1530.36,0
14568.0,435,1,919.7,1
14569.0,1,4,597.33,0
14570.0,281,3,613.75,1
14571.0,425,1,160.0,1
14572.0,3,11,5526.88,0
14573.0,180,13,2163.12,0
14574.0,733,1,143.70000000000002,1
14575.0,488,1,420.22,1
14576.0,372,1,35.400000000000006,1
14577.0,13,7,1364.15,0
14578.0,3,1,168.63,0
14579.0,432,1,105.56,1
14580.0,518,1,14.85,1
14581.0,17,2,409.65,0
14582.0,41,1,114.11,0
14583.0,6,8,1660.29,0
14584.0,169,8,1738.16,0
14585.0,50,5,1143.27,0
14586.0,277,1,237.36,1
14587.0,19,9,1580.29,0
14588.0,578,1,135.39,1
14589.0,372,1,39.75,1
14590.0,425,20,2993.37,1
14591.0,15,4,1320.21,0
14592.0,35,3,557.94,0
14593.0,22,12,3665.53,0
14594.0,7,2,363.33,0
14595.0,20,8,2164.45,0
14596.0,627,1,222.22,1
14597.0,11,6,2184.63,0
14598.0,44,2,384.04,0
14599.0,390,2,457.89,1
14600.0,306,2,865.17,1
14601.0,11,1,213.96,0
14602.0,656,1,205.36,1
14603.0,275,1,660.0,1
14604.0,633,1,143.86,1
14605.0,374,4,921.56,1
14606.0,1,192,29951.37,3
14607.0,16,22,23763.13,0
14608.0,4,11,3352.94,0
14609.0,72,10,1486.2,0
14610.0,396,2,24.35,1
14611.0,444,2,604.33,1
14612.0,415,1,877.7,1
14613.0,680,1,76.32000000000001,1
14614.0,386,1,295.13,1
14615.0,394,5,951.76,1
14616.0,243,5,527.78,0
14617.0,403,2,190.47,1
14618.0,9,7,1342.32,0
14619.0,246,2,1291.24,0
14620.0,206,2,412.78,0
14621.0,1,9,3000.57,0
14622.0,185,1,320.58000000000004,0
14623.0,32,10,2016.98,0
14624.0,57,6,814.07,0
14625.0,196,11,4497.88,0
14626.0,24,11,5410.92,0
14627.0,379,1,462.75,1
14628.0,91,5,1998.0,0
14629.0,4,2,955.26,0
14630.0,484,1,338.65,1
14631.0,51,6,2025.69,0
14632.0,263,1,114.56,1
14633.0,266,1,344.90000000000003,1
14634.0,438,4,2124.46,1
14635.0,454,1,215.22,1
14636.0,36,2,609.85,0
14637.0,677,1,106.68,1
14638.0,51,1,443.6,0
14639.0,52,9,4978.96,0
14640.0,24,10,3649.36,0
14641.0,22,1,110.46,0
14642.0,59,1,96.12,0
14643.0,170,5,1679.89,0
14644.0,68,7,2247.72,0
14645.0,157,3,876.89,0
14646.0,2,151,528602.52,2
14647.0,201,2,506.04,0
14648.0,416,15,4466.65,1
14649.0,5,9,3651.19,0
14650.0,589,1,62.5,1
14651.0,67,9,2025.52,0
14652.0,77,1,114.18,0
14653.0,1,12,3593.06,0
14654.0,738,1,246.86,1
14655.0,8,7,3878.51,0
14656.0,169,5,790.0,0
14657.0,18,6,1450.19,0
14658.0,5,2,247.15,0
14659.0,9,9,2529.93,0
14660.0,87,2,285.74,0
14661.0,27,1,107.95,0
14662.0,29,7,1376.43,0
14663.0,430,2,490.6,1
14664.0,20,2,636.24,0
14665.0,61,7,2749.65,0
14666.0,24,1,195.25,0
14667.0,11,54,20395.34,0
14668.0,445,1,111.63,1
14669.0,242,7,3216.78,0
14670.0,280,3,583.33,1
14671.0,549,2,1127.45,1
14672.0,235,4,1113.14,0
14673.0,3,7,3037.32,0
14674.0,509,1,173.66,1
14675.0,16,2,1015.58,0
14676.0,31,12,8356.79,0
14677.0,593,1,184.91,1
14678.0,579,1,403.39,1
14679.0,382,3,1289.44,1
14680.0,25,58,55688.5,3
14681.0,71,6,875.1500000000001,0
14682.0,188,6,1514.81,0
14683.0,588,1,146.56,1
14684.0,26,6,1430.03,0
14685.0,576,8,4536.64,1
14686.0,414,5,852.53,1
14687.0,107,3,1402.06,0
14688.0,8,28,7190.42,0
14689.0,209,1,112.8,0
14690.0,44,4,777.6800000000001,0
14691.0,31,5,2114.33,0
14692.0,137,12,1715.14,0
14693.0,265,7,1165.36,0
14694.0,617,1,244.31,1
14695.0,519,3,1534.22,1
14696.0,4,8,2473.28,0
14697.0,218,2,188.61,0
14698.0,2,5,1217.27,0
14699.0,214,4,702.6,0
14700.0,32,5,3076.06,0
14701.0,11,15,4487.11,0
14702.0,1,29,6368.78,0
14703.0,15,1,318.17,0
14704.0,11,11,1752.92,0
14705.0,199,1,179.0,0
14706.0,619,1,367.54,1
14707.0,436,2,139.2,1
14708.0,3,5,1793.22,0
14709.0,15,25,8886.33,0
14710.0,14,13,1899.79,0
14711.0,10,11,2839.62,0
14712.0,29,4,1328.0700000000002,0
14713.0,9,21,5115.76,0
14714.0,24,4,906.24,0
14715.0,25,8,1825.45,0
14716.0,43,3,543.28,0
14717.0,733,1,81.3,1
14718.0,410,1,226.42,1
14719.0,2,5,1581.84,0
14720.0,6,3,663.81,0
14721.0,379,1,109.07,1
14722.0,147,3,489.52,0
14723.0,10,11,1803.06,0
14724.0,590,1,341.9,1
14725.0,25,4,1252.74,0
14726.0,655,1,116.5,1
14727.0,274,3,463.73,1
14728.0,413,1,190.58,1
14729.0,374,3,586.24,1
14730.0,1,8,1897.57,0
14731.0,47,3,380.02,0
14732.0,8,19,5517.07,0
14733.0,16,15,14335.15,0
14734.0,426,4,1056.42,1
14735.0,4,56,12240.16,0
14736.0,485,2,374.05,1
14737.0,4,4,3554.17,0
14738.0,43,9,1821.9,0
14739.0,4,25,11573.62,0
14740.0,197,11,4161.06,0
14741.0,12,7,1713.09,0
14742.0,435,1,579.85,1
14743.0,593,1,50.48,1
14744.0,16,14,3660.08,0
14745.0,113,12,2551.41,0
14746.0,406,4,593.5,1
14747.0,249,1,328.2,0
14748.0,29,10,2681.9,0
14749.0,480,1,310.15,1
14750.0,736,1,112.03,1
14751.0,684,2,126.45,1
14752.0,44,1,389.64,0
14753.0,87,2,869.51,0
14754.0,45,6,1547.93,0
14755.0,10,25,9972.55,0
14756.0,15,3,2653.76,0
14757.0,75,1,420.5,0
14758.0,145,7,2864.9700000000003,0
14759.0,5,3,1625.97,0
14760.0,297,1,89.2,1
14761.0,59,3,447.92,0
14762.0,264,2,417.57,1
14764.0,47,1,278.3,0
14765.0,29,3,254.11,0
14766.0,8,11,6375.7300000000005,0
14767.0,474,1,382.81,1
14768.0,17,2,192.6,0
14769.0,3,17,15514.11,0
14770.0,232,8,3637.64,0
14771.0,621,2,594.62,1
14772.0,112,1,139.26,0
14773.0,593,1,140.55,1
14774.0,529,1,241.45,1
14775.0,58,3,1011.9,0
14776.0,51,15,3708.3,0
14777.0,404,1,307.56,1
14778.0,127,2,730.86,0
14779.0,281,3,386.15,1
14780.0,55,2,447.68,0
14782.0,320,1,200.1,1
14783.0,659,1,307.3,1
14784.0,26,3,449.93,0
14785.0,10,2,77.4,0
14786.0,550,1,90.96,1
14787.0,471,1,110.65,1
14788.0,7,3,1156.32,0
14789.0,29,1,197.64,0
14790.0,17,10,2526.62,0
14791.0,607,1,303.63,1
14792.0,64,1,6.2,0
14793.0,21,2,625.9,0
14794.0,3,10,1953.9,0
14795.0,166,1,131.45000000000002,0
14796.0,1,27,10169.33,0
14797.0,507,1,300.31,1
14798.0,53,8,724.31,0
14799.0,51,2,338.15000000000003,0
14800.0,48,17,7191.33,0
14801.0,61,1,189.34,0
14802.0,438,2,1502.98,1
14803.0,162,3,845.5500000000001,0
14804.0,9,1,353.27,0
14805.0,15,7,1082.55,0
14806.0,75,2,303.43,0
14807.0,391,2,504.14,1
14808.0,40,8,2718.6,0
14809.0,621,2,686.76,1
14810.0,41,13,2354.03,0
14811.0,387,1,170.5,1
14812.0,599,1,178.85,1
14813.0,370,4,888.91,1
14814.0,581,1,154.21,1
14815.0,37,2,778.5,0
14816.0,197,1,271.85,0
14817.0,200,7,3959.86,0
14818.0,74,6,1153.56,0
14819.0,64,4,456.41,0
14820.0,21,9,1274.76,0
14821.0,367,7,1230.15,1
14822.0,485,1,157.7,1
14823.0,180,3,321.43,0
14824.0,10,10,4022.91,0
14825.0,4,24,4735.08,0
14826.0,582,2,385.2,1
14828.0,197,13,9839.46,0
14829.0,29,7,1455.87,0
14830.0,53,1,188.88,0
14831.0,680,3,1676.57,1
14832.0,630,1,322.69,1
14833.0,499,1,94.8,1
14834.0,18,7,2206.16,0
14835.0,529,2,297.0,1
14836.0,10,3,102.45,0
14837.0,90,9,3460.32,0
14838.0,423,2,769.9200000000001,1
14839.0,418,3,915.28,1
14840.0,268,2,362.71,1
14841.0,53,14,7163.0,0
14842.0,44,4,2824.69,0
14843.0,437,1,211.8,1
14844.0,64,10,6702.43,0
14845.0,600,1,150.0,1
14846.0,427,1,437.4,1
14847.0,149,3,1348.95,0
14848.0,405,1,310.56,1
14849.0,22,43,15407.61,0
14850.0,312,7,1770.96,1
14851.0,23,3,829.41,0
14852.0,58,18,6132.43,0
14853.0,24,5,1376.87,0
14854.0,78,11,4303.06,0
14855.0,119,7,6520.3,0
14856.0,36,3,1290.53,0
14857.0,60,7,3651.851,0
14858.0,506,1,180.75,1
14859.0,13,5,1705.64,0
14860.0,19,1,170.32,0
14861.0,52,10,1380.73,0
14862.0,26,2,841.2,0
14863.0,29,1,266.76,0
14865.0,7,4,92.52,0
14866.0,11,19,20746.54,0
14867.0,186,16,2952.06,0
14868.0,3,12,4184.01,0
14869.0,9,6,2778.14,0
14870.0,262,6,1838.95,0
14871.0,3,9,1228.17,0
14872.0,484,3,816.6,1
14873.0,210,2,854.13,0
14874.0,535,1,116.18,1
14875.0,108,3,2862.4,0
14876.0,521,2,256.7,1
14877.0,418,2,425.85,1
14878.0,13,25,4076.5,0
14879.0,685,1,185.06,1
14880.0,77,3,690.59,0
14881.0,20,1,255.4,0
14882.0,27,14,3546.65,0
14883.0,19,6,761.59,0
14884.0,669,1,120.6,1
14885.0,132,3,1598.12,0
14886.0,253,1,364.8,1
14887.0,79,1,1862.0,0
14888.0,207,1,369.2,0
14889.0,336,1,135.9,1
14890.0,254,3,817.25,0
14891.0,148,4,1106.73,0
14892.0,691,1,202.35,1
14893.0,10,3,1809.61,0
14894.0,85,3,1492.81,0
14895.0,8,38,25119.54,0
14896.0,205,8,1826.0,0
14897.0,8,8,3140.54,0
14898.0,23,14,3365.95,0
14899.0,395,1,1331.38,1
14900.0,522,1,13.919999999999998,1
14901.0,11,12,1919.0,0
14902.0,26,3,1035.62,0
14903.0,21,5,2795.33,0
14904.0,2,4,1630.49,0
14905.0,158,8,1971.39,0
14906.0,445,1,68.44,1
14907.0,3,16,5547.72,0
14908.0,74,2,381.9,0
14909.0,437,3,1404.68,1
14910.0,3,4,434.35,0
14911.0,1,398,291420.81,2
14912.0,17,6,1889.25,0
14913.0,36,8,4073.13,0
14915.0,91,11,1811.25,0
14916.0,71,8,3042.95,0
14917.0,597,2,1123.75,1
14918.0,116,9,5955.81,0
14919.0,539,1,359.35,1
14920.0,213,3,1607.17,0
14921.0,30,2,1316.07,0
14922.0,394,2,843.74,1
14923.0,51,1,749.1,0
14924.0,246,3,931.01,0
14926.0,382,2,359.4,1
14927.0,397,1,308.2,1
14928.0,628,1,223.91000000000005,1
14929.0,32,2,836.69,0
14930.0,109,6,5236.7300000000005,0
14931.0,5,5,1257.68,0
14932.0,366,2,666.13,1
14933.0,444,4,1770.0,1
14934.0,82,5,3503.5,0
14935.0,297,2,2849.83,1
14936.0,34,12,12410.81,0
14937.0,57,3,1621.88,0
14938.0,562,2,2322.43,1
14940.0,418,2,531.49,1
14941.0,579,1,182.1,1
14942.0,402,4,746.56,1
14943.0,663,1,107.62,1
14944.0,30,19,9784.67,0
14945.0,414,1,179.4,1
14946.0,14,1,100.9,0
14947.0,72,6,1049.79,0
14948.0,23,6,1101.97,0
14949.0,469,4,515.0,1
14950.0,19,1,371.2,0
14951.0,79,1,311.69,0
14952.0,60,32,17629.35,0
14953.0,25,4,971.32,0
14954.0,12,2,462.12,0
14955.0,733,1,163.77,1
14956.0,421,1,1325.0,1
14957.0,253,2,261.69,0
14958.0,147,6,941.99,0
14959.0,64,4,695.42,0
14960.0,8,2,221.27,0
14961.0,11,22,16410.15,0
14962.0,271,4,366.91,1
14963.0,10,12,3123.57,0
14964.0,247,1,206.21,0
14965.0,96,2,596.09,0
14966.0,15,6,1064.26,0
14967.0,50,6,1982.61,0
14968.0,30,2,501.24,0
14969.0,704,1,906.23,1
14970.0,68,12,4919.35,0
14971.0,35,3,1097.98,0
14972.0,128,2,145.07,0
14973.0,107,3,1314.45,0
14974.0,37,1,89.94,0
14975.0,57,2,472.39,0
14976.0,57,7,790.86,0
14977.0,726,1,31.93,1
14978.0,72,10,3112.19,0
14979.0,735,1,429.66,1
14980.0,737,1,150.68,1
14981.0,246,2,372.92,0
14982.0,572,1,237.78,1
14983.0,689,1,183.2,1
14984.0,19,6,1260.51,0
14985.0,198,2,292.01,0
14986.0,376,2,563.1,1
14987.0,16,8,1550.65,0
14988.0,212,7,2038.65,0
14989.0,662,1,342.4,1
14990.0,612,2,304.17,1
14991.0,430,1,314.67,1
14992.0,442,1,210.5,1
14993.0,564,1,36.13,1
14994.0,382,5,946.72,1
14995.0,39,2,231.98,0
14996.0,481,2,442.29,1
14997.0,46,4,776.6,0
14998.0,170,4,753.18,0
14999.0,593,1,129.48000000000002,1
15000.0,48,1,490.52,0
15001.0,394,2,199.11,1
15002.0,116,9,4138.08,0
15003.0,473,6,1027.03,1
15004.0,147,1,1220.77,0
15005.0,16,56,13754.58,0
15006.0,51,2,757.78,0
15007.0,159,1,156.91,0
15008.0,480,2,360.0,1
15009.0,12,3,1259.43,0
15010.0,36,1,308.94,0
15011.0,396,2,416.6,1
15012.0,54,3,646.26,0
15013.0,488,10,1610.82,1
15014.0,43,2,257.67,0
15015.0,501,13,2354.97,1
15016.0,173,5,620.89,0
15017.0,34,1,125.58,0
15018.0,39,3,496.21,0
15019.0,267,1,252.81,1
15020.0,379,1,198.47,1
15021.0,9,12,2500.59,0
15022.0,12,5,1133.44,0
15023.0,3,20,11578.65,0
15024.0,10,16,3559.39,0
15025.0,33,2,979.79,0
15026.0,80,5,1048.89,0
15027.0,31,10,3195.6,0
15028.0,8,6,962.94,0
15029.0,620,1,365.1,1
15030.0,72,8,1979.91,0
15031.0,4,14,3102.94,0
15032.0,256,8,11010.05,0
15033.0,5,10,2557.18,0
15034.0,16,14,8231.2,0
15035.0,90,1,252.73,0
15036.0,72,3,429.56,0
15037.0,376,2,397.76,1
15038.0,59,9,1146.53,0
15039.0,10,93,39141.48,3
15040.0,542,1,7.49,1
15041.0,170,2,289.4,0
15042.0,199,2,315.45,0
15043.0,31,6,2870.32,0
15044.0,19,35,16024.15,0
15045.0,152,2,735.66,0
15046.0,9,25,7623.79,0
15047.0,270,1,343.62,1
15048.0,65,4,381.0,0
15049.0,274,1,121.17000000000002,1
15050.0,25,5,4087.19,0
15051.0,23,9,3926.91,0
15052.0,319,1,207.73,1
15053.0,5,3,693.95,0
15054.0,12,2,302.1,0
15055.0,475,3,549.12,1
15056.0,520,1,113.65,1
15057.0,275,5,3255.96,1
15058.0,25,16,3387.58,0
15059.0,41,19,3491.2,0
15060.0,8,4,294.25,0
15061.0,4,127,126389.02,3
15062.0,71,8,2585.62,0
15063.0,213,1,370.8,0
15064.0,410,4,1254.41,1
15065.0,38,5,3326.86,0
15066.0,53,1,893.59,0
15067.0,78,5,3862.88,0
15068.0,46,4,1174.9,0
15069.0,179,1,1109.53,0
15070.0,373,3,737.0500000000001,1
15071.0,94,4,1455.5600000000002,0
15072.0,479,1,187.52,1
15073.0,10,8,2788.02,0
15074.0,105,3,1553.13,0
15075.0,78,1,773.03,0
15076.0,173,3,1447.74,0
15077.0,495,2,2428.08,1
15078.0,7,53,17286.73,0
15079.0,213,11,3625.4,0
15080.0,428,2,546.25,1
15081.0,22,12,1854.57,0
15082.0,669,1,93.35,1
15083.0,257,1,88.2,1
15084.0,380,2,965.2,1
15085.0,730,1,347.54,1
15086.0,565,2,218.53,1
15087.0,282,1,306.94,1
15088.0,21,2,1160.07,0
15089.0,10,6,2420.84,0
15090.0,308,1,381.32,1
15091.0,68,3,1046.61,0
15092.0,215,3,776.46,0
15093.0,18,23,13702.38,0
15094.0,463,2,83.0,1
15095.0,104,10,3141.64,0
15096.0,43,1,219.39,0
15097.0,4,3,908.35,0
15098.0,182,3,39916.5,0
15099.0,84,1,410.48,0
15100.0,334,7,2193.9,1
15101.0,9,6,1477.94,0
15102.0,531,2,554.67,1
15103.0,31,2,703.36,0
15104.0,197,2,993.54,0
15105.0,18,9,3094.91,0
15106.0,18,5,1422.52,0
15107.0,311,9,824.35,1
15108.0,142,4,1300.25,0
15109.0,246,3,983.1,0
15110.0,24,6,1505.85,0
15111.0,29,5,2442.37,0
15112.0,611,1,209.4,1
15113.0,10,3,3509.43,0
15114.0,30,12,3400.12,0
15115.0,18,2,531.85,0
15116.0,18,4,1352.75,0
15117.0,15,8,2485.97,0
15118.0,134,1,244.8,0
15119.0,246,1,266.4,0
15120.0,134,1,358.82,0
15121.0,50,2,457.72,0
15122.0,114,11,4487.27,0
15123.0,7,5,4656.17,0
15124.0,23,4,450.82,0
15125.0,25,24,17024.87,0
15126.0,537,2,449.49,1
15127.0,66,2,711.5,0
15128.0,60,5,1783.68,0
15129.0,50,23,6860.18,0
15130.0,170,1,330.11,0
15131.0,395,1,80.28,1
15132.0,18,5,977.93,0
15133.0,128,5,1806.9,0
15134.0,15,10,1596.29,0
15135.0,239,2,305.68,0
15136.0,3,4,1286.7,0
15137.0,521,2,823.4,1
15138.0,394,1,502.52,1
15139.0,240,2,178.96,0
15140.0,52,8,3243.69,0
15141.0,458,7,1388.47,1
15142.0,46,6,2619.92,0
15143.0,226,2,563.63,0
15144.0,8,29,12160.31,0
15145.0,4,4,1194.73,0
15146.0,165,2,1327.16,0
15147.0,240,1,623.5,0
15148.0,11,1,301.29,0
15149.0,134,5,1554.61,0
15150.0,17,13,8977.94,0
15151.0,423,2,2085.61,1
15152.0,10,14,5263.83,0
15153.0,31,1,329.25,0
15154.0,75,3,1343.72,0
15155.0,383,1,383.97,1
15156.0,1,3,961.49,0
15157.0,4,5,2654.11,0
15158.0,45,2,606.02,0
15159.0,2,34,22116.73,0
15160.0,357,4,589.27,1
15161.0,388,1,119.92,1
15162.0,731,1,312.9,1
15163.0,18,2,304.47,0
15164.0,69,9,2028.11,0
15165.0,373,1,487.75,1
15166.0,468,1,167.16,1
15167.0,321,5,1627.62,1
15168.0,26,1,106.56,0
15169.0,382,2,569.22,1
15170.0,407,1,81.15,1
15171.0,331,1,1289.5,1
15172.0,9,5,1624.05,0
15173.0,381,7,1494.6,1
15174.0,323,2,481.46,1
15175.0,72,1,224.14,0
15176.0,668,1,988.04,1
15177.0,426,1,948.93,1
15178.0,260,1,40.5,1
15179.0,18,13,7491.92,0
15180.0,367,3,816.9300000000001,1
15181.0,66,5,1200.2,0
15182.0,154,11,2998.952,0
15183.0,548,3,639.93,1
15184.0,29,4,685.39,0
15185.0,70,1,310.62,0
15186.0,14,5,1403.2,0
15187.0,2,16,4777.18,0
15188.0,725,1,310.43,1
15189.0,1,46,17524.38,0
15190.0,434,1,834.4399999999999,1
15191.0,463,3,588.05,1
15192.0,120,5,1666.39,0
15193.0,61,1,499.32,0
15194.0,3,28,12021.53,0
15195.0,3,1,3861.0,0
15196.0,433,2,313.7,1
15197.0,11,6,1877.51,0
15198.0,92,5,571.35,0
15199.0,59,10,3122.4,0
15200.0,495,1,549.0500000000001,1
15201.0,87,7,1842.95,0
15202.0,420,3,6001.49,1
15203.0,26,15,4400.18,0
15204.0,357,1,316.58,1
15205.0,85,2,653.24,0
15206.0,10,4,420.3,0
15207.0,416,3,683.92,1
15208.0,1,6,970.52,0
15209.0,730,1,178.98000000000002,1
15210.0,225,3,1176.19,0
15211.0,60,2,894.4100000000001,0
15212.0,241,2,208.28,0
15213.0,319,2,328.35,1
15214.0,2,8,1661.44,0
15215.0,47,7,2422.4300000000003,0
15216.0,88,2,486.09,0
15217.0,563,1,426.24,1
15218.0,11,22,11468.83,0
15219.0,176,2,685.45,0
15220.0,52,6,1778.96,0
15221.0,366,4,2062.2,1
15222.0,319,11,3550.91,1
15223.0,226,5,1417.95,0
15224.0,358,5,871.36,1
15225.0,234,1,409.4,0
15226.0,311,1,154.41,1
15227.0,37,9,2488.49,0
15228.0,66,6,5580.27,0
15229.0,586,1,160.5,1
15230.0,239,2,429.6,0
15231.0,621,1,250.26,1
15232.0,113,2,612.06,0
15233.0,401,1,59.400000000000006,1
15234.0,277,1,197.0,1
15235.0,218,16,2772.76,0
15236.0,299,1,321.05,1
15237.0,2,4,1412.32,0
15238.0,29,3,1071.99,0
15239.0,10,2,780.59,0
15240.0,45,12,4459.9800000000005,0
15241.0,67,11,3050.16,0
15242.0,422,1,302.04,1
15243.0,74,2,927.28,0
15244.0,65,3,912.08,0
15245.0,134,8,4610.84,0
15246.0,238,3,780.4,0
15247.0,122,3,976.06,0
15248.0,411,3,1893.93,1
15249.0,32,18,9266.0,0
15250.0,641,1,60.0,1
15251.0,9,21,20324.54,0
15252.0,36,5,2103.41,0
15253.0,16,8,2055.09,0
15254.0,127,3,1088.35,0
15255.0,67,9,3706.02,0
15256.0,149,2,170.4,0
15257.0,283,2,685.9,1
15258.0,169,2,623.16,0
15259.0,513,4,1182.38,1
15260.0,100,25,8767.73,0
15261.0,135,4,1508.0,0
15262.0,324,3,418.82,1
15263.0,107,1,156.51,0
15264.0,64,2,848.4,0
15265.0,151,4,3345.64,0
15266.0,338,5,852.21,1
15267.0,22,5,1717.36,0
15268.0,479,3,961.9,1
15269.0,24,3,1225.36,0
15270.0,16,21,8524.86,0
15271.0,7,24,4528.54,0
15272.0,57,6,2030.95,0
15273.0,600,1,228.96,1
15274.0,4,2,716.57,0
15275.0,38,1,615.14,0
15276.0,66,4,619.8,0
15277.0,47,2,476.34,0
15278.0,562,4,496.16,1
15279.0,355,5,1580.54,1
15280.0,172,3,397.52,0
15281.0,59,16,8543.57,0
15282.0,570,1,348.59,1
15283.0,390,3,148.32999999999998,1
15284.0,500,1,24.75,1
15285.0,408,1,94.92,1
15286.0,50,1,240.55,0
15287.0,22,5,856.03,0
15288.0,43,10,3715.38,0
15289.0,29,5,1593.09,0
15290.0,5,26,10496.28,0
15291.0,26,40,13517.76,0
15292.0,201,1,178.39,0
15293.0,666,1,247.5,1
15294.0,411,1,233.35,1
15295.0,654,1,207.04,1
15296.0,51,12,10323.03,0
15297.0,10,3,641.94,0
15298.0,2,23,9061.77,0
15299.0,67,10,6156.53,0
15300.0,64,1,496.44,0
15301.0,51,17,6909.67,0
15302.0,730,1,308.0,1
15303.0,290,3,1224.18,1
15304.0,61,9,796.4,0
15305.0,555,1,93.6,1
15306.0,64,9,3484.73,0
15307.0,96,1,205.3,0
15308.0,274,1,310.47,1
15309.0,611,4,797.96,1
15310.0,479,1,1634.64,1
15311.0,1,208,114966.42,3
15312.0,75,12,2930.19,0
15313.0,110,1,52.0,0
15314.0,199,3,820.45,0
15315.0,64,2,570.5,0
15316.0,327,1,165.0,1
15317.0,677,1,129.75,1
15318.0,4,1,312.62,0
15319.0,284,1,204.5,1
15320.0,44,1,267.13,0
15321.0,71,12,6709.7300000000005,0
15322.0,86,2,1390.86,0
15323.0,563,3,434.6,1
15324.0,701,1,140.22000000000003,1
15325.0,104,8,1601.46,0
15326.0,334,5,1700.52,1
15327.0,53,1,208.75,0
15328.0,408,1,107.24,1
15329.0,39,11,2958.83,0
15330.0,32,2,714.9599999999999,0
15331.0,500,3,767.91,1
15332.0,366,6,4892.68,1
15333.0,208,1,1028.56,0
15334.0,157,3,350.82,0
15335.0,54,1,170.22,0
15336.0,402,1,240.5,1
15337.0,411,1,373.02,1
15338.0,677,1,277.93,1
15339.0,66,7,1821.02,0
15340.0,562,1,105.5,1
15341.0,81,2,2402.72,0
15342.0,130,1,406.09,0
15343.0,87,1,364.5,0
15344.0,1,3,563.94,0
15345.0,46,1,393.54,0
15346.0,333,3,596.12,1
15347.0,366,4,1162.0,1
15348.0,72,1,158.04,0
15349.0,158,2,463.91,0
15350.0,373,2,547.6,1
15351.0,12,10,3430.22,0
15352.0,549,1,111.15,1
15353.0,255,7,2794.47,0
15354.0,603,3,284.4,1
15355.0,29,2,277.05,0
15356.0,31,13,3239.57,0
15358.0,5,42,16425.86,0
15359.0,663,8,181.35,1
15360.0,40,1,427.93,0
15361.0,362,4,689.07,1
15362.0,449,2,613.08,1
15363.0,373,2,678.11,1
15364.0,96,2,913.19,0
15365.0,26,13,4557.13,0
15366.0,75,7,2389.08,0
15367.0,57,11,5081.33,0
15368.0,21,2,722.74,0
15369.0,492,11,6251.26,1
15370.0,41,8,3739.01,0
15371.0,662,1,59.400000000000006,1
15372.0,137,8,6017.06,0
15373.0,8,17,3084.54,0
15374.0,129,2,307.32,0
15375.0,690,1,60.96,1
15376.0,40,3,1221.56,0
15377.0,383,4,1211.75,1
15378.0,463,2,246.5,1
15379.0,169,8,4877.84,0
15380.0,9,11,3248.96,0
15381.0,214,5,1890.57,0
15382.0,15,12,13733.55,0
15384.0,170,4,2027.79,0
15385.0,40,3,942.08,0
15386.0,186,1,394.14,0
15387.0,492,1,468.65,1
15388.0,270,1,140.54,1
15389.0,172,5,2733.8,0
15390.0,396,2,1216.66,1
15391.0,584,1,289.87,1
15392.0,5,7,2911.62,0
15393.0,16,5,891.34,0
15394.0,10,11,5286.8,0
15395.0,326,1,107.45,1
15396.0,113,2,796.38,0
15397.0,290,1,94.0,1
15398.0,16,2,1345.53,0
15399.0,1,3,815.77,0
15400.0,92,8,1302.3,0
15401.0,452,2,216.95,1
15402.0,149,6,1830.54,0
15403.0,492,2,170.88,1
15404.0,376,1,257.06,1
15405.0,189,2,659.84,0
15406.0,31,4,975.87,0
15407.0,34,4,1046.74,0
15408.0,264,1,267.18,1
15409.0,721,1,131.25,1
15410.0,84,10,4685.72,0
15411.0,26,4,1348.93,0
15412.0,171,1,190.53,0
15413.0,692,5,6798.72,1
15414.0,10,3,774.9000000000001,0
15415.0,313,1,559.61,1
15416.0,65,7,4572.82,0
15417.0,85,1,508.8,0
15418.0,425,2,449.42,1
15419.0,25,1,135.86,0
15420.0,434,6,743.0,1
15421.0,59,10,3805.34,0
15422.0,323,7,1619.97,1
15423.0,38,3,266.89,0
15424.0,254,3,597.78,0
15425.0,400,4,1941.12,1
15426.0,19,9,2156.35,0
15427.0,33,3,1430.54,0
15428.0,15,4,762.75,0
15429.0,27,2,397.35,0
15430.0,468,2,954.75,1
15431.0,503,1,153.24,1
15432.0,23,2,320.76,0
15433.0,214,2,533.3,0
15434.0,8,11,2567.06,0
15435.0,22,1,149.29,0
15436.0,12,3,1067.75,0
15437.0,262,2,393.45,1
15438.0,131,1,156.57999999999998,0
15439.0,405,4,1269.05,1
15440.0,55,3,383.68,0
15441.0,396,3,1254.21,1
15442.0,249,1,594.0,0
15443.0,2,14,5114.2300000000005,0
15444.0,9,2,1411.21,0
15445.0,264,2,284.5,1
15446.0,377,3,399.75,1
15447.0,331,5,492.88,1
15448.0,313,2,788.8100000000001,1
15449.0,26,3,974.52,0
15450.0,30,1,429.84,0
15451.0,434,2,226.86,1
15452.0,30,6,1785.11,0
15453.0,2,7,1371.77,0
15454.0,362,2,305.99,1
15455.0,598,1,38.25,1
15456.0,283,10,2091.52,1
15457.0,262,1,237.07,1
15458.0,25,2,370.44,0
15459.0,417,2,202.83,1
15460.0,354,1,214.26,1
15461.0,461,2,429.7,1
15462.0,94,4,737.05,0
15463.0,29,1,126.14,0
15464.0,338,1,1044.65,1
15465.0,20,32,12100.4,0
15466.0,85,4,1560.46,0
15467.0,9,3,524.88,0
15468.0,51,3,1430.48,0
15469.0,50,3,874.25,0
15470.0,576,1,63.42,1
15471.0,2,3,1292.01,0
15472.0,113,1,371.56,0
15473.0,14,8,2046.0,0
15474.0,596,1,150.35,1
15475.0,77,1,454.11,0
15476.0,380,4,2209.98,1
15477.0,650,1,368.4,1
15478.0,40,3,1983.48,0
15479.0,733,1,147.4,1
15480.0,116,5,6279.0,0
15481.0,401,1,1993.34,1
15482.0,16,19,14417.36,0
15483.0,161,10,817.82,0
15484.0,1,6,4652.1,0
15485.0,30,7,4810.92,0
15486.0,527,1,102.0,1
15487.0,680,1,231.32,1
15488.0,93,5,431.92,0
15489.0,23,8,2419.61,0
15490.0,430,1,210.85,1
15491.0,95,6,3100.09,0
15492.0,28,2,659.46,0
15493.0,33,9,4121.68,0
15494.0,21,5,3702.6,0
15495.0,379,1,246.5,1
15496.0,631,1,146.14,1
15497.0,18,9,8657.39,0
15498.0,3,44,24972.86,0
15499.0,724,1,158.65,1
15500.0,8,4,1131.56,0
15501.0,405,2,399.95,1
15502.0,16,14,13003.87,0
15503.0,363,2,257.3,1
15504.0,81,4,402.7,0
15505.0,53,5,3610.96,0
15506.0,23,6,2030.33,0
15507.0,172,1,475.86,0
15508.0,189,6,1000.27,0
15509.0,380,1,152.41,1
15510.0,331,1,250.0,1
15511.0,12,5,900.53,0
15512.0,156,4,331.58,0
15513.0,33,35,26437.05,0
15514.0,12,18,6392.06,0
15515.0,387,1,171.81,1
15516.0,45,3,62.43,0
15517.0,233,1,267.03,0
15518.0,64,15,4189.99,0
15519.0,383,2,344.61,1
15520.0,2,1,343.5,0
15521.0,40,16,7098.24,0
15522.0,33,2,397.99,0
15523.0,84,16,17259.19,0
15524.0,25,2,591.4,0
15525.0,2,4,890.22,0
15526.0,33,2,148.44,0
15527.0,19,23,5554.89,0
15528.0,254,1,229.33,1
15529.0,23,12,4783.66,0
15530.0,22,5,1808.68,0
15531.0,8,2,1972.39,0
15532.0,25,10,3738.85,0
15533.0,19,3,807.57,0
15534.0,726,1,162.25,1
15535.0,173,6,1044.37,0
15536.0,409,1,259.09,1
15537.0,163,1,110.92,0
15538.0,538,6,3358.4,1
15539.0,7,1,538.46,0
15540.0,11,2,460.68,0
15541.0,114,1,85.13000000000001,0
15542.0,512,3,855.71,1
15543.0,288,2,242.26,1
15544.0,9,20,7807.89,0
15545.0,54,2,288.97,0
15546.0,607,2,1079.1,1
15547.0,7,26,10057.05,0
15548.0,596,1,158.09,1
15549.0,77,8,2334.16,0
15550.0,4,12,2211.05,0
15551.0,37,7,1679.81,0
15552.0,217,2,252.52,0
15553.0,60,1,428.93,0
15554.0,278,1,217.2,1
15555.0,12,36,11243.91,0
15556.0,24,1,279.77,0
15557.0,29,1,468.91,0
15558.0,639,1,202.68,1
15559.0,568,1,1109.4,1
15560.0,398,2,153.52,1
15561.0,12,8,1934.39,0
15562.0,352,3,671.4300000000001,1
15563.0,22,7,2859.46,0
15564.0,463,2,70.74000000000001,1
15565.0,50,2,173.16000000000005,0
15566.0,393,2,227.87,1
15567.0,19,1,186.01,0
15568.0,3,3,758.29,0
15569.0,104,10,3583.45,0
15570.0,7,25,8736.49,0
15571.0,12,14,3892.35,0
15572.0,5,10,3965.2,0
15573.0,32,5,1188.42,0
15574.0,178,6,1101.44,0
15575.0,620,1,30.1,1
15576.0,38,1,921.37,0
15577.0,151,5,396.03,0
15578.0,162,1,127.1,0
15579.0,69,5,1250.63,0
15580.0,377,8,1375.39,1
15581.0,121,38,7480.4,0
15582.0,25,3,682.9100000000001,0
15583.0,376,1,95.96,1
15584.0,24,6,1268.2,0
15585.0,177,1,455.3,0
15586.0,593,3,1139.1,1
15587.0,50,7,1522.08,0
15588.0,678,1,579.6,1
15589.0,256,3,478.53,0
15590.0,382,5,1496.6,1
15591.0,583,3,217.9,1
15592.0,47,1,388.58,0
15593.0,71,1,199.8,0
15594.0,16,5,1771.78,0
15595.0,488,1,357.6,1
15596.0,101,9,2727.72,0
15597.0,35,2,563.37,0
15598.0,53,2,548.02,0
15599.0,27,3,1250.06,0
15600.0,428,4,1199.31,1
15601.0,11,30,14191.74,0
15602.0,8,16,3137.96,0
15603.0,79,2,88.48,0
15604.0,52,1,216.39,0
15605.0,36,9,1741.95,0
15606.0,61,17,5230.99,0
15607.0,337,9,1708.97,1
15608.0,28,5,1785.98,0
15609.0,184,1,298.48,0
15610.0,52,1,112.46,0
15611.0,10,26,2997.28,0
15612.0,36,2,195.15,0
15613.0,610,1,433.72,1
15614.0,438,4,3147.36,1
15615.0,10,47,21373.97,0
15616.0,438,1,317.11,1
15617.0,396,3,828.5500000000001,1
15618.0,33,4,776.851,0
15619.0,11,1,336.4,0
15620.0,57,4,1942.36,0
15621.0,4,4,1293.03,0
15622.0,43,17,7852.610000000001,0
15623.0,141,8,2437.05,0
15624.0,117,4,588.13,0
15625.0,104,9,3236.4,0
15626.0,75,3,1067.52,0
15627.0,457,2,566.9,1
15628.0,5,17,5333.08,0
15629.0,450,4,2240.9,1
15630.0,45,3,1481.4,0
15631.0,642,1,596.67,1
15632.0,16,8,3285.31,0
15633.0,509,13,4335.96,1
15634.0,17,2,554.65,0
15635.0,396,1,100.35,1
15636.0,90,4,1444.58,0
15637.0,53,5,797.59,0
15638.0,379,6,2265.2,1
15639.0,134,3,1065.08,0
15640.0,4,29,23494.31,0
15641.0,105,12,5345.55,0
15642.0,730,1,105.78,1
15643.0,192,3,664.0,0
15644.0,166,4,803.54,0
15645.0,19,3,1055.17,0
15646.0,158,5,784.8100000000001,0
15647.0,415,1,169.0,1
15648.0,204,2,639.5,0
15649.0,336,4,1660.35,1
15650.0,522,2,553.88,1
15651.0,37,5,1259.06,0
15652.0,91,5,1405.94,0
15653.0,93,2,877.44,0
15654.0,9,2,922.53,0
15655.0,243,1,560.6700000000001,0
15656.0,45,4,748.5,0
15657.0,23,1,30.0,0
15658.0,190,8,2117.27,0
15659.0,44,3,532.49,0
15660.0,25,15,2603.69,0
15661.0,317,8,1215.95,1
15662.0,661,2,283.73,1
15663.0,106,1,138.14,0
15664.0,51,4,1254.03,0
15665.0,168,5,3987.07,0
15666.0,472,2,632.94,1
15667.0,40,1,301.32000000000005,0
15668.0,218,1,76.32000000000001,0
15669.0,40,4,684.34,0
15670.0,297,2,325.2,1
15671.0,19,7,2657.13,0
15672.0,725,1,45.3,1
15673.0,88,9,6204.32,0
15674.0,73,13,6948.2300000000005,0
15675.0,81,4,542.04,0
15676.0,19,3,3435.76,0
15677.0,49,3,1305.63,0
15678.0,53,3,1825.94,0
15679.0,24,4,781.28,0
15680.0,9,10,4028.69,0
15681.0,25,14,2989.7000000000003,0
15682.0,599,2,318.24,1
15683.0,117,2,524.54,0
15684.0,547,3,173.95,1
15685.0,450,1,55.98,1
15686.0,420,1,90.0,1
15687.0,9,9,2993.1,0
15688.0,419,1,190.57,1
15689.0,120,3,521.03,0
15690.0,4,2,239.76,0
15691.0,252,4,571.3,0
15692.0,28,1,191.04,0
15693.0,659,1,37.5,1
15694.0,1,24,9978.48,0
15695.0,267,4,1131.04,1
15696.0,33,13,3881.22,0
15697.0,690,1,246.75,1
15698.0,624,1,46.2,1
15699.0,18,1,309.65,0
15700.0,172,2,696.68,0
15701.0,2,4,1529.0,0
15702.0,476,2,140.39,1
15703.0,265,1,211.5,1
15704.0,140,6,3734.66,0
15705.0,201,1,143.1,0
15706.0,64,4,1060.56,0
15707.0,35,4,916.98,0
15708.0,41,9,3887.15,0
15709.0,284,2,327.85,1
15710.0,417,1,898.87,1
15711.0,557,2,420.25,1
15712.0,9,12,3472.41,0
15713.0,143,4,839.64,0
15714.0,12,5,783.96,0
15715.0,556,5,658.02,1
15716.0,146,11,2485.26,0
15717.0,234,5,607.0,0
15718.0,540,1,293.79,1
15719.0,33,31,10195.97,0
15720.0,24,2,739.22,0
15721.0,12,1,471.4,0
15722.0,36,11,5234.0,0
15723.0,365,4,930.7,1
15724.0,201,3,310.85,0
15725.0,15,1,415.25,0
15726.0,390,1,321.91,1
15727.0,17,15,9371.71,0
15728.0,380,2,544.6,1
15729.0,213,3,192.55,0
15730.0,66,5,1726.58,0
15731.0,554,1,125.3,1
15732.0,212,10,1543.97,0
15733.0,283,1,162.3,1
15734.0,115,4,2263.3,0
15735.0,421,1,327.68,1
15736.0,435,2,1767.12,1
15737.0,15,8,1188.12,0
15738.0,19,41,13043.32,0
15739.0,66,1,449.12,0
15740.0,49,1,154.88,0
15741.0,458,2,208.62,1
15742.0,619,1,156.87,1
15743.0,16,4,775.96,0
15744.0,78,1,34.8,0
15745.0,19,4,1094.59,0
15746.0,134,1,196.88,0
15747.0,13,9,2499.81,0
15748.0,40,3,609.81,0
15749.0,235,3,44534.3,0
15750.0,3,18,6452.991,0
15751.0,461,11,1380.44,1
15752.0,40,9,3924.91,0
15753.0,305,1,79.2,1
15754.0,51,9,3037.61,0
15755.0,10,17,5993.12,0
15756.0,61,4,528.01,0
15757.0,66,6,2940.36,0
15758.0,25,1,205.25,0
15759.0,218,7,830.9300000000001,0
15760.0,631,2,13916.34,1
15761.0,443,1,143.05,1
15762.0,65,2,583.75,0
15763.0,32,2,1086.92,0
15764.0,88,8,4503.08,0
15765.0,667,1,370.63,1
15766.0,64,3,831.0600000000001,0
15768.0,116,34,15308.89,0
15769.0,7,46,88612.52,3
15770.0,613,1,321.45,1
15771.0,604,3,1006.54,1
15772.0,418,1,280.88,1
15773.0,6,2,774.52,0
15774.0,69,6,1288.34,0
15775.0,245,2,150.5,0
15776.0,133,1,241.62,0
15777.0,241,7,1762.61,0
15778.0,431,1,307.95000000000005,1
15779.0,463,2,124.08,1
15780.0,184,3,475.28,0
15781.0,25,3,345.46000000000004,0
15782.0,10,4,4014.1,0
15783.0,11,1,246.3,0
15784.0,468,2,848.33,1
15785.0,33,16,5969.93,0
15786.0,46,5,8501.62,0
15787.0,26,3,933.26,0
15788.0,509,1,221.83,1
15789.0,358,6,1962.01,1
15790.0,10,1,218.75,0
15791.0,44,5,3608.34,0
15792.0,400,2,933.84,1
15793.0,15,8,2399.57,0
15794.0,736,2,777.0,1
15795.0,150,8,1979.87,0
15796.0,1,17,5171.63,0
15797.0,113,6,2821.08,0
15798.0,493,3,1535.37,1
15799.0,76,4,1421.34,0
15800.0,107,7,1227.07,0
15801.0,46,3,1063.95,0
15802.0,143,1,451.42,0
15803.0,51,4,1929.66,0
15804.0,1,13,4206.39,0
15805.0,23,30,10148.93,0
15806.0,46,3,784.58,0
15807.0,50,5,1817.52,0
15808.0,306,21,17180.25,0
15809.0,36,7,1274.44,0
15810.0,79,8,2999.04,0
15811.0,22,7,3486.15,0
15812.0,107,12,5201.47,0
15813.0,208,2,1303.91,0
15814.0,17,6,2634.44,0
15815.0,64,5,2100.6,0
15816.0,542,2,144.15,1
15817.0,421,3,2766.4,1
15818.0,588,1,340.5,1
15819.0,49,10,3934.79,0
15820.0,320,1,206.98,1
15821.0,44,2,570.96,0
15822.0,3,6,1840.06,0
15823.0,372,3,3882.17,1
15824.0,453,2,890.94,1
15825.0,172,1,532.94,0
15826.0,56,4,2598.28,0
15827.0,73,28,3603.14,0
15828.0,375,1,1108.82,1
15829.0,99,2,636.14,0
15830.0,38,1,576.0,0
15831.0,58,3,794.64,0
15832.0,254,1,836.79,1
15833.0,738,1,80.4,1
15834.0,70,7,3764.39,0
15835.0,44,4,954.09,0
15836.0,50,1,137.37,0
15837.0,65,2,777.01,0
15838.0,11,34,73205.5,3
15839.0,33,3,1048.49,0
15840.0,59,2,355.56,0
15841.0,73,9,2742.41,0
15842.0,393,2,548.8000000000001,1
15843.0,304,1,118.95,1
15844.0,46,1,130.73999999999998,0
15845.0,18,11,4426.28,0
15846.0,385,1,107.01,1
15847.0,38,5,822.57,0
15848.0,622,1,137.99,1
15850.0,19,6,1006.75,0
15851.0,527,1,109.73,1
15852.0,187,3,257.26,0
15853.0,52,1,110.8,0
15854.0,4,21,5578.28,0
15855.0,137,6,1052.72,0
15856.0,4,52,32275.95,0
15857.0,19,2,570.48,0
15858.0,16,13,3552.41,0
15859.0,432,1,438.46,1
15860.0,41,17,2361.3,0
15861.0,12,12,4369.2,0
15862.0,8,13,2512.29,0
15863.0,26,5,355.1,0
15864.0,22,7,2180.76,0
15865.0,41,5,2241.42,0
15866.0,101,1,211.89,0
15867.0,5,31,8923.3,0
15868.0,583,1,94.53,1
15869.0,277,3,321.11,1
15870.0,33,4,857.46,0
15871.0,437,1,33.099999999999994,1
15872.0,15,4,729.25,0
15873.0,500,4,313.92,1
15874.0,64,21,11284.76,0
15875.0,646,1,108.52,1
15876.0,409,2,1449.14,1
15877.0,2,2,490.33,0
15878.0,562,2,330.77,1
15879.0,404,4,1137.8,1
15880.0,369,1,329.03,1
15881.0,312,5,501.39,1
15882.0,199,8,1124.66,0
15883.0,2,2,396.48,0
15884.0,432,2,244.6,1
15885.0,93,15,1951.82,0
15886.0,60,4,1052.87,0
15887.0,407,3,1027.15,1
15888.0,81,3,429.16,0
15889.0,157,8,1427.6,0
15890.0,395,5,535.65,1
15891.0,227,1,511.68,0
15892.0,669,1,128.2,1
15893.0,482,1,305.28000000000003,1
15894.0,253,2,258.25,0
15895.0,150,1,179.17,0
15897.0,194,2,208.59,0
15898.0,1,25,4996.45,0
15899.0,369,1,56.25,1
15900.0,24,4,886.57,0
15901.0,17,7,687.72,0
15902.0,380,1,145.01,1
15903.0,10,12,8939.84,0
15904.0,8,1,164.68,0
15905.0,543,1,114.69,1
15906.0,20,10,2530.19,0
15907.0,4,3,882.72,0
15908.0,491,2,758.62,1
15909.0,174,1,191.94,0
15910.0,1,15,2661.17,0
15911.0,624,8,1700.24,1
15912.0,178,9,1074.7,0
15913.0,534,1,6.300000000000001,1
15914.0,378,2,205.99,1
15915.0,402,1,364.45,1
15916.0,16,13,3145.24,0
15917.0,248,5,530.17,0
15918.0,191,3,582.88,0
15919.0,20,2,525.69,0
15920.0,154,9,569.14,0
15921.0,173,4,775.26,0
15922.0,373,1,369.5,1
15923.0,373,1,127.08,1
15924.0,731,1,102.82,1
15925.0,194,1,207.15,0
15926.0,542,1,134.44,1
15927.0,647,1,106.54,1
15928.0,656,1,293.53,1
15929.0,644,1,594.0,1
15930.0,67,1,426.63,0
15931.0,428,1,239.9,1
15932.0,4,8,2495.87,0
15933.0,21,3,1107.46,0
15934.0,418,2,2190.66,1
15935.0,239,2,416.86,0
15936.0,379,2,282.79,1
15937.0,64,1,145.35000000000002,0
15938.0,112,9,734.8100000000001,0
15939.0,90,16,9060.39,0
15940.0,311,1,35.8,1
15941.0,637,1,405.0,1
15942.0,134,1,337.44,0
15943.0,650,2,271.29,1
15944.0,277,4,2164.24,1
15945.0,365,4,646.27,1
15946.0,503,3,2304.18,1
15947.0,83,1,1708.24,0
15948.0,8,3,1509.09,0
15949.0,17,2,364.72,0
15950.0,32,10,7120.91,0
15951.0,9,3,1013.17,0
15952.0,34,4,781.91,0
15953.0,15,18,3440.34,0
15954.0,589,1,190.75,1
15955.0,24,22,8085.98,0
15956.0,551,2,617.6,1
15957.0,32,3,921.25,0
15958.0,74,4,462.12,0
15959.0,682,3,542.89,1
15960.0,374,4,410.95,1
15961.0,379,1,451.29,1
15962.0,449,1,289.48,1
15963.0,20,2,470.76,0
15964.0,663,1,269.21000000000004,1
15965.0,17,13,2771.94,0
15966.0,451,1,426.53,1
15967.0,23,12,2966.0,0
15968.0,388,1,404.55,1
15969.0,3,5,1127.05,0
15970.0,304,2,1017.32,1
15971.0,18,18,5902.83,0
15972.0,456,5,1769.33,1
15973.0,367,3,680.62,1
15974.0,39,7,3442.15,0
15975.0,84,1,371.01,0
15976.0,165,6,1694.41,0
15977.0,17,2,1054.73,0
15978.0,77,3,3279.42,0
15979.0,603,1,329.22,1
15980.0,89,7,6543.68,0
15981.0,25,21,9362.77,0
15982.0,605,1,324.51,1
15983.0,22,8,3110.37,0
15984.0,3,30,8393.02,0
15985.0,123,7,2715.28,0
15986.0,30,2,354.42,0
15987.0,12,8,1535.99,0
15988.0,19,3,738.89,0
15989.0,376,2,368.31,1
15990.0,44,7,1997.75,0
15991.0,534,1,150.55,1
15992.0,4,3,896.6,0
15993.0,9,7,2777.67,0
15994.0,55,3,1175.68,0
15995.0,414,1,694.54,1
15996.0,88,7,1386.4,0
15998.0,37,16,8274.14,0
15999.0,736,1,20.4,1
16000.0,3,3,12393.7,0
16001.0,381,1,583.39,1
16002.0,625,1,169.21,1
16003.0,30,10,5613.83,0
16004.0,475,5,2146.39,1
16005.0,12,10,2365.49,0
16006.0,211,2,332.82,0
16007.0,48,7,3053.06,0
16008.0,24,15,5339.13,0
16009.0,22,4,972.11,0
16010.0,246,11,1694.86,0
16011.0,8,29,5601.01,0
16012.0,35,5,2978.59,0
16013.0,4,84,56078.44,3
16014.0,38,5,1100.28,0
16015.0,4,3,704.55,0
16016.0,3,11,2083.4,0
16017.0,47,5,1545.58,0
16018.0,39,4,698.13,0
16019.0,47,27,17329.16,0
16020.0,17,3,851.01,0
16021.0,395,2,487.03,1
16022.0,260,1,602.63,1
16023.0,46,3,719.81,0
16024.0,12,3,483.99,0
16025.0,30,1,439.66,0
16026.0,43,1,236.09,0
16027.0,92,15,2048.36,0
16028.0,596,1,82.2,1
16029.0,39,107,117763.62,3
16030.0,310,1,331.24,1
16031.0,92,2,547.9,0
16032.0,456,6,1965.72,1
16033.0,6,27,10608.81,0
16034.0,196,6,911.32,0
16035.0,560,1,217.73,1
16036.0,87,4,2556.84,0
16037.0,270,5,1509.34,1
16038.0,8,3,471.78,0
16039.0,424,2,456.4,1
16040.0,65,7,2416.9,0
16041.0,31,3,3166.4,0
16042.0,22,8,2245.32,0
16043.0,38,8,1856.59,0
16044.0,435,1,340.84000000000003,1
16045.0,120,8,3434.93,0
16046.0,562,1,235.78,1
16047.0,682,1,107.14,1
16048.0,373,4,818.7900000000001,1
16049.0,40,6,1852.15,0
16050.0,174,3,300.7,0
16051.0,682,1,188.44,1
16052.0,54,1,362.06,0
16053.0,33,6,3634.84,0
16054.0,145,4,2111.88,0
16055.0,221,1,134.8,0
16056.0,45,1,650.75,0
16057.0,16,10,3854.85,0
16058.0,406,1,62.7,1
16059.0,66,12,3053.57,0
16060.0,401,3,541.95,1
16061.0,431,1,89.65,1
16062.0,10,8,2863.45,0
16063.0,260,1,335.32,1
16064.0,725,1,109.31,1
16065.0,365,8,1992.13,1
16066.0,17,5,1521.04,0
16067.0,563,3,3269.11,1
16068.0,594,1,115.73,1
16069.0,418,1,457.7,1
16070.0,22,2,852.15,0
16071.0,45,4,1076.8,0
16072.0,288,4,4180.09,1
16073.0,297,1,122.4,1
16074.0,390,1,252.5,1
16075.0,503,2,736.9300000000001,1
16076.0,3,10,2234.73,0
16077.0,626,1,2300.4,1
16078.0,284,2,362.99,1
16079.0,17,3,1352.0,0
16080.0,82,4,602.5600000000001,0
16081.0,56,8,4278.96,0
16082.0,670,1,106.75,1
16083.0,101,4,2351.42,0
16084.0,299,1,436.18,1
16085.0,23,12,2341.03,0
16086.0,59,10,2687.73,0
16087.0,389,5,1739.92,1
16088.0,576,2,1437.43,1
16089.0,386,2,263.49,1
16090.0,624,1,180.56,1
16091.0,155,2,315.06,0
16092.0,115,6,1587.94,0
16093.0,107,1,17.0,0
16094.0,12,11,3695.56,0
16095.0,456,1,447.05,1
16096.0,264,4,1584.97,1
16097.0,240,1,185.05,0
16098.0,88,14,4010.7,0
16099.0,50,7,1573.2,0
16100.0,463,1,582.64,1
16101.0,71,4,3229.16,0
16102.0,42,3,1842.14,0
16103.0,7,22,6191.71,0
16104.0,62,9,2774.46,0
16105.0,249,5,2386.19,0
16106.0,66,1,108.38,0
16107.0,18,7,3204.1600000000003,0
16108.0,85,4,2235.92,0
16109.0,219,3,939.48,0
16110.0,45,4,1781.59,0
16111.0,428,1,549.33,1
16112.0,143,4,195.74,0
16113.0,183,1,161.38,0
16114.0,171,1,135.75000000000003,0
16115.0,10,12,2553.8,0
16116.0,212,1,612.78,0
16117.0,190,3,654.4,0
16118.0,653,1,4376.25,1
16119.0,8,8,1720.81,0
16120.0,59,6,2967.51,0
16121.0,57,5,1450.04,0
16122.0,73,6,895.62,0
16123.0,52,1,307.78000000000003,0
16124.0,317,4,1772.49,1
16125.0,367,14,4292.35,1
16126.0,29,15,14644.6,0
16127.0,39,2,801.3100000000001,0
16128.0,18,11,3801.05,0
16129.0,407,3,1396.05,1
16130.0,422,4,987.48,1
16131.0,52,12,9957.42,0
16132.0,544,2,664.1999999999999,1
16133.0,4,56,22992.26,0
16134.0,22,5,2145.34,0
16135.0,263,2,819.45,1
16136.0,60,4,946.8,0
16137.0,680,1,422.7,1
16138.0,379,3,910.35,1
16139.0,19,5,1111.15,0
16140.0,66,3,1433.46,0
16141.0,88,2,955.94,0
16142.0,250,1,535.34,0
16143.0,3,12,4555.08,0
16144.0,247,1,175.2,0
16145.0,9,19,6805.4400000000005,0
16146.0,157,4,946.38,0
16147.0,134,5,2398.91,0
16148.0,296,2,386.62,1
16149.0,5,3,422.22,0
16150.0,43,10,4002.17,0
16152.0,269,1,1829.04,1
16153.0,50,11,5133.49,0
16155.0,382,5,796.9,1
16156.0,9,20,6188.18,0
16157.0,16,3,656.69,0
16158.0,522,9,628.32,1
16159.0,282,4,1232.79,1
16160.0,65,2,1025.44,0
16161.0,2,43,12580.06,0
16162.0,252,1,37.4,1
16163.0,232,6,2407.98,0
16164.0,17,3,822.48,0
16165.0,505,1,79.9,1
16166.0,428,2,435.83,1
16167.0,414,5,1386.12,1
16168.0,11,66,10360.67,0
16169.0,8,4,1822.97,0
16170.0,51,20,6869.0,0
16171.0,59,1,73.19999999999999,0
16172.0,95,8,1884.55,0
16173.0,16,6,1418.32,0
16174.0,126,7,2246.75,0
16175.0,94,7,1836.44,0
16176.0,421,4,2052.69,1
16177.0,50,8,2247.31,0
16178.0,138,2,612.6,0
16179.0,61,1,215.83,0
16180.0,100,13,16249.87,0
16181.0,73,1,305.54,0
16182.0,72,9,9971.65,0
16183.0,67,4,1077.81,0
16184.0,64,6,1158.79,0
16185.0,17,3,644.72,0
16186.0,23,26,8718.43,0
16187.0,32,15,6911.4400000000005,0
16188.0,45,5,1087.66,0
16189.0,16,2,215.48,0
16190.0,40,8,2723.55,0
16191.0,3,24,15677.820000000002,0
16192.0,736,1,351.3,1
16193.0,237,2,630.4300000000001,0
16194.0,375,1,308.6,1
16195.0,723,1,323.25,1
16196.0,489,1,93.3,1
16197.0,469,9,2016.71,1
16198.0,75,2,1030.0410000000002,0
16199.0,392,7,942.75,1
16200.0,4,12,5608.1,0
16201.0,3,5,2112.12,0
16202.0,361,9,2501.99,1
16203.0,59,6,943.84,0
16204.0,23,3,918.71,0
16205.0,31,7,1820.11,0
16206.0,55,13,2589.87,0
16207.0,25,1,394.38,0
16208.0,45,10,3440.4500000000003,0
16209.0,89,9,4146.78,0
16210.0,2,35,33750.97,0
16211.0,89,3,1090.59,0
16212.0,19,4,1293.71,0
16213.0,79,1,159.0,0
16214.0,171,4,2038.25,0
16215.0,81,1,242.35,0
16216.0,267,1,914.93,1
16217.0,235,2,304.25,0
16218.0,30,13,3968.67,0
16219.0,501,1,40.8,1
16221.0,37,9,2019.92,0
16222.0,318,2,1272.05,1
16223.0,375,2,1087.05,1
16224.0,57,5,1616.54,0
16225.0,45,15,2859.31,0
16226.0,203,5,672.17,0
16227.0,225,3,1027.22,0
16228.0,385,3,885.71,1
16229.0,87,6,2867.86,0
16230.0,190,2,542.03,0
16231.0,379,4,1074.47,1
16232.0,44,7,2712.97,0
16233.0,71,9,1818.31,0
16234.0,476,3,333.18,1
16235.0,41,9,2053.71,0
16236.0,78,1,432.2,0
16237.0,437,1,136.65,1
16238.0,423,1,63.66,1
16239.0,57,6,1492.2,0
16240.0,24,2,3718.8,0
16241.0,10,16,3992.86,0
16242.0,8,14,7404.650000000001,0
16243.0,34,2,409.1,0
16244.0,212,2,1522.75,0
16245.0,24,3,1413.66,0
16246.0,460,2,821.35,1
16247.0,170,1,114.56,0
16248.0,62,1,152.94,0
16249.0,53,5,1800.07,0
16250.0,261,3,565.24,1
16251.0,512,1,128.31,1
16252.0,383,1,295.09000000000003,1
16253.0,67,7,7272.2,0
16254.0,378,3,967.44,1
16255.0,17,15,4530.0,0
16256.0,267,3,1629.37,1
16257.0,177,1,46.95,0
16258.0,45,15,11942.52,0
16259.0,410,3,340.94,1
16260.0,51,1,1035.45,0
16261.0,17,6,1041.16,0
16262.0,378,1,755.15,1
16263.0,423,1,348.16,1
16264.0,438,2,823.53,1
16265.0,9,12,6935.17,0
16266.0,74,14,1757.95,0
16267.0,591,1,186.66,1
16268.0,71,2,667.65,0
16269.0,438,1,717.57,1
16270.0,353,1,1141.24,1
16271.0,3,10,3397.82,0
16272.0,117,1,411.7,0
16273.0,648,2,318.34000000000003,1
16274.0,373,1,351.75,1
16275.0,197,3,2151.11,0
16276.0,177,3,2629.3900000000003,0
16277.0,734,1,188.69,1
16278.0,100,3,1117.84,0
16279.0,21,9,5698.28,0
16280.0,725,1,238.05,1
16281.0,72,3,3424.02,0
16282.0,340,3,1307.5800000000002,1
16283.0,6,8,4350.32,0
16284.0,31,3,1018.48,0
16285.0,646,1,176.9,1
16286.0,477,2,328.95,1
16287.0,170,5,1006.98,0
16288.0,470,1,129.85,1
16289.0,462,1,136.31,1
16290.0,465,4,1957.7,1
16291.0,682,1,117.72,1
16292.0,122,5,1253.76,0
16293.0,22,15,4279.2,0
16294.0,477,1,126.05,1
16295.0,10,4,1328.55,0
16296.0,626,4,1313.67,1
16297.0,269,1,301.9,1
16298.0,23,7,1085.7,0
16299.0,477,1,193.65,1
16300.0,430,3,1367.32,1
16301.0,737,1,107.33,1
16302.0,127,1,233.22,0
16303.0,26,7,7928.27,0
16304.0,695,1,381.66,1
16305.0,139,1,361.22,0
16306.0,214,7,1124.72,0
16307.0,429,3,1194.92,1
16308.0,38,7,5120.0,0
16309.0,106,2,706.57,0
16310.0,414,2,460.08,1
16311.0,18,2,616.26,0
16312.0,432,1,171.15,1
16313.0,3,2,274.15000000000003,0
16314.0,390,3,1491.4,1
16315.0,331,2,402.71,1
16316.0,64,13,5744.91,0
16317.0,120,5,2192.51,0
16318.0,35,1,328.15000000000003,0
16319.0,218,1,404.4,0
16320.0,172,6,5628.99,0
16321.0,72,7,604.5500000000001,0
16322.0,1,2,326.75,0
16323.0,196,2,353.66,0
16324.0,128,3,408.59,0
16325.0,47,12,3597.5,0
16326.0,6,24,4721.25,0
16327.0,14,16,10159.64,0
16328.0,563,1,310.83,1
16329.0,428,4,1664.92,1
16330.0,18,7,625.38,0
16331.0,432,6,2037.7,1
16332.0,28,11,2000.01,0
16333.0,8,22,26626.8,0
16334.0,492,1,263.73,1
16335.0,552,7,2753.52,1
16336.0,421,4,3517.69,1
16337.0,37,1,151.05,0
16338.0,157,1,214.8,0
16339.0,284,1,94.05,1
16340.0,107,3,1496.24,0
16341.0,25,7,3850.79,0
16342.0,75,4,322.41,0
16343.0,16,3,614.12,0
16344.0,158,4,842.42,0
16345.0,44,2,1178.79,0
16346.0,385,1,224.51,1
16347.0,11,11,3442.96,0
16348.0,32,8,1744.42,0
16349.0,291,1,53.5,1
16350.0,21,9,2253.89,0
16351.0,333,13,3330.03,1
16352.0,18,2,494.44,0
16353.0,4,38,9795.46,0
16354.0,63,5,1119.46,0
16355.0,375,1,416.35,1
16356.0,198,6,415.87,0
16357.0,33,4,868.37,0
16358.0,1,5,2919.65,0
16359.0,7,16,2697.75,0
16360.0,5,6,3450.41,0
16361.0,10,4,891.21,0
16362.0,32,6,922.16,0
16363.0,53,1,109.36,0
16364.0,12,2,705.79,0
16365.0,18,15,3167.34,0
16366.0,19,4,1548.13,0
16367.0,37,3,1350.48,0
16368.0,2,3,621.44,0
16369.0,18,7,2656.56,0
16370.0,82,4,1301.91,0
16371.0,449,1,157.2,1
16372.0,33,5,1290.31,0
16373.0,382,2,309.49,1
16374.0,66,5,1723.4,0
16375.0,470,2,104.0,1
16376.0,9,2,974.96,0
16377.0,267,2,1308.48,1
16378.0,247,3,362.95,0
16379.0,4,4,2157.4,0
16380.0,61,1,1743.15,0
16381.0,396,2,247.85,1
16382.0,408,2,353.1,1
16383.0,75,7,2896.69,0
16384.0,90,4,1358.95,0
16385.0,60,5,881.35,0
16386.0,29,3,1068.16,0
16387.0,323,5,882.46,1
16388.0,654,1,186.05,1
16389.0,53,4,1382.0700000000002,0
16390.0,537,3,467.5,1
16391.0,401,4,1052.26,1
16392.0,270,3,756.7,1
16393.0,2,23,5297.77,0
16394.0,57,5,1555.34,0
16395.0,61,14,3518.41,0
16396.0,476,1,137.8,1
16397.0,628,1,123.13,1
16398.0,154,2,1705.8,0
16399.0,19,3,630.22,0
16400.0,95,9,3059.85,0
16401.0,1,23,6849.15,0
16402.0,265,2,293.45,1
16403.0,312,1,177.5,1
16404.0,70,1,443.05,0
16405.0,302,2,167.25,1
16406.0,19,3,528.36,0
16407.0,13,14,2761.65,0
16408.0,591,1,231.93,1
16409.0,36,12,5652.74,0
16410.0,734,1,130.32,1
16411.0,19,4,756.39,0
16412.0,54,5,593.19,0
16413.0,57,2,522.03,0
16414.0,22,5,551.21,0
16415.0,44,3,696.76,0
16416.0,27,9,2957.88,0
16417.0,493,1,35.7,1
16418.0,45,5,1028.74,0
16419.0,113,8,1463.7,0
16420.0,396,1,75.0,1
16421.0,376,3,526.27,1
16422.0,17,109,61920.87,3
16423.0,25,1,346.12,0
16424.0,191,2,443.06,0
16425.0,302,1,302.7,1
16426.0,2,10,1863.76,0
16427.0,263,2,241.06,1
16428.0,414,3,638.49,1
16429.0,106,1,284.55,0
16430.0,57,7,1117.94,0
16431.0,213,3,623.28,0
16432.0,64,1,287.40000000000003,0
16433.0,28,2,384.52,0
16434.0,29,12,2673.69,0
16435.0,512,3,1003.07,1
16436.0,668,3,319.14,1
16437.0,381,2,301.25,1
16438.0,6,5,798.35,0
16439.0,722,1,310.70000000000005,1
16440.0,8,6,3856.97,0
16441.0,67,5,1019.13,0
16442.0,2,5,891.98,0
16443.0,521,1,162.24,1
16444.0,46,17,3625.88,0
16445.0,34,4,583.16,0
16446.0,1,2,168472.5,3
16447.0,136,3,727.1,0
16448.0,198,2,361.12,0
16449.0,198,2,707.69,0
16450.0,150,3,1505.73,0
16451.0,88,3,1013.15,0
16452.0,631,2,332.17,1
16453.0,531,2,251.71,1
16454.0,45,4,30.950000000000003,0
16455.0,64,11,3995.57,0
16456.0,99,13,6000.94,0
16457.0,218,1,208.36,0
16458.0,3,30,5690.89,0
16459.0,730,1,71.78999999999999,1
16460.0,28,3,811.23,0
16461.0,178,3,1545.83,0
16462.0,74,3,136.0,0
16463.0,21,4,1422.4,0
16464.0,20,3,1298.66,0
16465.0,421,2,746.24,1
16466.0,34,15,3767.09,0
16467.0,509,7,2869.16,1
16468.0,74,3,787.52,0
16469.0,24,5,803.9,0
16470.0,52,11,2416.85,0
16471.0,275,4,1189.98,1
16472.0,434,2,789.6,1
16473.0,165,4,470.83,0
16474.0,7,7,1810.65,0
16475.0,88,4,544.3,0
16476.0,432,1,350.35,1
16477.0,64,11,4094.37,0
16478.0,25,3,331.0,0
16479.0,10,2,300.83,0
16480.0,76,1,769.29,0
16481.0,682,1,453.38,1
16482.0,16,1,220.62,0
16483.0,192,1,139.35,0
16484.0,174,2,404.3,0
16485.0,77,5,2287.19,0
16486.0,538,1,134.36,1
16487.0,577,2,209.4,1
16488.0,33,3,498.8,0
16489.0,380,2,303.7,1
16490.0,436,1,205.41000000000005,1
16491.0,47,2,1533.16,0
16492.0,541,1,385.56,1
16493.0,80,7,2132.09,0
16494.0,297,1,826.53,1
16495.0,3,3,648.26,0
16496.0,9,6,2330.77,0
16497.0,50,23,6695.28,0
16498.0,161,2,100.97,0
16499.0,360,8,2578.34,1
16500.0,5,9,843.9100000000001,0
16501.0,383,1,1191.23,1
16502.0,620,2,258.55,1
16503.0,107,11,3614.34,0
16504.0,25,1,465.88,0
16505.0,32,1,777.6,0
16506.0,20,2,90.3,0
16507.0,572,1,142.71,1
16508.0,630,1,240.95,1
16509.0,297,1,363.7000000000001,1
16510.0,372,6,1777.5,1
16511.0,22,6,1760.49,0
16513.0,5,4,874.59,0
16515.0,52,10,3179.06,0
16516.0,30,1,101.7,0
16517.0,277,1,162.70000000000002,1
16518.0,61,4,959.37,0
16519.0,25,4,439.06,0
16520.0,186,6,2148.38,0
16521.0,415,3,1140.11,1
16522.0,436,2,433.36,1
16523.0,2,28,11916.33,0
16524.0,446,2,306.19,1
16525.0,2,48,24151.3,0
16526.0,172,2,717.21,0
16527.0,81,2,1232.94,0
16528.0,4,1,244.41,0
16529.0,190,4,1986.8,0
16530.0,668,1,48.35,1
16531.0,22,11,2298.33,0
16532.0,18,5,8756.64,0
16533.0,19,3,1082.81,0
16534.0,642,1,635.9,1
16535.0,5,3,972.04,0
16536.0,110,1,548.12,0
16537.0,641,1,23.35,1
16538.0,541,3,395.07,1
16539.0,3,10,3289.66,0
16540.0,414,1,205.75,1
16541.0,735,1,424.03,1
16542.0,54,2,257.32,0
16543.0,592,1,292.21,1
16544.0,520,4,376.7000000000001,1
16545.0,165,2,689.8199999999999,0
16546.0,291,5,5307.07,1
16547.0,546,1,104.26,1
16548.0,599,1,30.15,1
16549.0,10,34,12781.8,0
16550.0,109,18,8813.58,0
16551.0,96,7,2237.12,0
16552.0,243,2,379.73,0
16553.0,163,33,16584.01,0
16554.0,42,8,2841.7200000000003,0
16555.0,35,6,1915.68,0
16556.0,67,17,8012.58,0
16557.0,24,2,281.85,0
16558.0,1,38,13304.11,0
16559.0,397,1,175.0,1
16560.0,27,8,3048.38,0
16561.0,6,2,511.12,0
16562.0,477,1,223.86,1
16563.0,54,6,4412.56,0
16564.0,569,1,87.80000000000001,1
16565.0,364,4,773.05,1
16566.0,15,5,614.66,0
16567.0,194,2,865.6,0
16568.0,428,2,1020.9,1
16569.0,3,5,1455.23,0
16570.0,15,20,7434.31,0
16571.0,27,10,4248.74,0
16572.0,127,3,1009.6,0
16573.0,85,2,663.61,0
16574.0,71,3,1301.78,0
16576.0,420,2,540.87,1
16577.0,667,1,380.0,1
16578.0,626,1,156.6,1
16579.0,426,1,295.05,1
16581.0,183,1,105.84,0
16582.0,113,1,313.62,0
16583.0,374,2,297.95,1
16584.0,80,5,3156.17,0
16585.0,594,2,341.59000000000003,1
16586.0,249,3,1462.78,0
16587.0,232,1,225.15,0
16588.0,386,4,1361.28,1
16589.0,71,4,612.36,0
16590.0,401,2,605.9,1
16591.0,69,1,213.5,0
16592.0,4,28,7807.91,0
16593.0,51,8,1071.14,0
16594.0,75,1,181.09,0
16595.0,61,5,1757.75,0
16596.0,16,4,458.98,0
16597.0,4,1,90.04,0
16598.0,286,1,145.05,1
16599.0,386,1,172.8,1
16600.0,4,13,2153.41,0
16601.0,41,3,677.0,0
16602.0,36,2,763.33,0
16603.0,75,2,482.47,0
16604.0,563,2,432.4500000000001,1
16605.0,724,1,60.48,1
16606.0,404,2,357.66,1
16607.0,18,25,5706.87,0
16608.0,454,2,1286.62,1
16609.0,15,7,5493.46,0
16610.0,219,1,75.66,0
16611.0,186,6,1785.13,0
16612.0,33,9,3245.4300000000003,0
16613.0,70,1,618.59,0
16614.0,183,3,1179.79,0
16615.0,626,1,291.5,1
16616.0,15,2,500.42,0
16617.0,236,1,151.85,0
16618.0,31,5,2647.59,0
16619.0,264,4,1938.33,1
16620.0,4,6,1758.93,0
16621.0,52,4,813.48,0
16622.0,544,1,225.4,1
16623.0,246,4,1015.24,0
16624.0,81,2,810.57,0
16625.0,275,5,1654.03,1
16626.0,1,17,4413.1,0
16627.0,79,1,322.8,0
16628.0,30,7,2318.1,0
16629.0,74,2,408.63,0
16630.0,407,1,106.8,1
16631.0,482,7,1892.52,1
16632.0,486,2,406.4,1
16633.0,17,6,2883.1,0
16634.0,223,6,1649.81,0
16635.0,407,1,473.0,1
16636.0,438,4,3802.04,1
16637.0,32,4,1154.47,0
16638.0,23,15,2380.13,0
16639.0,31,4,1747.98,0
16640.0,398,1,179.4,1
16641.0,106,2,554.5,0
16642.0,5,3,1077.45,0
16643.0,246,2,923.11,0
16644.0,178,2,833.78,0
16645.0,736,1,160.39,1
16646.0,449,1,678.8,1
16647.0,170,4,541.9,0
16648.0,43,3,672.8,0
16649.0,520,1,306.58,1
16650.0,72,7,1916.11,0
16651.0,587,1,136.2,1
16652.0,59,16,17550.39,0
16653.0,16,2,1212.66,0
16654.0,141,8,1484.07,0
16655.0,18,13,6423.26,0
16656.0,22,30,16833.170000000002,0
16657.0,10,4,874.43,0
16658.0,368,6,690.83,1
16659.0,189,1,39.12,0
16660.0,16,7,1879.55,0
16661.0,540,4,932.76,1
16662.0,394,1,151.05,1
16663.0,729,1,165.0,1
16664.0,569,1,109.2,1
16665.0,362,1,135.4,1
16666.0,19,2,217.71,0
16667.0,68,2,567.1800000000001,0
16668.0,15,13,862.42,0
16669.0,24,3,1348.88,0
16670.0,17,20,8030.150000000001,0
16671.0,28,3,1692.27,0
16672.0,2,20,8134.94,0
16673.0,679,1,171.13,1
16674.0,55,2,304.24,0
16675.0,442,2,608.86,1
16676.0,34,6,2361.9,0
16677.0,411,2,880.62,1
16678.0,3,12,3109.99,0
16679.0,366,3,663.31,1
16680.0,43,3,821.45,0
16681.0,73,7,1921.84,0
16682.0,5,5,1028.0,0
16683.0,534,1,320.25,1
16684.0,4,55,147142.77,3
16685.0,61,2,324.24,0
16686.0,47,16,4881.07,0
16687.0,391,1,157.63,1
16688.0,1,4,1260.86,0
16689.0,76,2,422.6,0
16690.0,72,4,353.03000000000003,0
16691.0,418,2,178.83,1
16692.0,256,4,1914.7,0
16693.0,69,5,1179.48,0
16694.0,723,1,98.3,1
16695.0,562,2,191.9,1
16696.0,135,4,657.9,0
16697.0,241,1,112.75,0
16698.0,227,2,1998.0,0
16699.0,380,7,994.6,1
16700.0,9,25,8830.77,0
16701.0,9,26,9916.73,0
16702.0,415,4,1110.83,1
16704.0,618,2,664.16,1
16705.0,1,42,43515.051,0
16706.0,37,3,531.35,0
16707.0,400,4,533.41,1
16708.0,46,1,656.63,0
16709.0,85,14,9056.01,0
16710.0,19,22,5921.35,0
16711.0,3,9,2868.48,0
16712.0,9,13,4232.87,0
16713.0,19,32,14115.56,0
16714.0,219,4,1497.33,0
16715.0,78,2,625.52,0
16716.0,267,3,2149.6800000000003,1
16717.0,24,14,6663.68,0
16718.0,369,5,3006.08,1
16719.0,15,14,3513.62,0
16720.0,26,3,758.74,0
16721.0,262,1,292.47,1
16722.0,17,22,8189.56,0
16723.0,91,4,1231.36,0
16724.0,405,1,147.35,1
16725.0,302,14,1688.26,1
16726.0,26,7,2063.88,0
16727.0,364,4,1377.77,1
16728.0,46,4,1048.28,0
16729.0,38,21,7205.33,0
16730.0,52,3,743.11,0
16731.0,648,1,170.3,1
16732.0,32,4,4387.64,0
16733.0,530,1,259.68,1
16734.0,52,3,646.76,0
16735.0,79,14,6217.41,0
16736.0,506,5,2956.56,1
16737.0,53,2,835.2,0
16738.0,298,1,3.75,1
16739.0,177,2,786.4300000000001,0
16740.0,395,1,226.91,1
16741.0,625,1,173.06,1
16742.0,47,14,2799.87,0
16743.0,29,14,4212.15,0
16744.0,11,7,1291.91,0
16745.0,87,17,7180.7,0
16746.0,5,42,18046.75,0
16747.0,38,2,836.0600000000001,0
16748.0,18,14,3637.33,0
16749.0,591,2,4157.88,1
16750.0,45,5,623.93,0
16751.0,31,1,1764.72,0
16752.0,373,1,207.5,1
16753.0,58,1,223.92,0
16754.0,372,29,65500.07,0
16755.0,114,7,2864.68,0
16756.0,215,7,1312.37,0
16757.0,319,2,270.48,1
16758.0,65,1,369.34,0
16759.0,8,3,789.79,0
16760.0,430,1,228.0,1
16761.0,97,1,316.62,0
16762.0,20,3,1207.24,0
16763.0,199,2,964.7,0
16764.0,4,13,2790.9500000000003,0
16765.0,294,2,454.75,1
16766.0,273,2,1145.6,1
16767.0,31,15,8056.76,0
16768.0,48,9,1698.57,0
16769.0,260,4,1117.05,0
16770.0,58,9,1778.93,0
16771.0,33,10,3949.6,0
16772.0,423,3,3698.05,1
16773.0,57,3,421.24,0
16774.0,68,8,1567.48,0
16775.0,10,16,2820.84,0
16776.0,60,2,592.51,0
16777.0,80,5,1292.18,0
16778.0,74,2,245.94,0
16779.0,2,53,32809.03,0
16780.0,100,3,596.4,0
16781.0,372,2,623.0,1
16782.0,10,38,9636.12,0
16783.0,437,1,391.95,1
16784.0,20,5,892.33,0
16785.0,410,1,533.78,1
16786.0,394,1,51.84,1
16787.0,398,4,1017.53,1
16788.0,123,5,1928.93,0
16789.0,8,1,80.80000000000001,0
16790.0,4,6,1545.62,0
16791.0,29,15,3957.63,0
16792.0,282,5,623.46,1
16793.0,57,1,243.84,0
16794.0,1,15,2052.7,0
16795.0,365,3,2062.41,1
16796.0,89,1,305.62,0
16797.0,393,5,1802.02,1
16798.0,554,3,841.16,1
16799.0,432,2,452.78,1
16800.0,11,1,1162.65,0
16801.0,163,4,1594.23,0
16802.0,679,2,582.61,1
16803.0,65,1,332.3,0
16804.0,23,3,536.99,0
16805.0,174,5,1091.34,0
16806.0,103,4,762.16,0
16807.0,143,6,2123.88,0
16808.0,99,2,288.42,0
16809.0,23,9,1727.43,0
16810.0,192,2,842.04,0
16811.0,5,2,547.07,0
16812.0,361,4,2392.0,1
16813.0,8,10,1652.18,0
16814.0,14,36,11924.85,0
16815.0,454,2,406.02,1
16816.0,103,4,417.06,0
16817.0,3,13,2560.7000000000003,0
16818.0,11,11,3349.57,0
16819.0,465,2,182.59,1
16820.0,96,1,497.61,0
16821.0,382,1,113.35,1
16822.0,686,1,181.39,1
16823.0,227,7,2243.09,0
16824.0,16,3,686.24,0
16825.0,39,5,1826.89,0
16826.0,51,1,341.7,0
16827.0,393,5,392.13,1
16828.0,93,2,128.5,0
16829.0,157,2,513.32,0
16830.0,39,4,1207.5,0
16831.0,565,1,91.8,1
16832.0,184,5,417.61,0
16833.0,1,6,2409.04,0
16834.0,228,2,898.96,0
16835.0,128,6,1456.66,0
16836.0,40,4,782.37,0
16837.0,31,11,3170.98,0
16838.0,197,4,1159.61,0
16839.0,9,44,21758.25,0
16840.0,603,2,139.85,1
16841.0,37,12,4006.06,0
16842.0,101,3,1264.19,0
16843.0,43,35,19571.43,0
16844.0,563,2,614.34,1
16845.0,618,1,253.88,1
16846.0,50,3,842.41,0
16847.0,43,2,614.89,0
16848.0,53,4,1411.62,0
16849.0,187,1,124.57,0
16850.0,334,1,332.41,1
16851.0,4,3,342.45,0
16852.0,10,2,144.91,0
16854.0,417,2,1408.96,1
16855.0,24,2,328.40000000000003,0
16856.0,15,3,358.49,0
16857.0,443,1,352.8,1
16858.0,369,10,4292.59,1
16859.0,145,7,1932.41,0
16860.0,453,3,1610.62,1
16861.0,60,5,946.59,0
16862.0,547,4,662.33,1
16863.0,31,3,834.27,0
16864.0,434,2,409.25,1
16865.0,402,1,130.95,1
16866.0,141,3,207.74,0
16867.0,690,1,76.74000000000001,1
16868.0,394,3,384.56,1
16869.0,23,4,817.12,0
16870.0,469,1,450.16,1
16871.0,22,6,2812.34,0
16872.0,77,6,1213.13,0
16873.0,5,12,14617.39,0
16874.0,379,1,209.89,1
16875.0,67,11,4234.53,0
16876.0,404,1,136.01,1
16877.0,12,6,846.62,0
16878.0,84,1,13.3,0
16880.0,31,8,1813.21,0
16881.0,67,1,432.0,0
16882.0,67,3,705.12,0
16883.0,187,19,2246.06,0
16884.0,38,4,1070.97,0
16885.0,15,4,684.6,0
16886.0,456,1,134.0,1
16887.0,35,3,658.17,0
16888.0,401,3,434.2,1
16889.0,195,6,2526.65,0
16890.0,477,3,285.41,1
16891.0,2,11,1727.94,0
16892.0,1,7,754.75,0
16893.0,367,2,249.89,1
16894.0,502,3,1306.96,1
16895.0,65,5,1102.9,0
16896.0,555,1,103.95,1
16897.0,299,2,289.78,1
16898.0,26,5,885.21,0
16899.0,8,8,1695.77,0
16900.0,17,3,887.11,0
16901.0,729,1,204.26,1
16902.0,116,1,1706.88,0
16903.0,29,3,1041.75,0
16904.0,4,21,4675.36,0
16905.0,5,17,4706.77,0
16906.0,82,7,1410.92,0
16907.0,29,9,1470.89,0
16908.0,722,1,252.59,1
16909.0,72,1,379.14,0
16910.0,4,8,1508.96,0
16911.0,636,2,255.25,1
16912.0,29,15,4460.51,0
16913.0,290,3,423.91,1
16914.0,36,1,183.76,0
16915.0,9,11,1543.18,0
16916.0,24,4,902.02,0
16917.0,277,2,1851.88,1
16918.0,50,16,3206.54,0
16919.0,156,24,4909.66,0
16920.0,411,1,355.45,1
16921.0,61,3,409.21,0
16922.0,573,1,611.08,1
16923.0,12,32,13157.13,0
16924.0,21,3,829.89,0
16925.0,540,1,125.65,1
16926.0,371,5,1169.61,1
16927.0,116,3,543.05,0
16928.0,80,29,3897.53,0
16929.0,4,7,1295.39,0
16930.0,26,3,378.89,0
16931.0,5,23,5032.22,0
16932.0,53,3,412.55,0
16933.0,1,9,3099.3,0
16934.0,55,6,2083.14,0
16935.0,382,3,530.86,1
16936.0,26,2,548.29,0
16937.0,499,1,196.25,1
16938.0,9,9,6995.360000000001,0
16939.0,489,3,433.85,1
16940.0,52,8,6427.66,0
16941.0,612,1,33.0,1
16942.0,13,9,1904.99,0
16943.0,212,5,1299.49,0
16944.0,610,1,101.36,1
16945.0,22,33,8548.16,0
16946.0,383,5,1222.04,1
16947.0,236,5,955.21,0
16948.0,139,7,868.77,0
16949.0,4,6,1286.27,0
16950.0,57,10,3541.77,0
16951.0,135,3,1277.75,0
16952.0,109,5,795.83,0
16953.0,30,1,20.8,0
16954.0,1,20,6081.88,0
16955.0,185,6,1120.31,0
16956.0,18,1,308.74,0
16957.0,239,2,416.64,0
16958.0,435,1,778.49,1
16959.0,87,1,117.35,0
16960.0,39,8,1990.88,0
16961.0,116,3,794.56,0
16962.0,410,1,251.04,1
16963.0,187,1,110.55,0
16964.0,733,2,207.85,1
16965.0,227,1,201.19,0
16966.0,8,7,2154.97,0
16967.0,189,1,319.02,0
16968.0,4,2,439.43,0
16969.0,39,3,650.41,0
16970.0,626,1,71.4,1
16971.0,38,1,357.21,0
16972.0,383,2,749.0,1
16973.0,386,1,127.0,1
16974.0,523,2,365.5,1
16975.0,423,3,926.12,1
16976.0,267,1,251.52,1
16977.0,395,4,496.0,1
16978.0,78,3,768.88,0
16979.0,4,9,2859.74,0
16980.0,255,3,1422.83,0
16982.0,61,1,384.06,0
16983.0,13,11,3490.53,0
16984.0,88,9,10350.53,0
16985.0,17,23,10923.16,0
16986.0,30,11,4888.75,0
16987.0,3,11,2521.4,0
16988.0,5,2,382.67,0
16989.0,7,6,1133.25,0
16990.0,219,2,344.0,0
16991.0,421,1,1041.21,1
16992.0,11,13,5476.5,0
16993.0,464,2,1950.95,1
16996.0,30,9,2123.61,0
16997.0,288,3,702.0,1
16998.0,150,5,402.0,0
16999.0,23,2,484.82,0
17000.0,396,2,406.3,1
17001.0,1,19,6640.8,0
17002.0,86,7,2571.55,0
17003.0,402,4,828.21,1
17004.0,46,4,2324.36,0
17005.0,471,2,622.36,1
17006.0,5,8,1635.27,0
17007.0,51,7,1120.1,0
17008.0,429,1,81.36,1
17009.0,551,1,242.06,1
17010.0,18,1,195.36,0
17011.0,30,3,671.7,0
17012.0,725,1,360.61,1
17014.0,8,3,583.4300000000001,0
17015.0,29,3,1838.61,0
17016.0,577,1,552.4,1
17017.0,3,29,12576.99,0
17018.0,41,6,2287.7,0
17019.0,11,11,3602.29,0
17020.0,542,2,935.62,1
17021.0,442,6,1182.22,1
17022.0,31,2,260.0,0
17023.0,417,3,800.1800000000001,1
17024.0,45,3,95.85,0
17025.0,61,5,1349.67,0
17026.0,185,3,175.83,0
17027.0,79,9,1310.63,0
17028.0,581,3,1593.83,1
17029.0,111,7,2137.3,0
17030.0,64,1,146.87,0
17031.0,12,6,2773.85,0
17032.0,548,8,2984.32,1
17033.0,86,4,1332.79,0
17034.0,16,5,1276.42,0
17035.0,246,4,613.59,0
17036.0,383,1,176.9,1
17037.0,88,1,1267.32,0
17038.0,30,2,743.17,0
17039.0,604,1,1954.99,1
17040.0,138,2,463.25,0
17041.0,27,6,1655.2,0
17042.0,3,5,1036.58,0
17043.0,32,8,2593.65,0
17044.0,25,12,11962.3,0
17045.0,113,5,827.6800000000001,0
17046.0,157,5,1906.07,0
17047.0,85,6,2289.23,0
17048.0,118,7,2071.68,0
17049.0,3,19,9942.53,0
17050.0,96,11,4648.59,0
17051.0,194,4,706.49,0
17052.0,28,1,399.09,0
17053.0,131,1,498.48,0
17054.0,28,5,1356.33,0
17055.0,446,1,232.85,1
17056.0,738,1,128.60000000000002,1
17057.0,596,1,294.74,1
17058.0,82,3,1179.89,0
17059.0,30,9,4864.57,0
17060.0,266,1,234.24,1
17061.0,74,11,5232.2300000000005,0
17062.0,314,6,889.75,1
17063.0,21,13,3638.53,0
17064.0,59,3,855.45,0
17065.0,638,2,194.7,1
17066.0,726,1,228.34,1
17067.0,725,3,454.54,1
17068.0,12,47,8987.68,0
17069.0,28,14,5517.2300000000005,0
17070.0,114,2,437.42,0
17071.0,28,13,3793.71,0
17072.0,625,1,273.35,1
17073.0,18,4,1446.09,0
17074.0,563,1,203.05,1
17075.0,18,10,2236.63,0
17076.0,36,6,1242.75,0
17077.0,578,1,306.0,1
17078.0,36,2,378.2,0
17079.0,78,1,118.8,0
17080.0,22,7,957.53,0
17081.0,25,6,949.39,0
17082.0,33,6,4732.03,0
17083.0,109,9,4049.79,0
17084.0,35,3,5001.21,0
17085.0,123,28,7847.67,0
17086.0,7,6,2050.08,0
17087.0,738,1,221.53,1
17088.0,28,4,1991.01,0
17089.0,386,1,128.45,1
17090.0,4,13,3080.1800000000003,0
17091.0,3,19,7495.75,0
17092.0,50,11,5511.41,0
17093.0,593,1,235.88,1
17094.0,322,2,402.2000000000001,1
17095.0,23,7,2572.25,0
17096.0,15,11,3697.93,0
17097.0,2,9,1143.36,0
17098.0,382,3,591.07,1
17099.0,533,1,582.17,1
17100.0,18,2,971.74,0
17101.0,10,7,2507.05,0
17102.0,262,1,25.5,1
17103.0,722,1,424.3,1
17104.0,424,1,474.03,1
17105.0,159,2,665.78,0
17106.0,389,1,481.58,1
17107.0,33,10,16052.72,0
17108.0,664,1,174.95,1
17109.0,29,8,1291.71,0
17110.0,165,3,499.9,0
17111.0,47,2,459.58,0
17112.0,503,1,197.57,1
17113.0,574,6,2305.59,1
17114.0,6,8,801.12,0
17115.0,8,7,2761.49,0
17116.0,648,1,389.78,1
17117.0,288,1,116.2,1
17118.0,318,1,157.02,1
17119.0,3,2,606.91,0
17120.0,233,1,307.46,0
17121.0,403,1,314.74,1
17122.0,119,4,570.5,0
17123.0,162,3,977.17,0
17124.0,185,1,294.24,0
17125.0,50,1,230.5,0
17126.0,152,9,2016.43,0
17127.0,429,5,1155.0300000000002,1
17128.0,335,1,157.09,1
17129.0,520,1,31.85,1
17131.0,5,5,2463.17,0
17132.0,452,2,1220.91,1
17133.0,16,12,14622.33,0
17134.0,107,3,625.3,0
17135.0,16,10,1722.18,0
17136.0,662,1,231.68,1
17137.0,416,6,1099.81,1
17138.0,276,7,4417.27,1
17139.0,16,25,19566.76,0
17140.0,247,1,454.12,0
17141.0,418,4,727.58,1
17142.0,239,4,1275.25,0
17143.0,417,2,880.97,1
17144.0,1,2,984.57,0
17145.0,513,4,3120.91,1
17146.0,106,13,5852.64,0
17147.0,23,9,3199.95,0
17148.0,52,1,124.88,0
17149.0,451,1,143.10000000000002,1
17150.0,377,6,1357.95,1
17151.0,735,1,231.90000000000003,1
17152.0,195,4,2016.5,0
17153.0,24,1,213.78,0
17154.0,75,1,329.34,0
17155.0,18,7,892.46,0
17156.0,492,1,591.87,1
17157.0,8,19,5151.900000000001,0
17158.0,32,5,1980.0,0
17159.0,22,5,2099.59,0
17160.0,31,17,10209.16,0
17161.0,444,1,856.01,1
17162.0,29,10,1715.46,0
17163.0,22,4,699.78,0
17164.0,33,7,2467.35,0
17165.0,284,6,1794.32,1
17166.0,39,2,206.34,0
17167.0,380,3,867.11,1
17168.0,499,1,400.2,1
17169.0,58,3,1156.73,0
17170.0,374,2,178.68,1
17171.0,289,2,384.59,1
17172.0,79,3,956.57,0
17173.0,5,8,3766.6,0
17174.0,218,1,59.9,0
17175.0,44,4,1443.69,0
17176.0,202,3,902.32,0
17177.0,505,1,119.5,1
17178.0,731,1,432.96,1
17179.0,178,6,1507.26,0
17180.0,56,11,2236.77,0
17181.0,57,3,309.85,0
17182.0,423,2,321.3,1
17183.0,8,6,3347.31,0
17184.0,569,2,198.41000000000005,1
17185.0,592,3,229.46,1
17186.0,47,2,144.0,0
17187.0,227,2,467.71,0
17188.0,11,13,4592.93,0
17189.0,106,5,953.63,0
17190.0,59,7,1726.57,0
17191.0,28,15,4310.34,0
17192.0,536,1,75.28,1
17193.0,36,9,2310.04,0
17194.0,274,3,812.5,1
17195.0,655,1,562.98,1
17196.0,428,1,327.75,1
17197.0,30,1,1013.01,0
17198.0,24,3,692.22,0
17199.0,582,1,135.04000000000002,1
17200.0,387,4,356.71,1
17201.0,54,4,1143.1,0
17202.0,421,1,160.65,1
17203.0,36,10,5564.09,0
17204.0,175,9,5504.6900000000005,0
17205.0,54,3,999.35,0
17206.0,53,1,204.24,0
17207.0,652,1,292.62,1
17208.0,396,1,111.15,1
17209.0,649,3,595.7,1
17210.0,393,1,251.72,1
17211.0,27,13,3773.35,0
17212.0,253,3,794.41,0
17213.0,40,13,4869.400000000001,0
17214.0,60,6,1059.12,0
17215.0,464,1,186.15,1
17216.0,554,1,63.6,1
17217.0,234,2,210.1,0
17218.0,4,18,3891.39,0
17219.0,32,2,259.13,0
17220.0,24,21,4457.31,0
17221.0,7,5,976.62,0
17222.0,65,6,1579.51,0
17223.0,310,3,558.04,1
17224.0,501,1,100.86,1
17225.0,582,1,131.15,1
17226.0,309,3,895.47,1
17227.0,19,12,1878.93,0
17228.0,16,13,2820.03,0
17229.0,96,2,318.76,0
17230.0,264,18,9388.49,0
17231.0,12,25,7064.8,0
17232.0,3,2,417.77,0
17233.0,35,3,560.86,0
17234.0,183,1,149.89,0
17235.0,25,8,1562.98,0
17236.0,13,12,1929.26,0
17237.0,11,4,994.13,0
17238.0,3,32,7331.67,0
17239.0,313,4,1189.45,1
17240.0,596,1,130.60000000000002,1
17241.0,385,12,2736.64,1
17242.0,108,5,2889.28,0
17243.0,1,69,20203.58,3
17244.0,53,5,1826.04,0
17245.0,205,2,371.63,0
17246.0,547,2,38.92,1
17247.0,15,1,280.09000000000003,0
17248.0,120,2,500.54,0
17249.0,429,1,68.03,1
17250.0,4,2,381.97,0
17251.0,363,3,798.98,1
17252.0,117,2,348.91,0
17253.0,18,1,178.26,0
17254.0,5,3,469.48,0
17255.0,41,4,781.7,0
17256.0,107,5,498.93,0
17257.0,436,2,189.78,1
17258.0,397,2,417.3,1
17259.0,148,6,1452.39,0
17260.0,411,1,120.95,1
17261.0,510,1,221.59,1
17262.0,52,11,2488.76,0
17263.0,208,1,63.440000000000005,0
17264.0,424,1,268.28,1
17265.0,139,2,550.01,0
17266.0,2,5,501.72,0
17267.0,127,2,317.2,0
17268.0,108,11,1733.89,0
17269.0,386,1,491.81,1
17270.0,469,2,601.45,1
17271.0,736,1,204.3,1
17272.0,42,4,2148.63,0
17273.0,424,1,141.12,1
17274.0,35,2,573.22,0
17275.0,383,1,114.1,1
17276.0,402,1,502.49,1
17277.0,228,2,1065.35,0
17278.0,241,2,271.24,0
17279.0,58,1,187.83,0
17280.0,438,1,118.86,1
17281.0,374,6,797.85,1
17282.0,130,5,2308.54,0
17283.0,379,1,188.46,1
17284.0,60,8,2788.06,0
17285.0,628,2,407.94,1
17286.0,22,3,389.18,0
17287.0,26,21,3826.86,0
17288.0,9,11,2468.43,0
17289.0,32,9,2041.8,0
17290.0,4,8,1487.96,0
17291.0,308,1,550.8000000000001,1
17292.0,472,2,271.75,1
17293.0,8,17,3750.63,0
17294.0,669,2,467.79,1
17295.0,29,3,547.0,0
17296.0,730,1,338.13,1
17297.0,17,1,128.18,0
17298.0,101,5,954.26,0
17299.0,12,6,993.23,0
17300.0,391,2,393.64,1
17301.0,21,2,294.39,0
17302.0,15,5,1135.63,0
17303.0,361,1,250.04,1
17304.0,534,1,111.5,1
17305.0,649,1,2135.46,1
17306.0,11,21,9782.35,0
17307.0,395,11,3999.89,1
17308.0,393,2,4511.76,1
17309.0,95,3,320.39,0
17310.0,387,2,1025.1,1
17311.0,78,6,3566.56,0
17312.0,139,3,644.3,0
17313.0,31,1,2328.84,0
17314.0,25,17,4904.43,0
17315.0,2,43,9599.58,0
17316.0,420,1,124.45,1
17317.0,46,3,2600.34,0
17318.0,725,1,157.32999999999998,1
17319.0,669,1,29.1,1
17320.0,100,6,2444.85,0
17321.0,8,6,1665.21,0
17322.0,376,5,922.59,1
17323.0,15,12,1551.04,0
17324.0,18,12,2171.07,0
17325.0,280,3,609.5699999999999,1
17326.0,408,2,312.35,1
17327.0,410,2,152.35,1
17328.0,673,1,104.7,1
17329.0,14,5,998.53,0
17330.0,23,4,423.8,0
17331.0,124,1,175.2,0
17332.0,528,5,838.27,1
17333.0,86,1,494.25,0
17334.0,302,3,635.1500000000001,1
17335.0,384,2,497.04,1
17336.0,472,1,81.12,1
17337.0,151,4,1981.06,0
17338.0,17,17,11889.33,0
17339.0,94,3,302.36,0
17340.0,30,18,19617.95,0
17341.0,157,5,1272.21,0
17342.0,380,4,1227.54,1
17343.0,355,6,1259.94,1
17344.0,46,2,457.36,0
17345.0,15,10,1586.63,0
17346.0,4,26,4998.61,0
17347.0,86,1,228.96,0
17348.0,15,9,2442.29,0
17349.0,179,5,772.41,0
17350.0,8,7,1893.701,0
17351.0,36,12,1988.23,0
17352.0,696,1,36.25,1
17353.0,129,4,3242.0,0
17354.0,51,4,3133.96,0
17355.0,386,1,273.31,1
17356.0,312,5,946.47,1
17357.0,24,2,384.39,0
17358.0,303,5,861.01,1
17359.0,11,2,284.46,0
17360.0,17,6,1200.51,0
17361.0,49,5,871.7900000000001,0
17362.0,239,7,1024.04,0
17363.0,395,3,920.46,1
17364.0,1,28,11972.92,0
17365.0,13,15,8184.49,0
17366.0,432,2,1077.24,1
17367.0,238,1,167.55,0
17368.0,23,14,2758.29,0
17369.0,456,1,979.2,1
17370.0,73,4,446.18,0
17371.0,17,6,655.37,0
17372.0,41,28,4347.31,0
17373.0,40,7,1167.5,0
17374.0,219,3,727.11,0
17375.0,199,4,660.55,0
17376.0,71,4,453.64,0
17377.0,24,78,17644.27,3
17378.0,374,1,10.95,1
17379.0,11,1,389.72,0
17380.0,434,3,645.0,1
17381.0,9,38,36398.65,0
17382.0,65,8,902.28,0
17383.0,4,2,304.09000000000003,0
17384.0,19,3,507.55,0
17385.0,15,1,256.11,0
17386.0,8,7,2812.77,0
17387.0,20,2,746.81,0
17388.0,78,11,2675.37,0
17389.0,1,61,57215.33,3
17390.0,421,1,149.3,1
17391.0,164,2,508.8,0
17392.0,307,3,585.92,1
17393.0,411,2,381.15,1
17394.0,219,1,203.87,0
17395.0,508,1,97.5,1
17396.0,39,14,8409.6,0
17397.0,22,3,1198.28,0
17398.0,115,3,653.38,0
17400.0,126,8,4623.28,0
17401.0,541,1,114.85,1
17402.0,5,23,4635.56,0
17403.0,36,2,382.87,0
17404.0,4,23,47781.12,0
17405.0,1,3,1031.41,0
17406.0,333,13,4186.95,1
17407.0,412,1,552.9,1
17408.0,163,3,316.09000000000003,0
17409.0,185,10,7793.51,0
17410.0,16,5,1214.72,0
17411.0,12,5,1425.38,0
17412.0,3,16,4220.22,0
17413.0,405,2,560.14,1
17414.0,44,6,2249.52,0
17415.0,80,1,507.84,0
17416.0,30,22,17298.45,0
17417.0,549,1,164.18,1
17418.0,42,3,670.0600000000001,0
17419.0,11,18,6126.25,0
17420.0,50,6,953.58,0
17421.0,386,3,1059.41,1
17422.0,16,11,3594.76,0
17423.0,46,3,1118.95,0
17425.0,19,2,759.1700000000001,0
17426.0,8,13,8077.77,0
17427.0,72,1,100.8,0
17428.0,1,45,31466.76,0
17429.0,128,5,1357.46,0
17430.0,33,4,622.57,0
17431.0,313,1,403.3,1
17432.0,18,9,1728.99,0
17433.0,88,2,569.96,0
17434.0,2,7,2373.82,0
17435.0,411,1,331.35,1
17436.0,2,5,534.0600000000001,0
17437.0,530,1,369.68,1
17438.0,254,5,1422.77,0
17439.0,656,1,325.74,1
17440.0,157,4,323.58,0
17441.0,732,1,293.35,1
17442.0,37,15,4620.3,0
17443.0,220,1,534.24,0
17444.0,148,3,2940.04,0
17446.0,177,2,120.9,0
17447.0,40,2,541.53,0
17448.0,497,46,14523.67,1
17449.0,2,13,4868.15,0
17450.0,8,51,244784.25,3
17451.0,1,7,1721.4,0
17453.0,18,2,486.72,0
17454.0,192,10,1547.94,0
17455.0,204,1,131.7,0
17456.0,365,2,975.56,1
17457.0,127,14,5984.81,0
17458.0,15,2,529.58,0
17459.0,43,2,657.3,0
17460.0,94,16,2157.9700000000003,0
17461.0,23,3,735.82,0
17462.0,60,2,675.69,0
17463.0,16,7,2535.26,0
17464.0,158,3,907.14,0
17465.0,426,7,2542.79,1
17466.0,10,2,763.28,0
17467.0,395,1,102.6,1
17468.0,10,3,194.8,0
17469.0,16,17,5051.25,0
17470.0,45,11,2626.47,0
17471.0,475,1,321.65000000000003,1
17472.0,191,4,922.35,0
17473.0,409,2,607.0,1
17474.0,600,1,1047.0,1
17475.0,79,1,194.37,0
17476.0,396,2,489.86,1
17477.0,613,2,1144.3,1
17478.0,408,2,1272.8000000000002,1
17479.0,633,1,389.2600000000001,1
17480.0,78,2,882.23,0
17481.0,4,4,1255.59,0
17482.0,487,2,775.64,1
17483.0,65,4,591.73,0
17484.0,576,2,209.57,1
17486.0,261,1,396.87,1
17487.0,728,1,160.55,1
17488.0,641,1,336.5,1
17489.0,59,2,376.64,0
17490.0,1,9,2750.5,0
17491.0,1,17,5653.67,0
17492.0,248,3,1122.42,0
17493.0,385,1,100.91,1
17494.0,502,1,54.7,1
17495.0,8,3,806.72,0
17496.0,359,4,1412.89,1
17497.0,390,2,287.25,1
17498.0,76,1,272.22,0
17499.0,290,2,1341.39,1
17500.0,17,3,1138.0,0
17501.0,221,2,288.6,0
17502.0,9,4,689.1,0
17503.0,3,2,558.96,0
17504.0,206,18,9490.17,0
17505.0,162,5,2435.48,0
17506.0,76,1,302.2,0
17507.0,262,2,605.58,1
17508.0,281,8,4579.23,1
17509.0,58,8,6083.64,0
17510.0,25,2,514.56,0
17511.0,3,60,172132.87,3
17512.0,29,18,5467.820000000001,0
17513.0,72,3,1158.8,0
17514.0,128,2,522.0,0
17515.0,31,9,1602.51,0
17516.0,15,6,947.5,0
17517.0,309,1,153.94,1
17518.0,426,2,329.42,1
17519.0,17,15,4774.17,0
17520.0,54,1,546.81,0
17521.0,30,5,1278.06,0
17522.0,2,5,1070.71,0
17523.0,11,4,652.74,0
17524.0,361,3,539.14,1
17525.0,360,3,1161.9,1
17526.0,5,12,3939.24,0
17527.0,54,4,939.37,0
17528.0,1,8,3628.5,0
17529.0,610,2,1240.25,1
17530.0,1,12,2791.69,0
17531.0,190,3,1266.82,0
17532.0,386,1,65.34,1
17533.0,435,1,34.8,1
17534.0,54,5,1668.83,0
17535.0,280,1,164.4,1
17536.0,177,3,364.83,0
17537.0,30,2,887.6700000000001,0
17538.0,26,1,98.42,0
17539.0,618,4,1176.84,1
17540.0,25,6,1590.6,0
17541.0,510,1,119.86,1
17542.0,270,3,340.85,1
17543.0,550,1,120.05,1
17544.0,390,3,944.82,1
17545.0,43,6,1409.86,0
17547.0,376,2,727.85,1
17548.0,234,4,731.26,0
17549.0,24,2,148.86,0
17550.0,197,9,2506.64,0
17551.0,359,1,290.34,1
17552.0,60,12,2786.77,0
17553.0,130,4,3757.6,0
17554.0,1,5,1952.45,0
17555.0,20,5,1045.74,0
17556.0,206,2,300.67,0
17557.0,14,4,575.46,0
17558.0,393,1,259.17,1
17559.0,513,1,167.62,1
17560.0,95,8,1895.8,0
17561.0,19,4,703.02,0
17562.0,14,7,1122.38,0
17563.0,578,2,392.38,1
17564.0,24,3,454.01,0
17565.0,587,1,131.83,1
17566.0,8,2,869.77,0
17567.0,7,9,4838.08,0
17568.0,633,1,374.45,1
17569.0,332,1,344.14,1
17570.0,382,1,100.0,1
17571.0,50,5,1630.91,0
17572.0,71,10,652.21,0
17573.0,29,3,380.6,0
17574.0,243,1,185.65,0
17575.0,667,1,171.7,1
17576.0,8,41,8711.95,0
17577.0,645,2,348.75,1
17578.0,218,7,1047.33,0
17579.0,5,4,753.28,0
17580.0,253,5,541.02,0
17581.0,1,43,17951.17,0
17582.0,236,5,1446.95,0
17583.0,560,1,135.95,1
17584.0,7,6,5309.42,0
17585.0,109,7,2064.71,0
17586.0,619,1,167.4,1
17587.0,628,1,176.71,1
17588.0,100,7,2939.55,0
17589.0,60,18,13837.94,0
17590.0,2,3,1468.02,0
17591.0,73,8,2339.32,0
17592.0,739,1,148.3,1
17593.0,4,11,8092.32,0
17594.0,85,4,2497.88,0
17595.0,12,2,386.69,0
17596.0,23,13,4491.46,0
17597.0,214,5,3484.09,0
17598.0,381,1,409.98,1
17599.0,478,1,52.05,1
17600.0,18,1,161.67000000000002,0
17601.0,239,2,413.08,0
17602.0,2,14,7354.43,0
17603.0,78,4,1788.38,0
17604.0,217,6,942.38,0
17605.0,590,1,160.75,1
17606.0,737,1,87.30000000000001,1
17607.0,376,1,333.81,1
17608.0,33,4,488.06,0
17609.0,41,11,1887.9,0
17610.0,540,5,1511.94,1
17611.0,7,28,8337.53,0
17612.0,53,18,5394.86,0
17613.0,23,14,4544.55,0
17614.0,57,1,386.32,0
17615.0,130,6,721.8000000000001,0
17616.0,174,4,734.4,0
17617.0,559,1,385.19,1
17618.0,6,11,4001.64,0
17619.0,312,1,214.37,1
17620.0,60,1,81.44,0
17621.0,21,6,3175.12,0
17622.0,598,2,1130.21,1
17623.0,33,7,2365.77,0
17624.0,15,4,1568.63,0
17625.0,18,8,5978.9,0
17626.0,603,1,254.0,1
17627.0,479,1,296.36,1
17628.0,81,1,75.75,0
17629.0,6,10,2455.52,0
17630.0,170,2,503.6,0
17631.0,2,7,998.49,0
17633.0,31,7,2057.39,0
17634.0,36,9,2358.59,0
17635.0,424,3,1265.58,1
17636.0,19,1,285.56,0
17637.0,31,2,547.0600000000001,0
17638.0,647,2,842.4000000000001,1
17639.0,276,6,615.17,1
17640.0,87,6,3168.94,0
17642.0,120,5,1824.49,0
17643.0,373,2,439.7,1
17644.0,1,20,6028.6,0
17646.0,219,12,3898.79,0
17647.0,65,3,331.66,0
17648.0,61,5,2216.37,0
17649.0,138,3,1578.89,0
17650.0,21,1,166.07999999999998,0
17651.0,12,16,5703.52,0
17652.0,25,12,4867.72,0
17653.0,37,4,1207.56,0
17654.0,277,1,117.55,1
17655.0,11,9,2976.38,0
17656.0,73,5,1674.69,0
17657.0,430,1,126.0,1
17658.0,26,2,595.42,0
17659.0,17,14,3586.99,0
17660.0,141,2,342.22,0
17662.0,662,2,412.92,1
17663.0,26,17,5175.83,0
17664.0,19,4,1166.23,0
17665.0,493,1,563.1,1
17666.0,4,5,2047.8,0
17667.0,66,9,3950.7,0
17668.0,1,2,347.75,0
17669.0,43,10,6142.35,0
17670.0,228,1,205.7,0
17671.0,16,5,2009.16,0
17672.0,50,7,5778.63,0
17673.0,2,13,4173.88,0
17674.0,74,2,551.04,0
17675.0,1,70,37642.48,3
17676.0,4,10,2448.64,0
17677.0,2,54,35058.46,0
17678.0,264,2,599.76,1
17679.0,53,7,3577.61,0
17680.0,24,3,497.4500000000001,0
17681.0,597,5,731.2,1
17682.0,10,11,4065.28,0
17683.0,386,3,819.01,1
17684.0,44,1,239.41,0
17685.0,17,12,5454.95,0
17686.0,7,9,8296.81,0
17687.0,421,1,432.68,1
17688.0,394,1,304.2,1
17689.0,388,2,317.08,1
17690.0,30,20,6963.8,0
17691.0,358,4,637.55,1
17692.0,127,12,2975.8,0
17693.0,137,1,200.47,0
17694.0,142,3,1695.97,0
17695.0,132,5,1746.04,0
17696.0,38,27,7679.59,0
17697.0,236,1,338.95,0
17698.0,261,1,154.95,1
17699.0,477,2,442.0,1
17700.0,17,14,6679.97,0
17701.0,253,1,417.95,1
17702.0,30,6,3144.04,0
17703.0,35,4,1094.84,0
17704.0,169,2,885.19,0
17705.0,3,11,2083.9,0
17706.0,4,31,20272.15,0
17707.0,185,8,609.3,0
17708.0,188,4,884.1800000000001,0
17709.0,170,5,671.01,0
17710.0,424,1,293.5,1
17711.0,11,2,385.1,0
17712.0,45,1,522.91,0
17713.0,382,4,1198.09,1
17714.0,321,5,1410.18,1
17715.0,201,2,489.6,0
17716.0,23,24,15956.97,0
17717.0,421,1,376.92,1
17718.0,232,2,439.18,0
17719.0,38,15,5396.04,0
17720.0,26,10,2666.91,0
17721.0,659,1,307.21000000000004,1
17722.0,96,5,3520.2200000000003,0
17723.0,127,7,3378.4000000000005,0
17724.0,71,3,1033.0,0
17725.0,16,11,3439.08,0
17726.0,395,7,1092.06,1
17727.0,15,1,1060.25,0
17728.0,4,5,4238.76,0
17729.0,596,1,438.65,1
17730.0,3,20,7773.8,0
17731.0,79,6,1708.99,0
17732.0,373,8,2166.42,1
17733.0,39,2,692.19,0
17734.0,54,6,1442.32,0
17735.0,2,26,16790.33,0
17736.0,9,3,377.44,0
17737.0,9,2,168.24,0
17738.0,19,13,4183.56,0
17739.0,12,18,7730.59,0
17740.0,389,6,426.9,1
17741.0,407,2,101.1,1
17742.0,113,11,2098.48,0
17743.0,448,1,229.2,1
17744.0,4,7,2649.14,0
17745.0,478,2,600.34,1
17746.0,240,4,904.18,0
17747.0,113,1,71.4,0
17748.0,527,1,358.15,1
17749.0,178,3,1026.18,0
17750.0,5,9,1710.45,0
17751.0,421,1,157.86,1
17752.0,359,1,80.64,1
17753.0,464,4,382.06,1
17754.0,1,13,4451.22,0
17756.0,376,3,728.75,1
17757.0,1,56,9074.05,0
17758.0,19,12,4964.03,0
17759.0,17,5,1261.88,0
17760.0,22,6,746.39,0
17761.0,33,1,712.78,0
17762.0,456,1,129.75,1
17763.0,263,4,86.15,1
17764.0,51,5,1513.57,0
17765.0,159,4,524.0,0
17766.0,381,2,299.61,1
17767.0,15,2,413.05,0
17768.0,8,7,3292.73,0
17769.0,13,17,7053.38,0
17770.0,199,5,1143.27,0
17771.0,57,4,387.41,0
17772.0,11,3,360.75,0
17773.0,514,2,575.37,1
17774.0,97,9,3273.83,0
17775.0,255,1,56.4,1
17776.0,387,2,330.56,1
17777.0,25,3,647.56,0
17778.0,662,1,197.7,1
17779.0,21,3,650.32,0
17780.0,667,3,346.56,1
17781.0,159,2,188.02,0
17782.0,383,2,679.02,1
17783.0,72,3,376.96,0
17784.0,550,1,112.86,1
17785.0,53,3,403.38,0
17786.0,85,2,266.85,0
17787.0,153,4,1817.54,0
17788.0,74,2,1117.9,0
17789.0,281,2,397.15,1
17790.0,27,20,2779.41,0
17791.0,30,1,106.1,0
17792.0,467,2,368.35,1
17793.0,25,1,300.34,0
17794.0,687,2,147.3,1
17795.0,180,2,342.83,0
17796.0,40,7,1236.39,0
17797.0,22,8,1971.87,0
17798.0,582,1,178.07,1
17799.0,22,20,6246.93,0
17800.0,37,9,1187.21,0
17801.0,451,3,770.03,1
17802.0,82,10,4946.22,0
17803.0,392,1,184.66,1
17804.0,376,3,383.78,1
17805.0,74,2,927.03,0
17806.0,11,1,546.04,0
17807.0,395,3,437.87,1
17808.0,549,4,262.64,1
17809.0,16,20,10085.89,0
17810.0,669,2,373.16,1
17811.0,4,47,9519.8,0
17812.0,13,7,911.99,0
17813.0,14,5,1698.07,0
17814.0,375,2,1609.37,1
17815.0,393,1,591.96,1
17816.0,37,6,96.11,0
17817.0,4,6,788.15,0
17818.0,738,1,124.78,1
17819.0,72,12,6021.05,0
17820.0,374,1,180.61,1
17821.0,406,1,334.62,1
17822.0,420,5,2162.93,1
17823.0,421,2,449.25,1
17824.0,51,1,298.4,0
17825.0,599,4,701.96,1
17826.0,374,1,133.34,1
17827.0,5,6,2376.17,0
17828.0,23,4,1820.09,0
17829.0,299,5,4756.74,1
17830.0,2,3,398.7,0
17831.0,33,1,35.400000000000006,0
17832.0,50,1,155.37,0
17833.0,723,1,338.46000000000004,1
17834.0,415,2,689.6700000000001,1
17835.0,3,3,342.24,0
17836.0,47,1,110.21,0
17837.0,42,8,1541.23,0
17838.0,27,13,5604.64,0
17839.0,42,1,318.15,0
17840.0,444,1,175.9,1
17841.0,2,211,68545.25,3
17842.0,602,1,430.69,1
17843.0,303,2,320.4,1
17844.0,107,1,51.56,0
17845.0,555,4,596.09,1
17846.0,85,1,2033.1,0
17847.0,516,2,129.69,1
17848.0,81,30,3559.11,0
17849.0,218,8,1063.76,0
17850.0,372,155,51208.87,3
17851.0,422,6,1552.35,1
17852.0,12,5,657.8100000000001,0
17853.0,407,3,1596.29,1
17854.0,185,6,1068.5,0
17855.0,373,1,208.97,1
17856.0,2,4,1418.03,0
17857.0,4,24,27347.04,0
17858.0,6,30,12518.65,0
17859.0,305,1,141.92,1
17860.0,369,4,717.39,1
17861.0,3,18,5088.29,0
17862.0,324,4,1254.89,1
17863.0,59,12,5360.4800000000005,0
17864.0,13,5,876.57,0
17865.0,31,46,26312.19,0
17866.0,143,3,1134.95,0
17867.0,30,15,1582.0500000000002,0
17868.0,386,1,227.15,1
17869.0,107,7,813.64,0
17870.0,2,13,2753.29,0
17871.0,205,5,1068.95,0
17872.0,382,1,235.87,1
17873.0,80,18,6265.33,0
17874.0,185,6,683.46,0
17875.0,688,1,167.1,1
17876.0,400,3,3424.02,1
17877.0,170,1,237.61,0
17878.0,44,3,1378.93,0
17879.0,174,1,178.52,0
17880.0,365,3,824.9200000000001,1
17881.0,304,1,133.35,1
17882.0,379,2,291.56,1
17883.0,3,7,988.42,0
17884.0,4,20,2698.47,0
17885.0,12,1,156.34,0
17886.0,32,6,1572.55,0
17887.0,129,1,111.35,0
17888.0,21,25,1807.44,0
17889.0,212,7,746.42,0
17890.0,323,2,586.89,1
17891.0,162,1,203.86,0
17892.0,56,3,244.1,0
17893.0,225,1,107.21,0
17894.0,72,18,2304.58,0
17895.0,44,1,95.45,0
17896.0,23,1,256.32,0
17897.0,173,9,2099.89,0
17898.0,85,4,299.18,0
17899.0,159,1,154.55,0
17900.0,190,2,112.2,0
17901.0,29,3,260.08,0
17902.0,547,1,216.4,1
17903.0,394,1,381.09,1
17904.0,21,1,181.07,0
17905.0,71,13,2178.87,0
17906.0,247,1,72.9,0
17907.0,641,1,291.76,1
17908.0,374,5,1142.47,1
17909.0,737,1,110.05,1
17910.0,726,1,261.7,1
17911.0,9,1,366.23,0
17912.0,310,6,374.55,1
17913.0,59,14,3429.29,0
17914.0,4,1,329.36,0
17915.0,551,1,225.78,1
17916.0,629,2,43.87,1
17917.0,45,3,335.03,0
17918.0,501,3,396.39,1
17919.0,88,2,1840.32,0
17920.0,4,54,23581.78,0
17921.0,64,10,2394.36,0
17922.0,543,1,170.4,1
17923.0,282,3,497.0,1
17924.0,12,8,3257.7000000000003,0
17925.0,373,1,244.08,1
17926.0,133,5,1035.49,0
17927.0,722,1,294.0,1
17928.0,45,3,341.24,0
17929.0,11,12,3082.1,0
17930.0,36,13,4275.22,0
17931.0,134,14,3402.24,0
17932.0,29,3,1331.57,0
17933.0,632,1,114.69,1
17934.0,52,3,1049.15,0
17935.0,138,7,686.14,0
17936.0,5,1,380.13,0
17937.0,9,7,4301.22,0
17938.0,420,1,144.29,1
17939.0,160,1,99.14,0
17940.0,49,16,30306.79,0
17941.0,131,4,1433.28,0
17942.0,8,1,77.50000000000001,0
17944.0,423,1,74.99,1
17945.0,697,3,360.35,1
17946.0,233,2,149.57999999999998,0
17947.0,37,1,176.68,0
17948.0,147,1,358.56000000000006,0
17949.0,1,118,117314.08,3
17950.0,72,7,1166.29,0
17951.0,40,4,1340.5800000000002,0
17952.0,378,4,788.46,1
17953.0,540,1,159.17000000000002,1
17954.0,5,19,3804.38,0
17955.0,199,6,949.9,0
17956.0,249,1,12.75,0
17957.0,66,1,111.68,0
17958.0,117,2,973.88,0
17959.0,592,1,140.75,1
17960.0,171,3,135.08,0
17961.0,21,100,2866.74,3
17962.0,142,4,666.96,0
17963.0,471,4,643.16,1
17964.0,32,2,463.21,0
17965.0,38,29,7006.65,0
17966.0,38,10,1963.92,0
17967.0,372,2,223.42,1
17968.0,374,4,590.44,1
17969.0,166,20,2354.29,0
17970.0,211,1,562.79,0
17971.0,548,1,161.94,1
17972.0,242,1,135.19,0
17973.0,52,1,337.04,0
17974.0,25,6,1739.09,0
17975.0,15,24,6696.33,0
17976.0,372,1,321.79,1
17977.0,29,2,1511.45,0
17978.0,365,4,1159.99,1
17979.0,36,4,732.41,0
17980.0,166,4,1012.72,0
17981.0,411,1,239.12,1
17982.0,681,1,138.18,1
17983.0,395,1,171.71,1
17984.0,145,5,1152.19,0
17985.0,22,1,631.35,0
17986.0,56,1,20.8,0
17987.0,185,5,965.44,0
17988.0,12,14,489.54,0
17989.0,379,1,207.33,1
17990.0,237,6,1527.61,0
17991.0,225,3,300.3,0
17992.0,389,1,252.88,1
17993.0,617,1,225.99,1
17994.0,122,11,2270.03,0
17995.0,282,3,495.48,1
17996.0,380,3,482.33,1
17997.0,74,8,1962.46,0
17998.0,380,3,639.24,1
17999.0,37,3,528.46,0
18000.0,564,1,124.25,1
18001.0,12,6,924.14,0
18002.0,376,4,244.37,1
18003.0,376,1,353.51,1
18004.0,362,1,157.92,1
18005.0,4,2,226.47,0
18006.0,23,4,969.51,0
18007.0,393,1,215.22,1
18008.0,70,23,19759.08,0
18009.0,235,8,2144.23,0
18010.0,257,1,174.8,1
18011.0,373,2,410.79,1
18012.0,723,1,115.3,1
18013.0,155,2,187.29,0
18014.0,28,1,162.22,0
18015.0,4,1,120.03,0
18016.0,32,7,1954.56,0
18017.0,81,4,688.0,0
18018.0,108,4,297.99,0
18019.0,52,1,38.45,0
18020.0,544,1,190.48,1
18021.0,510,2,216.41,1
18022.0,36,5,1507.25,0
18024.0,153,2,389.78,0
18025.0,380,6,1177.72,1
18026.0,501,2,2074.07,1
18027.0,99,1,115.31,0
18028.0,583,1,192.05,1
18029.0,642,1,433.77,1
18030.0,4,2,230.65,0
18031.0,379,1,451.3,1
18032.0,334,1,73.5,1
18033.0,65,1,93.82,0
18034.0,22,3,754.2,0
18035.0,36,5,1260.23,0
18036.0,32,11,1545.49,0
18037.0,154,15,167.42,0
18038.0,556,1,141.48,1
18039.0,374,4,548.22,1
18040.0,19,2,357.20000000000005,0
18041.0,12,38,8018.769999999999,0
18042.0,54,2,281.15,0
18043.0,25,3,529.29,0
18044.0,4,18,3505.61,0
18045.0,45,1,178.34,0
18046.0,650,1,189.63,1
18047.0,381,2,326.09,1
18048.0,203,3,394.93,0
18049.0,437,2,500.92,1
18050.0,359,2,412.06,1
18051.0,634,7,2282.28,1
18052.0,565,1,10877.18,1
18053.0,71,3,571.07,0
18054.0,393,1,176.5,1
18055.0,7,14,10142.64,0
18056.0,288,2,554.6,1
18057.0,393,3,1188.46,1
18058.0,10,3,774.06,0
18059.0,23,3,306.46,0
18060.0,408,2,1185.46,1
18061.0,22,28,6083.81,0
18062.0,173,6,1632.67,0
18063.0,391,2,186.6,1
18064.0,133,11,4481.83,0
18065.0,6,29,5866.63,0
18066.0,75,3,1440.4,0
18067.0,40,1,396.33,0
18068.0,289,1,101.7,1
18069.0,26,11,4464.92,0
18070.0,669,1,314.1,1
18071.0,258,6,1169.68,0
18072.0,186,1,247.44,0
18073.0,114,12,3859.82,0
18074.0,374,2,1019.44,1
18075.0,23,20,5783.29,0
18076.0,380,1,151.49,1
18077.0,8,18,4078.79,0
18078.0,217,4,725.53,0
18079.0,45,5,4203.93,0
18080.0,19,2,1231.5,0
18081.0,36,3,343.45,0
18082.0,26,1,680.84,0
18083.0,398,1,463.53,1
18084.0,16,3,795.23,0
18085.0,330,4,1341.85,1
18086.0,274,1,101.34,1
18087.0,98,17,14761.52,0
18088.0,61,1,166.03,0
18089.0,447,1,428.45,1
18090.0,422,1,321.9,1
18091.0,593,1,360.85,1
18092.0,2,18,14693.72,0
18093.0,93,8,4452.71,0
18094.0,82,13,6391.52,0
18095.0,313,5,2303.09,1
18096.0,12,6,1657.87,0
18097.0,8,11,4627.92,0
18098.0,396,1,527.94,1
18099.0,127,1,168.31,0
18100.0,550,1,451.56,1
18101.0,11,5,622.01,0
18102.0,1,145,580987.04,2
18103.0,549,1,105.8,1
18104.0,37,1,754.64,0
18105.0,38,1,113.48000000000002,0
18106.0,330,6,1441.06,1
18107.0,442,1,165.88,1
18108.0,254,3,848.8100000000001,0
18109.0,2,38,9555.71,0
18110.0,20,2,392.28,0
18111.0,589,1,405.85,1
18112.0,12,4,773.36,0
18113.0,369,1,76.32000000000001,1
18114.0,290,1,220.1,1
18115.0,698,1,9.7,1
18116.0,68,13,2134.49,0
18117.0,26,1,315.65,0
18118.0,11,29,6221.02,0
18119.0,368,1,180.7,1
18120.0,214,1,111.15,0
18121.0,149,2,653.3000000000001,0
18122.0,8,6,1793.06,0
18123.0,24,3,666.64,0
18124.0,472,1,102.65,1
18125.0,30,4,1131.75,0
18126.0,61,1,200.92,0
18127.0,19,4,556.13,0
18128.0,537,1,399.29,1
18129.0,243,1,112.55,0
18130.0,15,3,1059.39,0
18131.0,632,1,222.96,1
18132.0,504,1,220.13,1
18133.0,212,1,931.5,0
18134.0,598,2,445.0,1
18135.0,29,10,1249.62,0
18136.0,63,5,1631.36,0
18137.0,551,2,145.99,1
18138.0,295,1,152.65,1
18139.0,18,6,8438.34,0
18140.0,474,1,536.41,1
18141.0,402,2,882.47,1
18142.0,157,2,1019.52,0
18143.0,117,2,1000.16,0
18144.0,8,19,4892.95,0
18145.0,13,11,5609.74,0
18146.0,141,2,160.35,0
18147.0,46,2,179.34,0
18148.0,647,1,112.85,1
18149.0,51,7,1553.96,0
18150.0,32,3,566.58,0
18151.0,135,6,1879.44,0
18152.0,646,1,426.69,1
18153.0,659,1,246.22,1
18154.0,3,5,932.6,0
18155.0,75,3,371.62,0
18156.0,13,2,675.64,0
18157.0,571,1,213.9,1
18158.0,9,2,453.4,0
18159.0,301,1,530.15,1
18160.0,57,3,1003.88,0
18161.0,15,6,1803.1,0
18162.0,732,1,371.51,1
18163.0,584,1,728.84,1
18164.0,37,1,399.65,0
18165.0,177,1,302.46,0
18166.0,624,1,175.5,1
18167.0,23,3,1384.86,0
18168.0,176,16,3435.5,0
18169.0,61,1,202.65,0
18170.0,33,9,2878.0,0
18171.0,59,9,2437.31,0
18172.0,15,52,17467.24,0
18173.0,87,5,2696.36,0
18174.0,7,2,162.5,0
18175.0,676,1,176.10000000000002,1
18176.0,358,1,476.35,1
18177.0,31,9,2216.32,0
18178.0,129,11,6103.74,0
18179.0,9,8,2547.55,0
18180.0,5,6,1843.75,0
18181.0,24,5,1188.34,0
18182.0,463,1,291.13,1
18183.0,227,2,632.07,0
18184.0,15,1,49.8,0
18185.0,249,1,304.25,0
18186.0,723,1,329.58000000000004,1
18187.0,632,1,724.89,1
18188.0,15,6,3280.59,0
18189.0,78,3,1403.73,0
18190.0,192,5,745.62,0
18191.0,262,2,529.4,1
18192.0,72,1,957.97,0
18193.0,165,3,1207.35,0
18194.0,82,6,4162.04,0
18195.0,387,1,101.16,1
18196.0,95,4,1457.19,0
18197.0,576,1,230.1,1
18198.0,4,17,5425.56,0
18199.0,684,1,344.75,1
18200.0,106,1,150.35,0
18201.0,723,1,447.53,1
18202.0,200,3,1396.99,0
18203.0,157,4,492.52,0
18204.0,71,3,1975.35,0
18205.0,36,2,517.36,0
18206.0,553,1,314.66,1
18207.0,499,1,544.47,1
18208.0,566,1,360.08,1
18209.0,29,1,139.10000000000002,0
18210.0,2,7,2768.83,0
18211.0,26,5,600.07,0
18212.0,326,2,514.37,1
18213.0,237,1,232.48,0
18214.0,531,4,1780.34,1
18215.0,89,5,2232.49,0
18216.0,31,1,481.75,0
18217.0,29,4,945.04,0
18218.0,211,4,1121.84,0
18219.0,3,17,3352.7000000000003,0
18220.0,227,6,1921.76,0
18221.0,22,6,1424.94,0
18222.0,93,1,443.0,0
18223.0,5,26,14000.85,0
18224.0,264,1,158.95000000000002,1
18225.0,3,26,13014.8,0
18226.0,44,26,11878.88,0
18227.0,218,2,388.75,0
18228.0,57,2,779.9,0
18229.0,12,28,10150.51,0
18230.0,9,9,4291.06,0
18231.0,192,28,6854.17,0
18232.0,82,4,592.97,0
18233.0,326,1,440.0,1
18234.0,552,1,179.6,1
18235.0,72,3,1796.48,0
18236.0,30,12,1795.35,0
18237.0,3,5,987.1,0
18238.0,515,1,270.92,1
18239.0,219,6,1712.26,0
18240.0,46,1,422.58,0
18241.0,10,21,2986.99,0
18242.0,72,8,3605.21,0
18243.0,414,1,515.78,1
18244.0,431,2,568.64,1
18245.0,7,20,6324.9800000000005,0
18246.0,24,3,758.8199999999999,0
18247.0,415,3,839.73,1
18248.0,123,2,804.02,0
18249.0,17,1,95.34,0
18250.0,310,1,349.27,1
18251.0,87,9,26278.86,0
18252.0,51,7,1533.69,0
18253.0,643,1,317.88,1
18254.0,581,1,267.9,1
18255.0,89,2,303.15,0
18256.0,388,1,110.7,1
18257.0,39,12,4600.15,0
18258.0,464,6,2059.67,1
18259.0,25,7,3941.9,0
18260.0,173,23,9947.26,0
18261.0,43,2,324.24,0
18262.0,140,3,577.54,0
18263.0,26,3,1213.16,0
18264.0,499,1,603.25,1
18265.0,72,2,801.51,0
18266.0,434,1,251.1,1
18267.0,673,1,269.37,1
18268.0,134,6,1490.23,0
18269.0,366,1,168.60000000000002,1
18270.0,38,3,444.55,0
18271.0,610,2,680.85,1
18272.0,3,9,4385.9800000000005,0
18273.0,2,4,357.0,0
18274.0,30,1,175.92,0
18275.0,578,2,741.85,1
18276.0,44,6,1656.52,0
18277.0,58,5,1180.05,0
18278.0,74,2,414.2000000000001,0
18279.0,519,1,231.34,1
18280.0,278,2,488.15,1
18281.0,181,2,201.14,0
18282.0,8,2,178.05,0
18283.0,4,22,2664.9,0
18284.0,432,1,461.68,1
18285.0,661,1,427.0,1
18286.0,477,2,1296.43,1
18287.0,43,7,4182.99,0
