ds,y
2009-12-01 07:45:00,505.3
2009-12-01 07:46:00,145.8
2009-12-01 09:06:00,630.33
2009-12-01 09:08:00,310.75
2009-12-01 09:24:00,2286.24
2009-12-01 09:28:00,426.3
2009-12-01 09:43:00,50.4
2009-12-01 09:44:00,344.34000000000003
2009-12-01 09:46:00,382.37
2009-12-01 09:50:00,285.06
2009-12-01 09:55:00,141.0
2009-12-01 09:57:00,308.44
2009-12-01 10:06:00,996.1
2009-12-01 10:10:00,130.0
2009-12-01 10:18:00,570.24
2009-12-01 10:36:00,196.10000000000002
2009-12-01 10:46:00,485.79
2009-12-01 10:49:00,737.63
2009-12-01 10:52:00,1197.8000000000002
2009-12-01 10:59:00,251.1
2009-12-01 11:17:00,255.5
2009-12-01 11:21:00,823.02
2009-12-01 11:34:00,250.06
2009-12-01 11:37:00,696.73
2009-12-01 11:41:00,733.63
2009-12-01 11:45:00,700.31
2009-12-01 11:46:00,1160.0
2009-12-01 11:50:00,929.9200000000001
2009-12-01 11:51:00,212.63
2009-12-01 11:57:00,145.0
2009-12-01 11:58:00,304.53
2009-12-01 12:02:00,181.5
2009-12-01 12:13:00,341.02
2009-12-01 12:14:00,633.33
2009-12-01 12:18:00,3425.1
2009-12-01 12:19:00,387.6
2009-12-01 12:20:00,281.82
2009-12-01 12:22:00,124.95
2009-12-01 12:30:00,1225.95
2009-12-01 12:33:00,482.3
2009-12-01 12:36:00,278.61
2009-12-01 12:47:00,377.15
2009-12-01 12:52:00,603.94
2009-12-01 12:54:00,291.58000000000004
2009-12-01 12:55:00,128.60000000000002
2009-12-01 12:56:00,859.1
2009-12-01 12:57:00,246.86
2009-12-01 13:07:00,229.6
2009-12-01 13:13:00,322.9
2009-12-01 13:16:00,218.55
2009-12-01 13:19:00,307.8
2009-12-01 13:20:00,282.28
2009-12-01 13:29:00,1244.22
2009-12-01 13:31:00,544.73
2009-12-01 13:37:00,367.28000000000003
2009-12-01 13:38:00,319.66
2009-12-01 13:41:00,219.82
2009-12-01 13:43:00,261.0
2009-12-01 13:47:00,418.78
2009-12-01 13:48:00,21.95
2009-12-01 13:49:00,105.85
2009-12-01 13:50:00,263.42
2009-12-01 14:14:00,362.78000000000003
2009-12-01 14:19:00,727.35
2009-12-01 14:35:00,822.37
2009-12-01 14:40:00,2454.68
2009-12-01 14:48:00,2.1
2009-12-01 14:53:00,2.95
2009-12-01 14:56:00,12.75
2009-12-01 14:59:00,198.0
2009-12-01 15:19:00,17.4
2009-12-01 15:26:00,352.85
2009-12-01 15:36:00,535.9
2009-12-01 16:05:00,31.200000000000003
2009-12-01 16:17:00,329.90999999999997
2009-12-01 16:18:00,622.1
2009-12-01 16:30:00,857.5400000000001
2009-12-01 16:34:00,261.74
2009-12-01 16:44:00,173.1
2009-12-01 17:08:00,294.14
2009-12-01 17:19:00,222.12
2009-12-01 17:28:00,1292.5
2009-12-01 17:31:00,828.09
2009-12-01 17:45:00,23.48
2009-12-01 17:50:00,73.75
2009-12-01 18:03:00,374.43
2009-12-01 18:07:00,252.3
2009-12-01 18:13:00,263.09000000000003
2009-12-01 18:35:00,538.46
2009-12-01 19:19:00,378.12
2009-12-02 08:15:00,397.20000000000005
2009-12-02 08:16:00,114.60000000000001
2009-12-02 08:58:00,740.3
2009-12-02 09:21:00,772.65
2009-12-02 09:23:00,61.1
2009-12-02 09:35:00,261.3
2009-12-02 09:47:00,4939.22
2009-12-02 09:49:00,1210.8
2009-12-02 09:50:00,192.0
2009-12-02 09:57:00,189.3
2009-12-02 10:00:00,795.98
2009-12-02 10:02:00,134.59
2009-12-02 10:08:00,125.73
2009-12-02 10:09:00,1317.97
2009-12-02 10:15:00,266.59999999999997
2009-12-02 10:41:00,221.53
2009-12-02 10:42:00,299.70000000000005
2009-12-02 10:48:00,306.95
2009-12-02 10:51:00,401.7
2009-12-02 10:52:00,3125.64
2009-12-02 10:58:00,2052.12
2009-12-02 11:07:00,966.0
2009-12-02 11:09:00,900.0
2009-12-02 11:18:00,180.45000000000002
2009-12-02 11:20:00,168.0
2009-12-02 11:24:00,538.77
2009-12-02 11:26:00,754.2
2009-12-02 11:31:00,223.1
2009-12-02 11:33:00,271.74
2009-12-02 11:34:00,124.78
2009-12-02 11:43:00,159.98000000000002
2009-12-02 11:45:00,228.36
2009-12-02 11:47:00,162.04
2009-12-02 11:48:00,40.8
2009-12-02 11:51:00,333.09000000000003
2009-12-02 11:52:00,212.66
2009-12-02 11:53:00,293.19
2009-12-02 11:55:00,119.16
2009-12-02 11:59:00,211.52
2009-12-02 12:06:00,1140.38
2009-12-02 12:09:00,260.36
2009-12-02 12:13:00,993.21
2009-12-02 12:15:00,311.5
2009-12-02 12:19:00,196.88
2009-12-02 12:22:00,296.69
2009-12-02 12:26:00,382.57
2009-12-02 12:28:00,128.48
2009-12-02 12:32:00,174.52
2009-12-02 12:38:00,251.17
2009-12-02 12:39:00,454.35
2009-12-02 12:43:00,180.13
2009-12-02 12:44:00,109.84
2009-12-02 12:46:00,112.5
2009-12-02 12:47:00,493.25
2009-12-02 12:54:00,634.29
2009-12-02 13:00:00,597.6899999999999
2009-12-02 13:06:00,811.53
2009-12-02 13:10:00,110.05
2009-12-02 13:20:00,284.55
2009-12-02 13:22:00,340.2
2009-12-02 13:23:00,912.73
2009-12-02 13:26:00,371.27000000000004
2009-12-02 13:32:00,87.30000000000001
2009-12-02 13:33:00,176.88
2009-12-02 13:34:00,174.1
2009-12-02 13:39:00,85.95
2009-12-02 13:51:00,445.7
2009-12-02 13:53:00,472.47
2009-12-02 13:57:00,628.14
2009-12-02 13:58:00,1008.0
2009-12-02 14:06:00,313.27
2009-12-02 14:09:00,365.48
2009-12-02 14:15:00,714.0
2009-12-02 14:21:00,507.47
2009-12-02 14:22:00,89.69999999999999
2009-12-02 14:34:00,157.91
2009-12-02 14:52:00,734.7
2009-12-02 14:55:00,66.82
2009-12-02 14:56:00,206.85
2009-12-02 15:01:00,234.87
2009-12-02 15:04:00,987.73
2009-12-02 15:10:00,675.0
2009-12-02 15:15:00,39.980000000000004
2009-12-02 15:16:00,162.1
2009-12-02 15:17:00,735.7
2009-12-02 15:28:00,632.9
2009-12-02 15:29:00,10.2
2009-12-02 15:38:00,176.6
2009-12-02 15:41:00,525.71
2009-12-02 15:44:00,407.95
2009-12-02 15:51:00,140.16
2009-12-02 16:02:00,163.47
2009-12-02 16:18:00,380.28
2009-12-02 16:24:00,581.89
2009-12-02 16:49:00,597.4
2009-12-02 16:52:00,4734.24
2009-12-02 16:53:00,976.8
2009-12-02 16:59:00,181.08
2009-12-02 17:06:00,300.1
2009-12-02 17:18:00,520.2
2009-12-03 07:25:00,371.82
2009-12-03 07:57:00,337.93
2009-12-03 09:10:00,260.44
2009-12-03 09:44:00,287.37
2009-12-03 09:52:00,119.10000000000001
2009-12-03 10:02:00,203.78
2009-12-03 10:03:00,478.7
2009-12-03 10:16:00,120.0
2009-12-03 10:17:00,202.06
2009-12-03 10:20:00,749.53
2009-12-03 10:23:00,144.0
2009-12-03 10:26:00,1146.1000000000001
2009-12-03 10:28:00,1062.6
2009-12-03 10:37:00,390.6
2009-12-03 10:49:00,82.60000000000001
2009-12-03 10:51:00,181.65
2009-12-03 11:09:00,430.9
2009-12-03 11:10:00,320.40000000000003
2009-12-03 11:19:00,321.65000000000003
2009-12-03 11:25:00,154.2
2009-12-03 11:34:00,143.06
2009-12-03 11:45:00,169.5
2009-12-03 11:46:00,114.55
2009-12-03 11:51:00,317.55
2009-12-03 11:53:00,912.5600000000001
2009-12-03 11:57:00,556.75
2009-12-03 12:02:00,344.40000000000003
2009-12-03 12:10:00,502.28
2009-12-03 12:13:00,285.09
2009-12-03 12:15:00,1008.0
2009-12-03 12:27:00,1485.59
2009-12-03 12:28:00,740.46
2009-12-03 12:31:00,4773.65
2009-12-03 12:34:00,308.6
2009-12-03 12:36:00,48.0
2009-12-03 12:37:00,45.60000000000001
2009-12-03 12:38:00,189.15
2009-12-03 12:40:00,215.0
2009-12-03 12:45:00,69.82
2009-12-03 12:50:00,180.39
2009-12-03 13:02:00,492.15000000000003
2009-12-03 13:03:00,1146.71
2009-12-03 13:04:00,102.0
2009-12-03 13:05:00,13.5
2009-12-03 13:09:00,831.0
2009-12-03 13:17:00,119.53999999999999
2009-12-03 13:22:00,277.5
2009-12-03 13:25:00,421.64000000000004
2009-12-03 13:26:00,47.85
2009-12-03 13:30:00,14475.0
2009-12-03 13:32:00,314.22
2009-12-03 13:42:00,4000.0
2009-12-03 13:46:00,165.3
2009-12-03 13:49:00,204.3
2009-12-03 13:51:00,355.59000000000003
2009-12-03 13:58:00,1260.0
2009-12-03 14:00:00,372.20000000000005
2009-12-03 14:02:00,952.61
2009-12-03 14:06:00,284.3
2009-12-03 14:07:00,397.65
2009-12-03 14:11:00,294.85
2009-12-03 14:28:00,187.15
2009-12-03 14:36:00,258.1
2009-12-03 14:42:00,381.0
2009-12-03 15:09:00,699.86
2009-12-03 15:15:00,160.35
2009-12-03 15:20:00,311.7
2009-12-03 15:32:00,723.09
2009-12-03 15:34:00,337.9
2009-12-03 15:35:00,2506.14
2009-12-03 15:43:00,170.06
2009-12-03 15:48:00,799.2
2009-12-03 15:49:00,898.1800000000001
2009-12-03 15:50:00,17.0
2009-12-03 15:52:00,466.2000000000001
2009-12-03 15:53:00,41.18
2009-12-03 15:54:00,1146.87
2009-12-03 15:56:00,2646.46
2009-12-03 16:02:00,186.36
2009-12-03 16:09:00,273.52
2009-12-03 16:12:00,1225.98
2009-12-03 16:21:00,869.9300000000001
2009-12-03 16:24:00,338.5
2009-12-03 16:40:00,314.37
2009-12-03 16:47:00,110.69999999999999
2009-12-03 16:49:00,239.68
2009-12-03 16:51:00,415.0
2009-12-03 16:52:00,30.15
2009-12-03 16:54:00,319.96000000000004
2009-12-03 17:04:00,313.19
2009-12-03 17:12:00,39.2
2009-12-03 17:29:00,257.62
2009-12-03 17:32:00,342.6
2009-12-03 17:33:00,122.4
2009-12-03 17:46:00,317.04
2009-12-03 17:48:00,108.75
2009-12-03 17:57:00,112.03
2009-12-03 18:08:00,304.92
2009-12-03 18:11:00,297.05
2009-12-03 18:13:00,569.1800000000001
2009-12-03 18:23:00,236.70000000000002
2009-12-03 18:30:00,197.3
2009-12-03 18:41:00,151.65
2009-12-03 18:51:00,387.87
2009-12-03 19:13:00,159.95
2009-12-03 19:22:00,160.69
2009-12-03 19:23:00,339.78
2009-12-03 19:31:00,210.55
2009-12-03 20:03:00,407.22
2009-12-04 08:24:00,308.75
2009-12-04 08:36:00,1261.0
2009-12-04 08:40:00,1610.52
2009-12-04 08:46:00,337.1
2009-12-04 09:27:00,989.1800000000001
2009-12-04 09:31:00,510.64
2009-12-04 09:49:00,160.39
2009-12-04 10:00:00,682.65
2009-12-04 10:18:00,288.79
2009-12-04 10:32:00,455.36
2009-12-04 10:39:00,138.0
2009-12-04 10:47:00,508.26
2009-12-04 10:48:00,19.5
2009-12-04 10:52:00,244.8
2009-12-04 10:57:00,825.94
2009-12-04 11:07:00,280.2
2009-12-04 11:22:00,141.63
2009-12-04 11:32:00,1430.25
2009-12-04 11:36:00,312.21
2009-12-04 11:54:00,29.28
2009-12-04 12:03:00,410.0
2009-12-04 12:06:00,908.0400000000001
2009-12-04 12:07:00,108.95
2009-12-04 12:11:00,319.15
2009-12-04 12:12:00,67.67999999999999
2009-12-04 12:14:00,155.65
2009-12-04 12:20:00,1185.16
2009-12-04 12:28:00,351.3
2009-12-04 12:31:00,20.4
2009-12-04 12:33:00,231.2
2009-12-04 12:36:00,519.89
2009-12-04 12:37:00,1686.48
2009-12-04 12:41:00,107.95
2009-12-04 12:54:00,429.66
2009-12-04 12:59:00,1135.84
2009-12-04 13:00:00,699.26
2009-12-04 13:01:00,273.75
2009-12-04 13:21:00,164.03
2009-12-04 13:22:00,424.03
2009-12-04 13:23:00,426.43
2009-12-04 13:31:00,137.4
2009-12-04 13:41:00,378.96
2009-12-04 13:47:00,435.88
2009-12-04 13:59:00,694.2
2009-12-04 14:13:00,1523.2
2009-12-04 14:14:00,618.27
2009-12-04 14:19:00,237.99
2009-12-04 14:24:00,345.27
2009-12-04 14:29:00,300.32
2009-12-04 14:33:00,106.25
2009-12-04 14:35:00,843.01
2009-12-04 14:37:00,726.57
2009-12-04 14:52:00,194.53
2009-12-04 14:56:00,231.90000000000003
2009-12-04 15:11:00,307.65000000000003
2009-12-04 15:16:00,326.13
2009-12-04 15:18:00,137.95000000000002
2009-12-04 15:26:00,867.89
2009-12-04 15:27:00,907.4399999999999
2009-12-04 15:28:00,149.1
2009-12-04 15:29:00,990.0
2009-12-04 15:30:00,298.99
2009-12-04 15:40:00,630.39
2009-12-04 15:41:00,334.65
2009-12-04 15:43:00,130.8
2009-12-04 16:12:00,216.6
2009-12-04 16:13:00,109.4
2009-12-04 16:23:00,32.25
2009-12-04 16:37:00,494.63
2009-12-04 16:39:00,538.1099999999999
2009-12-04 16:45:00,117.13000000000001
2009-12-04 16:52:00,186.3
2009-12-04 17:31:00,205.35
2009-12-05 10:11:00,138.24
2009-12-05 10:25:00,103.95
2009-12-05 10:27:00,351.6
2009-12-05 10:31:00,227.25
2009-12-05 10:44:00,79.6
2009-12-05 10:58:00,159.1
2009-12-05 11:19:00,230.2
2009-12-05 12:01:00,452.95
2009-12-05 12:02:00,233.71
2009-12-05 12:13:00,434.15
2009-12-05 12:28:00,502.54
2009-12-05 12:36:00,136.75
2009-12-05 12:42:00,350.55
2009-12-05 13:12:00,796.55
2009-12-05 13:13:00,15.0
2009-12-05 13:17:00,224.1
2009-12-05 13:26:00,478.74
2009-12-05 13:29:00,97.11
2009-12-05 13:32:00,760.69
2009-12-05 13:37:00,148.3
2009-12-05 14:51:00,130.32
2009-12-05 14:57:00,549.77
2009-12-05 14:59:00,450.84000000000003
2009-12-05 15:00:00,146.62
2009-12-05 15:18:00,689.5
2009-12-05 15:26:00,256.2
2009-12-05 15:27:00,304.1
2009-12-05 15:47:00,203.32
2009-12-05 16:01:00,1151.3
2009-12-06 10:16:00,283.15
2009-12-06 10:26:00,269.15
2009-12-06 10:30:00,309.1
2009-12-06 10:37:00,567.71
2009-12-06 10:38:00,441.63
2009-12-06 10:41:00,689.9
2009-12-06 10:51:00,139.25
2009-12-06 11:13:00,291.09
2009-12-06 11:27:00,449.34000000000003
2009-12-06 11:33:00,413.44000000000005
2009-12-06 11:45:00,253.55
2009-12-06 11:57:00,817.4399999999999
2009-12-06 11:58:00,947.39
2009-12-06 12:07:00,710.84
2009-12-06 12:10:00,423.76
2009-12-06 12:14:00,918.35
2009-12-06 12:16:00,183.6
2009-12-06 12:17:00,280.94
2009-12-06 12:21:00,204.24
2009-12-06 12:26:00,242.96
2009-12-06 12:28:00,831.37
2009-12-06 12:31:00,204.65
2009-12-06 12:34:00,960.04
2009-12-06 12:41:00,533.14
2009-12-06 12:42:00,1748.45
2009-12-06 12:51:00,21.25
2009-12-06 12:52:00,421.7
2009-12-06 12:53:00,186.6
2009-12-06 12:56:00,125.94
2009-12-06 13:00:00,90.0
2009-12-06 13:05:00,81.3
2009-12-06 13:07:00,647.82
2009-12-06 13:08:00,266.19
2009-12-06 13:10:00,546.48
2009-12-06 13:19:00,175.20000000000002
2009-12-06 13:21:00,12.75
2009-12-06 13:29:00,189.7
2009-12-06 13:40:00,666.61
2009-12-06 13:45:00,406.7
2009-12-06 13:48:00,355.13
2009-12-06 13:49:00,283.14
2009-12-06 13:53:00,101.4
2009-12-06 14:00:00,498.02
2009-12-06 14:03:00,385.96999999999997
2009-12-06 14:06:00,98.16
2009-12-06 14:10:00,25.46
2009-12-06 14:14:00,450.84000000000003
2009-12-06 14:46:00,626.6
2009-12-06 14:54:00,235.13
2009-12-06 15:01:00,137.75
2009-12-06 15:08:00,147.4
2009-12-06 15:09:00,504.54
2009-12-06 15:12:00,474.32000000000005
2009-12-06 15:15:00,213.65
2009-12-06 15:24:00,235.84
2009-12-06 15:31:00,150.4
2009-12-06 15:35:00,436.18
2009-12-06 15:40:00,255.00000000000003
2009-12-06 15:41:00,533.97
2009-12-06 15:46:00,182.01
2009-12-06 15:48:00,115.05
2009-12-06 15:51:00,48.89
2009-12-06 16:01:00,161.8
2009-12-06 16:02:00,166.95
2009-12-06 16:07:00,368.15
2009-12-06 16:17:00,245.63
2009-12-07 08:13:00,560.58
2009-12-07 08:24:00,221.9
2009-12-07 08:53:00,209.41
2009-12-07 09:14:00,504.54
2009-12-07 09:18:00,346.0
2009-12-07 09:42:00,716.35
2009-12-07 10:15:00,34.0
2009-12-07 10:21:00,311.2
2009-12-07 10:26:00,504.54
2009-12-07 10:33:00,463.0
2009-12-07 10:38:00,41.3
2009-12-07 10:41:00,808.12
2009-12-07 10:42:00,367.9
2009-12-07 10:48:00,411.20000000000005
2009-12-07 10:51:00,187.19
2009-12-07 11:05:00,274.54
2009-12-07 11:19:00,682.4
2009-12-07 11:20:00,191.74
2009-12-07 11:26:00,426.0
2009-12-07 11:29:00,173.55
2009-12-07 11:35:00,163.77
2009-12-07 11:39:00,218.33
2009-12-07 11:40:00,211.62
2009-12-07 11:41:00,312.65
2009-12-07 11:46:00,610.95
2009-12-07 11:47:00,224.98000000000002
2009-12-07 11:51:00,214.79999999999998
2009-12-07 11:52:00,44.7
2009-12-07 11:55:00,339.8
2009-12-07 12:08:00,425.09000000000003
2009-12-07 12:12:00,452.16
2009-12-07 12:13:00,147.1
2009-12-07 12:18:00,321.00000000000006
2009-12-07 12:19:00,497.4
2009-12-07 12:25:00,990.48
2009-12-07 12:26:00,589.6700000000001
2009-12-07 12:31:00,76.5
2009-12-07 12:32:00,228.4
2009-12-07 12:41:00,312.33000000000004
2009-12-07 12:42:00,357.87
2009-12-07 12:56:00,488.16
2009-12-07 12:58:00,660.96
2009-12-07 13:00:00,156.5
2009-12-07 13:06:00,242.1
2009-12-07 13:07:00,637.14
2009-12-07 13:17:00,603.1600000000001
2009-12-07 13:23:00,380.65000000000003
2009-12-07 13:24:00,371.51
2009-12-07 13:32:00,293.35
2009-12-07 13:35:00,164.75
2009-12-07 13:37:00,285.9
2009-12-07 13:45:00,413.00000000000006
2009-12-07 13:46:00,74.56
2009-12-07 13:48:00,1028.07
2009-12-07 13:49:00,1078.23
2009-12-07 13:52:00,307.91
2009-12-07 13:55:00,207.9
2009-12-07 13:56:00,306.0
2009-12-07 13:57:00,195.78
2009-12-07 13:59:00,190.47
2009-12-07 14:02:00,1244.3200000000002
2009-12-07 14:10:00,108.4
2009-12-07 14:27:00,378.84000000000003
2009-12-07 14:44:00,154.2
2009-12-07 14:52:00,355.38
2009-12-07 14:56:00,204.0
2009-12-07 14:58:00,1086.53
2009-12-07 15:02:00,45.9
2009-12-07 15:10:00,241.05
2009-12-07 15:15:00,188.89000000000001
2009-12-07 15:19:00,332.70000000000005
2009-12-07 15:26:00,780.36
2009-12-07 15:27:00,4.95
2009-12-07 15:28:00,449.95
2009-12-07 15:42:00,1150.46
2009-12-07 15:43:00,357.87
2009-12-07 15:55:00,386.39
2009-12-07 16:17:00,716.04
2009-12-07 16:24:00,343.44
2009-12-07 16:28:00,561.5999999999999
2009-12-07 16:38:00,285.35
2009-12-07 16:40:00,221.51999999999998
2009-12-07 16:56:00,719.1500000000001
2009-12-07 17:18:00,389.62
2009-12-07 17:49:00,25.5
2009-12-07 18:12:00,8.92
2009-12-08 07:42:00,580.6400000000001
2009-12-08 07:43:00,312.96000000000004
2009-12-08 07:59:00,1429.83
2009-12-08 08:38:00,356.40000000000003
2009-12-08 08:48:00,322.65
2009-12-08 09:19:00,302.78000000000003
2009-12-08 09:24:00,338.34000000000003
2009-12-08 09:35:00,425.59000000000003
2009-12-08 09:46:00,182.88
2009-12-08 09:49:00,10.0
2009-12-08 09:56:00,255.04000000000002
2009-12-08 10:02:00,323.39
2009-12-08 10:24:00,1020.0
2009-12-08 10:41:00,306.45
2009-12-08 11:07:00,44.32
2009-12-08 11:13:00,356.94
2009-12-08 11:22:00,707.9300000000001
2009-12-08 11:23:00,2621.4
2009-12-08 11:27:00,192.54999999999998
2009-12-08 11:44:00,870.63
2009-12-08 11:46:00,155.7
2009-12-08 11:56:00,7.800000000000001
2009-12-08 12:03:00,679.5
2009-12-08 12:04:00,207.32
2009-12-08 12:05:00,487.09000000000003
2009-12-08 12:12:00,215.0
2009-12-08 12:13:00,39.400000000000006
2009-12-08 12:25:00,134.04
2009-12-08 12:27:00,159.0
2009-12-08 12:29:00,259.92
2009-12-08 12:30:00,309.7
2009-12-08 12:33:00,1806.19
2009-12-08 12:34:00,304.8
2009-12-08 12:38:00,559.98
2009-12-08 12:39:00,2.9
2009-12-08 12:41:00,20.25
2009-12-08 12:46:00,378.94
2009-12-08 12:48:00,311.8
2009-12-08 12:49:00,363.6
2009-12-08 12:51:00,88.05
2009-12-08 12:54:00,211.41
2009-12-08 12:58:00,10.0
2009-12-08 13:02:00,111.24000000000001
2009-12-08 13:04:00,792.84
2009-12-08 13:08:00,656.85
2009-12-08 13:14:00,312.9
2009-12-08 13:19:00,109.08
2009-12-08 13:24:00,42.300000000000004
2009-12-08 13:25:00,114.3
2009-12-08 13:27:00,123.1
2009-12-08 13:28:00,648.5
2009-12-08 13:38:00,249.17
2009-12-08 13:41:00,708.64
2009-12-08 13:43:00,81.12
2009-12-08 13:44:00,12.4
2009-12-08 13:46:00,2452.56
2009-12-08 13:56:00,366.9
2009-12-08 13:58:00,2285.58
2009-12-08 13:59:00,207.65
2009-12-08 14:01:00,0.95
2009-12-08 14:03:00,628.62
2009-12-08 14:13:00,151.2
2009-12-08 14:20:00,97.55
2009-12-08 14:29:00,15.0
2009-12-08 14:56:00,966.6600000000001
2009-12-08 15:00:00,102.82
2009-12-08 15:10:00,2442.7200000000003
2009-12-08 15:12:00,4125.17
2009-12-08 15:14:00,507.90000000000003
2009-12-08 15:25:00,194.75
2009-12-08 15:45:00,683.14
2009-12-08 16:09:00,104.15
2009-12-08 16:20:00,432.96000000000004
2009-12-08 16:21:00,484.0
2009-12-08 16:23:00,372.64
2009-12-08 16:40:00,728.05
2009-12-08 16:43:00,193.07999999999998
2009-12-08 16:56:00,313.45
2009-12-08 16:57:00,8.82
2009-12-08 17:04:00,303.45
2009-12-08 17:08:00,462.46
2009-12-08 17:10:00,263.4
2009-12-08 17:13:00,438.74
2009-12-08 17:24:00,379.13
2009-12-08 17:26:00,24.65
2009-12-08 17:41:00,272.5
2009-12-08 17:44:00,213.27
2009-12-08 17:51:00,191.89
2009-12-08 18:06:00,255.68
2009-12-08 18:07:00,318.0
2009-12-08 18:18:00,389.99
2009-12-08 18:30:00,549.09
2009-12-08 19:00:00,383.03999999999996
2009-12-08 19:02:00,488.15999999999997
2009-12-08 19:16:00,328.02000000000004
2009-12-09 07:01:00,305.5
2009-12-09 08:58:00,295.35
2009-12-09 09:34:00,528.9
2009-12-09 09:36:00,301.0
2009-12-09 09:56:00,234.38
2009-12-09 10:02:00,303.2
2009-12-09 10:25:00,519.42
2009-12-09 10:41:00,748.9
2009-12-09 10:46:00,742.3100000000001
2009-12-09 10:48:00,539.75
2009-12-09 11:01:00,1007.74
2009-12-09 11:31:00,77.8
2009-12-09 11:33:00,307.95
2009-12-09 11:36:00,285.3
2009-12-09 11:40:00,625.93
2009-12-09 11:46:00,124.0
2009-12-09 11:52:00,203.3
2009-12-09 11:58:00,181.45
2009-12-09 12:17:00,333.3
2009-12-09 12:18:00,700.4
2009-12-09 12:30:00,521.05
2009-12-09 12:32:00,383.8
2009-12-09 12:40:00,194.10000000000002
2009-12-09 12:42:00,15.45
2009-12-09 12:45:00,95.75999999999999
2009-12-09 12:46:00,23.6
2009-12-09 12:48:00,187.8
2009-12-09 12:57:00,418.05
2009-12-09 13:00:00,259.11
2009-12-09 13:06:00,588.85
2009-12-09 13:11:00,308.0
2009-12-09 13:16:00,1248.3
2009-12-09 13:22:00,322.98
2009-12-09 13:25:00,130.6
2009-12-09 13:26:00,267.26
2009-12-09 13:31:00,200.24
2009-12-09 13:34:00,3600.77
2009-12-09 13:44:00,844.12
2009-12-09 13:49:00,1412.68
2009-12-09 13:50:00,135.0
2009-12-09 13:53:00,175.95000000000002
2009-12-09 14:01:00,338.13
2009-12-09 14:02:00,179.78
2009-12-09 14:15:00,63.5
2009-12-09 14:16:00,283.88
2009-12-09 14:17:00,50.55
2009-12-09 14:20:00,163.26
2009-12-09 14:22:00,1552.9
2009-12-09 14:25:00,207.58
2009-12-09 14:30:00,143.36
2009-12-09 14:38:00,316.62
2009-12-09 14:44:00,174.33
2009-12-09 14:48:00,890.38
2009-12-09 14:55:00,301.57
2009-12-09 15:03:00,554.99
2009-12-09 15:16:00,601.6
2009-12-09 15:20:00,377.06
2009-12-09 15:26:00,327.38
2009-12-09 15:28:00,966.24
2009-12-09 15:36:00,389.34000000000003
2009-12-09 16:00:00,256.2
2009-12-09 16:01:00,50.7
2009-12-09 16:03:00,1.7
2009-12-09 16:13:00,171.60000000000002
2009-12-09 16:17:00,480.0
2009-12-09 16:24:00,343.52
2009-12-09 16:26:00,179.85
2009-12-09 16:50:00,476.03999999999996
2009-12-09 17:10:00,873.48
2009-12-09 17:13:00,135.0
2009-12-09 17:26:00,178.98000000000002
2009-12-09 17:27:00,34.3
2009-12-10 07:43:00,3882.66
2009-12-10 08:29:00,289.92
2009-12-10 08:30:00,435.6
2009-12-10 09:25:00,661.16
2009-12-10 09:42:00,436.8
2009-12-10 09:44:00,590.2
2009-12-10 10:17:00,275.73
2009-12-10 10:27:00,291.0
2009-12-10 10:29:00,377.57
2009-12-10 10:32:00,109.35
2009-12-10 10:42:00,179.6
2009-12-10 10:47:00,33.55
2009-12-10 10:57:00,737.7
2009-12-10 11:25:00,8.5
2009-12-10 11:27:00,328.99
2009-12-10 11:39:00,203.85000000000002
2009-12-10 11:40:00,730.59
2009-12-10 11:42:00,248.49
2009-12-10 11:45:00,228.96
2009-12-10 11:47:00,347.54
2009-12-10 11:50:00,1213.02
2009-12-10 11:51:00,105.78
2009-12-10 11:55:00,384.49
2009-12-10 12:03:00,294.52000000000004
2009-12-10 12:08:00,592.2
2009-12-10 12:10:00,1275.73
2009-12-10 12:21:00,690.89
2009-12-10 12:28:00,97.5
2009-12-10 12:30:00,79.15
2009-12-10 12:32:00,31.200000000000003
2009-12-10 12:42:00,71.78999999999999
2009-12-10 12:44:00,1272.28
2009-12-10 12:52:00,302.70000000000005
2009-12-10 12:57:00,658.5
2009-12-10 12:58:00,165.5
2009-12-10 13:03:00,126.57
2009-12-10 13:09:00,95.55
2009-12-10 13:12:00,308.72
2009-12-10 13:27:00,413.1
2009-12-10 13:34:00,580.15
2009-12-10 13:59:00,195.23
2009-12-10 14:07:00,1361.91
2009-12-10 14:13:00,105.75999999999999
2009-12-10 14:19:00,278.08
2009-12-10 14:20:00,785.62
2009-12-10 14:22:00,1766.28
2009-12-10 14:28:00,873.61
2009-12-10 14:44:00,448.2
2009-12-10 14:46:00,307.2
2009-12-10 14:48:00,170.45
2009-12-10 14:50:00,910.76
2009-12-10 14:57:00,436.4
2009-12-10 15:27:00,1505.4
2009-12-10 15:28:00,683.91
2009-12-10 15:30:00,369.6
2009-12-10 15:33:00,181.63
2009-12-10 15:35:00,178.2
2009-12-10 15:36:00,834.25
2009-12-10 15:45:00,517.7
2009-12-10 15:52:00,381.63
2009-12-10 15:56:00,164.31
2009-12-10 16:10:00,328.7
2009-12-10 16:21:00,388.52
2009-12-10 16:30:00,204.26
2009-12-10 16:35:00,427.86
2009-12-10 16:39:00,155.79
2009-12-10 17:04:00,171.5
2009-12-10 17:09:00,427.52
2009-12-10 17:14:00,218.05
2009-12-10 17:27:00,588.83
2009-12-10 18:03:00,70.80000000000001
2009-12-10 18:27:00,787.92
2009-12-10 18:36:00,130.62
2009-12-10 18:43:00,133.75
2009-12-10 19:35:00,1073.79
2009-12-10 19:53:00,177.91
2009-12-10 20:04:00,221.85
2009-12-10 20:16:00,893.61
2009-12-10 20:22:00,583.7
2009-12-11 09:18:00,375.66
2009-12-11 09:58:00,2538.74
2009-12-11 10:08:00,327.32
2009-12-11 10:10:00,243.87
2009-12-11 10:12:00,449.32
2009-12-11 10:27:00,375.18
2009-12-11 10:31:00,1656.0
2009-12-11 10:32:00,102.0
2009-12-11 10:37:00,615.96
2009-12-11 10:40:00,122.94999999999999
2009-12-11 10:48:00,15.9
2009-12-11 10:54:00,444.58
2009-12-11 10:58:00,1579.8
2009-12-11 11:06:00,634.88
2009-12-11 11:10:00,222.05
2009-12-11 11:15:00,86.75
2009-12-11 11:17:00,218.44
2009-12-11 11:22:00,11016.0
2009-12-11 11:26:00,362.93
2009-12-11 11:38:00,718.83
2009-12-11 11:39:00,7.5
2009-12-11 11:41:00,52.8
2009-12-11 11:52:00,350.68
2009-12-11 12:01:00,1107.95
2009-12-11 12:09:00,217.34
2009-12-11 12:11:00,391.16
2009-12-11 12:17:00,1103.28
2009-12-11 12:21:00,191.18
2009-12-11 12:24:00,348.6
2009-12-11 12:28:00,51.27
2009-12-11 12:31:00,299.74
2009-12-11 12:41:00,198.76999999999998
2009-12-11 12:45:00,513.54
2009-12-11 12:51:00,811.76
2009-12-11 12:55:00,522.44
2009-12-11 12:56:00,117.96000000000001
2009-12-11 12:58:00,500.0
2009-12-11 13:31:00,539.47
2009-12-11 13:36:00,289.53000000000003
2009-12-11 13:49:00,849.9399999999999
2009-12-11 13:52:00,249.09
2009-12-11 14:20:00,466.92
2009-12-11 14:28:00,615.3
2009-12-11 14:33:00,460.3
2009-12-11 14:37:00,308.81
2009-12-11 14:39:00,435.27
2009-12-11 15:06:00,160.55
2009-12-11 15:37:00,465.41999999999996
2009-12-11 15:40:00,540.18
2009-12-11 15:46:00,1323.86
2009-12-11 15:52:00,270.18
2009-12-11 15:55:00,638.52
2009-12-11 16:11:00,397.02
2009-12-11 16:33:00,339.87
2009-12-11 16:46:00,1056.86
2009-12-11 16:48:00,100.55
2009-12-11 16:54:00,146.39
2009-12-11 17:00:00,641.51
2009-12-11 17:04:00,15.5
2009-12-13 09:58:00,214.09
2009-12-13 10:28:00,549.08
2009-12-13 10:41:00,356.55
2009-12-13 10:48:00,510.36
2009-12-13 10:50:00,164.48000000000002
2009-12-13 10:54:00,469.49
2009-12-13 10:56:00,15.5
2009-12-13 10:59:00,344.65
2009-12-13 11:05:00,155.06
2009-12-13 11:11:00,416.82
2009-12-13 11:14:00,149.7
2009-12-13 11:16:00,682.5699999999999
2009-12-13 11:23:00,90.95
2009-12-13 11:28:00,450.71
2009-12-13 11:32:00,1177.1100000000001
2009-12-13 11:34:00,452.24
2009-12-13 11:35:00,370.2
2009-12-13 11:41:00,71.78999999999999
2009-12-13 11:43:00,650.88
2009-12-13 11:46:00,841.95
2009-12-13 11:49:00,124.6
2009-12-13 12:04:00,952.85
2009-12-13 12:10:00,15.0
2009-12-13 12:11:00,300.42
2009-12-13 12:19:00,145.06
2009-12-13 12:22:00,244.79999999999998
2009-12-13 12:31:00,272.4
2009-12-13 12:32:00,21.95
2009-12-13 12:36:00,359.0
2009-12-13 12:42:00,209.9
2009-12-13 12:43:00,5.1
2009-12-13 12:50:00,452.5
2009-12-13 12:57:00,588.4
2009-12-13 13:03:00,197.98
2009-12-13 13:09:00,511.64
2009-12-13 13:17:00,386.73
2009-12-13 13:21:00,828.34
2009-12-13 13:24:00,228.34
2009-12-13 13:27:00,106.65
2009-12-13 13:28:00,56.45
2009-12-13 13:31:00,1504.16
2009-12-13 13:39:00,793.93
2009-12-13 13:53:00,123.43
2009-12-13 14:01:00,399.79999999999995
2009-12-13 14:08:00,65.10000000000001
2009-12-13 14:10:00,15.3
2009-12-13 14:38:00,98.25
2009-12-13 14:40:00,100.8
2009-12-13 14:51:00,147.99
2009-12-13 15:01:00,258.3
2009-12-13 15:16:00,313.64
2009-12-13 15:17:00,358.56
2009-12-13 15:24:00,545.1
2009-12-13 15:38:00,512.8100000000001
2009-12-13 15:43:00,233.42000000000002
2009-12-13 15:44:00,217.79999999999998
2009-12-13 15:54:00,204.73
2009-12-13 15:55:00,181.51
2009-12-13 16:03:00,334.46
2009-12-13 16:04:00,261.7
2009-12-13 16:05:00,348.34
2009-12-13 16:12:00,292.98
2009-12-13 16:17:00,122.95
2009-12-14 08:34:00,45.0
2009-12-14 08:40:00,1066.3600000000001
2009-12-14 09:48:00,171.82
2009-12-14 09:56:00,252.12
2009-12-14 09:59:00,228.6
2009-12-14 10:01:00,366.4
2009-12-14 10:24:00,950.0
2009-12-14 10:27:00,225.8
2009-12-14 10:34:00,756.51
2009-12-14 10:37:00,31.93
2009-12-14 10:49:00,1286.43
2009-12-14 11:00:00,620.06
2009-12-14 11:02:00,22.5
2009-12-14 11:10:00,66.75
2009-12-14 11:18:00,327.71
2009-12-14 11:24:00,187.7
2009-12-14 11:30:00,319.38
2009-12-14 11:48:00,572.05
2009-12-14 11:59:00,196.92
2009-12-14 12:02:00,309.3
2009-12-14 12:09:00,318.85
2009-12-14 12:13:00,38.660000000000004
2009-12-14 12:16:00,79.94999999999999
2009-12-14 12:18:00,1023.9599999999999
2009-12-14 12:24:00,398.96
2009-12-14 12:28:00,15.0
2009-12-14 12:36:00,170.04999999999998
2009-12-14 12:47:00,615.22
2009-12-14 12:48:00,837.3000000000001
2009-12-14 12:58:00,5259.17
2009-12-14 13:06:00,698.61
2009-12-14 13:09:00,112.64
2009-12-14 13:10:00,1342.06
2009-12-14 13:11:00,157.32999999999998
2009-12-14 13:19:00,266.98
2009-12-14 13:22:00,909.8199999999999
2009-12-14 13:23:00,13854.2
2009-12-14 13:27:00,157.5
2009-12-14 13:30:00,310.43
2009-12-14 13:36:00,1727.91
2009-12-14 14:02:00,414.36
2009-12-14 14:12:00,850.8299999999999
2009-12-14 14:13:00,409.2
2009-12-14 14:28:00,325.44
2009-12-14 14:33:00,137.73
2009-12-14 14:34:00,132.51
2009-12-14 14:35:00,370.77
2009-12-14 14:36:00,197.05
2009-12-14 14:46:00,129.6
2009-12-14 15:06:00,266.02
2009-12-14 15:07:00,431.98
2009-12-14 15:16:00,617.55
2009-12-14 15:17:00,271.05
2009-12-14 15:18:00,1126.81
2009-12-14 15:30:00,307.24
2009-12-14 15:31:00,686.13
2009-12-14 15:38:00,689.71
2009-12-14 15:42:00,70.80000000000001
2009-12-14 15:44:00,53.2
2009-12-14 15:49:00,238.05
2009-12-14 15:51:00,921.21
2009-12-14 15:57:00,2308.5
2009-12-14 15:58:00,138.9
2009-12-14 16:00:00,381.4
2009-12-14 16:01:00,149.5
2009-12-14 16:10:00,99.86
2009-12-14 16:11:00,109.31
2009-12-14 16:29:00,659.4
2009-12-14 16:36:00,1456.2
2009-12-14 16:46:00,93.35
2009-12-14 16:52:00,45.300000000000004
2009-12-14 17:03:00,497.65
2009-12-14 17:34:00,360.61
2009-12-15 08:01:00,891.41
2009-12-15 08:39:00,227.72
2009-12-15 09:34:00,381.22
2009-12-15 09:40:00,154.69
2009-12-15 09:42:00,415.49
2009-12-15 09:44:00,306.54
2009-12-15 09:51:00,495.0
2009-12-15 10:00:00,62.31
2009-12-15 10:02:00,429.66
2009-12-15 10:10:00,27.0
2009-12-15 10:21:00,57.9
2009-12-15 10:28:00,304.7
2009-12-15 10:36:00,306.40000000000003
2009-12-15 10:50:00,1704.75
2009-12-15 11:06:00,292.31
2009-12-15 11:09:00,297.86
2009-12-15 11:20:00,310.87
2009-12-15 11:24:00,253.42000000000002
2009-12-15 11:25:00,3167.2
2009-12-15 11:26:00,230.7
2009-12-15 11:28:00,174.65
2009-12-15 11:42:00,253.64
2009-12-15 11:49:00,675.12
2009-12-15 11:56:00,13.5
2009-12-15 12:00:00,1413.34
2009-12-15 12:03:00,179.36
2009-12-15 12:06:00,394.41999999999996
2009-12-15 12:08:00,531.3
2009-12-15 12:13:00,414.78000000000003
2009-12-15 12:18:00,208.8
2009-12-15 12:20:00,216.0
2009-12-15 12:29:00,285.22
2009-12-15 12:32:00,301.9
2009-12-15 12:43:00,870.84
2009-12-15 12:49:00,558.17
2009-12-15 12:57:00,6.75
2009-12-15 13:11:00,1500.46
2009-12-15 13:12:00,377.49
2009-12-15 13:21:00,474.06
2009-12-15 13:35:00,152.0
2009-12-15 13:40:00,290.72
2009-12-15 13:48:00,137.03
2009-12-15 13:49:00,324.8
2009-12-15 13:50:00,308.38
2009-12-15 14:03:00,698.2
2009-12-15 14:05:00,2343.72
2009-12-15 14:10:00,1017.78
2009-12-15 14:13:00,146.45999999999998
2009-12-15 14:14:00,538.77
2009-12-15 14:18:00,1737.2
2009-12-15 14:30:00,205.73
2009-12-15 14:34:00,391.55
2009-12-15 14:46:00,823.8100000000001
2009-12-15 14:53:00,138.22
2009-12-15 15:06:00,327.91
2009-12-15 15:12:00,316.39
2009-12-15 15:16:00,478.15999999999997
2009-12-15 15:18:00,182.25
2009-12-15 15:21:00,453.78000000000003
2009-12-15 15:24:00,598.2
2009-12-15 15:27:00,365.02
2009-12-15 15:36:00,380.78
2009-12-15 15:48:00,960.0
2009-12-15 16:23:00,743.61
2009-12-15 16:27:00,204.0
2009-12-15 16:28:00,322.92
2009-12-15 16:34:00,334.14
2009-12-15 16:40:00,236.17
2009-12-15 16:45:00,263.4
2009-12-15 17:05:00,301.16
2009-12-15 17:25:00,939.21
2009-12-15 17:31:00,297.86
2009-12-15 17:45:00,191.72
2009-12-15 17:54:00,288.88
2009-12-15 17:56:00,366.84
2009-12-15 18:22:00,801.3000000000001
2009-12-15 18:32:00,1084.08
2009-12-15 18:57:00,334.5
2009-12-15 19:01:00,343.66
2009-12-15 19:02:00,388.74
2009-12-15 19:03:00,113.48
2009-12-15 19:04:00,187.95
2009-12-15 19:05:00,297.4
2009-12-15 19:06:00,155.34
2009-12-15 19:09:00,2156.0
2009-12-15 19:11:00,3480.0
2009-12-15 19:12:00,520.46
2009-12-16 07:58:00,313.8
2009-12-16 07:59:00,575.64
2009-12-16 09:17:00,969.66
2009-12-16 09:23:00,321.65
2009-12-16 09:37:00,435.5
2009-12-16 09:41:00,1470.65
2009-12-16 10:16:00,307.15
2009-12-16 10:28:00,511.2
2009-12-16 10:39:00,243.65
2009-12-16 10:45:00,462.95
2009-12-16 10:51:00,825.32
2009-12-16 10:56:00,357.0
2009-12-16 11:04:00,223.70000000000002
2009-12-16 11:23:00,855.45
2009-12-16 11:24:00,96.3
2009-12-16 11:25:00,68.7
2009-12-16 11:26:00,141.66
2009-12-16 11:27:00,10.2
2009-12-16 11:43:00,677.78
2009-12-16 11:44:00,117.30000000000001
2009-12-16 11:45:00,164.1
2009-12-16 11:46:00,313.3
2009-12-16 11:47:00,187.44
2009-12-16 11:53:00,807.1
2009-12-16 11:55:00,348.15
2009-12-16 11:56:00,183.4
2009-12-16 11:59:00,214.25
2009-12-16 12:06:00,123.19
2009-12-16 12:09:00,407.69
2009-12-16 12:11:00,336.6
2009-12-16 12:16:00,807.61
2009-12-16 12:17:00,1340.15
2009-12-16 12:24:00,564.1
2009-12-16 12:25:00,271.56
2009-12-16 12:29:00,311.99
2009-12-16 12:32:00,1221.97
2009-12-16 12:39:00,1209.58
2009-12-16 12:41:00,846.86
2009-12-16 12:45:00,35.45
2009-12-16 13:15:00,422.35
2009-12-16 13:16:00,115.3
2009-12-16 13:22:00,1750.43
2009-12-16 13:23:00,662.7
2009-12-16 13:40:00,338.46000000000004
2009-12-16 13:49:00,436.56
2009-12-16 14:00:00,618.79
2009-12-16 14:08:00,507.98
2009-12-16 14:09:00,323.25
2009-12-16 14:12:00,125.06
2009-12-16 14:22:00,447.70000000000005
2009-12-16 14:41:00,378.9
2009-12-16 14:54:00,14.2
2009-12-16 14:59:00,207.75
2009-12-16 15:05:00,422.15000000000003
2009-12-16 15:06:00,338.31
2009-12-16 15:11:00,816.6800000000001
2009-12-16 15:13:00,1071.55
2009-12-16 15:16:00,340.67
2009-12-16 15:21:00,22.67
2009-12-16 15:24:00,128.60000000000002
2009-12-16 15:31:00,320.65000000000003
2009-12-16 15:38:00,324.87
2009-12-16 15:45:00,374.8
2009-12-16 15:48:00,244.42000000000002
2009-12-16 15:57:00,597.5
2009-12-16 16:02:00,278.07
2009-12-16 16:04:00,133.0
2009-12-16 16:07:00,189.31
2009-12-16 16:10:00,781.1
2009-12-16 16:24:00,136.20000000000002
2009-12-16 16:25:00,286.49
2009-12-16 17:06:00,904.38
2009-12-16 17:22:00,220.07
2009-12-16 17:27:00,3326.7200000000003
2009-12-16 17:34:00,387.74
2009-12-16 17:40:00,125.95
2009-12-16 17:45:00,126.22
2009-12-17 08:37:00,301.02
2009-12-17 08:39:00,342.55
2009-12-17 08:55:00,447.53000000000003
2009-12-17 09:09:00,1425.3
2009-12-17 09:44:00,100.8
2009-12-17 09:54:00,353.0
2009-12-17 09:55:00,273.88
2009-12-17 10:08:00,176.4
2009-12-17 10:17:00,589.34
2009-12-17 10:20:00,137.3
2009-12-17 10:22:00,329.58000000000004
2009-12-17 10:27:00,323.78
2009-12-17 10:30:00,164.59
2009-12-17 10:39:00,1952.64
2009-12-17 10:52:00,295.55
2009-12-17 10:57:00,435.45
2009-12-17 10:58:00,323.0
2009-12-17 10:59:00,366.62
2009-12-17 11:06:00,171.26
2009-12-17 11:07:00,1120.49
2009-12-17 11:11:00,589.4
2009-12-17 11:24:00,819.23
2009-12-17 11:33:00,418.19
2009-12-17 11:38:00,167.07
2009-12-17 11:43:00,169.96
2009-12-17 11:49:00,407.36
2009-12-17 11:53:00,199.19
2009-12-17 11:58:00,226.74
2009-12-17 11:59:00,233.4
2009-12-17 12:01:00,809.62
2009-12-17 12:04:00,299.65
2009-12-17 12:12:00,420.41
2009-12-17 12:27:00,53.55
2009-12-17 12:30:00,160.82999999999998
2009-12-17 12:31:00,391.44
2009-12-17 12:32:00,72.29
2009-12-17 12:34:00,7.8
2009-12-17 12:39:00,437.96000000000004
2009-12-17 12:42:00,302.06
2009-12-17 12:46:00,433.96
2009-12-17 12:49:00,2.95
2009-12-17 13:07:00,77.08
2009-12-17 13:09:00,286.04
2009-12-17 13:14:00,343.96000000000004
2009-12-17 13:15:00,411.7
2009-12-17 13:17:00,255.15
2009-12-17 13:35:00,252.59
2009-12-17 13:36:00,256.66
2009-12-17 13:38:00,85.33
2009-12-17 13:44:00,96.0
2009-12-17 13:51:00,139.0
2009-12-17 14:01:00,141.0
2009-12-17 14:08:00,424.3
2009-12-17 14:15:00,339.9
2009-12-17 14:22:00,310.70000000000005
2009-12-17 14:37:00,319.5
2009-12-17 14:38:00,1707.48
2009-12-17 14:43:00,144.51
2009-12-17 15:02:00,251.3
2009-12-17 15:03:00,322.6
2009-12-17 15:06:00,263.9
2009-12-17 15:26:00,754.75
2009-12-17 15:33:00,348.2
2009-12-17 15:37:00,95.4
2009-12-17 15:39:00,282.29999999999995
2009-12-17 15:41:00,799.3
2009-12-17 15:44:00,181.65
2009-12-17 15:46:00,117.35000000000001
2009-12-17 16:18:00,729.12
2009-12-17 16:38:00,420.15
2009-12-17 16:43:00,162.8
2009-12-17 16:58:00,234.54000000000002
2009-12-17 17:16:00,948.39
2009-12-17 17:43:00,803.25
2009-12-17 17:46:00,184.44
2009-12-17 17:54:00,160.07
2009-12-17 18:20:00,157.43
2009-12-17 18:35:00,144.6
2009-12-17 18:41:00,10.1
2009-12-17 19:42:00,422.15
2009-12-17 19:54:00,121.04
2009-12-18 09:16:00,428.44
2009-12-18 09:58:00,608.4000000000001
2009-12-18 10:09:00,6.75
2009-12-18 10:11:00,6.75
2009-12-18 10:24:00,347.94
2009-12-18 10:25:00,205.47
2009-12-18 10:43:00,458.2
2009-12-18 10:47:00,22.5
2009-12-18 10:50:00,896.8499999999999
2009-12-18 10:55:00,1.0
2009-12-18 10:57:00,8.4
2009-12-18 10:59:00,8370.08
2009-12-18 11:03:00,294.0
2009-12-18 11:10:00,567.0
2009-12-18 11:18:00,622.48
2009-12-18 11:32:00,366.58
2009-12-18 11:34:00,64.17
2009-12-18 11:39:00,290.65
2009-12-18 11:59:00,486.0
2009-12-18 12:03:00,376.0
2009-12-18 12:04:00,70.80000000000001
2009-12-18 12:06:00,668.65
2009-12-18 12:19:00,102.75
2009-12-18 12:21:00,348.25
2009-12-18 12:23:00,1010.55
2009-12-18 12:27:00,1843.3499999999997
2009-12-18 12:33:00,1636.43
2009-12-18 12:43:00,143.70000000000002
2009-12-18 12:44:00,75.0
2009-12-18 12:59:00,310.01
2009-12-18 13:03:00,187.55
2009-12-18 13:35:00,757.45
2009-12-18 13:39:00,285.3
2009-12-18 13:46:00,312.84
2009-12-18 13:47:00,1.95
2009-12-18 13:48:00,779.04
2009-12-18 14:22:00,844.95
2009-12-18 14:23:00,843.44
2009-12-18 14:28:00,307.91
2009-12-18 14:31:00,498.50000000000006
2009-12-18 14:54:00,495.65000000000003
2009-12-18 15:02:00,211.36
2009-12-18 15:03:00,340.5
2009-12-18 15:06:00,316.54
2009-12-18 15:08:00,272.0
2009-12-18 15:28:00,86.46000000000001
2009-12-18 15:29:00,101.03999999999999
2009-12-18 15:35:00,1045.41
2009-12-18 15:46:00,314.44
2009-12-18 15:57:00,312.6
2009-12-18 16:04:00,410.42
2009-12-18 16:06:00,207.71
2009-12-18 16:13:00,376.85
2009-12-18 16:36:00,107.3
2009-12-18 16:56:00,3.9
2009-12-18 16:57:00,646.3000000000001
2009-12-18 17:24:00,372.76
2009-12-18 17:30:00,485.40000000000003
2009-12-20 10:08:00,330.05
2009-12-20 10:13:00,313.83000000000004
2009-12-20 10:41:00,310.72
2009-12-20 10:43:00,158.60000000000002
2009-12-20 11:12:00,153.2
2009-12-20 11:17:00,353.25
2009-12-20 11:25:00,185.58
2009-12-20 11:36:00,511.14
2009-12-20 11:50:00,243.0
2009-12-20 12:04:00,250.34
2009-12-20 12:06:00,378.37
2009-12-20 12:10:00,264.64
2009-12-20 12:21:00,997.25
2009-12-20 12:28:00,229.37
2009-12-20 12:29:00,113.45
2009-12-20 12:32:00,464.56
2009-12-20 12:35:00,316.83
2009-12-20 12:47:00,602.4000000000001
2009-12-20 13:01:00,223.59
2009-12-20 13:09:00,554.0
2009-12-20 13:14:00,577.65
2009-12-20 13:17:00,412.62
2009-12-20 13:28:00,111.68
2009-12-20 13:30:00,330.6
2009-12-20 13:37:00,199.13
2009-12-20 13:47:00,259.15
2009-12-20 14:34:00,913.1500000000001
2009-12-20 14:40:00,192.09
2009-12-20 14:45:00,46.8
2009-12-20 14:59:00,379.72
2009-12-20 15:00:00,3.37
2009-12-20 15:38:00,975.06
2009-12-21 09:00:00,321.88000000000005
2009-12-21 09:45:00,367.8
2009-12-21 10:10:00,200.0
2009-12-21 10:22:00,633.22
2009-12-21 11:08:00,664.42
2009-12-21 11:13:00,107.1
2009-12-21 11:14:00,7.95
2009-12-21 11:31:00,607.0
2009-12-21 11:38:00,456.0
2009-12-21 11:51:00,122.25
2009-12-21 11:52:00,270.0
2009-12-21 11:53:00,266.7
2009-12-21 12:02:00,318.66
2009-12-21 12:17:00,368.6
2009-12-21 12:18:00,74.1
2009-12-21 12:20:00,209.4
2009-12-21 12:38:00,305.95
2009-12-21 13:04:00,7112.68
2009-12-21 13:18:00,138.75
2009-12-21 13:29:00,308.34000000000003
2009-12-21 14:33:00,154.65
2009-12-21 14:52:00,867.91
2009-12-21 15:06:00,433.99
2009-12-21 15:20:00,487.3
2009-12-21 15:22:00,178.5
2009-12-21 15:36:00,50.25
2009-12-21 15:54:00,29.79
2009-12-21 16:24:00,119.35000000000001
2009-12-21 16:32:00,303.85
2009-12-21 16:34:00,63.25
2009-12-22 09:21:00,196.75
2009-12-22 09:35:00,398.70000000000005
2009-12-22 09:49:00,24.450000000000003
2009-12-22 09:50:00,313.6
2009-12-22 11:32:00,581.45
2009-12-22 11:41:00,212.21
2009-12-22 12:01:00,3284.88
2009-12-22 12:03:00,568.51
2009-12-22 12:05:00,192.42000000000002
2009-12-22 12:38:00,20.410000000000004
2009-12-22 12:42:00,67.49
2009-12-22 13:22:00,66.01
2009-12-22 14:15:00,1072.44
2009-12-22 14:19:00,2872.04
2009-12-22 15:05:00,136.3
2009-12-22 15:24:00,128.85
2009-12-22 15:37:00,179.46
2009-12-22 15:39:00,21.51
2009-12-22 15:40:00,12.72
2009-12-22 15:42:00,21.4
2009-12-22 16:17:00,324.99
2009-12-23 07:57:00,701.1999999999999
2009-12-23 09:20:00,799.9200000000001
2009-12-23 10:17:00,113.12
2009-12-23 10:54:00,352.05
2009-12-23 11:21:00,636.95
2009-12-23 12:07:00,148.2
2009-12-23 12:18:00,1.95
2009-12-23 13:00:00,2565.83
2009-12-23 13:41:00,2583.23
2009-12-23 14:19:00,66.9
2009-12-23 14:35:00,879.72
2009-12-23 16:04:00,24.6
2009-12-23 16:58:00,612.0
2010-01-04 09:24:00,22.5
2010-01-04 09:53:00,22.5
2010-01-04 10:28:00,290.2
2010-01-04 10:43:00,264.38
2010-01-04 11:15:00,230.9
2010-01-04 12:30:00,481.38
2010-01-04 12:51:00,405.3
2010-01-04 12:54:00,1021.0200000000001
2010-01-04 12:57:00,795.95
2010-01-04 13:03:00,3000.2400000000002
2010-01-04 13:10:00,758.4000000000002
2010-01-04 13:12:00,360.0
2010-01-04 13:25:00,2021.72
2010-01-04 13:36:00,282.65
2010-01-04 13:39:00,567.5
2010-01-04 13:47:00,211.29
2010-01-04 14:00:00,189.68
2010-01-04 14:27:00,30.37
2010-01-04 14:29:00,415.84999999999997
2010-01-04 15:29:00,412.17
2010-01-04 15:33:00,660.0
2010-01-04 15:41:00,165.0
2010-01-04 16:11:00,118.75
2010-01-04 16:29:00,425.06
2010-01-04 17:03:00,130.33
2010-01-04 17:39:00,131.95
2010-01-05 08:59:00,316.70000000000005
2010-01-05 09:16:00,644.58
2010-01-05 09:29:00,279.11
2010-01-05 10:07:00,135.25
2010-01-05 10:18:00,364.03999999999996
2010-01-05 10:19:00,531.72
2010-01-05 10:46:00,302.2
2010-01-05 11:16:00,311.42
2010-01-05 11:29:00,42.0
2010-01-05 11:31:00,510.0
2010-01-05 11:34:00,309.46
2010-01-05 12:06:00,585.85
2010-01-05 12:13:00,974.39
2010-01-05 12:20:00,614.05
2010-01-05 12:25:00,757.1
2010-01-05 12:26:00,464.37
2010-01-05 12:43:00,906.23
2010-01-05 13:23:00,386.93
2010-01-05 13:32:00,2054.79
2010-01-05 13:43:00,256.7
2010-01-05 13:45:00,255.05
2010-01-05 13:58:00,706.55
2010-01-05 14:07:00,1600.0
2010-01-05 14:08:00,1560.0
2010-01-05 14:12:00,337.55
2010-01-05 14:32:00,793.25
2010-01-05 15:21:00,588.31
2010-01-05 15:29:00,980.63
2010-01-05 15:55:00,442.44
2010-01-05 16:04:00,118.10000000000001
2010-01-05 16:38:00,167.27
2010-01-05 16:50:00,463.46
2010-01-05 17:19:00,291.69
2010-01-06 09:45:00,421.16
2010-01-06 10:17:00,627.91
2010-01-06 10:20:00,551.45
2010-01-06 10:53:00,151.1
2010-01-06 10:58:00,1640.58
2010-01-06 12:00:00,586.1600000000001
2010-01-06 12:16:00,689.82
2010-01-06 12:35:00,57.6
2010-01-06 13:08:00,635.85
2010-01-06 13:56:00,745.38
2010-01-06 14:20:00,30.45
2010-01-06 14:54:00,2179.08
2010-01-06 15:37:00,414.72
2010-01-07 09:34:00,1390.52
2010-01-07 10:56:00,750.0
2010-01-07 10:57:00,318.0
2010-01-07 11:03:00,2593.2
2010-01-07 11:09:00,1377.88
2010-01-07 11:12:00,2427.6
2010-01-07 11:16:00,854.72
2010-01-07 11:21:00,9.9
2010-01-07 11:22:00,935.55
2010-01-07 11:23:00,332.58
2010-01-07 11:31:00,26.05
2010-01-07 11:47:00,93.05
2010-01-07 11:52:00,3677.9
2010-01-07 11:53:00,392.95000000000005
2010-01-07 11:59:00,202.73000000000002
2010-01-07 12:10:00,108.37
2010-01-07 12:19:00,212.0
2010-01-07 12:22:00,323.4
2010-01-07 12:32:00,360.76
2010-01-07 12:34:00,44051.6
2010-01-07 12:37:00,256.95
2010-01-07 12:57:00,165.60000000000002
2010-01-07 13:07:00,200.09
2010-01-07 13:16:00,49.2
2010-01-07 13:17:00,324.24
2010-01-07 13:19:00,316.2
2010-01-07 13:32:00,334.35
2010-01-07 13:56:00,614.5
2010-01-07 14:04:00,699.83
2010-01-07 14:33:00,217.2
2010-01-07 14:37:00,140.22000000000003
2010-01-07 15:03:00,284.52
2010-01-07 15:15:00,518.14
2010-01-07 15:26:00,158.0
2010-01-07 16:19:00,452.6
2010-01-07 16:46:00,2130.3
2010-01-07 16:57:00,1210.95
2010-01-07 17:11:00,439.28000000000003
2010-01-07 18:33:00,314.46
2010-01-07 18:34:00,589.07
2010-01-07 18:35:00,302.9
2010-01-07 18:36:00,237.45000000000002
2010-01-07 18:38:00,205.75
2010-01-07 19:34:00,2388.82
2010-01-08 09:08:00,508.72
2010-01-08 09:23:00,563.98
2010-01-08 09:38:00,357.0
2010-01-08 10:02:00,680.22
2010-01-08 10:06:00,3528.0
2010-01-08 10:08:00,396.0
2010-01-08 10:09:00,6624.0
2010-01-08 10:30:00,500.89
2010-01-08 10:34:00,760.02
2010-01-08 10:39:00,780.52
2010-01-08 10:43:00,404.55
2010-01-08 10:44:00,780.52
2010-01-08 11:13:00,194.1
2010-01-08 11:16:00,702.5500000000001
2010-01-08 11:25:00,408.29999999999995
2010-01-08 11:28:00,228.67
2010-01-08 11:50:00,358.68
2010-01-08 11:55:00,281.25
2010-01-08 11:58:00,141.60000000000002
2010-01-08 12:05:00,382.32
2010-01-08 12:08:00,200.45000000000002
2010-01-08 12:16:00,363.74
2010-01-08 12:22:00,261.99
2010-01-08 12:38:00,1104.25
2010-01-08 12:51:00,174.1
2010-01-08 13:19:00,740.63
2010-01-08 13:21:00,114.60000000000001
2010-01-08 13:52:00,212.4
2010-01-08 14:04:00,328.62
2010-01-08 14:10:00,258.39
2010-01-08 14:12:00,1190.46
2010-01-08 14:16:00,101.85000000000001
2010-01-08 14:18:00,304.76
2010-01-08 14:46:00,177.35000000000002
2010-01-08 15:01:00,483.57
2010-01-08 15:16:00,354.69
2010-01-08 15:19:00,670.25
2010-01-08 15:24:00,465.8
2010-01-08 16:29:00,1970.19
2010-01-08 16:34:00,236.8
2010-01-08 16:42:00,691.04
2010-01-08 17:09:00,1007.7800000000001
2010-01-08 17:13:00,297.1
2010-01-10 10:26:00,152.05
2010-01-10 10:37:00,327.59999999999997
2010-01-10 11:08:00,91.28
2010-01-10 11:12:00,241.54
2010-01-10 11:27:00,760.24
2010-01-10 11:40:00,497.2
2010-01-10 11:47:00,275.95
2010-01-10 11:55:00,1269.03
2010-01-10 11:58:00,147.6
2010-01-10 11:59:00,601.8000000000001
2010-01-10 12:06:00,3654.38
2010-01-10 12:13:00,715.66
2010-01-10 12:25:00,308.55
2010-01-10 12:37:00,716.4300000000001
2010-01-10 12:40:00,300.6
2010-01-10 12:43:00,1307.45
2010-01-10 12:44:00,238.8
2010-01-10 12:47:00,635.88
2010-01-10 13:41:00,5520.0
2010-01-10 13:50:00,2699.44
2010-01-10 13:51:00,438.8
2010-01-10 13:56:00,305.8
2010-01-10 14:17:00,443.48
2010-01-10 14:21:00,552.79
2010-01-10 14:26:00,290.12
2010-01-10 15:24:00,194.25
2010-01-10 15:25:00,338.71
2010-01-10 16:03:00,131.9
2010-01-11 08:49:00,326.54
2010-01-11 08:51:00,345.18
2010-01-11 08:53:00,126.15
2010-01-11 09:38:00,249.6
2010-01-11 09:53:00,357.17
2010-01-11 09:55:00,1980.0
2010-01-11 10:08:00,488.68
2010-01-11 10:11:00,365.04
2010-01-11 10:14:00,209.0
2010-01-11 10:15:00,306.62
2010-01-11 10:24:00,478.77000000000004
2010-01-11 10:40:00,306.74
2010-01-11 11:30:00,521.0500000000001
2010-01-11 11:31:00,595.0
2010-01-11 11:43:00,565.0
2010-01-11 11:57:00,984.81
2010-01-11 12:01:00,483.28
2010-01-11 12:05:00,473.56
2010-01-11 12:07:00,499.36
2010-01-11 12:19:00,150.31
2010-01-11 12:29:00,1266.69
2010-01-11 12:30:00,150.0
2010-01-11 12:37:00,305.28000000000003
2010-01-11 12:46:00,559.96
2010-01-11 12:48:00,1642.5
2010-01-11 13:11:00,60.300000000000004
2010-01-11 13:16:00,271.2
2010-01-11 13:22:00,117.0
2010-01-11 13:24:00,256.79999999999995
2010-01-11 13:51:00,164.95
2010-01-11 14:04:00,881.2
2010-01-11 14:37:00,152.88
2010-01-11 14:45:00,803.76
2010-01-11 14:52:00,321.52000000000004
2010-01-11 14:56:00,726.6
2010-01-11 15:09:00,142.35
2010-01-11 15:33:00,384.49
2010-01-11 16:00:00,463.11
2010-01-11 16:42:00,368.1
2010-01-11 17:13:00,833.94
2010-01-12 08:59:00,95.2
2010-01-12 09:24:00,24.45
2010-01-12 09:25:00,235.8
2010-01-12 09:48:00,133.51999999999998
2010-01-12 10:14:00,163.4
2010-01-12 10:36:00,484.53999999999996
2010-01-12 11:27:00,495.0
2010-01-12 11:32:00,293.35
2010-01-12 11:33:00,397.84999999999997
2010-01-12 11:34:00,731.52
2010-01-12 11:36:00,120.7
2010-01-12 11:40:00,779.72
2010-01-12 11:45:00,1579.72
2010-01-12 11:57:00,446.1
2010-01-12 12:12:00,308.24
2010-01-12 12:29:00,204.28
2010-01-12 13:22:00,658.95
2010-01-12 13:39:00,285.83
2010-01-12 13:54:00,1218.8
2010-01-12 14:08:00,32.5
2010-01-12 14:33:00,1254.56
2010-01-12 15:01:00,5.0
2010-01-12 15:02:00,643.5
2010-01-12 15:11:00,120.0
2010-01-12 15:27:00,219.89000000000001
2010-01-12 15:48:00,567.04
2010-01-12 15:50:00,992.08
2010-01-12 15:57:00,18532.3
2010-01-12 16:02:00,6711.0
2010-01-12 16:13:00,36.25
2010-01-12 16:55:00,393.07
2010-01-12 17:15:00,363.12
2010-01-12 17:24:00,306.3
2010-01-13 08:58:00,334.99
2010-01-13 09:53:00,321.44
2010-01-13 10:21:00,534.6
2010-01-13 10:29:00,305.1
2010-01-13 10:32:00,1335.92
2010-01-13 10:40:00,708.2
2010-01-13 10:43:00,854.35
2010-01-13 10:52:00,317.64
2010-01-13 11:57:00,430.83
2010-01-13 12:21:00,288.85
2010-01-13 12:30:00,332.7
2010-01-13 12:40:00,403.06
2010-01-13 12:47:00,530.34
2010-01-13 13:08:00,177.9
2010-01-13 13:22:00,143.22
2010-01-13 13:31:00,89.32
2010-01-13 13:55:00,374.11
2010-01-13 14:25:00,546.95
2010-01-13 14:32:00,117.80000000000001
2010-01-13 14:48:00,354.45
2010-01-13 14:59:00,1273.5
2010-01-13 15:06:00,1383.41
2010-01-13 15:24:00,366.23
2010-01-13 15:56:00,117.28
2010-01-13 16:04:00,748.91
2010-01-14 07:25:00,179.7
2010-01-14 08:30:00,381.66
2010-01-14 09:33:00,486.64
2010-01-14 10:01:00,480.47
2010-01-14 10:04:00,520.24
2010-01-14 10:13:00,164.34
2010-01-14 10:21:00,129.09
2010-01-14 10:25:00,274.2
2010-01-14 10:35:00,940.3000000000001
2010-01-14 10:56:00,371.47
2010-01-14 10:57:00,39.8
2010-01-14 11:09:00,141.6
2010-01-14 11:43:00,1240.0
2010-01-14 11:49:00,244.8
2010-01-14 11:59:00,302.15000000000003
2010-01-14 12:00:00,201.05
2010-01-14 12:09:00,419.65
2010-01-14 12:11:00,222.85
2010-01-14 12:30:00,328.5
2010-01-14 12:46:00,290.72
2010-01-14 13:00:00,182.46
2010-01-14 13:02:00,671.93
2010-01-14 13:03:00,269.53
2010-01-14 13:14:00,280.82
2010-01-14 13:36:00,354.66
2010-01-14 13:50:00,373.92
2010-01-14 14:03:00,127.7
2010-01-14 14:06:00,532.1
2010-01-14 14:10:00,290.63
2010-01-14 14:15:00,15.0
2010-01-14 14:18:00,910.85
2010-01-14 14:29:00,442.93
2010-01-14 14:32:00,343.2
2010-01-14 14:41:00,560.44
2010-01-14 14:48:00,1636.17
2010-01-14 14:53:00,859.27
2010-01-14 15:10:00,125.97
2010-01-14 15:24:00,367.68
2010-01-14 15:41:00,975.76
2010-01-14 15:47:00,848.17
2010-01-14 16:16:00,844.6
2010-01-14 16:24:00,1638.52
2010-01-14 16:33:00,939.4
2010-01-14 16:45:00,327.19
2010-01-14 17:20:00,498.12
2010-01-14 17:59:00,12.6
2010-01-14 18:03:00,470.22
2010-01-14 18:56:00,485.52000000000004
2010-01-14 19:10:00,93.47
2010-01-14 19:20:00,169.33
2010-01-14 19:36:00,439.62
2010-01-14 19:50:00,274.63
2010-01-15 08:13:00,113.80000000000001
2010-01-15 08:14:00,45.6
2010-01-15 08:59:00,439.62
2010-01-15 09:04:00,1075.27
2010-01-15 09:10:00,301.6
2010-01-15 09:37:00,45.0
2010-01-15 10:14:00,694.2
2010-01-15 10:24:00,2370.78
2010-01-15 10:29:00,306.40000000000003
2010-01-15 10:37:00,330.0
2010-01-15 10:45:00,280.05
2010-01-15 10:47:00,137.1
2010-01-15 11:30:00,7.1
2010-01-15 11:36:00,244.19
2010-01-15 11:40:00,60.120000000000005
2010-01-15 11:53:00,347.0
2010-01-15 11:56:00,482.8
2010-01-15 11:57:00,2.95
2010-01-15 12:06:00,89.25
2010-01-15 12:14:00,316.25
2010-01-15 12:22:00,193.68
2010-01-15 12:28:00,120.95
2010-01-15 12:38:00,347.34000000000003
2010-01-15 12:43:00,91.5
2010-01-15 12:51:00,521.9
2010-01-15 13:14:00,79.19999999999999
2010-01-15 13:15:00,148.15
2010-01-15 13:31:00,361.81
2010-01-15 13:32:00,506.6
2010-01-15 14:27:00,110.72
2010-01-15 14:40:00,290.0
2010-01-15 14:48:00,230.48000000000002
2010-01-15 14:50:00,738.1800000000001
2010-01-15 15:05:00,208.1
2010-01-15 15:13:00,195.2
2010-01-15 15:22:00,54.22
2010-01-15 15:27:00,175.37
2010-01-15 15:40:00,158.9
2010-01-15 15:47:00,203.78
2010-01-15 16:14:00,83.4
2010-01-15 16:52:00,244.2
2010-01-15 16:53:00,306.3
2010-01-15 16:58:00,214.0
2010-01-15 17:36:00,226.49
2010-01-17 10:27:00,224.09
2010-01-17 10:35:00,110.43
2010-01-17 11:03:00,245.82
2010-01-17 11:30:00,975.0
2010-01-17 11:31:00,382.44
2010-01-17 11:33:00,1568.87
2010-01-17 11:35:00,521.9
2010-01-17 11:55:00,1936.74
2010-01-17 12:12:00,502.59
2010-01-17 12:17:00,242.5
2010-01-17 12:22:00,136.8
2010-01-17 12:25:00,1185.81
2010-01-17 12:26:00,454.90000000000003
2010-01-17 12:28:00,156.32999999999998
2010-01-17 12:30:00,635.6
2010-01-17 12:40:00,560.23
2010-01-17 12:41:00,400.8
2010-01-17 12:42:00,587.52
2010-01-17 12:55:00,240.0
2010-01-17 13:14:00,294.4
2010-01-17 13:16:00,101.3
2010-01-17 13:29:00,134.73
2010-01-17 13:41:00,383.5
2010-01-17 13:55:00,185.8
2010-01-17 14:07:00,150.18
2010-01-17 14:10:00,377.32
2010-01-17 14:16:00,239.84
2010-01-17 14:50:00,443.83000000000004
2010-01-17 14:51:00,474.48
2010-01-17 14:53:00,1232.88
2010-01-17 14:54:00,206.4
2010-01-17 14:56:00,178.0
2010-01-17 15:02:00,146.81
2010-01-17 15:22:00,608.75
2010-01-17 15:46:00,337.19
2010-01-17 15:52:00,514.81
2010-01-17 16:01:00,149.01
2010-01-17 16:09:00,135.65
2010-01-18 08:58:00,202.35000000000002
2010-01-18 09:12:00,3151.0
2010-01-18 10:23:00,299.49
2010-01-18 10:29:00,263.83000000000004
2010-01-18 10:40:00,369.44
2010-01-18 11:04:00,356.61
2010-01-18 11:21:00,226.08
2010-01-18 11:31:00,112.95
2010-01-18 11:49:00,206.44
2010-01-18 11:56:00,83.4
2010-01-18 12:27:00,658.73
2010-01-18 12:36:00,181.44
2010-01-18 12:42:00,297.32
2010-01-18 12:48:00,305.44
2010-01-18 12:55:00,205.92000000000002
2010-01-18 12:59:00,838.75
2010-01-18 13:16:00,482.40000000000003
2010-01-18 13:24:00,370.02
2010-01-18 13:34:00,203.48
2010-01-18 13:36:00,11.9
2010-01-18 13:47:00,125.63000000000001
2010-01-18 13:55:00,213.53
2010-01-18 14:04:00,235.89000000000001
2010-01-18 14:11:00,291.5
2010-01-18 14:14:00,189.3
2010-01-18 14:23:00,176.35
2010-01-18 14:32:00,366.35
2010-01-18 14:49:00,443.13
2010-01-18 15:03:00,196.52
2010-01-18 15:10:00,463.0
2010-01-18 15:14:00,7.5
2010-01-18 15:38:00,60.959999999999994
2010-01-18 16:09:00,223.54
2010-01-18 16:15:00,8.5
2010-01-18 16:47:00,250.15
2010-01-19 09:10:00,246.75
2010-01-19 09:11:00,76.74000000000001
2010-01-19 09:46:00,226.62
2010-01-19 10:01:00,80.8
2010-01-19 10:07:00,320.7
2010-01-19 10:35:00,100.8
2010-01-19 10:41:00,332.5
2010-01-19 10:45:00,205.70000000000002
2010-01-19 10:53:00,154.82999999999998
2010-01-19 11:01:00,211.95
2010-01-19 11:20:00,646.25
2010-01-19 11:33:00,270.8
2010-01-19 12:13:00,1537.31
2010-01-19 12:15:00,663.85
2010-01-19 12:17:00,740.76
2010-01-19 12:18:00,286.43
2010-01-19 12:26:00,715.5
2010-01-19 12:30:00,346.36
2010-01-19 12:31:00,4448.09
2010-01-19 12:34:00,155.55
2010-01-19 12:39:00,113.28
2010-01-19 12:50:00,196.64999999999998
2010-01-19 12:53:00,45.0
2010-01-19 13:09:00,266.05
2010-01-19 13:20:00,91.15
2010-01-19 13:23:00,1130.22
2010-01-19 13:27:00,8.7
2010-01-19 13:31:00,940.74
2010-01-19 13:33:00,1003.13
2010-01-19 14:02:00,360.87
2010-01-19 14:16:00,537.78
2010-01-19 14:27:00,122.7
2010-01-19 14:37:00,72.0
2010-01-19 14:41:00,684.48
2010-01-19 15:34:00,310.26000000000005
2010-01-19 15:39:00,200.18
2010-01-19 15:45:00,267.61
2010-01-19 16:38:00,152.64
2010-01-19 17:03:00,1546.6100000000001
2010-01-19 17:04:00,771.6410000000001
2010-01-19 17:12:00,948.44
2010-01-19 17:25:00,171.17
2010-01-19 17:32:00,183.20000000000002
2010-01-20 08:27:00,1352.4
2010-01-20 08:48:00,35.72
2010-01-20 09:50:00,323.0
2010-01-20 09:57:00,282.33
2010-01-20 10:41:00,480.0
2010-01-20 10:42:00,1135.01
2010-01-20 10:48:00,524.9399999999999
2010-01-20 11:01:00,278.16999999999996
2010-01-20 11:05:00,221.32
2010-01-20 11:31:00,777.53
2010-01-20 11:49:00,331.41
2010-01-20 11:54:00,322.29
2010-01-20 11:57:00,211.85
2010-01-20 12:05:00,133.25
2010-01-20 12:06:00,216.0
2010-01-20 12:14:00,301.58
2010-01-20 12:17:00,362.76
2010-01-20 12:33:00,171.45999999999998
2010-01-20 12:35:00,342.75
2010-01-20 13:10:00,516.89
2010-01-20 13:24:00,846.46
2010-01-20 13:26:00,9.7
2010-01-20 13:59:00,202.35
2010-01-20 14:03:00,255.64000000000001
2010-01-20 14:04:00,772.75
2010-01-20 14:05:00,463.15999999999997
2010-01-20 14:09:00,81.75
2010-01-20 14:36:00,101.43
2010-01-20 14:46:00,756.85
2010-01-20 14:50:00,756.85
2010-01-20 14:52:00,282.75
2010-01-20 15:30:00,167.1
2010-01-20 16:00:00,226.89
2010-01-21 08:03:00,455.0
2010-01-21 08:22:00,833.52
2010-01-21 08:47:00,3590.07
2010-01-21 08:52:00,108.72
2010-01-21 08:53:00,411.92
2010-01-21 09:30:00,303.8
2010-01-21 09:33:00,157.8
2010-01-21 09:37:00,274.89
2010-01-21 09:40:00,54.95
2010-01-21 10:45:00,303.87
2010-01-21 10:49:00,537.25
2010-01-21 11:11:00,681.59
2010-01-21 11:25:00,192.13
2010-01-21 11:41:00,523.48
2010-01-21 11:44:00,216.22
2010-01-21 11:51:00,250.43
2010-01-21 12:01:00,393.88
2010-01-21 12:10:00,438.05
2010-01-21 12:27:00,130.8
2010-01-21 12:37:00,218.8
2010-01-21 12:47:00,133.15
2010-01-21 13:21:00,413.0
2010-01-21 13:22:00,412.15000000000003
2010-01-21 13:33:00,534.7
2010-01-21 13:34:00,260.0
2010-01-21 13:46:00,269.90999999999997
2010-01-21 13:48:00,1210.43
2010-01-21 13:58:00,345.29
2010-01-21 14:01:00,2507.06
2010-01-21 14:30:00,1100.95
2010-01-21 14:37:00,127.47999999999999
2010-01-21 15:02:00,552.0
2010-01-21 15:11:00,6989.4
2010-01-21 15:18:00,368.8
2010-01-21 15:30:00,25.3
2010-01-21 15:44:00,284.2
2010-01-21 15:46:00,373.8
2010-01-21 16:29:00,323.66
2010-01-21 16:44:00,258.09
2010-01-21 16:53:00,11.25
2010-01-21 17:09:00,192.45
2010-01-21 17:43:00,188.2
2010-01-21 18:05:00,212.25
2010-01-21 19:11:00,188.54
2010-01-22 08:28:00,8951.24
2010-01-22 08:30:00,1222.32
2010-01-22 08:37:00,724.92
2010-01-22 09:19:00,1193.89
2010-01-22 09:20:00,96.0
2010-01-22 09:40:00,1193.89
2010-01-22 09:43:00,812.44
2010-01-22 09:44:00,526.96
2010-01-22 09:48:00,302.06
2010-01-22 10:09:00,555.0
2010-01-22 10:11:00,436.3
2010-01-22 10:18:00,13.5
2010-01-22 10:28:00,256.95
2010-01-22 10:51:00,920.95
2010-01-22 11:28:00,1075.3
2010-01-22 11:41:00,210.05
2010-01-22 11:43:00,597.44
2010-01-22 12:24:00,323.65
2010-01-22 12:37:00,302.40000000000003
2010-01-22 12:46:00,299.89
2010-01-22 12:51:00,256.6
2010-01-22 12:55:00,231.54999999999998
2010-01-22 13:09:00,192.51
2010-01-22 13:25:00,238.78
2010-01-22 13:30:00,22.5
2010-01-22 13:39:00,1120.46
2010-01-22 13:41:00,189.0
2010-01-22 13:52:00,701.55
2010-01-22 14:13:00,908.14
2010-01-22 14:14:00,20.45
2010-01-22 14:17:00,1807.98
2010-01-22 14:19:00,212.75
2010-01-22 14:22:00,181.39
2010-01-22 14:32:00,319.38
2010-01-22 14:40:00,115.49
2010-01-22 14:55:00,48.2
2010-01-22 15:04:00,867.55
2010-01-22 15:44:00,286.18
2010-01-22 16:28:00,614.19
2010-01-22 16:46:00,16.95
2010-01-22 17:31:00,979.08
2010-01-24 10:20:00,277.68
2010-01-24 10:27:00,441.26
2010-01-24 10:33:00,137.12
2010-01-24 10:40:00,162.25
2010-01-24 10:50:00,554.44
2010-01-24 10:54:00,118.31
2010-01-24 11:03:00,436.35
2010-01-24 11:15:00,143.81
2010-01-24 11:21:00,152.75
2010-01-24 11:26:00,773.9300000000001
2010-01-24 11:35:00,492.15999999999997
2010-01-24 11:52:00,924.64
2010-01-24 11:58:00,1018.98
2010-01-24 12:05:00,557.53
2010-01-24 12:11:00,76.4
2010-01-24 12:12:00,932.82
2010-01-24 12:13:00,106.65
2010-01-24 12:15:00,472.18
2010-01-24 12:21:00,297.63
2010-01-24 12:27:00,321.6
2010-01-24 12:31:00,535.89
2010-01-24 12:41:00,16.439999999999998
2010-01-24 12:52:00,378.71000000000004
2010-01-24 12:58:00,258.89
2010-01-24 13:05:00,308.01000000000005
2010-01-24 13:14:00,409.93
2010-01-24 13:24:00,139.65
2010-01-24 13:36:00,475.0
2010-01-24 13:37:00,61.349999999999994
2010-01-24 13:46:00,427.14
2010-01-24 13:51:00,296.68
2010-01-24 13:54:00,397.05
2010-01-24 13:55:00,200.2
2010-01-24 14:19:00,275.25
2010-01-24 14:24:00,125.34
2010-01-24 14:30:00,257.3
2010-01-24 14:36:00,162.65
2010-01-24 14:57:00,357.88
2010-01-24 15:14:00,600.96
2010-01-24 15:23:00,225.5
2010-01-24 15:25:00,340.17
2010-01-24 15:35:00,285.35
2010-01-24 15:42:00,160.10999999999999
2010-01-24 15:53:00,135.0
2010-01-24 15:54:00,323.38
2010-01-25 08:17:00,462.05
2010-01-25 09:05:00,332.55
2010-01-25 09:08:00,518.35
2010-01-25 09:12:00,521.77
2010-01-25 09:29:00,262.95000000000005
2010-01-25 09:38:00,627.77
2010-01-25 09:42:00,302.2
2010-01-25 09:48:00,1432.02
2010-01-25 09:53:00,247.55
2010-01-25 10:13:00,350.73
2010-01-25 10:21:00,140.55
2010-01-25 10:26:00,309.02
2010-01-25 11:18:00,80.19
2010-01-25 11:32:00,344.75
2010-01-25 11:52:00,422.70000000000005
2010-01-25 12:02:00,312.1
2010-01-25 12:08:00,1051.92
2010-01-25 12:18:00,772.87
2010-01-25 12:19:00,627.4300000000001
2010-01-25 12:33:00,345.25
2010-01-25 12:50:00,342.42
2010-01-25 13:14:00,607.82
2010-01-25 13:19:00,215.7
2010-01-25 13:21:00,46.5
2010-01-25 13:22:00,536.85
2010-01-25 13:46:00,1025.46
2010-01-25 13:56:00,454.74
2010-01-25 14:01:00,183.93
2010-01-25 14:25:00,616.1800000000001
2010-01-25 14:26:00,144.65
2010-01-25 14:30:00,19.95
2010-01-25 14:40:00,379.13
2010-01-25 14:50:00,180.45
2010-01-25 15:07:00,445.34
2010-01-25 15:22:00,730.9399999999999
2010-01-25 15:23:00,163.86
2010-01-25 15:36:00,520.8
2010-01-25 15:37:00,204.6
2010-01-25 15:42:00,452.6
2010-01-25 15:54:00,818.01
2010-01-25 15:55:00,235.5
2010-01-25 16:01:00,13.2
2010-01-25 16:12:00,387.74
2010-01-25 16:17:00,155.45000000000002
2010-01-26 08:44:00,505.13
2010-01-26 09:41:00,302.55
2010-01-26 09:45:00,301.8
2010-01-26 09:51:00,267.22
2010-01-26 10:04:00,132.2
2010-01-26 10:09:00,441.23
2010-01-26 10:13:00,229.59
2010-01-26 10:25:00,18570.88
2010-01-26 10:32:00,455.02
2010-01-26 10:36:00,54.0
2010-01-26 10:48:00,133.01
2010-01-26 10:54:00,221.5
2010-01-26 11:24:00,388.24
2010-01-26 11:32:00,220.60000000000002
2010-01-26 11:33:00,374.35
2010-01-26 11:39:00,1052.38
2010-01-26 11:44:00,389.86
2010-01-26 11:45:00,140.95
2010-01-26 12:00:00,34.78
2010-01-26 12:10:00,621.35
2010-01-26 12:11:00,76.52000000000001
2010-01-26 12:22:00,352.29
2010-01-26 12:23:00,565.15
2010-01-26 12:38:00,1834.14
2010-01-26 12:44:00,20.4
2010-01-26 12:53:00,125.30000000000001
2010-01-26 12:55:00,261.88
2010-01-26 13:04:00,361.71
2010-01-26 13:06:00,296.4
2010-01-26 13:09:00,453.38
2010-01-26 13:35:00,630.79
2010-01-26 13:40:00,532.82
2010-01-26 13:41:00,781.52
2010-01-26 13:46:00,177.0
2010-01-26 14:05:00,114.28
2010-01-26 14:06:00,593.66
2010-01-26 14:25:00,227.82
2010-01-26 14:37:00,109.2
2010-01-26 14:43:00,430.3
2010-01-26 14:44:00,216.04
2010-01-26 14:54:00,301.54
2010-01-26 14:58:00,108.84
2010-01-26 15:03:00,533.44
2010-01-26 15:11:00,346.3
2010-01-26 15:55:00,201.60000000000002
2010-01-26 16:19:00,239.09
2010-01-26 16:21:00,68.34
2010-01-26 16:22:00,407.38
2010-01-26 16:23:00,21.0
2010-01-26 16:25:00,63.24
2010-01-26 16:26:00,577.53
2010-01-26 16:27:00,132.79
2010-01-26 16:29:00,576.36
2010-01-26 16:30:00,274.2
2010-01-26 16:31:00,64.13
2010-01-26 16:34:00,107.14
2010-01-26 16:38:00,114.53
2010-01-26 16:57:00,4.57
2010-01-26 17:03:00,49.35
2010-01-26 17:05:00,179.45
2010-01-26 17:08:00,16.33
2010-01-26 17:10:00,139.71
2010-01-26 17:11:00,60.27
2010-01-26 17:16:00,11.9
2010-01-26 17:19:00,243.63
2010-01-26 17:20:00,114.89
2010-01-26 17:22:00,41.09
2010-01-26 17:23:00,27.82
2010-01-26 17:26:00,81.61
2010-01-26 17:28:00,465.06
2010-01-27 08:48:00,478.9
2010-01-27 09:02:00,184.3
2010-01-27 09:38:00,188.44
2010-01-27 09:44:00,324.5
2010-01-27 09:50:00,492.4
2010-01-27 10:02:00,304.1
2010-01-27 10:18:00,345.71999999999997
2010-01-27 10:35:00,595.95
2010-01-27 10:39:00,148.63
2010-01-27 10:40:00,158.4
2010-01-27 10:56:00,348.61
2010-01-27 11:26:00,398.16
2010-01-27 11:40:00,1020.0
2010-01-27 11:53:00,332.03999999999996
2010-01-27 11:55:00,366.28
2010-01-27 12:06:00,148.85
2010-01-27 12:10:00,337.66999999999996
2010-01-27 12:11:00,103.45
2010-01-27 12:14:00,106.05000000000001
2010-01-27 12:19:00,157.08
2010-01-27 12:31:00,231.85
2010-01-27 12:39:00,4385.71
2010-01-27 12:40:00,602.3
2010-01-27 12:44:00,854.8
2010-01-27 12:45:00,104.95
2010-01-27 12:46:00,198.84
2010-01-27 12:50:00,548.34
2010-01-27 12:55:00,394.6
2010-01-27 13:12:00,300.68
2010-01-27 13:19:00,346.95
2010-01-27 13:20:00,533.72
2010-01-27 13:26:00,15.9
2010-01-27 13:29:00,823.15
2010-01-27 13:41:00,758.7
2010-01-27 14:03:00,357.59
2010-01-27 14:38:00,320.83
2010-01-27 14:51:00,1072.4
2010-01-27 15:17:00,321.08
2010-01-27 15:32:00,251.68
2010-01-27 15:39:00,1356.63
2010-01-27 15:41:00,363.1
2010-01-27 15:42:00,582.3
2010-01-27 15:49:00,168.55
2010-01-27 16:00:00,201.20000000000002
2010-01-27 16:07:00,151.95
2010-01-27 16:14:00,67.6
2010-01-27 16:23:00,1025.87
2010-01-27 16:34:00,110.5
2010-01-27 16:41:00,563.65
2010-01-27 16:54:00,151.87
2010-01-27 17:11:00,15.9
2010-01-28 09:00:00,911.44
2010-01-28 09:09:00,449.97
2010-01-28 09:20:00,654.0
2010-01-28 09:27:00,303.9
2010-01-28 09:38:00,138.18
2010-01-28 10:06:00,586.88
2010-01-28 10:08:00,305.7
2010-01-28 10:42:00,489.31
2010-01-28 11:33:00,155.86
2010-01-28 11:36:00,428.8
2010-01-28 11:40:00,37.05
2010-01-28 12:06:00,317.64
2010-01-28 12:20:00,113.19
2010-01-28 12:26:00,227.22
2010-01-28 12:32:00,490.39
2010-01-28 12:36:00,1034.67
2010-01-28 12:42:00,186.82
2010-01-28 12:54:00,46.08
2010-01-28 12:59:00,553.06
2010-01-28 13:00:00,665.24
2010-01-28 13:02:00,76.32000000000001
2010-01-28 13:23:00,258.82
2010-01-28 13:34:00,75.2
2010-01-28 13:44:00,37.2
2010-01-28 13:51:00,3.38
2010-01-28 13:53:00,131.9
2010-01-28 14:06:00,873.44
2010-01-28 14:19:00,240.33
2010-01-28 14:29:00,286.15000000000003
2010-01-28 14:31:00,842.82
2010-01-28 14:39:00,463.21999999999997
2010-01-28 14:59:00,81.6
2010-01-28 15:04:00,422.7
2010-01-28 15:17:00,846.8100000000001
2010-01-28 15:26:00,20.0
2010-01-28 15:30:00,630.32
2010-01-28 15:41:00,318.98
2010-01-28 15:43:00,808.15
2010-01-28 15:45:00,392.82
2010-01-28 15:51:00,110.88
2010-01-28 15:52:00,346.56
2010-01-28 15:54:00,76.32000000000001
2010-01-28 15:57:00,176.7
2010-01-28 16:07:00,517.16
2010-01-28 16:39:00,306.3
2010-01-28 17:09:00,571.8399999999999
2010-01-28 17:13:00,795.6800000000001
2010-01-28 17:14:00,272.45
2010-01-28 17:35:00,121.1
2010-01-28 17:54:00,171.33
2010-01-28 17:55:00,5.1
2010-01-28 19:28:00,124.1
2010-01-28 19:41:00,413.75
2010-01-29 09:13:00,301.40000000000003
2010-01-29 09:21:00,676.5
2010-01-29 10:06:00,430.2
2010-01-29 10:10:00,909.5
2010-01-29 10:13:00,311.24
2010-01-29 10:15:00,96.5
2010-01-29 10:25:00,777.9
2010-01-29 10:30:00,360.0
2010-01-29 10:48:00,529.0
2010-01-29 10:49:00,18.75
2010-01-29 10:50:00,10.6
2010-01-29 10:51:00,15.9
2010-01-29 10:52:00,18.75
2010-01-29 10:53:00,10.5
2010-01-29 11:04:00,8985.6
2010-01-29 11:12:00,421.45
2010-01-29 11:29:00,305.4
2010-01-29 11:42:00,490.20000000000005
2010-01-29 11:45:00,368.54999999999995
2010-01-29 11:49:00,214.2
2010-01-29 11:52:00,5.0
2010-01-29 11:54:00,199.29999999999998
2010-01-29 11:57:00,92.16
2010-01-29 11:59:00,208.57
2010-01-29 12:07:00,231.32
2010-01-29 12:32:00,497.93
2010-01-29 12:35:00,801.6
2010-01-29 12:39:00,2.5
2010-01-29 12:42:00,869.88
2010-01-29 12:52:00,416.5
2010-01-29 13:44:00,323.5
2010-01-29 13:46:00,345.44
2010-01-29 13:52:00,509.12
2010-01-29 13:53:00,940.071
2010-01-29 14:13:00,10.5
2010-01-29 14:21:00,327.95
2010-01-29 14:22:00,171.13
2010-01-29 14:37:00,3134.27
2010-01-29 14:41:00,72.6
2010-01-29 15:25:00,193.8
2010-01-29 17:25:00,777.1600000000001
2010-01-31 10:08:00,520.28
2010-01-31 10:10:00,487.77000000000004
2010-01-31 10:15:00,227.95000000000002
2010-01-31 10:26:00,129.75
2010-01-31 10:31:00,319.55
2010-01-31 10:39:00,694.5
2010-01-31 10:50:00,151.32
2010-01-31 11:01:00,696.4499999999999
2010-01-31 11:04:00,125.7
2010-01-31 11:14:00,528.98
2010-01-31 11:23:00,508.27
2010-01-31 11:25:00,304.47
2010-01-31 11:38:00,310.39
2010-01-31 11:43:00,95.9
2010-01-31 11:54:00,943.82
2010-01-31 12:03:00,732.2
2010-01-31 12:06:00,110.82
2010-01-31 12:12:00,214.95
2010-01-31 12:15:00,214.07
2010-01-31 12:18:00,127.06
2010-01-31 12:19:00,579.6
2010-01-31 12:27:00,315.67
2010-01-31 12:32:00,82.7
2010-01-31 12:35:00,128.0
2010-01-31 12:43:00,648.24
2010-01-31 12:49:00,115.20000000000002
2010-01-31 13:02:00,307.8
2010-01-31 13:05:00,320.26
2010-01-31 13:28:00,301.70000000000005
2010-01-31 13:30:00,229.76999999999998
2010-01-31 13:34:00,91.14
2010-01-31 13:42:00,302.08
2010-01-31 13:48:00,482.67
2010-01-31 14:25:00,277.93
2010-01-31 14:37:00,1026.3799999999999
2010-01-31 14:42:00,298.3
2010-01-31 15:26:00,161.39
2010-01-31 15:34:00,283.8
2010-01-31 15:40:00,309.09
2010-01-31 15:45:00,1755.74
2010-01-31 15:47:00,1610.19
2010-01-31 15:49:00,286.34
2010-01-31 15:51:00,386.19
2010-01-31 15:52:00,106.68
2010-01-31 15:55:00,129.75
2010-01-31 16:02:00,281.05
2010-02-01 08:13:00,435.32
2010-02-01 08:35:00,257.05
2010-02-01 09:52:00,159.66
2010-02-01 09:55:00,730.0799999999999
2010-02-01 10:05:00,528.24
2010-02-01 10:10:00,436.04
2010-02-01 10:13:00,56.0
2010-02-01 10:20:00,101.15
2010-02-01 11:02:00,347.33
2010-02-01 11:20:00,388.88
2010-02-01 11:30:00,549.3000000000001
2010-02-01 11:37:00,138.3
2010-02-01 11:44:00,274.9
2010-02-01 11:55:00,389.03
2010-02-01 11:56:00,452.90000000000003
2010-02-01 12:01:00,188.15
2010-02-01 12:03:00,325.44
2010-02-01 12:10:00,282.76
2010-02-01 12:13:00,324.89000000000004
2010-02-01 12:15:00,218.4
2010-02-01 12:18:00,246.75
2010-02-01 12:25:00,111.82000000000001
2010-02-01 12:30:00,179.2
2010-02-01 12:36:00,275.76
2010-02-01 12:40:00,205.3
2010-02-01 12:53:00,129.76
2010-02-01 13:16:00,56.0
2010-02-01 13:23:00,39.0
2010-02-01 13:25:00,241.1
2010-02-01 13:33:00,45.2
2010-02-01 13:45:00,793.92
2010-02-01 13:52:00,293.02
2010-02-01 13:59:00,759.1
2010-02-01 14:02:00,217.71
2010-02-01 14:30:00,355.44
2010-02-01 14:33:00,28.15
2010-02-01 14:37:00,312.16
2010-02-01 14:44:00,310.14
2010-02-01 14:52:00,818.19
2010-02-01 15:01:00,452.4
2010-02-01 15:10:00,708.7
2010-02-01 15:13:00,15.9
2010-02-01 15:17:00,818.19
2010-02-01 15:21:00,113.4
2010-02-01 15:23:00,294.62
2010-02-01 15:32:00,231.56
2010-02-01 15:38:00,342.25100000000003
2010-02-01 15:39:00,206.15
2010-02-01 15:40:00,300.4
2010-02-01 15:44:00,44.25
2010-02-01 15:58:00,35.04
2010-02-01 16:29:00,603.8
2010-02-01 17:05:00,166.31
2010-02-01 17:16:00,155.2
2010-02-01 17:21:00,117.22
2010-02-02 08:40:00,1.3
2010-02-02 08:44:00,1.3
2010-02-02 08:57:00,179.97
2010-02-02 09:39:00,1023.6
2010-02-02 09:59:00,288.95
2010-02-02 10:00:00,337.5
2010-02-02 10:06:00,364.5
2010-02-02 10:15:00,352.13
2010-02-02 10:25:00,176.10000000000002
2010-02-02 10:39:00,141.24
2010-02-02 10:47:00,740.43
2010-02-02 11:40:00,411.11
2010-02-02 11:54:00,737.22
2010-02-02 11:57:00,360.58
2010-02-02 11:58:00,594.75
2010-02-02 12:02:00,550.8
2010-02-02 12:03:00,574.41
2010-02-02 12:17:00,1444.42
2010-02-02 12:39:00,674.4
2010-02-02 12:45:00,208.0
2010-02-02 12:47:00,623.78
2010-02-02 13:00:00,777.4
2010-02-02 13:13:00,543.91
2010-02-02 13:33:00,608.5
2010-02-02 13:39:00,524.6
2010-02-02 13:42:00,365.15999999999997
2010-02-02 13:48:00,208.43
2010-02-02 13:49:00,63.15
2010-02-02 13:53:00,207.83
2010-02-02 13:56:00,50.94
2010-02-02 14:11:00,608.5
2010-02-02 14:22:00,94.67
2010-02-02 14:31:00,366.2
2010-02-02 14:34:00,583.08
2010-02-02 14:35:00,37.5
2010-02-02 14:51:00,849.86
2010-02-02 15:49:00,307.55
2010-02-02 16:16:00,1399.92
2010-02-02 16:42:00,287.26
2010-02-02 18:01:00,1861.0800000000002
2010-02-03 07:31:00,907.4
2010-02-03 08:14:00,664.8000000000001
2010-02-03 08:15:00,501.96000000000004
2010-02-03 09:03:00,714.21
2010-02-03 09:06:00,266.5
2010-02-03 09:15:00,17.0
2010-02-03 09:43:00,598.91
2010-02-03 09:47:00,411.66
2010-02-03 09:56:00,595.58
2010-02-03 10:03:00,1045.45
2010-02-03 10:11:00,87.0
2010-02-03 10:22:00,219.41000000000003
2010-02-03 10:34:00,20.4
2010-02-03 10:39:00,385.2
2010-02-03 11:46:00,328.0
2010-02-03 11:50:00,237.9
2010-02-03 11:58:00,1253.051
2010-02-03 12:21:00,499.6
2010-02-03 12:30:00,112.2
2010-02-03 12:37:00,195.55
2010-02-03 12:38:00,509.46
2010-02-03 12:42:00,107.75
2010-02-03 12:46:00,99.79
2010-02-03 13:09:00,453.45
2010-02-03 13:22:00,931.4300000000001
2010-02-03 13:24:00,652.65
2010-02-03 13:29:00,294.17
2010-02-03 13:34:00,710.65
2010-02-03 13:52:00,112.5
2010-02-03 14:16:00,100.24000000000001
2010-02-03 14:23:00,346.75
2010-02-03 14:24:00,485.5
2010-02-03 14:26:00,294.65000000000003
2010-02-03 14:36:00,306.1
2010-02-03 14:51:00,150.0
2010-02-03 15:07:00,307.74
2010-02-03 15:19:00,191.02
2010-02-03 15:23:00,349.25
2010-02-03 15:34:00,315.0
2010-02-03 15:45:00,684.58
2010-02-03 15:52:00,300.3
2010-02-03 15:53:00,360.3
2010-02-03 16:46:00,105.0
2010-02-04 08:56:00,704.55
2010-02-04 09:20:00,41.300000000000004
2010-02-04 09:59:00,221.69
2010-02-04 10:06:00,299.86
2010-02-04 10:10:00,231.4
2010-02-04 10:37:00,450.38
2010-02-04 10:50:00,606.3
2010-02-04 10:56:00,965.78
2010-02-04 11:39:00,286.42
2010-02-04 11:40:00,437.52
2010-02-04 12:07:00,125.65
2010-02-04 12:08:00,1022.9300000000001
2010-02-04 12:18:00,64.5
2010-02-04 12:22:00,233.45
2010-02-04 12:26:00,625.0
2010-02-04 12:27:00,127.15
2010-02-04 12:41:00,662.4
2010-02-04 13:00:00,112.5
2010-02-04 13:18:00,460.39
2010-02-04 13:34:00,251.74
2010-02-04 13:38:00,78.5
2010-02-04 13:46:00,68.25
2010-02-04 13:47:00,488.88
2010-02-04 13:53:00,164.83
2010-02-04 14:13:00,659.43
2010-02-04 14:19:00,1728.5800000000002
2010-02-04 14:46:00,389.25
2010-02-04 14:48:00,475.3
2010-02-04 15:05:00,311.43
2010-02-04 15:15:00,475.3
2010-02-04 15:19:00,399.75
2010-02-04 15:20:00,90.0
2010-02-04 15:21:00,701.51
2010-02-04 15:33:00,51.0
2010-02-04 15:35:00,327.4
2010-02-04 15:40:00,376.95
2010-02-04 15:41:00,475.3
2010-02-04 15:49:00,633.45
2010-02-04 16:12:00,47.65
2010-02-04 16:16:00,453.25
2010-02-04 16:18:00,164.95000000000002
2010-02-04 16:21:00,152.17
2010-02-04 16:40:00,399.72
2010-02-04 16:43:00,636.26
2010-02-04 16:48:00,365.45000000000005
2010-02-04 16:49:00,243.65000000000003
2010-02-04 17:05:00,105.53
2010-02-04 17:11:00,104.7
2010-02-04 17:29:00,129.88
2010-02-04 17:38:00,1042.88
2010-02-04 17:50:00,283.43
2010-02-04 18:16:00,829.13
2010-02-04 18:18:00,313.67
2010-02-04 18:39:00,150.35
2010-02-04 19:24:00,318.0
2010-02-04 19:34:00,228.1
2010-02-04 19:42:00,318.0
2010-02-04 19:44:00,60.48
2010-02-04 19:58:00,312.74
2010-02-05 08:43:00,269.37
2010-02-05 08:53:00,1138.8400000000001
2010-02-05 09:14:00,228.58
2010-02-05 09:28:00,124.45
2010-02-05 09:49:00,532.9300000000001
2010-02-05 09:53:00,372.15
2010-02-05 10:32:00,300.5
2010-02-05 10:35:00,247.2
2010-02-05 10:51:00,97.95
2010-02-05 11:21:00,497.16
2010-02-05 11:22:00,1328.77
2010-02-05 11:32:00,1653.76
2010-02-05 11:37:00,315.6
2010-02-05 11:41:00,118.10000000000001
2010-02-05 11:57:00,413.0
2010-02-05 12:04:00,376.0
2010-02-05 12:22:00,234.0
2010-02-05 12:26:00,674.64
2010-02-05 12:30:00,130.75
2010-02-05 13:14:00,119.37
2010-02-05 13:17:00,982.26
2010-02-05 13:35:00,354.87
2010-02-05 13:37:00,458.42
2010-02-05 13:38:00,113.38
2010-02-05 13:57:00,302.46000000000004
2010-02-05 14:14:00,542.31
2010-02-05 14:18:00,258.7
2010-02-05 14:34:00,102.84
2010-02-05 14:42:00,466.19
2010-02-05 14:47:00,387.02
2010-02-05 14:52:00,88.98
2010-02-05 14:57:00,171.62
2010-02-05 15:04:00,33.66
2010-02-05 15:16:00,37.07
2010-02-05 15:24:00,617.34
2010-02-05 16:01:00,109.0
2010-02-05 16:25:00,5206.5
2010-02-05 16:45:00,15.0
2010-02-07 10:53:00,54.3
2010-02-07 11:16:00,301.25
2010-02-07 11:17:00,368.27
2010-02-07 11:21:00,99.69
2010-02-07 11:29:00,110.27
2010-02-07 11:37:00,987.64
2010-02-07 11:38:00,212.78
2010-02-07 11:48:00,481.15999999999997
2010-02-07 11:52:00,298.99
2010-02-07 11:57:00,268.1
2010-02-07 12:15:00,197.96
2010-02-07 12:16:00,351.99
2010-02-07 12:40:00,412.36
2010-02-07 12:41:00,373.3
2010-02-07 13:30:00,309.7
2010-02-07 14:07:00,349.31
2010-02-07 14:10:00,123.10000000000001
2010-02-07 14:11:00,310.44
2010-02-07 14:27:00,8092.6
2010-02-07 14:39:00,388.79999999999995
2010-02-07 15:07:00,281.02
2010-02-07 15:16:00,106.75
2010-02-07 15:26:00,261.0
2010-02-07 15:49:00,304.32000000000005
2010-02-07 15:56:00,288.5
2010-02-07 15:57:00,1690.32
2010-02-08 09:06:00,341.78000000000003
2010-02-08 09:16:00,312.59
2010-02-08 09:22:00,328.75
2010-02-08 09:38:00,438.03
2010-02-08 10:09:00,344.18
2010-02-08 10:11:00,426.87
2010-02-08 10:17:00,147.0
2010-02-08 10:27:00,216.95000000000002
2010-02-08 10:34:00,748.98
2010-02-08 11:06:00,217.8
2010-02-08 11:33:00,163.8
2010-02-08 11:42:00,2.95
2010-02-08 11:54:00,113.0
2010-02-08 11:58:00,183.54999999999998
2010-02-08 12:03:00,129.96
2010-02-08 12:08:00,611.54
2010-02-08 12:18:00,404.91
2010-02-08 12:24:00,297.64
2010-02-08 12:32:00,166.9
2010-02-08 12:39:00,604.1
2010-02-08 12:42:00,307.85
2010-02-08 12:52:00,202.45
2010-02-08 12:56:00,120.6
2010-02-08 13:11:00,154.38
2010-02-08 13:19:00,85.68
2010-02-08 13:24:00,113.78
2010-02-08 13:28:00,458.18
2010-02-08 13:29:00,283.79
2010-02-08 13:38:00,135.4
2010-02-08 13:50:00,327.33
2010-02-08 13:56:00,311.75
2010-02-08 14:00:00,313.35
2010-02-08 14:21:00,399.59000000000003
2010-02-08 14:39:00,99.89999999999999
2010-02-08 14:40:00,98.7
2010-02-08 14:41:00,558.9
2010-02-08 14:53:00,365.1
2010-02-08 15:08:00,365.1
2010-02-08 15:11:00,168.8
2010-02-08 15:30:00,419.6
2010-02-08 15:36:00,142.9
2010-02-08 15:47:00,29.099999999999998
2010-02-08 15:48:00,259.15
2010-02-08 16:06:00,542.66
2010-02-08 16:11:00,197.70000000000002
2010-02-08 16:12:00,68.2
2010-02-08 16:23:00,128.2
2010-02-08 17:25:00,156.62
2010-02-09 08:38:00,134.9
2010-02-09 09:17:00,1885.61
2010-02-09 09:19:00,1701.66
2010-02-09 09:41:00,562.96
2010-02-09 09:47:00,651.41
2010-02-09 09:48:00,53.28
2010-02-09 09:53:00,157.20000000000002
2010-02-09 10:03:00,279.5
2010-02-09 10:10:00,112.4
2010-02-09 10:18:00,668.15
2010-02-09 10:23:00,93.35000000000001
2010-02-09 10:24:00,368.15
2010-02-09 10:47:00,64.14
2010-02-09 10:48:00,119.85
2010-02-09 10:49:00,373.65
2010-02-09 11:11:00,324.3
2010-02-09 11:37:00,534.26
2010-02-09 11:39:00,742.38
2010-02-09 11:40:00,124.78
2010-02-09 11:46:00,548.9
2010-02-09 11:50:00,632.02
2010-02-09 12:01:00,274.44
2010-02-09 12:03:00,892.72
2010-02-09 12:05:00,236.6
2010-02-09 12:09:00,125.06
2010-02-09 12:16:00,209.1
2010-02-09 12:23:00,93.47
2010-02-09 12:30:00,54.75
2010-02-09 12:37:00,373.1
2010-02-09 12:38:00,405.4
2010-02-09 12:52:00,213.05
2010-02-09 13:08:00,518.35
2010-02-09 13:10:00,179.68
2010-02-09 13:12:00,117.0
2010-02-09 13:18:00,154.91
2010-02-09 13:19:00,126.69
2010-02-09 13:20:00,250.95
2010-02-09 13:26:00,214.18
2010-02-09 13:56:00,224.35000000000002
2010-02-09 14:17:00,1460.7
2010-02-09 14:25:00,548.17
2010-02-09 14:28:00,341.7
2010-02-09 15:10:00,105.0
2010-02-09 15:27:00,445.68
2010-02-09 15:30:00,48.35
2010-02-09 15:45:00,66.06
2010-02-09 15:48:00,291.86
2010-02-09 16:01:00,27.25
2010-02-09 16:18:00,266.84000000000003
2010-02-10 08:44:00,448.05
2010-02-10 08:46:00,424.71999999999997
2010-02-10 09:07:00,87.4
2010-02-10 09:38:00,301.2
2010-02-10 09:41:00,332.4
2010-02-10 10:36:00,988.0400000000001
2010-02-10 10:39:00,192.42000000000002
2010-02-10 11:14:00,124.77
2010-02-10 11:21:00,215.14999999999998
2010-02-10 11:26:00,151.55
2010-02-10 11:46:00,85.5
2010-02-10 11:52:00,275.8
2010-02-10 12:11:00,55.5
2010-02-10 12:22:00,101.4
2010-02-10 12:26:00,439.77
2010-02-10 13:04:00,283.98
2010-02-10 13:18:00,199.04
2010-02-10 13:32:00,195.39999999999998
2010-02-10 13:39:00,143.01
2010-02-10 13:43:00,50.8
2010-02-10 13:48:00,171.7
2010-02-10 14:03:00,103.77
2010-02-10 14:28:00,89.32000000000001
2010-02-10 14:36:00,297.66
2010-02-10 14:51:00,190.1
2010-02-10 17:16:00,132.94
2010-02-10 17:19:00,0.95
2010-02-11 08:51:00,1402.43
2010-02-11 09:41:00,636.38
2010-02-11 09:45:00,380.0
2010-02-11 09:59:00,310.29
2010-02-11 10:01:00,183.69
2010-02-11 10:13:00,225.60000000000002
2010-02-11 10:25:00,370.63
2010-02-11 10:30:00,522.28
2010-02-11 10:49:00,213.4
2010-02-11 11:24:00,6.35
2010-02-11 11:28:00,351.99
2010-02-11 11:39:00,6.35
2010-02-11 11:42:00,236.61
2010-02-11 11:44:00,117.8
2010-02-11 11:45:00,6.35
2010-02-11 11:53:00,131.78
2010-02-11 11:59:00,286.55
2010-02-11 12:18:00,368.3
2010-02-11 12:22:00,276.15
2010-02-11 12:23:00,67.34
2010-02-11 12:24:00,534.96
2010-02-11 12:31:00,390.85
2010-02-11 12:36:00,114.88
2010-02-11 12:47:00,311.87
2010-02-11 13:03:00,230.62
2010-02-11 13:07:00,307.25
2010-02-11 13:10:00,268.14
2010-02-11 13:41:00,416.2
2010-02-11 13:44:00,636.9
2010-02-11 13:47:00,245.48999999999998
2010-02-11 13:51:00,41.300000000000004
2010-02-11 13:55:00,190.7
2010-02-11 14:04:00,15.0
2010-02-11 14:17:00,306.0
2010-02-11 14:27:00,79.9
2010-02-11 14:48:00,280.51
2010-02-11 14:59:00,365.76
2010-02-11 15:01:00,152.39999999999998
2010-02-11 15:02:00,518.53
2010-02-11 15:25:00,334.7
2010-02-11 15:29:00,578.45
2010-02-11 15:32:00,401.94
2010-02-11 16:16:00,220.99
2010-02-11 16:27:00,402.75
2010-02-11 16:33:00,21.8
2010-02-11 17:33:00,102.0
2010-02-11 17:34:00,660.0
2010-02-11 18:36:00,179.37
2010-02-11 18:43:00,63.5
2010-02-11 18:45:00,15.0
2010-02-11 18:46:00,471.84000000000003
2010-02-11 18:48:00,102.0
2010-02-12 10:14:00,175.95999999999998
2010-02-12 10:21:00,204.49
2010-02-12 10:26:00,738.86
2010-02-12 10:29:00,304.3
2010-02-12 10:45:00,484.44
2010-02-12 11:07:00,150.39000000000001
2010-02-12 11:50:00,310.7
2010-02-12 11:54:00,247.5
2010-02-12 12:04:00,329.23
2010-02-12 12:21:00,393.74
2010-02-12 12:34:00,147.71
2010-02-12 12:51:00,935.8299999999999
2010-02-12 12:59:00,407.15
2010-02-12 13:22:00,493.66
2010-02-12 13:27:00,216.6
2010-02-12 13:52:00,576.0
2010-02-12 14:00:00,399.3
2010-02-12 14:31:00,420.98
2010-02-12 14:34:00,404.55
2010-02-12 14:46:00,679.34
2010-02-12 14:53:00,136.92000000000002
2010-02-12 14:54:00,120.8
2010-02-12 15:24:00,231.35999999999999
2010-02-12 15:27:00,334.5
2010-02-12 15:46:00,377.62
2010-02-12 15:51:00,283.85
2010-02-12 16:27:00,25.0
2010-02-12 17:16:00,198.18
2010-02-14 10:19:00,271.0
2010-02-14 11:04:00,304.65
2010-02-14 11:15:00,662.25
2010-02-14 11:23:00,254.92000000000002
2010-02-14 11:24:00,432.24
2010-02-14 11:42:00,100.0
2010-02-14 11:52:00,541.19
2010-02-14 11:57:00,685.3
2010-02-14 12:06:00,736.44
2010-02-14 12:09:00,184.34
2010-02-14 12:11:00,130.5
2010-02-14 12:15:00,345.21
2010-02-14 12:22:00,678.22
2010-02-14 12:28:00,143.05
2010-02-14 12:36:00,762.69
2010-02-14 12:37:00,499.20000000000005
2010-02-14 12:38:00,545.9
2010-02-14 12:49:00,455.95
2010-02-14 12:52:00,278.29
2010-02-14 12:57:00,252.0
2010-02-14 12:58:00,214.38
2010-02-14 13:17:00,568.3
2010-02-14 13:26:00,881.86
2010-02-14 13:37:00,394.25
2010-02-14 13:38:00,1.55
2010-02-14 13:39:00,435.09
2010-02-14 13:40:00,404.66
2010-02-14 14:10:00,204.95
2010-02-14 14:35:00,699.93
2010-02-14 14:38:00,1585.18
2010-02-14 14:45:00,174.79999999999998
2010-02-14 14:54:00,974.19
2010-02-14 15:13:00,506.59
2010-02-14 15:22:00,339.1
2010-02-14 15:27:00,341.23
2010-02-14 15:30:00,269.21000000000004
2010-02-14 15:38:00,749.08
2010-02-14 15:47:00,352.5
2010-02-14 15:51:00,304.38
2010-02-14 16:04:00,107.62
2010-02-15 08:41:00,762.48
2010-02-15 09:19:00,102.3
2010-02-15 09:20:00,356.65000000000003
2010-02-15 09:48:00,1709.0
2010-02-15 10:12:00,712.39
2010-02-15 10:33:00,463.67999999999995
2010-02-15 10:43:00,129.05
2010-02-15 10:47:00,1531.0610000000001
2010-02-15 10:49:00,2805.0
2010-02-15 10:56:00,348.38
2010-02-15 11:22:00,897.0
2010-02-15 11:39:00,128.28
2010-02-15 11:46:00,1381.95
2010-02-15 11:50:00,339.84000000000003
2010-02-15 11:57:00,16973.1
2010-02-15 12:05:00,2518.59
2010-02-15 12:10:00,1331.22
2010-02-15 12:17:00,89.69999999999999
2010-02-15 12:31:00,1508.65
2010-02-15 12:36:00,51.43
2010-02-15 12:50:00,332.87
2010-02-15 12:54:00,1038.8
2010-02-15 13:13:00,231.68
2010-02-15 13:14:00,59.400000000000006
2010-02-15 13:20:00,1272.3200000000002
2010-02-15 13:27:00,255.42
2010-02-15 13:28:00,47.400000000000006
2010-02-15 13:29:00,47.400000000000006
2010-02-15 13:46:00,517.12
2010-02-15 14:47:00,541.8000000000001
2010-02-15 14:49:00,169.72
2010-02-15 15:00:00,442.8
2010-02-15 15:54:00,517.57
2010-02-15 16:45:00,239.14000000000001
2010-02-15 16:57:00,1456.3700000000001
2010-02-15 17:00:00,62.7
2010-02-15 17:01:00,192.84
2010-02-15 17:17:00,181.24
2010-02-15 17:26:00,571.87
2010-02-16 08:44:00,623.9300000000001
2010-02-16 09:21:00,108.2
2010-02-16 09:38:00,59.92
2010-02-16 10:10:00,1083.01
2010-02-16 10:11:00,404.76
2010-02-16 10:26:00,205.14
2010-02-16 10:28:00,169.69
2010-02-16 10:39:00,178.43
2010-02-16 10:40:00,342.4
2010-02-16 10:41:00,931.72
2010-02-16 10:44:00,186.1
2010-02-16 10:45:00,962.99
2010-02-16 10:55:00,194.3
2010-02-16 11:13:00,1384.02
2010-02-16 11:58:00,1677.42
2010-02-16 12:02:00,159.68
2010-02-16 12:06:00,68.60000000000001
2010-02-16 12:11:00,430.85
2010-02-16 12:13:00,201.81
2010-02-16 12:19:00,207.15
2010-02-16 12:22:00,345.99
2010-02-16 12:29:00,393.14000000000004
2010-02-16 12:30:00,48.8
2010-02-16 12:35:00,745.47
2010-02-16 12:42:00,393.24
2010-02-16 12:44:00,197.70000000000002
2010-02-16 12:50:00,553.28
2010-02-16 12:59:00,340.35
2010-02-16 13:12:00,774.6
2010-02-16 13:16:00,171.25
2010-02-16 13:23:00,196.6
2010-02-16 13:30:00,215.5
2010-02-16 13:32:00,413.67
2010-02-16 13:33:00,242.51999999999998
2010-02-16 13:39:00,310.98
2010-02-16 13:49:00,881.12
2010-02-16 13:52:00,1348.08
2010-02-16 13:53:00,164.09
2010-02-16 13:57:00,525.0
2010-02-16 14:03:00,179.68
2010-02-16 14:11:00,3.75
2010-02-16 14:30:00,469.51
2010-02-16 14:32:00,3019.35
2010-02-16 14:35:00,366.0
2010-02-16 14:49:00,394.42
2010-02-16 15:13:00,356.5
2010-02-16 15:25:00,400.8
2010-02-16 15:27:00,199.70000000000002
2010-02-16 15:35:00,276.44
2010-02-16 15:47:00,357.39
2010-02-16 15:54:00,190.95
2010-02-16 15:55:00,79.32
2010-02-16 15:56:00,93.87
2010-02-16 16:12:00,139.35
2010-02-16 16:47:00,177.88000000000002
2010-02-16 16:50:00,313.55
2010-02-16 16:53:00,354.7
2010-02-16 17:47:00,454.35
2010-02-17 08:32:00,194.74
2010-02-17 08:47:00,578.6
2010-02-17 08:49:00,672.1
2010-02-17 09:05:00,421.03000000000003
2010-02-17 09:43:00,306.48
2010-02-17 09:53:00,596.48
2010-02-17 10:04:00,543.1
2010-02-17 10:24:00,427.0
2010-02-17 10:51:00,2836.8
2010-02-17 11:05:00,147.64000000000001
2010-02-17 11:27:00,334.84000000000003
2010-02-17 11:29:00,100.5
2010-02-17 11:31:00,164.35
2010-02-17 11:40:00,366.41999999999996
2010-02-17 11:44:00,480.09
2010-02-17 11:49:00,253.60000000000002
2010-02-17 11:58:00,144.44
2010-02-17 12:03:00,3157.06
2010-02-17 12:11:00,223.2
2010-02-17 12:12:00,2947.1
2010-02-17 12:40:00,468.0
2010-02-17 13:10:00,307.89
2010-02-17 13:16:00,968.7800000000001
2010-02-17 13:26:00,170.2
2010-02-17 13:39:00,521.96
2010-02-17 13:53:00,236.86
2010-02-17 14:01:00,194.63
2010-02-17 14:09:00,176.87
2010-02-17 14:24:00,119.45
2010-02-17 14:34:00,377.8
2010-02-17 14:35:00,956.17
2010-02-17 14:39:00,2329.48
2010-02-17 14:42:00,80.96
2010-02-17 14:43:00,366.83
2010-02-17 14:47:00,1387.37
2010-02-17 15:03:00,15.0
2010-02-17 15:11:00,301.92
2010-02-17 15:41:00,398.1
2010-02-17 16:23:00,408.5
2010-02-17 16:40:00,595.0
2010-02-17 16:43:00,365.90000000000003
2010-02-17 16:55:00,201.42000000000002
2010-02-17 17:02:00,610.5600000000001
2010-02-18 08:49:00,169.2
2010-02-18 09:00:00,301.79
2010-02-18 09:14:00,303.98
2010-02-18 09:20:00,673.12
2010-02-18 09:31:00,19.5
2010-02-18 09:32:00,240.75
2010-02-18 09:46:00,59.7
2010-02-18 10:26:00,532.41
2010-02-18 10:27:00,366.44
2010-02-18 10:35:00,617.5600000000001
2010-02-18 11:00:00,443.52
2010-02-18 11:12:00,1.25
2010-02-18 11:19:00,210.07
2010-02-18 11:53:00,293.45
2010-02-18 11:56:00,312.96
2010-02-18 12:01:00,131.42000000000002
2010-02-18 12:16:00,371.40000000000003
2010-02-18 12:22:00,533.36
2010-02-18 12:25:00,299.52
2010-02-18 12:34:00,164.70000000000002
2010-02-18 12:36:00,586.63
2010-02-18 12:50:00,230.51
2010-02-18 12:57:00,129.11
2010-02-18 13:15:00,166.13
2010-02-18 13:28:00,454.4
2010-02-18 13:29:00,166.07
2010-02-18 13:34:00,326.55
2010-02-18 13:38:00,1910.96
2010-02-18 13:42:00,304.0
2010-02-18 13:50:00,319.88
2010-02-18 13:53:00,383.55
2010-02-18 13:57:00,301.31
2010-02-18 14:25:00,485.67
2010-02-18 14:29:00,938.6700000000001
2010-02-18 14:32:00,39.05
2010-02-18 14:37:00,37.5
2010-02-18 14:43:00,351.27
2010-02-18 15:13:00,9695.16
2010-02-18 15:16:00,1474.1
2010-02-18 15:18:00,307.21000000000004
2010-02-18 15:19:00,3788.34
2010-02-18 15:20:00,170.68
2010-02-18 15:33:00,136.93
2010-02-18 15:44:00,311.21000000000004
2010-02-18 15:50:00,246.22
2010-02-18 16:16:00,307.3
2010-02-18 16:20:00,360.38
2010-02-18 16:31:00,158.45
2010-02-18 17:12:00,387.51
2010-02-18 17:17:00,378.46
2010-02-18 17:29:00,1038.09
2010-02-18 17:36:00,102.2
2010-02-18 17:50:00,826.0
2010-02-18 18:20:00,2160.72
2010-02-18 18:29:00,257.19
2010-02-18 18:33:00,45.73
2010-02-18 19:11:00,408.0
2010-02-19 09:26:00,162.17999999999998
2010-02-19 09:36:00,276.65
2010-02-19 09:37:00,6412.0
2010-02-19 09:41:00,266.21
2010-02-19 10:01:00,407.94
2010-02-19 10:16:00,1564.28
2010-02-19 10:20:00,619.86
2010-02-19 10:32:00,102.84
2010-02-19 10:39:00,40.32
2010-02-19 10:41:00,304.61
2010-02-19 10:44:00,210.0
2010-02-19 11:29:00,612.5
2010-02-19 11:34:00,40.32
2010-02-19 11:41:00,546.6
2010-02-19 11:46:00,590.91
2010-02-19 11:54:00,250.92000000000002
2010-02-19 12:02:00,717.62
2010-02-19 12:07:00,897.0300000000001
2010-02-19 12:10:00,131.95
2010-02-19 12:12:00,331.12
2010-02-19 12:34:00,896.73
2010-02-19 12:48:00,343.82
2010-02-19 12:50:00,159.9
2010-02-19 13:15:00,613.78
2010-02-19 13:21:00,127.34
2010-02-19 13:23:00,173.13
2010-02-19 13:28:00,410.86
2010-02-19 13:29:00,322.1
2010-02-19 13:53:00,34.92
2010-02-19 14:11:00,138.8
2010-02-19 14:44:00,5.05
2010-02-19 17:02:00,164.69
2010-02-19 17:16:00,96.9
2010-02-19 17:40:00,958.11
2010-02-21 10:19:00,202.56
2010-02-21 10:25:00,148.4
2010-02-21 11:02:00,105.31
2010-02-21 11:08:00,311.9
2010-02-21 11:14:00,263.24
2010-02-21 11:19:00,60.6
2010-02-21 11:22:00,127.2
2010-02-21 11:29:00,358.2
2010-02-21 11:36:00,268.8
2010-02-21 12:03:00,564.8910000000001
2010-02-21 12:25:00,311.84000000000003
2010-02-21 12:31:00,298.5
2010-02-21 12:36:00,342.04
2010-02-21 12:42:00,205.98
2010-02-21 12:43:00,89.28
2010-02-21 12:50:00,986.8
2010-02-21 12:52:00,153.95
2010-02-21 12:57:00,192.58
2010-02-21 13:16:00,192.76
2010-02-21 13:18:00,527.2
2010-02-21 13:37:00,173.88
2010-02-21 13:48:00,110.9
2010-02-21 14:18:00,216.9
2010-02-21 14:41:00,268.86
2010-02-21 14:57:00,160.19
2010-02-21 15:06:00,222.08
2010-02-21 15:09:00,35.4
2010-02-21 15:16:00,293.53
2010-02-21 15:18:00,437.16
2010-02-21 15:19:00,1609.1000000000001
2010-02-21 15:28:00,441.8
2010-02-21 15:46:00,408.29
2010-02-21 15:47:00,205.35999999999999
2010-02-21 15:48:00,347.3
2010-02-21 15:58:00,330.35
2010-02-21 16:02:00,241.84
2010-02-21 16:09:00,179.76
2010-02-22 09:17:00,498.67
2010-02-22 09:22:00,284.75
2010-02-22 09:24:00,84.5
2010-02-22 09:32:00,118.0
2010-02-22 09:48:00,515.88
2010-02-22 09:54:00,339.18
2010-02-22 10:13:00,38.099999999999994
2010-02-22 10:15:00,164.85
2010-02-22 10:24:00,1632.93
2010-02-22 10:38:00,355.25
2010-02-22 11:11:00,273.75
2010-02-22 11:13:00,826.15
2010-02-22 11:22:00,367.6
2010-02-22 11:42:00,237.09
2010-02-22 12:05:00,995.21
2010-02-22 12:11:00,230.4
2010-02-22 12:44:00,1031.69
2010-02-22 12:48:00,574.86
2010-02-22 12:49:00,132.5
2010-02-22 13:05:00,562.98
2010-02-22 13:19:00,112.88
2010-02-22 13:31:00,1420.35
2010-02-22 13:38:00,308.62
2010-02-22 13:40:00,373.48
2010-02-22 13:44:00,278.7
2010-02-22 14:28:00,737.5600000000001
2010-02-22 14:34:00,684.8
2010-02-22 14:48:00,264.3
2010-02-22 14:54:00,3360.0
2010-02-22 14:59:00,2685.54
2010-02-22 15:12:00,453.54
2010-02-22 15:13:00,319.32
2010-02-22 15:39:00,2260.79
2010-02-22 15:52:00,158.79
2010-02-22 16:04:00,347.2
2010-02-22 16:36:00,299.64
2010-02-22 16:48:00,1110.48
2010-02-22 16:49:00,427.61
2010-02-22 16:56:00,2.5
2010-02-22 16:58:00,881.52
2010-02-22 17:10:00,341.8
2010-02-22 17:14:00,37.9
2010-02-22 17:21:00,204.58
2010-02-23 09:37:00,34.06
2010-02-23 09:42:00,309.32
2010-02-23 09:52:00,139.8
2010-02-23 09:54:00,1795.96
2010-02-23 09:57:00,454.7
2010-02-23 10:12:00,628.49
2010-02-23 10:25:00,887.4
2010-02-23 10:48:00,654.12
2010-02-23 10:49:00,405.78
2010-02-23 11:14:00,430.02
2010-02-23 11:29:00,102.03
2010-02-23 11:36:00,778.6800000000001
2010-02-23 11:43:00,172.15
2010-02-23 11:44:00,5.1
2010-02-23 11:46:00,80.7
2010-02-23 11:49:00,98.6
2010-02-23 12:00:00,637.44
2010-02-23 12:02:00,359.05
2010-02-23 12:03:00,17.0
2010-02-23 12:08:00,850.0
2010-02-23 12:31:00,560.97
2010-02-23 12:35:00,116.5
2010-02-23 12:47:00,289.6
2010-02-23 12:51:00,267.45
2010-02-23 12:55:00,371.56
2010-02-23 13:03:00,207.04
2010-02-23 13:21:00,611.4200000000001
2010-02-23 13:22:00,392.20000000000005
2010-02-23 13:55:00,562.6
2010-02-23 13:59:00,295.64
2010-02-23 14:12:00,218.81
2010-02-23 14:13:00,213.0
2010-02-23 14:16:00,1033.55
2010-02-23 14:40:00,605.91
2010-02-23 14:48:00,154.25
2010-02-23 14:52:00,298.55
2010-02-23 14:54:00,222.53
2010-02-23 14:56:00,288.99
2010-02-23 15:17:00,4010.08
2010-02-23 15:27:00,246.54999999999998
2010-02-23 15:33:00,91.08000000000001
2010-02-23 15:47:00,552.05
2010-02-23 16:36:00,389.28000000000003
2010-02-24 08:50:00,238.09
2010-02-24 08:54:00,78.45
2010-02-24 09:24:00,1006.2900000000001
2010-02-24 09:50:00,262.18
2010-02-24 10:04:00,369.0
2010-02-24 10:10:00,523.5
2010-02-24 10:15:00,277.12
2010-02-24 10:18:00,4168.98
2010-02-24 10:20:00,186.05
2010-02-24 10:24:00,2087.68
2010-02-24 10:42:00,892.65
2010-02-24 10:43:00,1087.52
2010-02-24 10:55:00,1087.52
2010-02-24 11:03:00,1087.52
2010-02-24 11:06:00,92.49000000000001
2010-02-24 11:16:00,1087.52
2010-02-24 11:28:00,393.05
2010-02-24 11:51:00,443.85
2010-02-24 11:55:00,300.2
2010-02-24 11:59:00,675.74
2010-02-24 12:05:00,706.35
2010-02-24 12:06:00,704.4
2010-02-24 12:09:00,42.5
2010-02-24 12:14:00,601.91
2010-02-24 12:19:00,467.19
2010-02-24 12:20:00,115.4
2010-02-24 12:21:00,40.8
2010-02-24 12:39:00,725.76
2010-02-24 12:42:00,572.75
2010-02-24 12:48:00,247.45
2010-02-24 12:51:00,1326.96
2010-02-24 13:04:00,220.19
2010-02-24 13:06:00,664.9200000000001
2010-02-24 13:15:00,654.82
2010-02-24 13:16:00,1112.2
2010-02-24 13:32:00,143.44
2010-02-24 13:34:00,18.1
2010-02-24 13:46:00,352.821
2010-02-24 13:48:00,365.93
2010-02-24 13:54:00,104.4
2010-02-24 13:55:00,292.5
2010-02-24 14:07:00,303.65
2010-02-24 14:10:00,116.80000000000001
2010-02-24 14:18:00,153.72
2010-02-24 14:24:00,323.55
2010-02-24 14:30:00,2152.13
2010-02-24 15:02:00,200.43
2010-02-24 15:03:00,586.75
2010-02-24 15:06:00,96.66
2010-02-24 15:53:00,192.14
2010-02-24 16:15:00,150.57
2010-02-24 16:42:00,117.22
2010-02-24 17:23:00,172.85
2010-02-25 08:56:00,262.32
2010-02-25 09:16:00,597.76
2010-02-25 09:21:00,162.0
2010-02-25 09:32:00,1132.8000000000002
2010-02-25 09:33:00,746.9
2010-02-25 09:39:00,190.8
2010-02-25 09:40:00,4376.25
2010-02-25 09:45:00,330.65999999999997
2010-02-25 09:55:00,121.23
2010-02-25 10:06:00,228.23
2010-02-25 10:07:00,323.38
2010-02-25 10:17:00,112.65
2010-02-25 10:20:00,5710.32
2010-02-25 10:21:00,15.55
2010-02-25 11:23:00,309.6
2010-02-25 11:28:00,182.88
2010-02-25 11:32:00,153.5
2010-02-25 11:40:00,115.25
2010-02-25 11:41:00,105.1
2010-02-25 11:45:00,592.05
2010-02-25 11:49:00,565.5
2010-02-25 11:50:00,287.51
2010-02-25 12:01:00,335.58
2010-02-25 12:14:00,349.0
2010-02-25 12:16:00,122.59
2010-02-25 12:18:00,801.82
2010-02-25 12:21:00,1176.32
2010-02-25 12:37:00,869.5600000000001
2010-02-25 12:53:00,211.29999999999998
2010-02-25 13:17:00,143.56
2010-02-25 13:19:00,986.64
2010-02-25 13:20:00,285.6
2010-02-25 13:23:00,160.81
2010-02-25 13:24:00,4.25
2010-02-25 13:29:00,413.08000000000004
2010-02-25 13:31:00,11.739999999999998
2010-02-25 13:39:00,373.5
2010-02-25 13:46:00,137.64
2010-02-25 14:18:00,1537.43
2010-02-25 14:19:00,296.94
2010-02-25 14:21:00,89.17
2010-02-25 14:52:00,315.59999999999997
2010-02-25 14:54:00,125.4
2010-02-25 15:07:00,126.43
2010-02-25 15:13:00,311.52
2010-02-25 15:14:00,100.08
2010-02-25 15:39:00,467.54
2010-02-25 15:41:00,8.25
2010-02-25 16:01:00,2320.03
2010-02-25 16:11:00,263.23
2010-02-25 16:21:00,220.01
2010-02-25 16:48:00,567.5
2010-02-25 16:55:00,502.2
2010-02-25 16:58:00,199.25
2010-02-25 17:37:00,393.96000000000004
2010-02-25 18:12:00,295.38
2010-02-25 18:44:00,19.5
2010-02-25 18:58:00,936.28
2010-02-25 19:08:00,292.62
2010-02-25 19:39:00,99.65
2010-02-25 20:07:00,168.48
2010-02-25 20:16:00,5158.4
2010-02-25 20:18:00,4122.0
2010-02-25 20:19:00,2662.08
2010-02-26 08:35:00,478.58000000000004
2010-02-26 08:46:00,648.0
2010-02-26 08:47:00,30.6
2010-02-26 09:47:00,332.52
2010-02-26 10:10:00,316.59
2010-02-26 10:11:00,359.66
2010-02-26 10:49:00,499.36
2010-02-26 11:22:00,244.37
2010-02-26 11:26:00,24.0
2010-02-26 11:38:00,48.1
2010-02-26 11:59:00,230.34
2010-02-26 12:00:00,463.0
2010-02-26 12:04:00,242.14999999999998
2010-02-26 12:06:00,62.79
2010-02-26 12:08:00,69.09
2010-02-26 12:09:00,247.68
2010-02-26 12:10:00,335.0
2010-02-26 12:13:00,109.59
2010-02-26 12:41:00,766.59
2010-02-26 12:43:00,705.0
2010-02-26 13:01:00,339.96
2010-02-26 13:26:00,3537.821
2010-02-26 13:28:00,311.3
2010-02-26 13:38:00,145.0
2010-02-26 14:16:00,268.05
2010-02-26 14:23:00,128.55
2010-02-26 14:24:00,432.06
2010-02-26 14:35:00,707.8100000000001
2010-02-26 15:09:00,364.1
2010-02-26 17:33:00,177.98000000000002
2010-02-26 17:37:00,153.0
2010-02-28 10:08:00,126.25
2010-02-28 10:25:00,255.05
2010-02-28 10:31:00,279.2
2010-02-28 10:37:00,368.4
2010-02-28 10:40:00,131.4
2010-02-28 10:55:00,259.2
2010-02-28 10:57:00,398.16
2010-02-28 11:13:00,159.78
2010-02-28 11:14:00,164.05
2010-02-28 11:16:00,179.41
2010-02-28 11:24:00,464.94
2010-02-28 11:25:00,202.03
2010-02-28 11:33:00,558.57
2010-02-28 11:36:00,189.63
2010-02-28 11:37:00,248.0
2010-02-28 11:54:00,679.9200000000001
2010-02-28 11:55:00,45.0
2010-02-28 12:15:00,141.54
2010-02-28 12:16:00,221.4
2010-02-28 12:21:00,245.97
2010-02-28 12:29:00,693.16
2010-02-28 12:30:00,191.85
2010-02-28 12:45:00,101.4
2010-02-28 12:49:00,145.59
2010-02-28 12:50:00,410.48
2010-02-28 12:53:00,421.35
2010-02-28 13:00:00,132.95
2010-02-28 13:07:00,658.5
2010-02-28 13:25:00,523.05
2010-02-28 13:27:00,175.24
2010-02-28 13:28:00,196.2
2010-02-28 13:33:00,166.1
2010-02-28 13:42:00,1622.28
2010-02-28 13:49:00,633.45
2010-02-28 13:55:00,294.82
2010-02-28 14:03:00,299.76
2010-02-28 14:12:00,854.02
2010-02-28 14:17:00,375.6
2010-02-28 14:24:00,271.61
2010-02-28 14:34:00,102.22
2010-02-28 14:41:00,315.74
2010-02-28 14:43:00,669.01
2010-02-28 15:01:00,250.49
2010-02-28 15:05:00,236.96
2010-02-28 15:21:00,420.75
2010-02-28 15:58:00,202.72
2010-02-28 16:00:00,456.20000000000005
2010-02-28 16:01:00,222.5
2010-02-28 16:14:00,345.59000000000003
2010-02-28 16:16:00,34.0
2010-03-01 08:38:00,187.37
2010-03-01 08:55:00,347.50000000000006
2010-03-01 09:13:00,499.88
2010-03-01 09:24:00,118.68
2010-03-01 09:30:00,30.0
2010-03-01 09:56:00,318.86
2010-03-01 09:58:00,629.39
2010-03-01 10:06:00,61.2
2010-03-01 10:07:00,796.4
2010-03-01 10:14:00,2377.38
2010-03-01 10:17:00,1945.8
2010-03-01 10:19:00,1943.52
2010-03-01 10:21:00,132.0
2010-03-01 10:36:00,124.85
2010-03-01 11:04:00,399.55
2010-03-01 11:18:00,240.9
2010-03-01 11:28:00,177.12
2010-03-01 11:33:00,379.7
2010-03-01 11:34:00,136.07999999999998
2010-03-01 11:36:00,255.0
2010-03-01 11:45:00,364.35
2010-03-01 11:59:00,168.22
2010-03-01 12:04:00,214.48
2010-03-01 12:16:00,106.66
2010-03-01 12:21:00,300.15
2010-03-01 12:31:00,353.72
2010-03-01 12:34:00,605.4
2010-03-01 12:35:00,213.3
2010-03-01 12:47:00,2135.46
2010-03-01 13:06:00,200.43
2010-03-01 13:10:00,669.71
2010-03-01 13:14:00,595.62
2010-03-01 13:22:00,135.44
2010-03-01 13:24:00,76.5
2010-03-01 13:29:00,1070.08
2010-03-01 13:40:00,384.0
2010-03-01 13:41:00,302.9
2010-03-01 13:45:00,313.1
2010-03-01 13:51:00,164.13
2010-03-01 13:57:00,335.68
2010-03-01 14:01:00,153.06
2010-03-01 14:31:00,217.86
2010-03-01 14:48:00,156.6
2010-03-01 14:54:00,78.99
2010-03-01 15:05:00,170.3
2010-03-01 15:10:00,305.03999999999996
2010-03-01 15:21:00,272.45
2010-03-01 15:36:00,1189.34
2010-03-01 15:47:00,474.71
2010-03-01 16:02:00,40.0
2010-03-01 16:14:00,397.84000000000003
2010-03-01 16:29:00,389.78
2010-03-01 16:31:00,141.24
2010-03-01 16:35:00,136.15
2010-03-02 09:11:00,257.2
2010-03-02 09:20:00,49.95
2010-03-02 09:23:00,1626.4
2010-03-02 09:25:00,344.1
2010-03-02 09:42:00,1464.28
2010-03-02 09:44:00,122.04
2010-03-02 10:04:00,1562.94
2010-03-02 10:08:00,174.1
2010-03-02 10:16:00,121.35
2010-03-02 10:37:00,134.7
2010-03-02 10:46:00,313.41
2010-03-02 10:49:00,659.34
2010-03-02 11:53:00,731.72
2010-03-02 12:01:00,345.96
2010-03-02 12:17:00,354.49
2010-03-02 12:18:00,189.45
2010-03-02 12:20:00,167.76
2010-03-02 12:24:00,464.85
2010-03-02 12:29:00,309.6
2010-03-02 12:30:00,164.10000000000002
2010-03-02 12:48:00,105.55
2010-03-02 13:08:00,27.05
2010-03-02 13:09:00,32.53
2010-03-02 13:20:00,248.76
2010-03-02 13:25:00,1625.34
2010-03-02 13:28:00,98.82
2010-03-02 13:36:00,443.98
2010-03-02 13:39:00,312.0
2010-03-02 13:50:00,68.28
2010-03-02 14:01:00,566.4300000000001
2010-03-02 14:03:00,341.73
2010-03-02 14:12:00,311.70000000000005
2010-03-02 14:19:00,633.6800000000001
2010-03-02 14:23:00,644.25
2010-03-02 14:32:00,234.0
2010-03-02 14:36:00,426.0
2010-03-02 14:48:00,301.9
2010-03-02 14:57:00,339.46
2010-03-02 14:59:00,2544.2
2010-03-02 15:23:00,111.44999999999999
2010-03-02 15:28:00,599.3
2010-03-02 15:37:00,325.2
2010-03-02 15:44:00,53.2
2010-03-02 15:45:00,498.3
2010-03-02 16:33:00,221.74
2010-03-02 16:36:00,456.95
2010-03-02 16:50:00,278.48
2010-03-02 17:05:00,7.15
2010-03-02 17:10:00,23.8
2010-03-02 17:13:00,228.82999999999998
2010-03-03 08:25:00,96.0
2010-03-03 08:42:00,737.4300000000001
2010-03-03 09:06:00,363.48
2010-03-03 09:10:00,541.9
2010-03-03 09:16:00,303.0
2010-03-03 09:59:00,7720.6
2010-03-03 10:11:00,851.25
2010-03-03 10:19:00,473.09
2010-03-03 10:43:00,392.70000000000005
2010-03-03 10:54:00,508.33000000000004
2010-03-03 11:08:00,326.7
2010-03-03 11:13:00,136.5
2010-03-03 11:14:00,124.05000000000001
2010-03-03 11:34:00,256.93
2010-03-03 11:36:00,604.0
2010-03-03 11:40:00,387.62
2010-03-03 11:51:00,130.53
2010-03-03 11:53:00,1730.74
2010-03-03 11:57:00,159.3
2010-03-03 12:02:00,344.57
2010-03-03 12:10:00,934.62
2010-03-03 12:16:00,563.65
2010-03-03 12:20:00,537.01
2010-03-03 12:21:00,1120.73
2010-03-03 12:27:00,316.86
2010-03-03 12:31:00,149.55
2010-03-03 12:34:00,222.57
2010-03-03 12:42:00,155.65
2010-03-03 12:45:00,165.20000000000002
2010-03-03 12:53:00,200.0
2010-03-03 12:54:00,815.79
2010-03-03 12:57:00,1085.01
2010-03-03 13:04:00,208.92000000000002
2010-03-03 13:51:00,154.14
2010-03-03 13:57:00,755.09
2010-03-03 14:02:00,193.66000000000003
2010-03-03 14:06:00,1115.33
2010-03-03 14:07:00,196.12
2010-03-03 14:10:00,1647.63
2010-03-03 14:13:00,664.54
2010-03-03 14:20:00,268.68
2010-03-03 14:31:00,769.89
2010-03-03 14:42:00,532.29
2010-03-03 14:43:00,113.80000000000001
2010-03-03 14:44:00,159.07
2010-03-03 15:13:00,359.53000000000003
2010-03-03 15:26:00,426.69
2010-03-03 15:52:00,128.19
2010-03-03 15:56:00,299.28
2010-03-03 16:03:00,197.22
2010-03-03 16:21:00,98.7
2010-03-03 16:33:00,306.54
2010-03-03 16:37:00,171.15
2010-03-03 16:49:00,152.85
2010-03-03 16:51:00,108.52
2010-03-03 17:18:00,366.51
2010-03-04 08:26:00,124.45
2010-03-04 09:08:00,758.38
2010-03-04 09:32:00,381.54
2010-03-04 09:37:00,39.95
2010-03-04 09:38:00,286.59999999999997
2010-03-04 09:51:00,394.59000000000003
2010-03-04 09:53:00,99.6
2010-03-04 10:06:00,815.32
2010-03-04 10:23:00,620.54
2010-03-04 10:29:00,1449.74
2010-03-04 10:31:00,327.4
2010-03-04 10:40:00,196.20000000000002
2010-03-04 10:41:00,333.36
2010-03-04 10:45:00,349.4
2010-03-04 10:46:00,408.49
2010-03-04 10:47:00,564.2
2010-03-04 10:49:00,395.5
2010-03-04 11:11:00,751.8000000000001
2010-03-04 11:28:00,301.33
2010-03-04 11:29:00,288.5
2010-03-04 11:36:00,97.5
2010-03-04 11:42:00,547.2
2010-03-04 11:44:00,935.99
2010-03-04 11:53:00,392.70000000000005
2010-03-04 12:11:00,498.63
2010-03-04 12:13:00,183.64
2010-03-04 12:24:00,324.08
2010-03-04 12:31:00,269.2
2010-03-04 12:32:00,1104.31
2010-03-04 12:37:00,471.06
2010-03-04 12:39:00,231.25
2010-03-04 12:41:00,440.2
2010-03-04 12:50:00,308.74
2010-03-04 12:53:00,635.0
2010-03-04 12:57:00,40.65
2010-03-04 13:01:00,236.35
2010-03-04 13:24:00,650.76
2010-03-04 13:39:00,955.5
2010-03-04 13:47:00,236.66
2010-03-04 13:53:00,453.08
2010-03-04 14:05:00,202.35
2010-03-04 14:23:00,367.15
2010-03-04 14:24:00,743.62
2010-03-04 14:27:00,434.55
2010-03-04 14:36:00,437.24
2010-03-04 14:41:00,2985.5
2010-03-04 14:45:00,128.55
2010-03-04 14:50:00,581.69
2010-03-04 14:53:00,261.3
2010-03-04 15:05:00,513.05
2010-03-04 15:07:00,402.79
2010-03-04 15:39:00,314.57000000000005
2010-03-04 15:44:00,576.9
2010-03-04 16:06:00,281.76
2010-03-04 16:38:00,604.33
2010-03-04 17:08:00,363.56
2010-03-04 17:10:00,392.67
2010-03-04 17:22:00,270.05
2010-03-04 17:29:00,431.59000000000003
2010-03-04 17:40:00,180.77
2010-03-04 17:42:00,290.05
2010-03-04 17:45:00,53.12
2010-03-04 17:54:00,3.95
2010-03-04 18:02:00,7.5
2010-03-04 18:23:00,320.88
2010-03-04 18:25:00,286.8
2010-03-04 18:27:00,218.88
2010-03-04 18:46:00,411.79
2010-03-05 07:15:00,394.35
2010-03-05 08:01:00,299.83
2010-03-05 08:45:00,205.98
2010-03-05 09:07:00,478.5
2010-03-05 09:09:00,328.72
2010-03-05 09:15:00,70.0
2010-03-05 09:39:00,1452.5600000000002
2010-03-05 10:05:00,421.45
2010-03-05 10:11:00,73.60000000000001
2010-03-05 10:12:00,807.12
2010-03-05 10:13:00,5525.28
2010-03-05 10:14:00,302.52
2010-03-05 10:20:00,750.28
2010-03-05 10:35:00,334.06
2010-03-05 10:37:00,214.6
2010-03-05 10:50:00,203.2
2010-03-05 10:51:00,522.73
2010-03-05 10:55:00,721.46
2010-03-05 10:58:00,23.4
2010-03-05 11:16:00,237.95000000000002
2010-03-05 11:17:00,204.34
2010-03-05 11:22:00,2640.0
2010-03-05 11:31:00,181.32
2010-03-05 11:50:00,397.01
2010-03-05 11:55:00,317.5
2010-03-05 11:56:00,811.34
2010-03-05 11:57:00,116.5
2010-03-05 11:58:00,188.1
2010-03-05 12:01:00,192.6
2010-03-05 12:09:00,310.8
2010-03-05 12:39:00,53.4
2010-03-05 12:42:00,300.05
2010-03-05 12:44:00,27.36
2010-03-05 12:56:00,50.0
2010-03-05 12:57:00,89.55000000000001
2010-03-05 13:06:00,80.3
2010-03-05 13:19:00,315.17
2010-03-05 13:21:00,405.42
2010-03-05 13:24:00,396.83
2010-03-05 13:33:00,179.76
2010-03-05 13:52:00,269.0
2010-03-05 13:57:00,156.9
2010-03-05 14:21:00,15.25
2010-03-05 14:30:00,295.05
2010-03-05 14:39:00,599.12
2010-03-05 14:41:00,104.25
2010-03-05 14:51:00,269.3
2010-03-05 14:56:00,594.0
2010-03-05 15:07:00,40.1
2010-03-05 15:21:00,157.74
2010-03-05 15:36:00,330.0
2010-03-05 15:48:00,187.44
2010-03-05 16:02:00,638.5600000000001
2010-03-05 16:35:00,425.29999999999995
2010-03-05 16:37:00,12.120000000000001
2010-03-05 16:39:00,378.3
2010-03-05 16:52:00,264.27
2010-03-07 10:19:00,621.15
2010-03-07 10:27:00,164.05
2010-03-07 10:49:00,337.74
2010-03-07 10:55:00,477.1
2010-03-07 10:58:00,120.35
2010-03-07 11:01:00,316.75
2010-03-07 11:24:00,309.3
2010-03-07 11:27:00,451.88
2010-03-07 11:31:00,390.71000000000004
2010-03-07 11:58:00,176.07999999999998
2010-03-07 12:01:00,388.35
2010-03-07 12:03:00,666.44
2010-03-07 12:06:00,371.01
2010-03-07 12:09:00,487.75
2010-03-07 12:10:00,398.78
2010-03-07 12:20:00,232.64999999999998
2010-03-07 12:25:00,206.7
2010-03-07 12:35:00,203.37
2010-03-07 12:38:00,317.88
2010-03-07 12:56:00,566.25
2010-03-07 13:00:00,231.79000000000002
2010-03-07 13:08:00,623.39
2010-03-07 13:28:00,442.59000000000003
2010-03-07 13:37:00,315.28000000000003
2010-03-07 13:44:00,240.62
2010-03-07 13:48:00,602.16
2010-03-07 13:55:00,321.7
2010-03-07 14:05:00,384.43
2010-03-07 14:23:00,337.56
2010-03-07 14:25:00,152.75
2010-03-07 14:31:00,472.76
2010-03-07 14:32:00,9.3
2010-03-07 14:37:00,357.0
2010-03-07 14:39:00,353.14
2010-03-07 14:50:00,114.6
2010-03-07 14:52:00,596.67
2010-03-07 14:56:00,102.13
2010-03-07 15:01:00,7.5
2010-03-07 15:24:00,439.55
2010-03-07 15:25:00,1527.29
2010-03-07 15:27:00,250.02
2010-03-07 15:30:00,433.77
2010-03-07 15:34:00,1739.14
2010-03-07 15:41:00,190.38
2010-03-07 15:47:00,935.34
2010-03-07 15:50:00,298.5
2010-03-07 15:56:00,7.5
2010-03-07 16:12:00,343.45
2010-03-08 08:09:00,348.32
2010-03-08 08:33:00,553.7
2010-03-08 08:42:00,314.6
2010-03-08 08:45:00,296.25
2010-03-08 08:47:00,80.62
2010-03-08 08:56:00,122.02
2010-03-08 09:41:00,307.33
2010-03-08 09:43:00,147.0
2010-03-08 09:49:00,373.5
2010-03-08 09:57:00,703.2
2010-03-08 10:05:00,204.05
2010-03-08 10:15:00,642.0600000000001
2010-03-08 10:17:00,214.82999999999998
2010-03-08 10:19:00,387.24
2010-03-08 10:32:00,224.94
2010-03-08 10:41:00,456.85
2010-03-08 10:45:00,50.400000000000006
2010-03-08 10:49:00,514.48
2010-03-08 10:58:00,308.4
2010-03-08 11:26:00,2133.16
2010-03-08 11:31:00,101.89999999999999
2010-03-08 11:32:00,2394.0
2010-03-08 11:58:00,343.35
2010-03-08 11:59:00,193.2
2010-03-08 12:08:00,158.3
2010-03-08 12:09:00,468.0
2010-03-08 12:10:00,651.1800000000001
2010-03-08 12:13:00,127.5
2010-03-08 12:15:00,339.36
2010-03-08 12:17:00,11.8
2010-03-08 12:18:00,1675.08
2010-03-08 12:19:00,232.64000000000001
2010-03-08 12:22:00,10.9
2010-03-08 12:24:00,78.0
2010-03-08 12:25:00,309.26
2010-03-08 12:33:00,313.2
2010-03-08 12:45:00,323.02
2010-03-08 12:52:00,47.79
2010-03-08 13:04:00,10.0
2010-03-08 13:17:00,1334.27
2010-03-08 13:24:00,321.56
2010-03-08 13:37:00,848.7
2010-03-08 13:38:00,332.83
2010-03-08 13:41:00,23.35
2010-03-08 13:44:00,445.44
2010-03-08 13:48:00,339.18
2010-03-08 13:52:00,111.3
2010-03-08 14:04:00,229.53
2010-03-08 14:07:00,336.5
2010-03-08 14:10:00,151.5
2010-03-08 14:15:00,137.70000000000002
2010-03-08 14:23:00,484.4
2010-03-08 14:27:00,399.62
2010-03-08 14:40:00,219.87
2010-03-08 14:41:00,695.84
2010-03-08 14:51:00,477.29999999999995
2010-03-08 15:15:00,106.26
2010-03-08 15:26:00,310.77000000000004
2010-03-08 15:46:00,85.19999999999999
2010-03-08 15:48:00,131.16
2010-03-08 15:49:00,1509.6
2010-03-08 15:50:00,278.8
2010-03-08 16:30:00,693.26
2010-03-08 16:53:00,263.73
2010-03-08 17:27:00,166.48000000000002
2010-03-09 07:35:00,60.0
2010-03-09 07:37:00,234.61
2010-03-09 09:15:00,143.45
2010-03-09 09:34:00,495.0
2010-03-09 09:46:00,400.2
2010-03-09 09:49:00,858.08
2010-03-09 09:55:00,106.05
2010-03-09 10:02:00,124.10000000000001
2010-03-09 10:18:00,766.94
2010-03-09 10:21:00,61.2
2010-03-09 10:25:00,79.2
2010-03-09 10:26:00,212.0
2010-03-09 10:42:00,114.73
2010-03-09 10:45:00,360.15000000000003
2010-03-09 10:53:00,669.79
2010-03-09 11:03:00,100.18
2010-03-09 11:10:00,834.45
2010-03-09 11:13:00,1691.16
2010-03-09 11:19:00,120.97
2010-03-09 11:22:00,38.86
2010-03-09 11:23:00,400.61
2010-03-09 11:50:00,16.0
2010-03-09 11:57:00,769.56
2010-03-09 12:10:00,534.6
2010-03-09 12:12:00,215.38
2010-03-09 12:23:00,221.98
2010-03-09 12:25:00,285.68
2010-03-09 12:33:00,291.76
2010-03-09 12:53:00,273.6
2010-03-09 13:07:00,745.9399999999999
2010-03-09 13:26:00,178.35999999999999
2010-03-09 13:29:00,343.5
2010-03-09 13:43:00,248.2
2010-03-09 13:48:00,299.40999999999997
2010-03-09 14:03:00,304.4
2010-03-09 14:14:00,1119.48
2010-03-09 14:16:00,283.47
2010-03-09 14:32:00,1290.81
2010-03-09 14:36:00,127.80000000000001
2010-03-09 15:05:00,475.35
2010-03-09 15:16:00,379.18
2010-03-09 15:22:00,505.73
2010-03-09 15:56:00,273.54
2010-03-09 16:02:00,551.2
2010-03-09 16:26:00,364.79
2010-03-09 16:32:00,509.07
2010-03-09 16:40:00,76.32000000000001
2010-03-09 17:12:00,1108.85
2010-03-10 08:31:00,602.76
2010-03-10 09:16:00,452.96
2010-03-10 09:17:00,352.14
2010-03-10 09:30:00,655.92
2010-03-10 10:01:00,2017.3600000000001
2010-03-10 10:25:00,3176.34
2010-03-10 10:30:00,249.8
2010-03-10 10:42:00,17.700000000000003
2010-03-10 10:48:00,17.0
2010-03-10 10:50:00,1222.13
2010-03-10 10:51:00,353.28000000000003
2010-03-10 10:53:00,665.38
2010-03-10 10:54:00,321.48
2010-03-10 11:21:00,496.55999999999995
2010-03-10 11:28:00,126.5
2010-03-10 11:31:00,84.2
2010-03-10 11:35:00,1.65
2010-03-10 11:46:00,165.78
2010-03-10 12:03:00,355.86
2010-03-10 12:04:00,362.74
2010-03-10 12:05:00,386.0
2010-03-10 12:10:00,70.89
2010-03-10 12:13:00,417.46
2010-03-10 12:16:00,47.75
2010-03-10 12:17:00,41.75
2010-03-10 12:22:00,291.12
2010-03-10 12:23:00,215.46
2010-03-10 12:39:00,194.4
2010-03-10 12:45:00,992.5
2010-03-10 12:50:00,227.7
2010-03-10 12:51:00,1030.8600000000001
2010-03-10 13:01:00,310.8
2010-03-10 13:08:00,551.95
2010-03-10 13:21:00,137.75
2010-03-10 13:26:00,152.09
2010-03-10 13:34:00,771.65
2010-03-10 13:43:00,282.6
2010-03-10 14:00:00,176.4
2010-03-10 14:02:00,474.55
2010-03-10 14:19:00,754.95
2010-03-10 14:24:00,612.7
2010-03-10 14:49:00,773.51
2010-03-10 14:50:00,109.6
2010-03-10 14:52:00,274.9
2010-03-10 15:03:00,406.6
2010-03-10 15:22:00,395.7
2010-03-10 15:25:00,202.68
2010-03-10 16:07:00,287.04
2010-03-10 16:09:00,267.21000000000004
2010-03-10 16:50:00,349.68
2010-03-11 09:26:00,306.6
2010-03-11 09:47:00,167.75
2010-03-11 10:05:00,365.7
2010-03-11 10:07:00,715.42
2010-03-11 10:13:00,2655.96
2010-03-11 10:16:00,162.45
2010-03-11 10:26:00,451.68
2010-03-11 10:48:00,353.71999999999997
2010-03-11 10:50:00,105.08
2010-03-11 10:52:00,611.84
2010-03-11 10:56:00,37.75
2010-03-11 11:45:00,209.99
2010-03-11 11:51:00,219.46
2010-03-11 11:54:00,306.26
2010-03-11 12:04:00,760.3800000000001
2010-03-11 12:17:00,304.05
2010-03-11 12:22:00,140.19
2010-03-11 12:31:00,119.75999999999999
2010-03-11 12:55:00,791.7
2010-03-11 13:13:00,546.78
2010-03-11 13:16:00,11.9
2010-03-11 13:19:00,124.07
2010-03-11 13:21:00,138.89000000000001
2010-03-11 13:30:00,257.55
2010-03-11 13:34:00,335.9
2010-03-11 13:43:00,1609.01
2010-03-11 13:46:00,626.56
2010-03-11 13:52:00,129.33
2010-03-11 14:03:00,24.5
2010-03-11 14:15:00,366.69000000000005
2010-03-11 14:23:00,296.34
2010-03-11 14:33:00,3425.26
2010-03-11 14:51:00,863.25
2010-03-11 15:26:00,281.89
2010-03-11 15:27:00,316.77
2010-03-11 15:33:00,828.6800000000001
2010-03-11 15:36:00,477.74
2010-03-11 17:05:00,246.1
2010-03-11 17:21:00,122.7
2010-03-11 17:37:00,371.72
2010-03-11 17:41:00,574.11
2010-03-11 18:18:00,210.5
2010-03-11 18:46:00,335.40000000000003
2010-03-11 19:24:00,229.70999999999998
2010-03-12 09:15:00,35.400000000000006
2010-03-12 09:21:00,384.46
2010-03-12 09:26:00,1019.3100000000001
2010-03-12 09:57:00,235.3
2010-03-12 10:09:00,917.5600000000001
2010-03-12 10:30:00,93.23
2010-03-12 10:33:00,415.3
2010-03-12 10:36:00,612.0
2010-03-12 10:37:00,1780.9
2010-03-12 10:40:00,323.35
2010-03-12 10:41:00,5089.72
2010-03-12 11:13:00,120.0
2010-03-12 11:40:00,97.35
2010-03-12 11:41:00,97.35
2010-03-12 11:44:00,148.94
2010-03-12 11:48:00,302.0
2010-03-12 11:54:00,128.06
2010-03-12 12:34:00,402.5
2010-03-12 12:41:00,221.74
2010-03-12 12:44:00,222.5
2010-03-12 13:06:00,615.61
2010-03-12 13:07:00,795.5
2010-03-12 13:08:00,146.4
2010-03-12 14:02:00,110.95
2010-03-12 14:31:00,322.53000000000003
2010-03-12 14:45:00,405.0
2010-03-12 14:50:00,728.88
2010-03-12 15:13:00,197.28
2010-03-12 15:17:00,701.7
2010-03-12 15:28:00,213.01
2010-03-12 15:47:00,638.75
2010-03-12 16:06:00,81.85
2010-03-12 16:18:00,531.87
2010-03-12 17:07:00,986.75
2010-03-14 10:10:00,807.22
2010-03-14 10:33:00,250.4
2010-03-14 11:24:00,328.05
2010-03-14 11:55:00,390.46000000000004
2010-03-14 12:01:00,324.8
2010-03-14 12:05:00,412.16
2010-03-14 12:18:00,431.89
2010-03-14 12:24:00,116.85
2010-03-14 12:32:00,493.44000000000005
2010-03-14 12:37:00,428.57
2010-03-14 12:41:00,361.34000000000003
2010-03-14 13:08:00,250.82000000000002
2010-03-14 13:28:00,167.73
2010-03-14 13:40:00,1968.98
2010-03-14 13:43:00,180.4
2010-03-14 13:46:00,116.86
2010-03-14 14:11:00,375.5
2010-03-14 14:21:00,311.7
2010-03-14 15:07:00,591.43
2010-03-14 15:17:00,111.18
2010-03-14 15:19:00,79.9
2010-03-14 16:09:00,39.29
2010-03-14 16:18:00,408.93
2010-03-15 08:48:00,717.23
2010-03-15 09:11:00,221.0
2010-03-15 09:20:00,92.0
2010-03-15 09:46:00,695.96
2010-03-15 10:03:00,321.6
2010-03-15 10:47:00,110.4
2010-03-15 11:00:00,1311.621
2010-03-15 11:04:00,12.6
2010-03-15 11:17:00,165.0
2010-03-15 11:33:00,279.8
2010-03-15 11:39:00,484.65
2010-03-15 12:07:00,332.05
2010-03-15 12:14:00,718.6800000000001
2010-03-15 12:44:00,216.0
2010-03-15 12:45:00,879.6
2010-03-15 12:46:00,972.0
2010-03-15 12:47:00,153.0
2010-03-15 12:48:00,126.48
2010-03-15 12:49:00,543.63
2010-03-15 12:52:00,362.88
2010-03-15 12:54:00,391.15000000000003
2010-03-15 13:06:00,607.35
2010-03-15 13:34:00,851.16
2010-03-15 13:39:00,274.09
2010-03-15 13:40:00,85.6
2010-03-15 13:45:00,227.14
2010-03-15 13:55:00,190.9
2010-03-15 13:58:00,306.98
2010-03-15 14:01:00,187.49
2010-03-15 14:10:00,402.98
2010-03-15 14:13:00,228.57
2010-03-15 14:15:00,819.24
2010-03-15 14:16:00,371.7
2010-03-15 14:19:00,1182.3500000000001
2010-03-15 15:33:00,469.24
2010-03-15 15:58:00,169.65
2010-03-15 16:02:00,516.38
2010-03-15 16:05:00,115.16
2010-03-15 16:13:00,180.85
2010-03-15 16:19:00,112.9
2010-03-15 16:35:00,1873.6200000000001
2010-03-15 16:36:00,661.04
2010-03-15 17:01:00,230.54
2010-03-15 17:12:00,807.2
2010-03-15 17:14:00,258.32
2010-03-15 17:16:00,298.9
2010-03-16 08:23:00,334.08000000000004
2010-03-16 09:39:00,508.01
2010-03-16 09:42:00,329.5
2010-03-16 09:49:00,456.65999999999997
2010-03-16 10:28:00,500.24
2010-03-16 10:29:00,3.3
2010-03-16 10:49:00,1155.02
2010-03-16 10:51:00,334.45
2010-03-16 10:58:00,269.93
2010-03-16 11:08:00,351.06
2010-03-16 11:14:00,985.44
2010-03-16 11:16:00,228.1
2010-03-16 11:29:00,46.8
2010-03-16 11:46:00,83.52
2010-03-16 11:53:00,152.55
2010-03-16 11:54:00,146.95
2010-03-16 12:00:00,256.48
2010-03-16 12:13:00,424.74
2010-03-16 12:34:00,140.35
2010-03-16 12:53:00,389.4
2010-03-16 13:00:00,143.85999999999999
2010-03-16 13:05:00,102.0
2010-03-16 13:15:00,754.26
2010-03-16 13:22:00,73.45
2010-03-16 13:23:00,547.32
2010-03-16 13:25:00,112.8
2010-03-16 13:28:00,1441.32
2010-03-16 13:47:00,508.0
2010-03-16 14:01:00,165.63
2010-03-16 14:08:00,1842.88
2010-03-16 14:19:00,706.2
2010-03-16 14:24:00,344.78000000000003
2010-03-16 14:41:00,303.98
2010-03-16 15:02:00,454.73
2010-03-16 15:18:00,115.03
2010-03-16 15:19:00,123.60000000000001
2010-03-16 15:52:00,205.56
2010-03-16 16:01:00,224.1
2010-03-16 16:18:00,224.22
2010-03-16 16:22:00,305.41
2010-03-16 16:24:00,271.32
2010-03-16 16:31:00,4607.3
2010-03-16 16:45:00,374.45
2010-03-17 08:59:00,266.73
2010-03-17 09:26:00,389.26000000000005
2010-03-17 09:42:00,278.45
2010-03-17 09:43:00,300.6
2010-03-17 10:10:00,864.0
2010-03-17 10:16:00,422.09000000000003
2010-03-17 10:22:00,1448.64
2010-03-17 10:33:00,331.32
2010-03-17 10:34:00,975.0
2010-03-17 10:51:00,304.09000000000003
2010-03-17 11:21:00,107.55
2010-03-17 11:33:00,431.39
2010-03-17 11:37:00,155.64000000000001
2010-03-17 11:53:00,298.44
2010-03-17 12:14:00,818.29
2010-03-17 12:17:00,470.72
2010-03-17 12:19:00,427.2
2010-03-17 12:25:00,537.92
2010-03-17 12:32:00,746.94
2010-03-17 12:42:00,198.03
2010-03-17 12:47:00,1607.04
2010-03-17 12:50:00,152.16
2010-03-17 12:54:00,137.11
2010-03-17 13:03:00,320.12
2010-03-17 13:09:00,6866.3
2010-03-17 13:12:00,146.85
2010-03-17 13:28:00,328.35
2010-03-17 14:05:00,177.36
2010-03-17 14:12:00,236.02
2010-03-17 14:23:00,1225.2
2010-03-17 14:27:00,308.0
2010-03-17 14:28:00,39.12
2010-03-17 14:55:00,292.93
2010-03-17 14:59:00,2917.7599999999998
2010-03-17 15:11:00,114.69
2010-03-17 15:20:00,169.45
2010-03-17 15:24:00,1460.3600000000001
2010-03-17 15:29:00,1189.01
2010-03-17 15:37:00,381.95
2010-03-17 15:43:00,159.74
2010-03-17 16:14:00,1050.56
2010-03-17 16:33:00,156.51999999999998
2010-03-17 17:11:00,146.3
2010-03-17 17:27:00,188.58
2010-03-18 07:29:00,140.16
2010-03-18 07:31:00,204.2
2010-03-18 07:32:00,45.599999999999994
2010-03-18 08:03:00,425.64
2010-03-18 08:05:00,1328.04
2010-03-18 08:06:00,459.86
2010-03-18 08:48:00,222.95999999999998
2010-03-18 09:12:00,407.91
2010-03-18 09:49:00,1319.99
2010-03-18 10:08:00,1321.55
2010-03-18 10:09:00,153.94
2010-03-18 10:22:00,1922.1000000000001
2010-03-18 10:51:00,1835.0
2010-03-18 10:52:00,120.65
2010-03-18 10:56:00,219.79999999999998
2010-03-18 10:58:00,3137.85
2010-03-18 11:06:00,140.20000000000002
2010-03-18 11:08:00,228.9
2010-03-18 11:09:00,197.4
2010-03-18 11:10:00,99.02000000000001
2010-03-18 11:28:00,525.9000000000001
2010-03-18 11:31:00,241.05
2010-03-18 11:37:00,571.62
2010-03-18 11:38:00,99.0
2010-03-18 11:39:00,771.85
2010-03-18 11:40:00,248.65
2010-03-18 11:42:00,57.82
2010-03-18 11:46:00,91.80000000000001
2010-03-18 11:48:00,782.56
2010-03-18 11:51:00,96.23
2010-03-18 12:08:00,1150.08
2010-03-18 12:09:00,120.6
2010-03-18 12:11:00,656.25
2010-03-18 12:14:00,353.49
2010-03-18 12:35:00,627.74
2010-03-18 12:40:00,409.12
2010-03-18 12:41:00,76.32000000000001
2010-03-18 12:42:00,24.05
2010-03-18 12:44:00,360.26
2010-03-18 12:45:00,110.25999999999999
2010-03-18 12:47:00,626.93
2010-03-18 13:00:00,46.68
2010-03-18 13:08:00,181.48
2010-03-18 13:10:00,251.62
2010-03-18 13:16:00,146.14
2010-03-18 13:28:00,328.03000000000003
2010-03-18 13:37:00,312.97
2010-03-18 14:04:00,250.47
2010-03-18 14:09:00,1155.48
2010-03-18 14:12:00,618.36
2010-03-18 14:14:00,327.19
2010-03-18 14:26:00,1042.92
2010-03-18 14:40:00,406.7
2010-03-18 15:08:00,263.5
2010-03-18 15:11:00,305.55
2010-03-18 15:12:00,323.93
2010-03-18 15:19:00,187.64000000000001
2010-03-18 15:23:00,155.05
2010-03-18 15:52:00,186.0
2010-03-18 15:53:00,325.35
2010-03-18 16:16:00,560.98
2010-03-18 16:20:00,120.32
2010-03-18 16:28:00,266.9
2010-03-18 16:30:00,330.29
2010-03-18 16:35:00,4580.0
2010-03-18 16:37:00,583.1
2010-03-18 17:04:00,286.22
2010-03-18 17:05:00,190.67000000000002
2010-03-18 17:26:00,663.6
2010-03-18 17:34:00,222.93
2010-03-18 18:25:00,138.54
2010-03-18 18:37:00,285.0
2010-03-18 18:47:00,66.0
2010-03-18 18:57:00,94.9
2010-03-18 19:29:00,162.14000000000001
2010-03-18 20:02:00,271.75
2010-03-19 09:03:00,176.51999999999998
2010-03-19 09:53:00,605.3199999999999
2010-03-19 09:54:00,125.35
2010-03-19 10:02:00,497.9
2010-03-19 10:07:00,453.17
2010-03-19 10:11:00,327.44
2010-03-19 10:18:00,161.6
2010-03-19 10:21:00,1048.76
2010-03-19 10:22:00,698.45
2010-03-19 10:23:00,959.7
2010-03-19 10:27:00,419.55
2010-03-19 10:35:00,405.53000000000003
2010-03-19 10:40:00,177.3
2010-03-19 10:44:00,355.8
2010-03-19 11:05:00,1523.8300000000002
2010-03-19 11:07:00,291.45
2010-03-19 11:10:00,704.58
2010-03-19 11:35:00,6958.17
2010-03-19 11:39:00,728.37
2010-03-19 11:45:00,6958.17
2010-03-19 11:52:00,318.06
2010-03-19 12:31:00,306.97
2010-03-19 12:39:00,138.49
2010-03-19 13:01:00,628.11
2010-03-19 13:17:00,1248.8600000000001
2010-03-19 13:19:00,414.5
2010-03-19 13:22:00,313.4
2010-03-19 13:32:00,421.31
2010-03-19 13:41:00,240.95
2010-03-19 13:51:00,595.8000000000001
2010-03-19 14:01:00,376.44
2010-03-19 14:02:00,583.9399999999999
2010-03-19 14:05:00,487.49
2010-03-19 14:16:00,147.46
2010-03-19 14:41:00,1055.51
2010-03-19 14:44:00,169.8
2010-03-19 14:47:00,652.9
2010-03-19 14:56:00,149.15
2010-03-19 14:59:00,154.21
2010-03-19 15:09:00,117.1
2010-03-19 15:14:00,322.69
2010-03-19 15:18:00,385.38
2010-03-19 15:27:00,150.34
2010-03-19 15:40:00,409.44000000000005
2010-03-19 15:45:00,568.61
2010-03-19 15:59:00,318.0
2010-03-19 16:24:00,198.03
2010-03-19 17:03:00,824.4
2010-03-21 10:25:00,604.65
2010-03-21 10:28:00,17.6
2010-03-21 10:30:00,326.69
2010-03-21 10:34:00,377.87
2010-03-21 10:49:00,215.55
2010-03-21 10:50:00,144.35000000000002
2010-03-21 10:51:00,324.89
2010-03-21 11:07:00,186.65
2010-03-21 11:15:00,107.34
2010-03-21 11:16:00,329.38
2010-03-21 11:17:00,17.0
2010-03-21 11:21:00,412.95
2010-03-21 11:32:00,1023.53
2010-03-21 11:41:00,268.83
2010-03-21 11:46:00,359.08
2010-03-21 11:47:00,161.4
2010-03-21 11:51:00,280.2
2010-03-21 11:57:00,258.75
2010-03-21 12:00:00,496.85
2010-03-21 12:01:00,320.0
2010-03-21 12:20:00,411.42
2010-03-21 12:23:00,51.6
2010-03-21 12:24:00,606.4000000000001
2010-03-21 12:26:00,18.41
2010-03-21 12:31:00,2613.62
2010-03-21 12:39:00,226.60000000000002
2010-03-21 12:56:00,150.64
2010-03-21 13:14:00,547.04
2010-03-21 13:27:00,224.81
2010-03-21 13:38:00,202.99
2010-03-21 13:42:00,396.34999999999997
2010-03-21 13:50:00,262.31
2010-03-21 14:04:00,111.35000000000001
2010-03-21 14:06:00,86.25
2010-03-21 14:07:00,194.22
2010-03-21 14:16:00,176.71
2010-03-21 14:18:00,321.34000000000003
2010-03-21 14:24:00,552.38
2010-03-21 14:44:00,196.3
2010-03-21 14:49:00,113.25
2010-03-21 14:55:00,167.65
2010-03-21 15:03:00,245.69
2010-03-21 15:16:00,181.8
2010-03-21 15:17:00,143.48000000000002
2010-03-21 15:22:00,477.28000000000003
2010-03-21 15:23:00,711.56
2010-03-21 15:25:00,220.0
2010-03-21 15:33:00,1089.98
2010-03-21 15:36:00,123.13
2010-03-21 15:49:00,381.0
2010-03-21 15:50:00,256.22
2010-03-21 15:56:00,917.7
2010-03-21 16:02:00,1006.1
2010-03-21 16:13:00,866.34
2010-03-22 08:07:00,17.4
2010-03-22 08:41:00,314.1
2010-03-22 09:05:00,253.58
2010-03-22 09:14:00,223.91000000000003
2010-03-22 09:19:00,415.92
2010-03-22 09:23:00,343.12
2010-03-22 10:04:00,142.95
2010-03-22 10:08:00,535.53
2010-03-22 10:14:00,2545.44
2010-03-22 10:21:00,391.5
2010-03-22 10:23:00,371.5
2010-03-22 10:25:00,353.4
2010-03-22 10:26:00,905.84
2010-03-22 10:31:00,151.45
2010-03-22 10:33:00,988.0400000000001
2010-03-22 10:43:00,851.96
2010-03-22 10:56:00,437.97
2010-03-22 11:01:00,186.9
2010-03-22 11:21:00,877.85
2010-03-22 11:24:00,0.95
2010-03-22 11:49:00,1183.8
2010-03-22 11:53:00,327.34000000000003
2010-03-22 11:55:00,107.7
2010-03-22 12:06:00,133.6
2010-03-22 12:10:00,546.03
2010-03-22 12:31:00,139.2
2010-03-22 13:07:00,310.98
2010-03-22 13:23:00,318.8
2010-03-22 13:30:00,301.5
2010-03-22 13:44:00,298.40000000000003
2010-03-22 13:49:00,623.69
2010-03-22 13:50:00,34.8
2010-03-22 14:23:00,388.6
2010-03-22 14:30:00,1491.47
2010-03-22 14:34:00,471.16
2010-03-22 14:38:00,49.3
2010-03-22 14:43:00,233.55
2010-03-22 14:44:00,370.75
2010-03-22 14:50:00,630.72
2010-03-22 15:08:00,301.14
2010-03-22 15:20:00,60.0
2010-03-22 15:30:00,222.06
2010-03-22 15:47:00,195.35
2010-03-22 15:49:00,310.8
2010-03-22 15:59:00,388.48
2010-03-22 16:04:00,511.23
2010-03-22 16:44:00,114.5
2010-03-22 17:32:00,266.08
2010-03-22 17:34:00,628.08
2010-03-22 18:00:00,225.74
2010-03-23 08:40:00,313.38
2010-03-23 08:55:00,345.6
2010-03-23 09:15:00,473.98
2010-03-23 09:18:00,300.38
2010-03-23 09:43:00,372.94
2010-03-23 09:50:00,284.03999999999996
2010-03-23 09:57:00,189.25
2010-03-23 10:06:00,654.25
2010-03-23 10:11:00,227.01999999999998
2010-03-23 10:23:00,344.16
2010-03-23 10:28:00,301.86
2010-03-23 10:30:00,777.91
2010-03-23 10:32:00,9.9
2010-03-23 11:01:00,510.78000000000003
2010-03-23 11:13:00,1327.98
2010-03-23 11:20:00,10.14
2010-03-23 11:29:00,487.79999999999995
2010-03-23 11:41:00,123.13
2010-03-23 11:48:00,869.27
2010-03-23 12:07:00,81.6
2010-03-23 12:11:00,190.78
2010-03-23 12:12:00,531.4200000000001
2010-03-23 12:13:00,222.22
2010-03-23 12:18:00,330.38
2010-03-23 12:20:00,255.02
2010-03-23 12:24:00,677.38
2010-03-23 12:41:00,228.25
2010-03-23 12:44:00,312.45
2010-03-23 13:05:00,255.69
2010-03-23 13:11:00,500.3
2010-03-23 13:12:00,426.27
2010-03-23 13:21:00,112.83
2010-03-23 13:26:00,149.3
2010-03-23 13:34:00,364.31
2010-03-23 13:40:00,1017.4300000000001
2010-03-23 13:50:00,71.4
2010-03-23 13:52:00,359.27
2010-03-23 14:09:00,298.74
2010-03-23 14:22:00,496.66
2010-03-23 14:29:00,156.9
2010-03-23 15:01:00,390.6
2010-03-23 15:06:00,377.4
2010-03-23 15:08:00,597.3
2010-03-23 15:10:00,110.0
2010-03-23 15:11:00,156.6
2010-03-23 15:13:00,291.5
2010-03-23 15:15:00,63.0
2010-03-23 15:22:00,10953.5
2010-03-23 15:34:00,241.89999999999998
2010-03-23 15:35:00,1900.0
2010-03-23 15:36:00,10117.05
2010-03-23 15:47:00,355.62
2010-03-23 15:52:00,159.5
2010-03-23 15:56:00,10.05
2010-03-23 16:01:00,34.8
2010-03-23 16:37:00,395.23
2010-03-23 16:39:00,27.4
2010-03-23 16:45:00,289.45
2010-03-23 16:50:00,171.47
2010-03-23 17:11:00,205.65
2010-03-23 17:15:00,15.9
2010-03-24 08:31:00,412.88
2010-03-24 08:55:00,388.55
2010-03-24 09:07:00,2509.9
2010-03-24 09:26:00,877.1800000000001
2010-03-24 09:31:00,301.5
2010-03-24 09:46:00,446.21000000000004
2010-03-24 09:52:00,793.2800000000001
2010-03-24 09:54:00,79.2
2010-03-24 09:57:00,884.54
2010-03-24 10:00:00,309.35
2010-03-24 10:03:00,334.08
2010-03-24 10:09:00,38.35
2010-03-24 10:15:00,349.75000000000006
2010-03-24 10:28:00,1885.37
2010-03-24 10:30:00,576.91
2010-03-24 10:39:00,40.0
2010-03-24 10:42:00,2337.2
2010-03-24 10:45:00,473.75
2010-03-24 11:05:00,310.2
2010-03-24 11:19:00,117.74000000000001
2010-03-24 11:38:00,243.29
2010-03-24 11:49:00,1020.48
2010-03-24 11:51:00,560.94
2010-03-24 11:52:00,302.86
2010-03-24 11:56:00,306.96000000000004
2010-03-24 12:07:00,119.0
2010-03-24 12:15:00,427.25
2010-03-24 12:17:00,288.4
2010-03-24 12:18:00,34.5
2010-03-24 12:20:00,519.3000000000001
2010-03-24 12:23:00,1083.05
2010-03-24 12:30:00,330.15
2010-03-24 12:32:00,59.5
2010-03-24 12:33:00,928.25
2010-03-24 12:43:00,1201.52
2010-03-24 12:47:00,327.93
2010-03-24 12:54:00,102.0
2010-03-24 12:56:00,132.64
2010-03-24 13:08:00,169.21
2010-03-24 13:14:00,42.900000000000006
2010-03-24 13:15:00,45.0
2010-03-24 13:20:00,379.04
2010-03-24 13:28:00,8.5
2010-03-24 13:30:00,267.7
2010-03-24 13:35:00,5.05
2010-03-24 13:56:00,110.03
2010-03-24 14:05:00,193.22
2010-03-24 14:06:00,354.79
2010-03-24 14:10:00,386.53000000000003
2010-03-24 14:17:00,782.56
2010-03-24 14:19:00,91.8
2010-03-24 14:40:00,101.30000000000001
2010-03-24 14:49:00,169.33
2010-03-24 15:00:00,26.55
2010-03-24 15:08:00,81.0
2010-03-24 15:15:00,173.06
2010-03-24 15:24:00,391.59000000000003
2010-03-24 15:36:00,342.36
2010-03-24 16:22:00,121.67
2010-03-24 16:33:00,273.35
2010-03-25 09:40:00,85.65
2010-03-25 09:44:00,392.94
2010-03-25 10:04:00,580.72
2010-03-25 10:20:00,828.8000000000001
2010-03-25 10:24:00,529.62
2010-03-25 10:28:00,141.06
2010-03-25 10:33:00,463.35
2010-03-25 10:36:00,402.7
2010-03-25 10:55:00,134.2
2010-03-25 11:07:00,1009.6700000000001
2010-03-25 11:09:00,213.75
2010-03-25 11:20:00,316.58
2010-03-25 11:23:00,328.3
2010-03-25 11:28:00,2984.5699999999997
2010-03-25 11:29:00,322.6
2010-03-25 11:31:00,2640.0
2010-03-25 11:32:00,1510.77
2010-03-25 12:03:00,648.97
2010-03-25 12:10:00,70.6
2010-03-25 12:12:00,283.36
2010-03-25 12:20:00,220.32000000000002
2010-03-25 12:39:00,331.5
2010-03-25 12:40:00,309.3
2010-03-25 12:41:00,577.24
2010-03-25 12:43:00,833.31
2010-03-25 12:52:00,342.0
2010-03-25 12:54:00,201.85
2010-03-25 13:02:00,62.95
2010-03-25 13:05:00,180.56
2010-03-25 13:13:00,736.1
2010-03-25 13:15:00,1463.51
2010-03-25 13:16:00,131.15
2010-03-25 13:34:00,241.38
2010-03-25 13:41:00,141.29999999999998
2010-03-25 13:43:00,726.32
2010-03-25 13:46:00,260.5
2010-03-25 13:49:00,325.15000000000003
2010-03-25 13:53:00,503.96999999999997
2010-03-25 13:55:00,344.3
2010-03-25 14:06:00,1103.8500000000001
2010-03-25 14:12:00,236.83
2010-03-25 14:22:00,869.29
2010-03-25 14:23:00,69.6
2010-03-25 14:26:00,340.3
2010-03-25 14:32:00,209.3
2010-03-25 14:39:00,525.34
2010-03-25 14:43:00,227.52
2010-03-25 15:00:00,172.35
2010-03-25 15:14:00,86.22
2010-03-25 15:17:00,231.03
2010-03-25 15:36:00,531.97
2010-03-25 16:17:00,133.85
2010-03-25 16:19:00,429.90000000000003
2010-03-25 16:25:00,381.36
2010-03-25 16:29:00,533.23
2010-03-25 16:33:00,357.91
2010-03-25 16:43:00,41.85
2010-03-25 16:50:00,935.36
2010-03-25 16:58:00,312.46000000000004
2010-03-25 17:06:00,82.2
2010-03-25 17:18:00,86.59
2010-03-25 17:19:00,250.45
2010-03-25 17:21:00,112.14
2010-03-25 17:29:00,146.68
2010-03-25 17:34:00,209.93
2010-03-25 17:38:00,46.2
2010-03-25 19:03:00,17.91
2010-03-25 19:06:00,0.84
2010-03-26 08:51:00,724.25
2010-03-26 09:10:00,200.63
2010-03-26 09:38:00,403.28000000000003
2010-03-26 09:41:00,19.8
2010-03-26 09:46:00,833.2
2010-03-26 09:58:00,272.95
2010-03-26 10:02:00,174.2
2010-03-26 10:20:00,352.77
2010-03-26 11:13:00,1708.1999999999998
2010-03-26 11:20:00,914.17
2010-03-26 11:21:00,383.75
2010-03-26 11:23:00,870.0
2010-03-26 11:26:00,594.5600000000001
2010-03-26 11:37:00,299.75
2010-03-26 11:42:00,20.4
2010-03-26 11:56:00,280.6
2010-03-26 11:59:00,485.52
2010-03-26 12:05:00,146.68
2010-03-26 12:06:00,14.849999999999998
2010-03-26 12:08:00,131.68
2010-03-26 12:19:00,409.2
2010-03-26 12:23:00,303.55
2010-03-26 12:26:00,175.5
2010-03-26 12:42:00,81.4
2010-03-26 13:03:00,783.55
2010-03-26 13:05:00,465.51
2010-03-26 13:08:00,187.14000000000001
2010-03-26 13:13:00,102.53999999999999
2010-03-26 13:28:00,90.15
2010-03-26 13:30:00,194.8
2010-03-26 13:39:00,67.25
2010-03-26 13:42:00,501.36
2010-03-26 13:44:00,285.84
2010-03-26 13:45:00,4865.7
2010-03-26 13:46:00,3208.44
2010-03-26 13:47:00,816.0
2010-03-26 13:50:00,128.22
2010-03-26 13:55:00,219.4
2010-03-26 13:57:00,292.47
2010-03-26 14:01:00,2103.91
2010-03-26 14:16:00,181.7
2010-03-26 14:29:00,2585.75
2010-03-26 14:31:00,120.0
2010-03-26 14:38:00,274.05
2010-03-26 14:40:00,45.6
2010-03-26 14:51:00,780.9200000000001
2010-03-26 14:55:00,181.58
2010-03-26 15:08:00,205.35000000000002
2010-03-26 15:31:00,312.88
2010-03-26 15:32:00,489.54
2010-03-26 16:17:00,421.48
2010-03-26 17:24:00,155.32999999999998
2010-03-28 10:13:00,271.15
2010-03-28 10:28:00,226.3
2010-03-28 10:33:00,598.6700000000001
2010-03-28 10:35:00,366.65
2010-03-28 10:51:00,299.0
2010-03-28 10:54:00,137.99
2010-03-28 11:02:00,112.23
2010-03-28 11:04:00,63.72
2010-03-28 11:07:00,941.42
2010-03-28 11:09:00,70.2
2010-03-28 11:19:00,118.0
2010-03-28 11:20:00,1290.28
2010-03-28 11:28:00,127.65
2010-03-28 11:30:00,445.72
2010-03-28 11:38:00,722.1700000000001
2010-03-28 11:45:00,439.62
2010-03-28 12:18:00,283.75
2010-03-28 12:20:00,388.84
2010-03-28 12:22:00,131.25
2010-03-28 12:26:00,30.0
2010-03-28 12:34:00,197.78
2010-03-28 12:36:00,924.5400000000001
2010-03-28 12:43:00,477.98
2010-03-28 12:44:00,145.84
2010-03-28 12:52:00,307.25
2010-03-28 12:55:00,210.47
2010-03-28 13:10:00,1017.96
2010-03-28 13:18:00,334.87
2010-03-28 13:21:00,136.3
2010-03-28 13:31:00,153.55
2010-03-28 13:36:00,656.72
2010-03-28 13:38:00,1031.37
2010-03-28 13:40:00,351.69
2010-03-28 13:42:00,153.55
2010-03-28 13:47:00,379.04
2010-03-28 14:04:00,742.41
2010-03-28 14:18:00,25.95
2010-03-28 14:26:00,253.45
2010-03-28 14:32:00,213.15
2010-03-28 14:47:00,812.12
2010-03-28 14:48:00,190.53
2010-03-28 14:53:00,289.19
2010-03-28 15:05:00,364.47
2010-03-28 15:11:00,309.99
2010-03-28 15:12:00,559.5600000000001
2010-03-28 15:13:00,98.73
2010-03-28 15:16:00,238.93
2010-03-28 15:33:00,359.46000000000004
2010-03-28 15:40:00,1162.95
2010-03-28 15:42:00,415.71000000000004
2010-03-28 15:44:00,271.05
2010-03-28 15:45:00,179.98
2010-03-28 15:58:00,284.64
2010-03-28 16:04:00,166.19
2010-03-28 16:13:00,513.59
2010-03-28 16:17:00,1406.43
2010-03-29 09:48:00,367.69
2010-03-29 10:07:00,381.0
2010-03-29 10:08:00,348.47
2010-03-29 10:10:00,243.0
2010-03-29 10:25:00,1110.0
2010-03-29 10:26:00,861.5999999999999
2010-03-29 10:37:00,573.34
2010-03-29 10:38:00,288.57
2010-03-29 10:41:00,890.4000000000001
2010-03-29 10:44:00,2121.3599999999997
2010-03-29 10:55:00,637.11
2010-03-29 10:56:00,197.79
2010-03-29 11:16:00,709.78
2010-03-29 11:28:00,7090.8
2010-03-29 11:33:00,1652.4
2010-03-29 11:38:00,461.76
2010-03-29 11:40:00,74.0
2010-03-29 11:41:00,173.67000000000002
2010-03-29 11:42:00,164.47
2010-03-29 11:43:00,401.65
2010-03-29 11:49:00,643.46
2010-03-29 11:55:00,292.95
2010-03-29 12:01:00,270.95
2010-03-29 12:19:00,940.52
2010-03-29 12:32:00,315.4
2010-03-29 12:51:00,306.0
2010-03-29 12:52:00,1045.44
2010-03-29 13:03:00,1.45
2010-03-29 13:04:00,350.1
2010-03-29 13:06:00,228.67000000000002
2010-03-29 13:09:00,579.6
2010-03-29 13:10:00,415.14
2010-03-29 13:21:00,41.25
2010-03-29 13:36:00,265.14
2010-03-29 13:39:00,228.6
2010-03-29 13:43:00,147.3
2010-03-29 13:44:00,29.95
2010-03-29 13:46:00,359.44
2010-03-29 13:55:00,142.12
2010-03-29 13:57:00,44.09
2010-03-29 14:04:00,196.45000000000002
2010-03-29 14:06:00,1.25
2010-03-29 14:15:00,285.40999999999997
2010-03-29 14:19:00,236.82
2010-03-29 14:47:00,848.6800000000001
2010-03-29 14:52:00,728.39
2010-03-29 14:57:00,918.5
2010-03-29 15:03:00,499.51
2010-03-29 15:21:00,375.6
2010-03-29 15:34:00,437.9
2010-03-29 15:38:00,123.1
2010-03-29 15:48:00,313.7
2010-03-29 16:14:00,169.25
2010-03-29 16:28:00,487.35
2010-03-29 16:48:00,203.97
2010-03-29 17:17:00,308.85
2010-03-29 17:44:00,209.22
2010-03-30 09:05:00,138.7
2010-03-30 09:32:00,630.35
2010-03-30 09:47:00,1430.37
2010-03-30 10:26:00,239.08
2010-03-30 10:31:00,905.16
2010-03-30 10:49:00,369.3
2010-03-30 10:55:00,702.3199999999999
2010-03-30 10:58:00,146.9
2010-03-30 11:11:00,75.0
2010-03-30 11:14:00,494.48
2010-03-30 11:36:00,117.0
2010-03-30 11:39:00,68.25
2010-03-30 11:48:00,1065.1200000000001
2010-03-30 12:07:00,301.8
2010-03-30 12:13:00,323.71
2010-03-30 12:16:00,391.85
2010-03-30 12:17:00,496.86
2010-03-30 12:22:00,97.97
2010-03-30 12:26:00,2429.42
2010-03-30 12:27:00,316.56
2010-03-30 12:29:00,397.4
2010-03-30 12:30:00,90.4
2010-03-30 12:35:00,1104.94
2010-03-30 12:36:00,248.16
2010-03-30 12:40:00,275.21
2010-03-30 12:50:00,30.1
2010-03-30 12:58:00,362.77
2010-03-30 13:00:00,123.28
2010-03-30 13:12:00,167.4
2010-03-30 13:13:00,1652.22
2010-03-30 13:15:00,248.09
2010-03-30 13:19:00,1180.92
2010-03-30 13:24:00,92.16
2010-03-30 13:27:00,408.0
2010-03-30 13:33:00,227.95000000000002
2010-03-30 13:35:00,96.6
2010-03-30 13:36:00,374.18
2010-03-30 13:38:00,143.07
2010-03-30 13:57:00,308.70000000000005
2010-03-30 14:03:00,1.65
2010-03-30 14:04:00,673.28
2010-03-30 14:05:00,684.12
2010-03-30 14:14:00,405.0
2010-03-30 14:23:00,214.11
2010-03-30 14:26:00,1254.22
2010-03-30 14:28:00,299.2
2010-03-30 14:47:00,6051.45
2010-03-30 14:54:00,110.7
2010-03-30 14:58:00,43.5
2010-03-30 15:02:00,171.9
2010-03-30 15:06:00,99.0
2010-03-30 15:20:00,1038.3500000000001
2010-03-30 15:21:00,1057.9
2010-03-30 15:25:00,156.87
2010-03-30 15:38:00,306.75
2010-03-30 15:40:00,107.58000000000001
2010-03-30 15:48:00,328.67
2010-03-30 16:17:00,23.4
2010-03-30 16:24:00,132.52
2010-03-30 16:40:00,976.08
2010-03-30 16:53:00,128.3
2010-03-30 17:10:00,339.17
2010-03-30 17:25:00,377.39
2010-03-30 17:31:00,13.2
2010-03-30 17:33:00,258.45
2010-03-31 09:40:00,389.81
2010-03-31 09:42:00,476.84000000000003
2010-03-31 09:43:00,502.8
2010-03-31 09:49:00,169.69
2010-03-31 09:52:00,389.49
2010-03-31 10:00:00,433.53000000000003
2010-03-31 10:05:00,357.0
2010-03-31 10:10:00,282.0
2010-03-31 10:27:00,349.2
2010-03-31 10:32:00,342.65
2010-03-31 10:40:00,179.61
2010-03-31 10:41:00,187.99
2010-03-31 10:49:00,181.15
2010-03-31 10:50:00,305.76
2010-03-31 10:54:00,16.44
2010-03-31 11:09:00,367.54
2010-03-31 11:11:00,384.55
2010-03-31 11:27:00,472.89
2010-03-31 11:31:00,121.68
2010-03-31 11:33:00,118.8
2010-03-31 11:39:00,312.51
2010-03-31 11:40:00,572.3100000000001
2010-03-31 11:55:00,63.150000000000006
2010-03-31 11:57:00,212.65
2010-03-31 11:58:00,174.14000000000001
2010-03-31 12:16:00,342.37
2010-03-31 12:19:00,382.55
2010-03-31 12:21:00,1005.62
2010-03-31 12:22:00,308.61
2010-03-31 12:23:00,152.5
2010-03-31 12:28:00,337.78
2010-03-31 12:29:00,190.95
2010-03-31 12:44:00,117.53999999999999
2010-03-31 12:52:00,462.19
2010-03-31 12:57:00,560.14
2010-03-31 13:09:00,253.88
2010-03-31 13:10:00,169.8
2010-03-31 13:15:00,126.89
2010-03-31 13:17:00,226.08999999999997
2010-03-31 13:22:00,64.48
2010-03-31 13:23:00,22.15
2010-03-31 13:29:00,1624.49
2010-03-31 13:32:00,501.4
2010-03-31 13:33:00,1400.26
2010-03-31 13:39:00,1058.19
2010-03-31 13:40:00,1131.98
2010-03-31 13:42:00,305.0
2010-03-31 13:45:00,17.4
2010-03-31 14:02:00,121.85
2010-03-31 14:03:00,318.98
2010-03-31 14:08:00,254.92000000000002
2010-03-31 14:12:00,150.3
2010-03-31 14:18:00,76.23
2010-03-31 14:31:00,110.30000000000001
2010-03-31 15:00:00,228.96000000000004
2010-03-31 15:22:00,299.34000000000003
2010-03-31 15:30:00,300.35
2010-03-31 15:38:00,1262.75
2010-03-31 15:42:00,356.23
2010-03-31 16:31:00,2174.84
2010-03-31 17:13:00,264.1
2010-03-31 17:29:00,545.48
2010-04-01 07:49:00,817.25
2010-04-01 08:33:00,324.6
2010-04-01 08:34:00,486.8
2010-04-01 08:43:00,389.95
2010-04-01 08:45:00,651.48
2010-04-01 09:03:00,571.76
2010-04-01 09:50:00,476.36
2010-04-01 09:53:00,266.93
2010-04-01 10:05:00,245.76
2010-04-01 10:16:00,627.8
2010-04-01 10:29:00,300.05
2010-04-01 10:33:00,202.20000000000002
2010-04-01 10:34:00,323.87
2010-04-01 10:36:00,632.28
2010-04-01 10:48:00,540.08
2010-04-01 10:57:00,700.47
2010-04-01 11:16:00,524.39
2010-04-01 11:22:00,126.5
2010-04-01 11:38:00,77.5
2010-04-01 11:48:00,665.87
2010-04-01 11:51:00,326.65000000000003
2010-04-01 11:55:00,642.1
2010-04-01 11:57:00,119.4
2010-04-01 12:07:00,230.5
2010-04-01 12:10:00,409.31
2010-04-01 12:26:00,396.06
2010-04-01 12:30:00,714.0
2010-04-01 12:33:00,360.76
2010-04-01 12:54:00,199.97
2010-04-01 12:56:00,162.1
2010-04-01 13:01:00,379.2
2010-04-01 13:17:00,222.11
2010-04-01 13:20:00,727.49
2010-04-01 13:24:00,304.8
2010-04-01 13:28:00,151.46
2010-04-01 13:33:00,303.39
2010-04-01 13:54:00,475.61
2010-04-01 13:58:00,207.95000000000002
2010-04-01 14:04:00,168.87
2010-04-01 14:14:00,266.85
2010-04-01 14:15:00,126.51
2010-04-01 14:18:00,363.56
2010-04-01 14:19:00,2831.66
2010-04-01 14:23:00,225.99
2010-04-01 14:49:00,313.1
2010-04-01 14:51:00,303.1
2010-04-01 14:52:00,861.85
2010-04-01 14:59:00,298.88
2010-04-01 15:15:00,285.6
2010-04-01 15:16:00,204.91
2010-04-01 15:38:00,300.66
2010-04-01 15:40:00,556.75
2010-04-01 15:46:00,441.55
2010-04-01 16:13:00,232.92
2010-04-01 16:35:00,541.95
2010-04-01 16:40:00,433.29
2010-04-01 16:46:00,514.42
2010-04-01 16:55:00,20.97
2010-04-01 17:13:00,256.64
2010-04-01 17:15:00,374.2
2010-04-01 17:23:00,387.45
2010-04-01 18:03:00,217.92
2010-04-01 18:23:00,72.34
2010-04-01 18:37:00,452.48
2010-04-01 18:48:00,1505.89
2010-04-01 19:06:00,274.58
2010-04-01 19:34:00,178.2
2010-04-01 19:46:00,244.31
2010-04-01 19:54:00,104.5
2010-04-06 09:28:00,207.36
2010-04-06 09:30:00,296.8
2010-04-06 09:37:00,63.0
2010-04-06 09:39:00,216.0
2010-04-06 09:46:00,318.0
2010-04-06 09:51:00,721.8
2010-04-06 09:52:00,450.85
2010-04-06 09:53:00,204.0
2010-04-06 09:56:00,1275.6
2010-04-06 09:58:00,148.47
2010-04-06 10:06:00,412.58
2010-04-06 10:21:00,59.400000000000006
2010-04-06 10:22:00,760.02
2010-04-06 10:43:00,589.52
2010-04-06 10:47:00,1008.0
2010-04-06 11:06:00,2.95
2010-04-06 11:17:00,477.08
2010-04-06 11:21:00,396.47
2010-04-06 11:41:00,283.78000000000003
2010-04-06 11:42:00,319.69
2010-04-06 11:47:00,321.45
2010-04-06 12:11:00,128.7
2010-04-06 12:14:00,458.45
2010-04-06 12:20:00,321.05
2010-04-06 12:39:00,196.76
2010-04-06 12:40:00,89.25
2010-04-06 12:41:00,478.1
2010-04-06 12:43:00,165.38
2010-04-06 12:45:00,160.29
2010-04-06 12:54:00,228.0
2010-04-06 12:56:00,252.3
2010-04-06 13:29:00,269.70000000000005
2010-04-06 13:30:00,214.58
2010-04-06 13:37:00,129.22
2010-04-06 13:42:00,416.4
2010-04-06 13:52:00,502.05
2010-04-06 13:53:00,429.96
2010-04-06 13:54:00,103.93
2010-04-06 14:10:00,445.40000000000003
2010-04-06 14:14:00,261.1
2010-04-06 14:18:00,118.95
2010-04-06 14:21:00,47.5
2010-04-06 14:30:00,649.91
2010-04-06 14:39:00,252.52
2010-04-06 14:42:00,130.3
2010-04-06 15:08:00,263.13
2010-04-06 15:09:00,177.9
2010-04-06 15:10:00,480.7
2010-04-06 15:16:00,7.95
2010-04-06 15:33:00,332.37
2010-04-06 16:01:00,1076.46
2010-04-06 16:24:00,365.5
2010-04-06 16:37:00,214.20000000000002
2010-04-07 09:29:00,307.26
2010-04-07 10:02:00,359.83
2010-04-07 10:24:00,598.04
2010-04-07 10:35:00,166.84
2010-04-07 10:53:00,680.04
2010-04-07 10:59:00,734.79
2010-04-07 11:04:00,339.09000000000003
2010-04-07 11:07:00,143.12
2010-04-07 11:13:00,33.0
2010-04-07 11:20:00,232.6
2010-04-07 11:21:00,312.5
2010-04-07 11:52:00,330.45
2010-04-07 11:59:00,789.75
2010-04-07 12:07:00,1015.48
2010-04-07 12:09:00,1187.9
2010-04-07 12:14:00,12.75
2010-04-07 12:23:00,132.8
2010-04-07 12:30:00,450.05
2010-04-07 12:45:00,1015.0500000000001
2010-04-07 12:58:00,142.8
2010-04-07 13:07:00,614.63
2010-04-07 13:14:00,74.6
2010-04-07 13:21:00,482.58
2010-04-07 13:34:00,316.44
2010-04-07 13:46:00,124.5
2010-04-07 13:48:00,411.45
2010-04-07 13:54:00,219.25
2010-04-07 14:04:00,823.4000000000001
2010-04-07 14:08:00,1154.4
2010-04-07 14:10:00,237.70000000000002
2010-04-07 14:12:00,3068.68
2010-04-07 14:14:00,1902.9
2010-04-07 14:16:00,2213.2000000000003
2010-04-07 14:17:00,209.4
2010-04-07 14:21:00,135.55
2010-04-07 14:32:00,320.23
2010-04-07 14:36:00,1866.39
2010-04-07 14:50:00,293.06
2010-04-07 14:54:00,13.919999999999998
2010-04-07 15:02:00,389.43
2010-04-07 15:14:00,260.38
2010-04-07 15:33:00,405.0
2010-04-07 15:43:00,636.6
2010-04-07 15:47:00,444.6
2010-04-07 15:54:00,1.55
2010-04-07 16:06:00,1103.8
2010-04-07 16:09:00,360.6
2010-04-07 16:11:00,874.84
2010-04-07 16:13:00,1749.68
2010-04-07 16:16:00,874.84
2010-04-07 16:17:00,874.84
2010-04-07 16:21:00,294.52
2010-04-07 16:22:00,98.9
2010-04-07 16:36:00,88.5
2010-04-07 16:52:00,222.25
2010-04-08 08:00:00,418.1
2010-04-08 08:01:00,204.6
2010-04-08 08:27:00,442.5
2010-04-08 08:31:00,147.12
2010-04-08 09:06:00,187.35000000000002
2010-04-08 09:25:00,907.1
2010-04-08 09:43:00,1231.94
2010-04-08 09:44:00,816.0
2010-04-08 09:47:00,1383.6
2010-04-08 09:56:00,394.65999999999997
2010-04-08 10:08:00,247.5
2010-04-08 10:17:00,246.05
2010-04-08 10:19:00,453.03999999999996
2010-04-08 10:30:00,1671.2
2010-04-08 10:40:00,396.2
2010-04-08 10:52:00,696.03
2010-04-08 11:11:00,799.91
2010-04-08 11:16:00,537.58
2010-04-08 11:18:00,855.35
2010-04-08 11:20:00,1239.83
2010-04-08 11:33:00,138.29
2010-04-08 11:49:00,435.65999999999997
2010-04-08 11:50:00,199.17000000000002
2010-04-08 11:59:00,297.69
2010-04-08 12:09:00,196.08
2010-04-08 12:13:00,475.46
2010-04-08 12:23:00,4635.78
2010-04-08 12:51:00,433.71999999999997
2010-04-08 12:54:00,404.58000000000004
2010-04-08 13:15:00,297.94
2010-04-08 13:16:00,540.16
2010-04-08 13:18:00,314.85
2010-04-08 13:19:00,240.57
2010-04-08 13:21:00,920.25
2010-04-08 13:32:00,1634.55
2010-04-08 13:45:00,142.34
2010-04-08 13:54:00,521.13
2010-04-08 14:15:00,141.08
2010-04-08 14:28:00,443.28000000000003
2010-04-08 14:30:00,1183.38
2010-04-08 14:36:00,414.72
2010-04-08 14:37:00,227.4
2010-04-08 14:42:00,33.0
2010-04-08 15:04:00,466.46999999999997
2010-04-08 15:19:00,304.33
2010-04-08 15:20:00,153.79999999999998
2010-04-08 15:29:00,387.43
2010-04-08 15:30:00,356.0
2010-04-08 15:35:00,123.6
2010-04-08 15:36:00,76.2
2010-04-08 15:40:00,434.69
2010-04-08 15:41:00,585.73
2010-04-08 16:21:00,17.65
2010-04-08 16:36:00,316.41
2010-04-08 16:43:00,3242.22
2010-04-08 16:45:00,514.54
2010-04-08 16:49:00,992.64
2010-04-08 16:50:00,15.0
2010-04-08 16:54:00,195.0
2010-04-08 16:58:00,172.4
2010-04-08 17:00:00,232.61999999999998
2010-04-08 17:04:00,303.90000000000003
2010-04-08 17:05:00,410.75
2010-04-08 17:09:00,33.260000000000005
2010-04-08 17:15:00,300.7
2010-04-08 17:32:00,247.5
2010-04-08 17:39:00,303.45
2010-04-08 17:44:00,196.13
2010-04-08 17:45:00,178.35
2010-04-08 17:51:00,381.98
2010-04-08 19:13:00,262.9
2010-04-08 19:29:00,160.55
2010-04-08 19:39:00,244.9
2010-04-08 19:40:00,708.76
2010-04-09 08:05:00,646.8
2010-04-09 09:14:00,373.01000000000005
2010-04-09 09:26:00,488.3
2010-04-09 09:54:00,216.0
2010-04-09 10:08:00,1888.31
2010-04-09 10:12:00,374.95
2010-04-09 10:17:00,933.8
2010-04-09 10:19:00,162.72
2010-04-09 10:24:00,534.19
2010-04-09 10:30:00,762.28
2010-04-09 11:03:00,101.36
2010-04-09 11:15:00,716.46
2010-04-09 11:34:00,225.6
2010-04-09 11:38:00,25.5
2010-04-09 11:39:00,255.0
2010-04-09 11:41:00,94.89
2010-04-09 12:08:00,583.1
2010-04-09 12:12:00,728.5000000000001
2010-04-09 12:33:00,483.99000000000007
2010-04-09 12:40:00,368.39
2010-04-09 13:00:00,319.69
2010-04-09 13:07:00,70.3
2010-04-09 13:08:00,336.9
2010-04-09 14:01:00,392.62
2010-04-09 14:26:00,365.59000000000003
2010-04-09 14:27:00,322.0
2010-04-09 14:38:00,1326.3
2010-04-09 14:46:00,271.6
2010-04-09 14:49:00,50.8
2010-04-09 15:04:00,76.5
2010-04-09 15:22:00,298.44
2010-04-09 16:05:00,228.93
2010-04-09 16:54:00,375.27
2010-04-09 17:13:00,270.44
2010-04-11 10:16:00,158.28
2010-04-11 10:30:00,663.2
2010-04-11 10:35:00,168.9
2010-04-11 10:44:00,784.5
2010-04-11 10:45:00,30.6
2010-04-11 10:47:00,155.34
2010-04-11 11:14:00,728.8
2010-04-11 11:17:00,312.2
2010-04-11 11:22:00,1262.88
2010-04-11 11:47:00,199.20000000000002
2010-04-11 11:56:00,111.9
2010-04-11 12:02:00,1057.3600000000001
2010-04-11 12:05:00,384.27000000000004
2010-04-11 12:12:00,1142.08
2010-04-11 12:32:00,177.6
2010-04-11 12:37:00,698.63
2010-04-11 12:45:00,1118.08
2010-04-11 13:01:00,170.48000000000002
2010-04-11 13:07:00,171.58
2010-04-11 13:09:00,662.3100000000001
2010-04-11 13:10:00,2969.6
2010-04-11 13:27:00,684.96
2010-04-11 13:37:00,241.98
2010-04-11 13:39:00,612.8100000000001
2010-04-11 13:40:00,292.34
2010-04-11 13:49:00,335.0
2010-04-11 14:11:00,115.78
2010-04-11 14:28:00,455.84000000000003
2010-04-11 14:42:00,525.12
2010-04-11 15:20:00,110.95
2010-04-11 15:34:00,351.96
2010-04-11 15:38:00,536.55
2010-04-11 15:54:00,1111.92
2010-04-11 15:59:00,1114.16
2010-04-11 16:06:00,114.89
2010-04-12 07:07:00,1844.19
2010-04-12 07:14:00,2318.4
2010-04-12 08:23:00,9.87
2010-04-12 09:13:00,465.18
2010-04-12 09:19:00,151.4
2010-04-12 09:52:00,22.5
2010-04-12 09:59:00,107.78999999999999
2010-04-12 10:09:00,381.0
2010-04-12 10:10:00,306.0
2010-04-12 10:15:00,359.9
2010-04-12 10:24:00,303.63
2010-04-12 11:07:00,313.75
2010-04-12 11:19:00,739.2
2010-04-12 11:22:00,926.82
2010-04-12 11:25:00,337.17
2010-04-12 11:28:00,15.0
2010-04-12 11:38:00,420.6
2010-04-12 11:45:00,539.5500000000001
2010-04-12 11:51:00,539.5500000000001
2010-04-12 12:48:00,140.32
2010-04-12 12:50:00,1160.66
2010-04-12 13:01:00,871.2
2010-04-12 13:11:00,1704.72
2010-04-12 13:22:00,1770.44
2010-04-12 13:50:00,701.97
2010-04-12 14:20:00,503.85
2010-04-12 14:48:00,159.25
2010-04-12 14:53:00,458.05
2010-04-12 15:01:00,118.75
2010-04-12 15:32:00,408.7
2010-04-12 15:40:00,212.32999999999998
2010-04-12 15:59:00,355.19
2010-04-12 16:01:00,92.4
2010-04-12 16:11:00,119.0
2010-04-12 16:30:00,2622.481
2010-04-12 16:33:00,305.18
2010-04-12 16:38:00,2213.5
2010-04-12 16:41:00,468.06
2010-04-12 16:42:00,755.8199999999999
2010-04-12 16:44:00,38.7
2010-04-12 16:50:00,403.7
2010-04-12 17:23:00,226.7
2010-04-13 09:26:00,420.47
2010-04-13 09:55:00,334.8
2010-04-13 09:56:00,70.0
2010-04-13 10:01:00,4.25
2010-04-13 10:02:00,89.12
2010-04-13 11:03:00,315.84999999999997
2010-04-13 11:04:00,339.7
2010-04-13 11:27:00,547.6
2010-04-13 11:31:00,153.95999999999998
2010-04-13 11:38:00,646.3
2010-04-13 11:43:00,315.05
2010-04-13 11:48:00,6.75
2010-04-13 11:55:00,228.04999999999998
2010-04-13 11:58:00,265.78000000000003
2010-04-13 12:00:00,335.53000000000003
2010-04-13 12:21:00,1788.7
2010-04-13 12:23:00,216.0
2010-04-13 12:24:00,788.85
2010-04-13 12:27:00,260.52
2010-04-13 12:30:00,253.7
2010-04-13 12:35:00,159.0
2010-04-13 13:02:00,301.65
2010-04-13 13:11:00,394.24
2010-04-13 13:21:00,1517.4
2010-04-13 13:26:00,475.83
2010-04-13 13:29:00,113.00999999999999
2010-04-13 13:30:00,173.4
2010-04-13 13:31:00,215.34
2010-04-13 13:33:00,9325.28
2010-04-13 13:39:00,720.34
2010-04-13 13:40:00,150.0
2010-04-13 13:50:00,131.4
2010-04-13 14:02:00,590.33
2010-04-13 14:16:00,174.4
2010-04-13 14:36:00,182.42
2010-04-13 14:40:00,33.849999999999994
2010-04-13 14:53:00,454.36
2010-04-13 14:55:00,136.53
2010-04-13 15:01:00,1033.5
2010-04-13 15:17:00,291.33000000000004
2010-04-13 15:34:00,261.41
2010-04-13 15:47:00,324.51
2010-04-13 16:07:00,113.49
2010-04-13 16:33:00,924.1700000000001
2010-04-13 16:57:00,134.77
2010-04-13 17:15:00,23.1
2010-04-14 08:43:00,263.2
2010-04-14 08:45:00,235.2
2010-04-14 08:46:00,221.9
2010-04-14 08:48:00,236.39999999999998
2010-04-14 08:53:00,611.7
2010-04-14 09:30:00,147.85
2010-04-14 09:43:00,342.58
2010-04-14 10:08:00,347.42
2010-04-14 10:13:00,863.6400000000001
2010-04-14 10:31:00,77.55
2010-04-14 10:32:00,275.64
2010-04-14 10:44:00,250.53
2010-04-14 10:56:00,313.92
2010-04-14 11:01:00,115.71000000000001
2010-04-14 11:16:00,6631.27
2010-04-14 11:20:00,1545.38
2010-04-14 11:36:00,522.48
2010-04-14 11:50:00,713.13
2010-04-14 11:51:00,101.76
2010-04-14 11:54:00,152.64
2010-04-14 11:59:00,582.91
2010-04-14 12:17:00,2113.68
2010-04-14 12:26:00,13.65
2010-04-14 12:28:00,217.2
2010-04-14 12:40:00,364.68
2010-04-14 12:56:00,1954.99
2010-04-14 13:24:00,660.0
2010-04-14 13:27:00,595.55
2010-04-14 13:29:00,312.26
2010-04-14 13:35:00,127.62
2010-04-14 13:39:00,215.03
2010-04-14 13:50:00,580.98
2010-04-14 13:55:00,296.35
2010-04-14 13:56:00,369.24
2010-04-14 13:57:00,17.0
2010-04-14 14:20:00,582.19
2010-04-14 14:38:00,300.93
2010-04-14 14:49:00,690.39
2010-04-14 15:10:00,1167.8799999999999
2010-04-14 15:15:00,307.1
2010-04-14 15:17:00,560.8
2010-04-14 16:24:00,532.46
2010-04-14 16:29:00,521.46
2010-04-15 08:33:00,322.35
2010-04-15 08:35:00,122.58
2010-04-15 08:38:00,447.45000000000005
2010-04-15 09:09:00,15.0
2010-04-15 09:10:00,124.62
2010-04-15 09:15:00,379.62
2010-04-15 09:45:00,192.84
2010-04-15 10:12:00,1563.06
2010-04-15 10:18:00,508.55
2010-04-15 10:20:00,399.6
2010-04-15 10:31:00,357.09000000000003
2010-04-15 10:35:00,315.53999999999996
2010-04-15 10:43:00,540.5699999999999
2010-04-15 10:49:00,273.59
2010-04-15 11:33:00,427.19
2010-04-15 11:34:00,43.92
2010-04-15 11:44:00,149.0
2010-04-15 11:47:00,435.3
2010-04-15 11:49:00,181.8
2010-04-15 12:10:00,614.62
2010-04-15 12:17:00,58.5
2010-04-15 12:20:00,523.08
2010-04-15 12:22:00,84.69
2010-04-15 12:24:00,5.75
2010-04-15 12:54:00,19.8
2010-04-15 12:55:00,315.5
2010-04-15 13:07:00,167.15
2010-04-15 13:39:00,236.64000000000001
2010-04-15 13:52:00,746.33
2010-04-15 13:54:00,301.65
2010-04-15 14:10:00,560.23
2010-04-15 14:14:00,638.52
2010-04-15 14:26:00,425.89
2010-04-15 14:28:00,526.14
2010-04-15 14:31:00,294.08
2010-04-15 14:38:00,618.55
2010-04-15 14:45:00,25.200000000000003
2010-04-15 14:48:00,251.47
2010-04-15 14:58:00,325.24
2010-04-15 15:12:00,699.6500000000001
2010-04-15 15:26:00,294.68
2010-04-15 15:28:00,436.76
2010-04-15 15:33:00,84.9
2010-04-15 15:48:00,32.1
2010-04-15 15:57:00,218.23000000000002
2010-04-15 16:03:00,109.5
2010-04-15 16:17:00,94.8
2010-04-15 16:21:00,94.8
2010-04-15 16:24:00,94.8
2010-04-15 16:34:00,389.36
2010-04-15 16:35:00,735.64
2010-04-15 17:00:00,219.86
2010-04-15 17:06:00,316.03
2010-04-15 17:10:00,15.9
2010-04-15 17:18:00,284.59
2010-04-15 17:24:00,495.26
2010-04-15 17:25:00,254.4
2010-04-15 18:08:00,57.63
2010-04-15 18:27:00,324.4
2010-04-15 19:15:00,239.64
2010-04-15 19:22:00,240.41
2010-04-15 19:44:00,266.3
2010-04-16 08:42:00,279.6
2010-04-16 09:05:00,202.06
2010-04-16 09:27:00,114.48
2010-04-16 09:57:00,378.59999999999997
2010-04-16 10:01:00,841.62
2010-04-16 10:16:00,1125.44
2010-04-16 10:27:00,3720.2400000000002
2010-04-16 10:40:00,651.9100000000001
2010-04-16 10:49:00,400.48
2010-04-16 10:50:00,122.45
2010-04-16 11:21:00,1031.3
2010-04-16 11:33:00,184.92
2010-04-16 11:35:00,329.21999999999997
2010-04-16 11:51:00,1336.03
2010-04-16 11:54:00,341.78
2010-04-16 11:59:00,359.61
2010-04-16 12:15:00,254.0
2010-04-16 12:28:00,177.1
2010-04-16 12:43:00,311.76
2010-04-16 13:04:00,136.85
2010-04-16 13:12:00,354.24
2010-04-16 13:13:00,43.45
2010-04-16 13:16:00,59.5
2010-04-16 13:17:00,332.0
2010-04-16 13:34:00,370.59
2010-04-16 13:35:00,564.5500000000001
2010-04-16 13:36:00,363.12
2010-04-16 13:40:00,294.72
2010-04-16 14:00:00,334.3
2010-04-16 14:23:00,430.69
2010-04-16 14:40:00,752.28
2010-04-16 15:12:00,396.24
2010-04-16 15:18:00,595.54
2010-04-16 15:55:00,432.34999999999997
2010-04-16 16:12:00,17.55
2010-04-16 16:21:00,902.16
2010-04-16 16:51:00,562.26
2010-04-16 17:12:00,258.83
2010-04-18 10:13:00,127.20000000000002
2010-04-18 10:31:00,1354.4
2010-04-18 10:37:00,202.17000000000002
2010-04-18 10:39:00,488.18
2010-04-18 10:40:00,486.3
2010-04-18 11:14:00,519.58
2010-04-18 11:20:00,90.00999999999999
2010-04-18 11:24:00,921.63
2010-04-18 11:40:00,347.9
2010-04-18 11:59:00,354.33
2010-04-18 12:04:00,313.65000000000003
2010-04-18 12:05:00,382.68
2010-04-18 12:07:00,464.57
2010-04-18 12:14:00,232.41
2010-04-18 12:18:00,172.33
2010-04-18 12:19:00,211.77
2010-04-18 12:31:00,1233.6599999999999
2010-04-18 12:32:00,43.8
2010-04-18 12:33:00,1225.59
2010-04-18 12:36:00,1213.7
2010-04-18 12:39:00,1503.45
2010-04-18 12:44:00,1014.6
2010-04-18 12:45:00,316.05
2010-04-18 12:46:00,528.52
2010-04-18 12:49:00,2142.4
2010-04-18 12:57:00,145.15
2010-04-18 13:00:00,326.16
2010-04-18 13:12:00,566.8
2010-04-18 13:18:00,239.1
2010-04-18 13:27:00,957.32
2010-04-18 13:31:00,115.2
2010-04-18 13:38:00,315.17
2010-04-18 13:40:00,474.89
2010-04-18 13:42:00,4.9
2010-04-18 13:53:00,595.69
2010-04-18 14:00:00,130.07
2010-04-18 14:06:00,704.59
2010-04-18 14:10:00,271.8
2010-04-18 14:15:00,495.29999999999995
2010-04-18 14:25:00,218.46
2010-04-18 14:28:00,1.95
2010-04-18 14:35:00,372.41
2010-04-18 15:12:00,396.22
2010-04-18 15:34:00,141.56
2010-04-18 15:35:00,734.91
2010-04-18 15:48:00,113.39
2010-04-18 15:53:00,506.34
2010-04-18 15:57:00,216.2
2010-04-19 07:14:00,430.12
2010-04-19 08:19:00,430.12
2010-04-19 08:27:00,391.5
2010-04-19 08:57:00,881.48
2010-04-19 09:35:00,618.5400000000001
2010-04-19 09:47:00,321.15000000000003
2010-04-19 09:54:00,187.62
2010-04-19 10:04:00,754.5
2010-04-19 10:19:00,150.0
2010-04-19 10:23:00,764.38
2010-04-19 10:29:00,231.25
2010-04-19 10:43:00,1047.0
2010-04-19 10:46:00,130.2
2010-04-19 10:48:00,139.35
2010-04-19 10:59:00,479.6
2010-04-19 11:00:00,215.86
2010-04-19 11:01:00,175.0
2010-04-19 11:09:00,45.95
2010-04-19 11:11:00,102.0
2010-04-19 11:15:00,324.42
2010-04-19 11:31:00,228.96
2010-04-19 11:36:00,746.01
2010-04-19 11:48:00,115.05
2010-04-19 12:04:00,406.8
2010-04-19 12:05:00,180.3
2010-04-19 12:28:00,164.78
2010-04-19 12:38:00,304.46000000000004
2010-04-19 12:39:00,195.1
2010-04-19 12:45:00,1335.02
2010-04-19 12:49:00,127.75
2010-04-19 12:52:00,38.1
2010-04-19 12:55:00,579.75
2010-04-19 13:03:00,360.47
2010-04-19 13:15:00,1345.97
2010-04-19 13:28:00,481.75
2010-04-19 13:29:00,754.5
2010-04-19 13:30:00,572.9
2010-04-19 14:03:00,285.42
2010-04-19 14:08:00,104.76
2010-04-19 14:09:00,1543.24
2010-04-19 14:14:00,689.46
2010-04-19 14:21:00,214.04
2010-04-19 14:34:00,411.44
2010-04-19 14:36:00,71.0
2010-04-19 14:39:00,863.2
2010-04-19 14:52:00,360.62
2010-04-19 14:59:00,950.78
2010-04-19 15:20:00,317.45000000000005
2010-04-19 15:22:00,354.06
2010-04-19 15:30:00,190.76
2010-04-19 15:57:00,590.35
2010-04-19 16:09:00,197.0
2010-04-19 16:15:00,30.15
2010-04-19 16:20:00,204.75
2010-04-19 16:48:00,959.78
2010-04-19 16:50:00,412.32
2010-04-19 17:11:00,52.75
2010-04-20 08:44:00,434.26
2010-04-20 09:29:00,329.8
2010-04-20 09:32:00,967.72
2010-04-20 09:40:00,337.4
2010-04-20 09:45:00,60.9
2010-04-20 09:47:00,74.86
2010-04-20 09:49:00,115.18
2010-04-20 09:54:00,235.67000000000002
2010-04-20 09:56:00,414.77000000000004
2010-04-20 09:59:00,220.2
2010-04-20 10:19:00,291.4
2010-04-20 10:22:00,339.0
2010-04-20 10:23:00,434.26
2010-04-20 10:25:00,59.0
2010-04-20 10:35:00,1076.5
2010-04-20 10:40:00,300.92
2010-04-20 11:19:00,603.08
2010-04-20 11:21:00,153.9
2010-04-20 11:24:00,406.36
2010-04-20 11:26:00,907.44
2010-04-20 11:30:00,703.22
2010-04-20 11:37:00,64.35
2010-04-20 11:49:00,43.75
2010-04-20 11:52:00,122.21
2010-04-20 11:56:00,111.72000000000001
2010-04-20 11:57:00,88.45
2010-04-20 12:01:00,264.5
2010-04-20 12:10:00,271.19
2010-04-20 12:13:00,178.85
2010-04-20 12:15:00,119.84
2010-04-20 12:29:00,240.77
2010-04-20 12:30:00,120.15
2010-04-20 12:46:00,236.86
2010-04-20 12:48:00,588.98
2010-04-20 12:49:00,1000.11
2010-04-20 12:51:00,199.38
2010-04-20 12:52:00,645.5
2010-04-20 12:58:00,490.08
2010-04-20 13:24:00,225.1
2010-04-20 13:28:00,138.3
2010-04-20 13:38:00,736.88
2010-04-20 13:43:00,515.89
2010-04-20 13:48:00,354.09
2010-04-20 13:49:00,68.25
2010-04-20 13:52:00,55.5
2010-04-20 14:02:00,142.85
2010-04-20 14:04:00,114.09
2010-04-20 14:06:00,339.59000000000003
2010-04-20 14:08:00,376.11
2010-04-20 14:33:00,664.23
2010-04-20 14:52:00,604.3100000000001
2010-04-20 15:03:00,294.37
2010-04-20 15:32:00,629.58
2010-04-20 15:40:00,225.08
2010-04-20 16:00:00,254.09
2010-04-20 16:06:00,402.68
2010-04-20 16:19:00,425.6
2010-04-20 16:24:00,15.0
2010-04-20 16:46:00,701.32
2010-04-20 17:25:00,666.91
2010-04-21 08:55:00,422.75
2010-04-21 09:03:00,299.25
2010-04-21 09:52:00,572.06
2010-04-21 10:33:00,874.84
2010-04-21 10:34:00,1444.68
2010-04-21 10:36:00,372.45
2010-04-21 10:43:00,280.72
2010-04-21 10:46:00,180.0
2010-04-21 10:50:00,1576.8
2010-04-21 10:58:00,1000.5
2010-04-21 10:59:00,151.20000000000002
2010-04-21 11:03:00,314.5
2010-04-21 11:21:00,757.95
2010-04-21 11:31:00,148.60000000000002
2010-04-21 11:48:00,557.04
2010-04-21 11:51:00,300.54
2010-04-21 12:02:00,1261.16
2010-04-21 12:03:00,523.42
2010-04-21 12:06:00,287.8
2010-04-21 12:22:00,328.9
2010-04-21 12:30:00,420.47
2010-04-21 12:32:00,241.2
2010-04-21 12:36:00,393.33
2010-04-21 12:43:00,381.77
2010-04-21 13:00:00,3857.2
2010-04-21 13:11:00,317.45
2010-04-21 13:14:00,910.9300000000001
2010-04-21 13:15:00,15.3
2010-04-21 13:20:00,296.2
2010-04-21 13:21:00,227.87
2010-04-21 13:22:00,276.71
2010-04-21 13:23:00,317.83
2010-04-21 13:28:00,357.62
2010-04-21 13:42:00,93.71000000000001
2010-04-21 13:53:00,23.75
2010-04-21 13:56:00,438.46999999999997
2010-04-21 14:00:00,182.8
2010-04-21 14:05:00,208.19
2010-04-21 14:17:00,222.32
2010-04-21 14:21:00,30.0
2010-04-21 15:08:00,781.07
2010-04-21 15:22:00,302.0
2010-04-21 15:24:00,365.76
2010-04-21 15:31:00,253.73
2010-04-21 15:34:00,126.58
2010-04-21 15:40:00,183.3
2010-04-21 15:42:00,842.45
2010-04-21 15:46:00,252.66
2010-04-21 16:01:00,336.6
2010-04-21 16:20:00,305.33
2010-04-21 16:28:00,401.23
2010-04-21 17:21:00,51.0
2010-04-21 17:22:00,198.79999999999998
2010-04-21 17:24:00,4.65
2010-04-21 17:33:00,600.42
2010-04-22 08:03:00,430.0
2010-04-22 08:34:00,371.40000000000003
2010-04-22 08:36:00,213.0
2010-04-22 08:38:00,581.85
2010-04-22 09:22:00,284.86
2010-04-22 09:31:00,10.2
2010-04-22 09:38:00,84.56
2010-04-22 09:41:00,45.0
2010-04-22 09:44:00,547.12
2010-04-22 09:50:00,3181.97
2010-04-22 09:54:00,679.35
2010-04-22 10:10:00,394.0
2010-04-22 10:11:00,37.8
2010-04-22 10:24:00,134.4
2010-04-22 10:50:00,301.26
2010-04-22 10:58:00,107.75999999999999
2010-04-22 11:14:00,746.66
2010-04-22 11:21:00,3374.8
2010-04-22 11:28:00,576.63
2010-04-22 11:33:00,969.69
2010-04-22 11:34:00,343.2
2010-04-22 11:48:00,354.9
2010-04-22 11:51:00,1045.1
2010-04-22 11:52:00,612.23
2010-04-22 11:58:00,384.36
2010-04-22 11:59:00,690.7
2010-04-22 12:09:00,529.05
2010-04-22 12:10:00,27.5
2010-04-22 12:12:00,86.3
2010-04-22 12:34:00,45.9
2010-04-22 12:38:00,178.0
2010-04-22 12:58:00,181.5
2010-04-22 13:15:00,133.3
2010-04-22 13:21:00,308.46000000000004
2010-04-22 13:26:00,677.46
2010-04-22 13:29:00,265.8
2010-04-22 13:36:00,297.98
2010-04-22 14:05:00,434.52000000000004
2010-04-22 14:07:00,678.23
2010-04-22 14:08:00,386.24
2010-04-22 14:09:00,484.82
2010-04-22 14:10:00,107.66
2010-04-22 14:15:00,246.88
2010-04-22 14:29:00,972.54
2010-04-22 14:31:00,1085.0
2010-04-22 14:34:00,152.69000000000003
2010-04-22 14:55:00,8.75
2010-04-22 14:57:00,333.71
2010-04-22 15:03:00,438.65000000000003
2010-04-22 15:15:00,265.15000000000003
2010-04-22 15:31:00,503.22
2010-04-22 15:33:00,125.03
2010-04-22 15:36:00,157.3
2010-04-22 15:43:00,646.16
2010-04-22 15:44:00,130.60000000000002
2010-04-22 15:58:00,371.85
2010-04-22 16:12:00,416.62
2010-04-22 17:01:00,887.4
2010-04-22 17:38:00,513.0
2010-04-22 17:41:00,17.0
2010-04-22 17:44:00,740.52
2010-04-22 17:46:00,1824.1
2010-04-22 17:48:00,6.8
2010-04-22 17:49:00,840.0
2010-04-22 17:51:00,529.5
2010-04-22 17:53:00,791.99
2010-04-22 18:00:00,495.0
2010-04-22 18:16:00,476.88
2010-04-22 18:41:00,748.0
2010-04-22 18:58:00,396.6
2010-04-22 19:21:00,294.74
2010-04-23 08:28:00,322.14
2010-04-23 09:00:00,336.45000000000005
2010-04-23 09:02:00,19.8
2010-04-23 09:26:00,199.19
2010-04-23 09:51:00,213.28
2010-04-23 09:57:00,211.15
2010-04-23 10:02:00,378.87
2010-04-23 10:07:00,457.32
2010-04-23 10:18:00,546.96
2010-04-23 10:20:00,421.40000000000003
2010-04-23 10:37:00,179.55
2010-04-23 10:45:00,112.34
2010-04-23 10:48:00,295.61
2010-04-23 11:00:00,497.25
2010-04-23 11:07:00,335.7
2010-04-23 11:12:00,978.21
2010-04-23 11:14:00,150.35
2010-04-23 11:21:00,69.93
2010-04-23 11:28:00,368.81
2010-04-23 11:36:00,338.65
2010-04-23 11:43:00,276.86
2010-04-23 11:44:00,336.83
2010-04-23 11:45:00,82.2
2010-04-23 11:46:00,289.94
2010-04-23 11:59:00,325.45
2010-04-23 12:12:00,157.14000000000001
2010-04-23 12:13:00,722.09
2010-04-23 12:14:00,104.86
2010-04-23 12:19:00,484.40000000000003
2010-04-23 12:20:00,158.09
2010-04-23 12:49:00,431.96000000000004
2010-04-23 12:50:00,325.15
2010-04-23 13:00:00,76.95
2010-04-23 13:12:00,745.11
2010-04-23 13:23:00,386.40000000000003
2010-04-23 13:26:00,214.45
2010-04-23 14:01:00,179.52
2010-04-23 14:03:00,453.6
2010-04-23 14:10:00,128.41
2010-04-23 14:23:00,512.26
2010-04-23 14:31:00,122.6
2010-04-23 14:38:00,317.44
2010-04-23 14:45:00,281.0
2010-04-23 14:59:00,261.39
2010-04-23 15:13:00,167.0
2010-04-23 16:02:00,131.25
2010-04-23 16:13:00,457.37
2010-04-23 16:25:00,226.81
2010-04-23 16:52:00,180.15
2010-04-25 10:11:00,255.66000000000003
2010-04-25 10:34:00,252.27
2010-04-25 10:36:00,290.40000000000003
2010-04-25 10:51:00,325.5
2010-04-25 11:15:00,607.62
2010-04-25 11:24:00,103.48
2010-04-25 11:31:00,183.9
2010-04-25 11:43:00,194.09
2010-04-25 11:50:00,328.48
2010-04-25 11:51:00,123.03
2010-04-25 11:52:00,115.73
2010-04-25 11:53:00,139.5
2010-04-25 12:11:00,1002.95
2010-04-25 12:15:00,162.63
2010-04-25 12:34:00,601.57
2010-04-25 12:36:00,645.1
2010-04-25 12:42:00,83.26
2010-04-25 12:43:00,536.77
2010-04-25 13:07:00,654.32
2010-04-25 13:09:00,304.52000000000004
2010-04-25 13:10:00,298.32
2010-04-25 13:18:00,360.85
2010-04-25 13:20:00,424.79
2010-04-25 13:26:00,167.35
2010-04-25 13:28:00,624.4
2010-04-25 13:36:00,190.97
2010-04-25 13:40:00,167.25
2010-04-25 13:48:00,513.73
2010-04-25 13:49:00,341.1
2010-04-25 13:55:00,403.01
2010-04-25 14:19:00,182.45000000000002
2010-04-25 14:31:00,483.15000000000003
2010-04-25 15:09:00,314.2
2010-04-25 15:26:00,657.21
2010-04-25 15:32:00,309.13
2010-04-25 15:40:00,413.77
2010-04-25 15:45:00,348.0
2010-04-25 15:47:00,289.25
2010-04-25 15:48:00,880.96
2010-04-25 15:50:00,463.8
2010-04-25 15:51:00,391.68
2010-04-25 15:56:00,812.53
2010-04-25 16:02:00,324.44
2010-04-25 16:07:00,301.41
2010-04-26 07:15:00,2310.0
2010-04-26 07:17:00,2816.62
2010-04-26 07:19:00,525.0
2010-04-26 07:20:00,3256.64
2010-04-26 09:13:00,320.5
2010-04-26 09:47:00,646.55
2010-04-26 09:48:00,184.91
2010-04-26 09:59:00,228.05
2010-04-26 10:22:00,235.88
2010-04-26 10:26:00,50.480000000000004
2010-04-26 10:27:00,39.15
2010-04-26 10:29:00,140.55
2010-04-26 10:31:00,305.75
2010-04-26 10:32:00,35.28
2010-04-26 10:33:00,557.83
2010-04-26 10:35:00,211.67000000000002
2010-04-26 10:41:00,73.5
2010-04-26 10:43:00,149.92000000000002
2010-04-26 10:44:00,199.5
2010-04-26 10:45:00,178.87
2010-04-26 10:46:00,142.2
2010-04-26 10:47:00,129.48000000000002
2010-04-26 10:48:00,262.85
2010-04-26 10:49:00,191.02
2010-04-26 10:57:00,330.8
2010-04-26 11:00:00,430.54
2010-04-26 11:02:00,115.5
2010-04-26 11:07:00,202.18
2010-04-26 11:08:00,27.68
2010-04-26 11:16:00,371.85
2010-04-26 11:17:00,279.6
2010-04-26 11:22:00,301.09000000000003
2010-04-26 11:25:00,179.05
2010-04-26 11:36:00,661.79
2010-04-26 11:44:00,453.15
2010-04-26 11:48:00,229.5
2010-04-26 12:00:00,55.8
2010-04-26 12:02:00,560.88
2010-04-26 12:11:00,197.79
2010-04-26 12:16:00,85.8
2010-04-26 12:17:00,163.2
2010-04-26 12:34:00,545.37
2010-04-26 12:38:00,276.5
2010-04-26 12:46:00,176.4
2010-04-26 12:51:00,493.39
2010-04-26 12:57:00,456.87
2010-04-26 13:12:00,286.81
2010-04-26 13:28:00,227.74
2010-04-26 13:33:00,486.62
2010-04-26 13:44:00,173.72
2010-04-26 13:53:00,956.9
2010-04-26 13:54:00,906.0
2010-04-26 14:04:00,228.25
2010-04-26 14:08:00,251.27
2010-04-26 14:12:00,140.75
2010-04-26 14:14:00,381.89000000000004
2010-04-26 14:22:00,271.67
2010-04-26 14:30:00,336.55
2010-04-26 14:47:00,348.88
2010-04-26 14:57:00,683.48
2010-04-26 15:17:00,295.85
2010-04-26 15:20:00,355.89
2010-04-26 15:30:00,524.21
2010-04-26 15:43:00,346.12
2010-04-26 16:16:00,534.0
2010-04-26 16:21:00,371.40999999999997
2010-04-26 16:36:00,355.96
2010-04-26 16:49:00,257.62
2010-04-26 17:16:00,884.22
2010-04-26 18:06:00,341.29
2010-04-27 08:51:00,384.31
2010-04-27 08:58:00,334.35
2010-04-27 09:01:00,2519.52
2010-04-27 09:03:00,856.44
2010-04-27 09:05:00,293.26
2010-04-27 09:09:00,379.92
2010-04-27 09:30:00,5416.8
2010-04-27 09:32:00,78.64
2010-04-27 09:34:00,143.5
2010-04-27 09:35:00,3707.92
2010-04-27 09:41:00,796.68
2010-04-27 09:42:00,347.76
2010-04-27 09:44:00,1480.37
2010-04-27 09:59:00,523.08
2010-04-27 10:08:00,239.65
2010-04-27 10:11:00,170.1
2010-04-27 10:13:00,339.6
2010-04-27 10:14:00,21.0
2010-04-27 10:27:00,241.3
2010-04-27 10:28:00,942.46
2010-04-27 10:31:00,458.97
2010-04-27 10:48:00,284.66
2010-04-27 10:50:00,641.05
2010-04-27 10:51:00,550.3
2010-04-27 10:54:00,465.55
2010-04-27 10:56:00,725.15
2010-04-27 11:15:00,2409.2200000000003
2010-04-27 11:22:00,175.2
2010-04-27 11:35:00,243.36
2010-04-27 11:37:00,365.04
2010-04-27 11:38:00,292.21
2010-04-27 11:40:00,683.0
2010-04-27 11:48:00,216.47
2010-04-27 11:50:00,133.5
2010-04-27 11:53:00,1080.2
2010-04-27 11:54:00,1050.85
2010-04-27 11:56:00,55.800000000000004
2010-04-27 11:58:00,1269.43
2010-04-27 12:12:00,584.0600000000001
2010-04-27 12:15:00,105.71000000000001
2010-04-27 12:20:00,296.99
2010-04-27 12:46:00,206.95
2010-04-27 13:06:00,1814.16
2010-04-27 13:33:00,208.28
2010-04-27 13:35:00,521.88
2010-04-27 13:44:00,464.8
2010-04-27 13:45:00,813.6
2010-04-27 13:48:00,1362.75
2010-04-27 14:04:00,234.75000000000003
2010-04-27 14:07:00,110.88000000000001
2010-04-27 14:08:00,231.93
2010-04-27 14:10:00,623.93
2010-04-27 14:11:00,554.71
2010-04-27 14:12:00,183.98999999999998
2010-04-27 14:14:00,221.10000000000002
2010-04-27 14:36:00,301.3
2010-04-27 14:44:00,112.15
2010-04-27 14:56:00,405.06
2010-04-27 15:18:00,265.08
2010-04-27 15:21:00,306.05
2010-04-27 15:29:00,112.2
2010-04-27 15:31:00,689.47
2010-04-27 15:32:00,310.65999999999997
2010-04-27 15:47:00,217.48000000000002
2010-04-27 16:15:00,462.7
2010-04-27 16:19:00,1252.95
2010-04-27 16:32:00,19.35
2010-04-27 17:01:00,30.4
2010-04-27 17:12:00,192.12
2010-04-28 09:15:00,2525.86
2010-04-28 09:18:00,1443.02
2010-04-28 09:23:00,306.0
2010-04-28 09:41:00,457.33
2010-04-28 09:51:00,516.21
2010-04-28 10:02:00,550.8
2010-04-28 10:03:00,92.6
2010-04-28 10:04:00,310.14
2010-04-28 10:05:00,305.2
2010-04-28 10:16:00,236.28
2010-04-28 10:18:00,585.0
2010-04-28 10:29:00,714.0
2010-04-28 10:50:00,250.04
2010-04-28 10:51:00,538.8
2010-04-28 10:52:00,365.2
2010-04-28 10:58:00,495.0
2010-04-28 11:24:00,291.6
2010-04-28 11:29:00,690.05
2010-04-28 11:52:00,97.25
2010-04-28 11:54:00,647.8199999999999
2010-04-28 11:57:00,412.5
2010-04-28 12:01:00,838.69
2010-04-28 12:04:00,333.49
2010-04-28 12:15:00,1049.66
2010-04-28 12:24:00,153.0
2010-04-28 12:27:00,2222.08
2010-04-28 12:28:00,151.2
2010-04-28 12:31:00,160.96
2010-04-28 12:34:00,41.4
2010-04-28 12:41:00,9.95
2010-04-28 12:51:00,184.95
2010-04-28 13:12:00,376.70000000000005
2010-04-28 13:18:00,950.3100000000001
2010-04-28 13:21:00,294.32
2010-04-28 13:23:00,379.92
2010-04-28 13:24:00,262.35
2010-04-28 13:26:00,1227.44
2010-04-28 13:34:00,471.65999999999997
2010-04-28 13:40:00,282.3
2010-04-28 13:42:00,229.05
2010-04-28 13:53:00,264.19
2010-04-28 13:59:00,1242.63
2010-04-28 14:01:00,319.75
2010-04-28 14:02:00,611.9
2010-04-28 14:25:00,306.2
2010-04-28 14:34:00,277.93
2010-04-28 14:45:00,621.1800000000001
2010-04-28 14:52:00,403.42
2010-04-28 14:53:00,183.76
2010-04-28 14:57:00,228.4
2010-04-28 14:58:00,252.84
2010-04-28 14:59:00,249.7
2010-04-28 15:00:00,293.95
2010-04-28 15:01:00,428.3
2010-04-28 15:02:00,117.0
2010-04-28 15:04:00,80.4
2010-04-28 15:05:00,105.85
2010-04-28 15:06:00,93.0
2010-04-28 15:09:00,46.5
2010-04-28 15:39:00,592.94
2010-04-28 15:40:00,321.3
2010-04-28 15:51:00,339.75
2010-04-28 15:54:00,257.41
2010-04-28 16:17:00,587.61
2010-04-28 16:20:00,76.5
2010-04-28 16:26:00,644.1700000000001
2010-04-28 16:49:00,785.16
2010-04-29 08:43:00,256.16
2010-04-29 08:47:00,228.29999999999998
2010-04-29 09:11:00,686.52
2010-04-29 09:16:00,1124.98
2010-04-29 09:38:00,316.85
2010-04-29 09:42:00,1898.57
2010-04-29 10:11:00,136.05
2010-04-29 10:17:00,1007.08
2010-04-29 10:20:00,8.75
2010-04-29 10:24:00,228.09
2010-04-29 10:33:00,758.18
2010-04-29 10:38:00,57.5
2010-04-29 10:41:00,105.7
2010-04-29 10:43:00,340.19100000000003
2010-04-29 10:48:00,154.2
2010-04-29 10:54:00,578.65
2010-04-29 10:58:00,85.53999999999999
2010-04-29 11:08:00,214.15
2010-04-29 11:10:00,144.2
2010-04-29 11:19:00,84.77
2010-04-29 11:22:00,673.74
2010-04-29 11:48:00,347.34
2010-04-29 11:53:00,197.7
2010-04-29 11:56:00,156.87
2010-04-29 12:04:00,819.35
2010-04-29 12:16:00,138.79999999999998
2010-04-29 12:17:00,399.6
2010-04-29 12:19:00,168.73
2010-04-29 12:21:00,372.14
2010-04-29 12:30:00,390.6
2010-04-29 12:37:00,1133.6
2010-04-29 12:43:00,148.54
2010-04-29 12:44:00,13.919999999999998
2010-04-29 12:51:00,803.82
2010-04-29 12:55:00,166.27
2010-04-29 12:58:00,405.85
2010-04-29 13:20:00,1068.52
2010-04-29 13:21:00,16.0
2010-04-29 13:29:00,317.62
2010-04-29 13:32:00,201.5
2010-04-29 13:35:00,190.75
2010-04-29 13:41:00,278.81
2010-04-29 13:50:00,440.1
2010-04-29 13:54:00,632.35
2010-04-29 14:00:00,372.67
2010-04-29 14:01:00,287.3
2010-04-29 14:16:00,396.45
2010-04-29 15:00:00,130.65
2010-04-29 15:02:00,319.6
2010-04-29 15:27:00,452.84000000000003
2010-04-29 15:32:00,458.27
2010-04-29 15:34:00,1618.39
2010-04-29 15:38:00,107.07000000000001
2010-04-29 15:39:00,303.8
2010-04-29 16:22:00,280.8
2010-04-29 16:45:00,945.42
2010-04-29 16:56:00,481.65000000000003
2010-04-29 17:11:00,360.7
2010-04-29 17:33:00,440.05
2010-04-29 17:57:00,447.5
2010-04-29 18:18:00,334.7
2010-04-29 18:31:00,194.6
2010-04-29 18:34:00,1307.27
2010-04-29 19:05:00,490.02000000000004
2010-04-29 19:07:00,48.45
2010-04-29 19:08:00,313.21999999999997
2010-04-29 19:17:00,97.35
2010-04-29 19:36:00,787.45
2010-04-29 20:04:00,338.27
2010-04-29 20:05:00,301.73
2010-04-29 20:27:00,62.5
2010-04-30 07:58:00,766.99
2010-04-30 08:01:00,53.85
2010-04-30 08:47:00,304.5
2010-04-30 08:55:00,94.45
2010-04-30 09:06:00,7210.32
2010-04-30 09:08:00,216.0
2010-04-30 09:13:00,416.86
2010-04-30 09:28:00,118.5
2010-04-30 09:41:00,254.4
2010-04-30 09:47:00,710.4399999999999
2010-04-30 10:08:00,108.43
2010-04-30 10:26:00,396.0
2010-04-30 10:44:00,1354.5
2010-04-30 10:52:00,304.47999999999996
2010-04-30 10:55:00,333.75
2010-04-30 11:25:00,1637.6200000000001
2010-04-30 11:28:00,164.74
2010-04-30 11:44:00,129.6
2010-04-30 11:47:00,124.92999999999999
2010-04-30 11:57:00,405.38
2010-04-30 11:58:00,99.6
2010-04-30 12:13:00,301.34
2010-04-30 12:25:00,306.57000000000005
2010-04-30 12:36:00,145.0
2010-04-30 12:46:00,469.67
2010-04-30 12:58:00,340.5
2010-04-30 13:00:00,181.95000000000002
2010-04-30 13:10:00,455.14
2010-04-30 13:18:00,294.3
2010-04-30 13:30:00,112.45
2010-04-30 13:35:00,59.4
2010-04-30 13:52:00,395.35
2010-04-30 14:01:00,1388.54
2010-04-30 14:10:00,2292.48
2010-04-30 14:43:00,155.9
2010-04-30 15:02:00,430.0
2010-04-30 15:23:00,456.69
2010-04-30 15:26:00,29.55
2010-04-30 15:39:00,172.10999999999999
2010-04-30 15:57:00,938.7900000000001
2010-04-30 17:18:00,146.56
2010-04-30 17:33:00,255.32
2010-05-02 10:24:00,272.32
2010-05-02 10:38:00,186.1
2010-05-02 10:39:00,77.46
2010-05-02 10:46:00,34.0
2010-05-02 10:48:00,175.2
2010-05-02 10:49:00,167.64
2010-05-02 10:54:00,410.4
2010-05-02 11:17:00,411.46000000000004
2010-05-02 11:31:00,206.49
2010-05-02 11:32:00,978.68
2010-05-02 11:46:00,136.2
2010-05-02 11:48:00,126.57
2010-05-02 11:51:00,612.5
2010-05-02 11:54:00,131.83
2010-05-02 11:56:00,205.57
2010-05-02 11:57:00,119.0
2010-05-02 12:01:00,142.20000000000002
2010-05-02 12:12:00,168.55
2010-05-02 12:13:00,127.05
2010-05-02 12:31:00,118.05
2010-05-02 12:44:00,127.21000000000001
2010-05-02 13:24:00,129.79
2010-05-02 13:26:00,334.88
2010-05-02 13:34:00,311.32
2010-05-02 13:42:00,206.2
2010-05-02 13:46:00,1381.98
2010-05-02 13:50:00,580.96
2010-05-02 14:28:00,176.73
2010-05-02 14:42:00,136.13
2010-05-02 14:49:00,1098.27
2010-05-02 14:53:00,306.91
2010-05-02 15:10:00,403.27
2010-05-02 15:30:00,611.5
2010-05-02 15:31:00,115.4
2010-05-02 15:32:00,231.85000000000002
2010-05-02 15:33:00,133.8
2010-05-02 15:40:00,75.84
2010-05-02 15:48:00,1021.91
2010-05-02 16:02:00,150.95
2010-05-04 08:51:00,464.4
2010-05-04 09:01:00,382.3
2010-05-04 09:15:00,292.68
2010-05-04 09:23:00,539.25
2010-05-04 09:45:00,202.78
2010-05-04 10:03:00,381.46
2010-05-04 10:06:00,156.3
2010-05-04 10:10:00,694.66
2010-05-04 10:13:00,269.34
2010-05-04 10:17:00,374.5
2010-05-04 10:31:00,269.34
2010-05-04 10:43:00,958.89
2010-05-04 10:47:00,46.08
2010-05-04 10:57:00,303.85
2010-05-04 11:22:00,24.8
2010-05-04 11:31:00,292.03000000000003
2010-05-04 11:51:00,715.03
2010-05-04 12:16:00,992.04
2010-05-04 12:18:00,292.75
2010-05-04 12:22:00,405.1
2010-05-04 12:30:00,120.83
2010-05-04 12:45:00,328.16
2010-05-04 12:49:00,725.25
2010-05-04 12:51:00,285.51
2010-05-04 12:59:00,69.75
2010-05-04 13:19:00,306.93
2010-05-04 13:31:00,853.35
2010-05-04 13:43:00,785.52
2010-05-04 13:49:00,108.88
2010-05-04 13:59:00,2134.95
2010-05-04 14:02:00,163.2
2010-05-04 14:07:00,933.72
2010-05-04 14:12:00,459.55
2010-05-04 14:34:00,107.69
2010-05-04 14:37:00,449.06
2010-05-04 14:40:00,1.65
2010-05-04 14:51:00,728.84
2010-05-04 14:57:00,121.71000000000001
2010-05-04 14:58:00,96.30000000000001
2010-05-04 15:04:00,289.87
2010-05-04 15:13:00,351.89
2010-05-04 15:48:00,198.03
2010-05-04 16:18:00,337.73
2010-05-04 16:34:00,426.85
2010-05-04 16:41:00,129.35
2010-05-04 16:45:00,373.18
2010-05-05 08:44:00,160.10000000000002
2010-05-05 08:53:00,76.02000000000001
2010-05-05 08:58:00,115.2
2010-05-05 09:04:00,745.94
2010-05-05 09:34:00,243.08
2010-05-05 09:35:00,301.9
2010-05-05 09:43:00,920.3100000000001
2010-05-05 09:55:00,105.35
2010-05-05 09:56:00,233.45000000000002
2010-05-05 10:29:00,415.5
2010-05-05 10:30:00,309.56
2010-05-05 10:39:00,396.3
2010-05-05 10:47:00,250.92000000000002
2010-05-05 10:53:00,468.64000000000004
2010-05-05 11:16:00,145.28
2010-05-05 11:17:00,130.5
2010-05-05 11:25:00,165.60000000000002
2010-05-05 11:27:00,167.10000000000002
2010-05-05 11:36:00,187.4
2010-05-05 11:40:00,132.15
2010-05-05 11:43:00,796.6
2010-05-05 11:51:00,317.29
2010-05-05 11:53:00,127.82000000000001
2010-05-05 11:54:00,213.74
2010-05-05 12:16:00,79.2
2010-05-05 12:20:00,365.48
2010-05-05 12:26:00,691.03
2010-05-05 12:30:00,952.4100000000001
2010-05-05 12:31:00,1719.06
2010-05-05 12:42:00,260.20000000000005
2010-05-05 12:55:00,606.8100000000001
2010-05-05 13:03:00,37.980000000000004
2010-05-05 13:14:00,818.55
2010-05-05 13:17:00,321.06
2010-05-05 13:22:00,153.3
2010-05-05 13:25:00,126.59
2010-05-05 13:28:00,192.05
2010-05-05 13:49:00,465.84000000000003
2010-05-05 13:50:00,566.86
2010-05-05 13:52:00,311.15
2010-05-05 14:00:00,324.67
2010-05-05 14:09:00,888.85
2010-05-05 14:11:00,344.83000000000004
2010-05-05 14:12:00,124.73
2010-05-05 14:21:00,868.3200000000002
2010-05-05 14:22:00,642.5699999999999
2010-05-05 14:31:00,27.65
2010-05-05 14:33:00,17.700000000000003
2010-05-05 14:34:00,186.72
2010-05-05 14:35:00,349.5
2010-05-05 14:43:00,331.54999999999995
2010-05-05 14:49:00,364.5
2010-05-05 14:51:00,841.1700000000001
2010-05-05 14:52:00,804.76
2010-05-05 15:03:00,60.199999999999996
2010-05-05 15:09:00,256.8
2010-05-05 15:33:00,315.82
2010-05-05 15:43:00,147.68
2010-05-05 16:12:00,472.11
2010-05-05 16:22:00,166.89
2010-05-05 16:23:00,15.0
2010-05-05 16:24:00,1031.9
2010-05-05 16:48:00,247.98
2010-05-06 07:48:00,142.08
2010-05-06 07:49:00,144.3
2010-05-06 07:51:00,235.64000000000001
2010-05-06 08:45:00,275.8
2010-05-06 08:46:00,15.3
2010-05-06 09:00:00,310.83
2010-05-06 09:09:00,471.76
2010-05-06 09:16:00,302.35
2010-05-06 09:23:00,115.4
2010-05-06 09:58:00,217.6
2010-05-06 10:04:00,656.49
2010-05-06 10:07:00,107.69999999999999
2010-05-06 10:08:00,662.25
2010-05-06 10:09:00,396.2
2010-05-06 10:28:00,1752.6799999999998
2010-05-06 10:30:00,855.38
2010-05-06 10:58:00,307.62
2010-05-06 11:14:00,302.3
2010-05-06 11:22:00,307.65999999999997
2010-05-06 11:25:00,385.62
2010-05-06 11:34:00,80.74
2010-05-06 11:41:00,63.5
2010-05-06 11:44:00,385.43
2010-05-06 11:49:00,269.48
2010-05-06 11:50:00,6564.37
2010-05-06 11:58:00,354.83
2010-05-06 12:03:00,101.33
2010-05-06 12:04:00,406.55
2010-05-06 12:15:00,129.09
2010-05-06 12:23:00,512.4300000000001
2010-05-06 12:29:00,1202.1100000000001
2010-05-06 12:54:00,461.62
2010-05-06 13:12:00,671.64
2010-05-06 13:13:00,512.3000000000001
2010-05-06 13:19:00,575.68
2010-05-06 13:21:00,370.21
2010-05-06 13:28:00,311.94
2010-05-06 13:41:00,593.49
2010-05-06 13:44:00,424.13
2010-05-06 13:45:00,948.13
2010-05-06 13:52:00,114.21000000000001
2010-05-06 13:53:00,135.04000000000002
2010-05-06 14:01:00,174.59
2010-05-06 14:15:00,414.87
2010-05-06 14:25:00,247.83
2010-05-06 14:45:00,207.01999999999998
2010-05-06 15:05:00,750.28
2010-05-06 15:17:00,12569.48
2010-05-06 15:24:00,4751.16
2010-05-06 15:26:00,310.15999999999997
2010-05-06 15:27:00,681.36
2010-05-06 15:59:00,140.68
2010-05-06 16:02:00,398.4
2010-05-06 16:21:00,1128.98
2010-05-06 16:22:00,23.4
2010-05-06 16:23:00,20.4
2010-05-06 16:27:00,168.29
2010-05-06 16:47:00,350.38
2010-05-06 16:50:00,945.61
2010-05-06 16:57:00,165.85000000000002
2010-05-06 17:22:00,2576.62
2010-05-06 17:54:00,47.7
2010-05-06 17:55:00,352.13
2010-05-06 18:01:00,477.8
2010-05-06 19:08:00,240.63
2010-05-06 19:29:00,151.97
2010-05-06 19:49:00,898.45
2010-05-06 19:57:00,177.94
2010-05-06 20:01:00,178.94
2010-05-07 08:17:00,117.30000000000001
2010-05-07 08:49:00,354.24
2010-05-07 08:50:00,364.32
2010-05-07 09:00:00,207.3
2010-05-07 09:04:00,6361.97
2010-05-07 09:07:00,60.0
2010-05-07 09:21:00,69.84
2010-05-07 09:40:00,371.11
2010-05-07 09:53:00,12.6
2010-05-07 09:56:00,446.22
2010-05-07 09:58:00,312.5
2010-05-07 10:00:00,390.0
2010-05-07 10:19:00,314.59000000000003
2010-05-07 10:41:00,1051.1999999999998
2010-05-07 10:44:00,951.0
2010-05-07 10:46:00,2121.3599999999997
2010-05-07 10:49:00,111.0
2010-05-07 10:55:00,754.8000000000001
2010-05-07 11:25:00,255.0
2010-05-07 11:26:00,42.5
2010-05-07 11:34:00,244.8
2010-05-07 11:35:00,2479.85
2010-05-07 11:36:00,108.0
2010-05-07 11:38:00,131.15
2010-05-07 11:42:00,178.07
2010-05-07 12:09:00,610.6
2010-05-07 12:11:00,760.65
2010-05-07 12:13:00,355.95
2010-05-07 12:20:00,337.33
2010-05-07 12:24:00,156.85000000000002
2010-05-07 12:32:00,554.7
2010-05-07 12:34:00,20.16
2010-05-07 12:41:00,75.0
2010-05-07 12:44:00,333.2
2010-05-07 12:56:00,210.1
2010-05-07 13:01:00,414.85
2010-05-07 13:18:00,35.1
2010-05-07 13:29:00,922.84
2010-05-07 13:31:00,372.0
2010-05-07 13:32:00,29.96
2010-05-07 13:55:00,336.8
2010-05-07 13:57:00,358.22
2010-05-07 13:58:00,470.02
2010-05-07 14:02:00,574.44
2010-05-07 14:10:00,154.21
2010-05-07 14:13:00,44.85
2010-05-07 14:37:00,267.9
2010-05-07 14:44:00,735.1700000000001
2010-05-07 14:52:00,1857.0
2010-05-07 14:56:00,435.16
2010-05-07 15:09:00,313.0
2010-05-07 15:25:00,327.07
2010-05-07 15:26:00,20.4
2010-05-07 15:33:00,1023.74
2010-05-07 15:37:00,561.52
2010-05-07 16:26:00,121.8
2010-05-07 16:28:00,290.4
2010-05-07 16:46:00,204.4
2010-05-07 17:28:00,111.95
2010-05-07 17:49:00,768.03
2010-05-09 10:38:00,417.65000000000003
2010-05-09 10:44:00,553.92
2010-05-09 10:47:00,179.0
2010-05-09 11:13:00,576.0
2010-05-09 11:16:00,159.4
2010-05-09 11:29:00,591.82
2010-05-09 11:35:00,285.83
2010-05-09 11:38:00,100.16
2010-05-09 11:39:00,504.41999999999996
2010-05-09 11:40:00,240.44
2010-05-09 11:50:00,440.34999999999997
2010-05-09 11:56:00,380.7
2010-05-09 12:03:00,184.02
2010-05-09 12:05:00,176.63
2010-05-09 12:06:00,1063.8799999999999
2010-05-09 12:10:00,244.5
2010-05-09 12:12:00,711.23
2010-05-09 12:14:00,117.65
2010-05-09 12:18:00,363.9
2010-05-09 12:30:00,343.44
2010-05-09 12:44:00,42.5
2010-05-09 12:49:00,3110.06
2010-05-09 12:57:00,115.51
2010-05-09 13:00:00,956.9300000000001
2010-05-09 13:07:00,186.98000000000002
2010-05-09 13:15:00,150.21
2010-05-09 13:25:00,1438.19
2010-05-09 13:31:00,85.59
2010-05-09 13:38:00,317.04
2010-05-09 13:41:00,194.99
2010-05-09 13:43:00,6.5
2010-05-09 13:44:00,266.95
2010-05-09 13:50:00,667.45
2010-05-09 13:57:00,487.08
2010-05-09 13:58:00,34.7
2010-05-09 13:59:00,22.5
2010-05-09 14:00:00,277.48
2010-05-09 14:07:00,290.24
2010-05-09 14:14:00,799.36
2010-05-09 14:32:00,403.39
2010-05-09 14:35:00,823.36
2010-05-09 14:52:00,141.35000000000002
2010-05-09 14:54:00,409.92
2010-05-09 15:06:00,174.17000000000002
2010-05-09 15:07:00,255.6
2010-05-09 15:18:00,947.6700000000001
2010-05-09 15:19:00,36.8
2010-05-09 15:22:00,246.59
2010-05-09 15:33:00,98.15
2010-05-09 15:34:00,360.90000000000003
2010-05-09 15:38:00,153.6
2010-05-09 15:50:00,79.6
2010-05-09 15:55:00,190.25
2010-05-09 16:03:00,170.4
2010-05-09 16:08:00,347.58000000000004
2010-05-09 16:10:00,761.0
2010-05-09 16:11:00,166.53
2010-05-10 07:59:00,320.95
2010-05-10 08:44:00,158.6
2010-05-10 09:14:00,80.8
2010-05-10 09:16:00,248.26
2010-05-10 09:24:00,406.32
2010-05-10 09:38:00,928.55
2010-05-10 09:47:00,151.52
2010-05-10 09:50:00,119.35000000000001
2010-05-10 09:58:00,132.62
2010-05-10 10:11:00,943.35
2010-05-10 10:29:00,242.93
2010-05-10 10:41:00,187.99
2010-05-10 10:49:00,305.86
2010-05-10 10:50:00,304.7
2010-05-10 10:53:00,757.2
2010-05-10 11:00:00,1621.8
2010-05-10 11:02:00,1393.92
2010-05-10 11:20:00,144.36
2010-05-10 11:30:00,182.1
2010-05-10 11:32:00,760.75
2010-05-10 11:33:00,313.8
2010-05-10 11:40:00,260.40000000000003
2010-05-10 11:44:00,192.15
2010-05-10 11:55:00,324.0
2010-05-10 12:12:00,373.2
2010-05-10 12:16:00,996.9000000000001
2010-05-10 12:20:00,301.09000000000003
2010-05-10 12:29:00,214.71
2010-05-10 12:31:00,176.81
2010-05-10 12:41:00,59.7
2010-05-10 12:42:00,436.46999999999997
2010-05-10 12:54:00,116.2
2010-05-10 13:00:00,320.95
2010-05-10 13:12:00,105.0
2010-05-10 13:14:00,334.0
2010-05-10 13:16:00,272.75
2010-05-10 13:21:00,481.3
2010-05-10 13:28:00,549.1
2010-05-10 13:48:00,189.74
2010-05-10 13:51:00,231.66
2010-05-10 13:52:00,102.31
2010-05-10 14:02:00,118.45
2010-05-10 14:06:00,286.12
2010-05-10 14:07:00,254.45
2010-05-10 14:08:00,245.1
2010-05-10 14:09:00,429.5
2010-05-10 14:10:00,250.29000000000002
2010-05-10 14:15:00,372.89
2010-05-10 14:19:00,821.6
2010-05-10 14:23:00,151.42
2010-05-10 14:28:00,304.38
2010-05-10 14:34:00,1192.64
2010-05-10 14:47:00,1149.37
2010-05-10 14:50:00,314.68
2010-05-10 14:54:00,32.550000000000004
2010-05-10 14:57:00,309.55
2010-05-10 14:58:00,91.5
2010-05-10 15:08:00,135.39
2010-05-10 15:12:00,314.25
2010-05-10 15:18:00,293.15
2010-05-10 15:44:00,351.14000000000004
2010-05-10 15:46:00,369.21000000000004
2010-05-10 15:48:00,142.5
2010-05-10 16:04:00,353.42
2010-05-10 16:36:00,306.0
2010-05-10 16:44:00,944.5
2010-05-10 17:03:00,293.06
2010-05-10 17:09:00,303.95
2010-05-10 17:21:00,621.2
2010-05-11 08:54:00,308.6
2010-05-11 08:59:00,488.7
2010-05-11 09:29:00,927.5500000000001
2010-05-11 09:32:00,332.12
2010-05-11 09:40:00,319.45
2010-05-11 09:48:00,146.16
2010-05-11 09:53:00,417.6
2010-05-11 09:55:00,837.11
2010-05-11 10:04:00,339.8
2010-05-11 10:12:00,128.6
2010-05-11 10:19:00,372.8
2010-05-11 10:20:00,259.74
2010-05-11 10:24:00,521.0
2010-05-11 10:26:00,250.21
2010-05-11 10:27:00,82.98
2010-05-11 10:41:00,170.05
2010-05-11 10:42:00,499.48
2010-05-11 10:45:00,1041.51
2010-05-11 10:49:00,120.32
2010-05-11 10:50:00,314.79
2010-05-11 10:56:00,96.05000000000001
2010-05-11 11:01:00,139.65
2010-05-11 11:07:00,266.6
2010-05-11 11:08:00,55.35
2010-05-11 11:17:00,1926.4
2010-05-11 11:29:00,1069.42
2010-05-11 11:30:00,246.54000000000002
2010-05-11 11:47:00,1244.6
2010-05-11 12:04:00,790.38
2010-05-11 12:06:00,163.75
2010-05-11 12:10:00,411.51
2010-05-11 12:11:00,381.52000000000004
2010-05-11 12:14:00,315.81
2010-05-11 12:18:00,391.61
2010-05-11 12:23:00,295.08
2010-05-11 12:33:00,254.0
2010-05-11 12:34:00,187.5
2010-05-11 12:40:00,324.51
2010-05-11 12:41:00,562.55
2010-05-11 12:58:00,319.90000000000003
2010-05-11 13:06:00,141.85
2010-05-11 13:08:00,205.72
2010-05-11 13:29:00,681.41
2010-05-11 13:30:00,698.87
2010-05-11 13:36:00,43.65
2010-05-11 13:38:00,107.2
2010-05-11 13:42:00,318.40000000000003
2010-05-11 13:45:00,272.23
2010-05-11 13:51:00,679.98
2010-05-11 13:54:00,88.5
2010-05-11 14:00:00,2174.1
2010-05-11 14:29:00,121.35000000000001
2010-05-11 14:40:00,435.85
2010-05-11 14:41:00,123.34
2010-05-11 15:03:00,860.31
2010-05-11 15:31:00,343.87
2010-05-11 16:26:00,352.91
2010-05-11 16:35:00,170.79999999999998
2010-05-11 16:43:00,59.4
2010-05-12 09:04:00,276.65999999999997
2010-05-12 09:13:00,306.5
2010-05-12 09:18:00,670.8000000000001
2010-05-12 09:23:00,190.5
2010-05-12 09:24:00,632.5
2010-05-12 09:39:00,310.9
2010-05-12 09:42:00,135.6
2010-05-12 09:47:00,88.7
2010-05-12 09:51:00,621.93
2010-05-12 09:53:00,516.08
2010-05-12 10:05:00,424.76
2010-05-12 10:27:00,121.74000000000001
2010-05-12 10:45:00,1980.0
2010-05-12 10:56:00,4997.44
2010-05-12 11:07:00,69.6
2010-05-12 11:29:00,606.28
2010-05-12 11:45:00,637.2
2010-05-12 11:47:00,360.5
2010-05-12 11:49:00,241.22
2010-05-12 11:55:00,394.83
2010-05-12 12:09:00,146.34
2010-05-12 12:17:00,646.85
2010-05-12 12:18:00,192.64
2010-05-12 12:20:00,413.56
2010-05-12 12:23:00,162.4
2010-05-12 12:26:00,572.96
2010-05-12 12:32:00,552.4
2010-05-12 12:39:00,212.0
2010-05-12 12:52:00,1676.3300000000002
2010-05-12 13:04:00,309.45
2010-05-12 13:08:00,740.7
2010-05-12 13:11:00,535.37
2010-05-12 13:12:00,126.74
2010-05-12 13:18:00,264.05
2010-05-12 13:24:00,15.0
2010-05-12 13:29:00,312.3
2010-05-12 13:43:00,727.39
2010-05-12 13:46:00,192.96000000000004
2010-05-12 13:52:00,367.37
2010-05-12 13:55:00,719.8
2010-05-12 14:00:00,355.46000000000004
2010-05-12 14:01:00,101.7
2010-05-12 14:09:00,94.25
2010-05-12 14:23:00,267.61
2010-05-12 14:58:00,256.0
2010-05-12 15:02:00,515.8000000000001
2010-05-12 15:41:00,75.72
2010-05-12 15:49:00,445.66
2010-05-12 15:56:00,310.74
2010-05-12 16:03:00,267.59
2010-05-12 16:04:00,30.0
2010-05-12 16:40:00,336.03999999999996
2010-05-12 16:42:00,1550.5
2010-05-12 16:43:00,1231.24
2010-05-12 16:45:00,501.03999999999996
2010-05-12 16:47:00,120.0
2010-05-12 16:48:00,120.0
2010-05-12 16:50:00,360.0
2010-05-12 16:51:00,120.0
2010-05-12 17:20:00,215.04
2010-05-13 08:46:00,237.28
2010-05-13 08:56:00,2532.82
2010-05-13 08:57:00,4798.8
2010-05-13 08:59:00,4815.8
2010-05-13 09:33:00,2198.8
2010-05-13 09:35:00,63.419999999999995
2010-05-13 09:57:00,336.55
2010-05-13 10:02:00,755.42
2010-05-13 10:14:00,300.90000000000003
2010-05-13 10:15:00,115.08000000000001
2010-05-13 10:16:00,712.28
2010-05-13 10:32:00,525.24
2010-05-13 10:35:00,516.8
2010-05-13 10:39:00,175.9
2010-05-13 10:42:00,323.79
2010-05-13 10:46:00,230.1
2010-05-13 11:26:00,1236.6000000000001
2010-05-13 11:41:00,393.62
2010-05-13 11:42:00,549.01
2010-05-13 11:57:00,282.97
2010-05-13 11:58:00,314.12
2010-05-13 12:00:00,338.1
2010-05-13 12:05:00,91.80000000000001
2010-05-13 12:07:00,404.75
2010-05-13 12:14:00,249.91
2010-05-13 12:38:00,509.04
2010-05-13 12:44:00,494.01
2010-05-13 12:47:00,317.4
2010-05-13 12:51:00,146.72
2010-05-13 13:08:00,311.1
2010-05-13 13:10:00,238.8
2010-05-13 13:11:00,121.92
2010-05-13 13:13:00,549.62
2010-05-13 13:15:00,113.75
2010-05-13 13:21:00,442.15999999999997
2010-05-13 13:23:00,87.75
2010-05-13 13:25:00,696.48
2010-05-13 13:30:00,2026.71
2010-05-13 13:31:00,255.61
2010-05-13 13:50:00,310.83
2010-05-13 13:58:00,73.5
2010-05-13 14:08:00,78.58
2010-05-13 14:18:00,1835.53
2010-05-13 14:31:00,369.75
2010-05-13 14:42:00,301.92
2010-05-13 14:46:00,273.41
2010-05-13 14:47:00,157.35
2010-05-13 14:51:00,618.23
2010-05-13 14:55:00,426.2
2010-05-13 14:57:00,2691.59
2010-05-13 15:05:00,402.91
2010-05-13 15:21:00,169.7
2010-05-13 15:41:00,814.05
2010-05-13 15:42:00,283.78
2010-05-13 15:58:00,185.1
2010-05-13 16:05:00,192.89000000000001
2010-05-13 18:49:00,583.5600000000001
2010-05-13 19:27:00,386.19
2010-05-14 09:17:00,856.2
2010-05-14 09:36:00,277.5
2010-05-14 10:02:00,421.8
2010-05-14 10:19:00,319.74
2010-05-14 10:40:00,1612.66
2010-05-14 10:47:00,383.4
2010-05-14 10:50:00,413.2
2010-05-14 11:13:00,546.65
2010-05-14 11:50:00,142.15
2010-05-14 11:57:00,337.18
2010-05-14 11:59:00,189.07999999999998
2010-05-14 12:00:00,5106.73
2010-05-14 12:05:00,120.0
2010-05-14 12:06:00,164.6
2010-05-14 12:14:00,109.44
2010-05-14 12:17:00,113.15
2010-05-14 12:35:00,275.73
2010-05-14 12:43:00,7.9
2010-05-14 12:44:00,127.2
2010-05-14 12:52:00,220.75
2010-05-14 12:55:00,417.1
2010-05-14 12:58:00,48.9
2010-05-14 13:18:00,484.73
2010-05-14 13:43:00,216.79999999999998
2010-05-14 13:51:00,539.04
2010-05-14 13:59:00,250.55
2010-05-14 14:10:00,208.8
2010-05-14 14:18:00,862.02
2010-05-14 14:31:00,15.3
2010-05-14 14:34:00,168.25
2010-05-14 14:53:00,201.65
2010-05-14 15:37:00,496.83
2010-05-14 15:41:00,12.2
2010-05-14 15:56:00,314.98
2010-05-14 16:01:00,307.61
2010-05-14 16:34:00,148.5
2010-05-14 16:50:00,456.92
2010-05-16 10:01:00,120.93
2010-05-16 10:15:00,169.95000000000002
2010-05-16 10:23:00,36.75
2010-05-16 10:29:00,126.75
2010-05-16 10:37:00,470.62
2010-05-16 10:38:00,10.08
2010-05-16 10:39:00,92.8
2010-05-16 10:44:00,217.55
2010-05-16 10:46:00,108.75
2010-05-16 10:59:00,88.24
2010-05-16 11:24:00,611.08
2010-05-16 11:28:00,186.12
2010-05-16 11:35:00,788.63
2010-05-16 11:37:00,86.16
2010-05-16 11:52:00,217.36
2010-05-16 12:07:00,127.11
2010-05-16 12:15:00,172.79000000000002
2010-05-16 12:18:00,238.34
2010-05-16 12:34:00,148.07999999999998
2010-05-16 12:41:00,552.88
2010-05-16 12:44:00,1086.54
2010-05-16 12:51:00,710.24
2010-05-16 12:54:00,149.04
2010-05-16 12:56:00,142.71
2010-05-16 12:57:00,387.9
2010-05-16 13:10:00,129.19
2010-05-16 13:14:00,71.3
2010-05-16 13:20:00,39.5
2010-05-16 13:22:00,939.53
2010-05-16 13:23:00,184.26
2010-05-16 13:27:00,202.20000000000002
2010-05-16 13:49:00,1489.46
2010-05-16 14:06:00,98.38
2010-05-16 14:41:00,678.66
2010-05-16 14:50:00,156.06
2010-05-16 14:54:00,166.69
2010-05-16 15:33:00,483.48
2010-05-16 15:39:00,4890.14
2010-05-16 15:52:00,237.78
2010-05-16 16:05:00,1372.22
2010-05-16 16:21:00,183.84
2010-05-17 08:20:00,204.54
2010-05-17 09:03:00,641.37
2010-05-17 09:04:00,359.48
2010-05-17 10:12:00,396.55
2010-05-17 10:14:00,728.4
2010-05-17 10:15:00,648.58
2010-05-17 10:20:00,1193.5
2010-05-17 10:28:00,1012.96
2010-05-17 10:44:00,106.2
2010-05-17 11:12:00,3363.5699999999997
2010-05-17 11:46:00,456.78999999999996
2010-05-17 11:55:00,1071.6100000000001
2010-05-17 12:05:00,380.58
2010-05-17 12:06:00,925.35
2010-05-17 12:11:00,1793.6
2010-05-17 12:52:00,237.48000000000002
2010-05-17 12:57:00,184.96
2010-05-17 13:18:00,308.8
2010-05-17 13:22:00,966.57
2010-05-17 13:29:00,143.55
2010-05-17 13:44:00,442.05
2010-05-17 13:45:00,200.53
2010-05-17 13:47:00,341.0
2010-05-17 13:49:00,107.10000000000001
2010-05-17 13:51:00,373.1
2010-05-17 14:09:00,213.9
2010-05-17 14:14:00,356.45
2010-05-17 14:15:00,115.23
2010-05-17 14:17:00,132.9
2010-05-17 14:21:00,214.75
2010-05-17 14:27:00,2.9
2010-05-17 14:36:00,381.36
2010-05-17 14:52:00,229.75
2010-05-17 14:54:00,220.0
2010-05-17 15:14:00,966.0
2010-05-17 15:18:00,290.4
2010-05-17 15:27:00,30.72
2010-05-17 15:30:00,128.7
2010-05-17 15:35:00,181.65
2010-05-17 15:36:00,60.0
2010-05-17 15:46:00,169.89
2010-05-17 15:48:00,411.88
2010-05-17 15:54:00,2275.28
2010-05-17 17:24:00,320.78
2010-05-18 09:57:00,200.0
2010-05-18 10:09:00,324.78000000000003
2010-05-18 10:24:00,511.73
2010-05-18 10:34:00,610.34
2010-05-18 10:35:00,64.38
2010-05-18 10:38:00,552.62
2010-05-18 10:50:00,671.97
2010-05-18 11:23:00,419.4
2010-05-18 11:31:00,480.84999999999997
2010-05-18 11:32:00,367.2
2010-05-18 11:33:00,341.28
2010-05-18 11:34:00,41.050000000000004
2010-05-18 11:45:00,6250.0
2010-05-18 11:48:00,405.87
2010-05-18 11:49:00,262.07
2010-05-18 11:50:00,81.55
2010-05-18 11:53:00,174.52
2010-05-18 11:56:00,660.0
2010-05-18 12:00:00,417.90000000000003
2010-05-18 12:03:00,597.52
2010-05-18 12:04:00,81.6
2010-05-18 12:11:00,186.05
2010-05-18 12:14:00,269.8
2010-05-18 12:15:00,348.25
2010-05-18 12:24:00,435.58
2010-05-18 12:31:00,40.04
2010-05-18 12:42:00,167.4
2010-05-18 12:44:00,1078.16
2010-05-18 12:45:00,166.24
2010-05-18 12:48:00,348.05
2010-05-18 12:49:00,459.71
2010-05-18 12:50:00,6.25
2010-05-18 12:59:00,102.0
2010-05-18 13:04:00,459.39
2010-05-18 13:23:00,1037.7
2010-05-18 13:24:00,595.17
2010-05-18 13:26:00,588.68
2010-05-18 13:28:00,334.1
2010-05-18 13:36:00,187.54
2010-05-18 14:06:00,112.94
2010-05-18 14:31:00,173.79000000000002
2010-05-18 14:37:00,122.7
2010-05-18 14:46:00,389.47
2010-05-18 14:52:00,317.5
2010-05-18 15:06:00,241.4
2010-05-18 15:15:00,382.14
2010-05-18 15:30:00,186.26999999999998
2010-05-18 15:37:00,319.71
2010-05-18 16:09:00,1314.34
2010-05-18 16:15:00,323.54999999999995
2010-05-18 16:20:00,34.5
2010-05-18 16:27:00,348.59
2010-05-18 16:28:00,449.84
2010-05-18 16:31:00,126.11
2010-05-18 16:43:00,217.4
2010-05-18 17:13:00,179.58
2010-05-18 17:25:00,598.01
2010-05-19 08:39:00,595.94
2010-05-19 08:41:00,301.63
2010-05-19 09:14:00,323.31
2010-05-19 09:20:00,245.48000000000002
2010-05-19 09:49:00,160.4
2010-05-19 09:53:00,222.46
2010-05-19 10:00:00,310.62
2010-05-19 10:02:00,349.8
2010-05-19 10:11:00,349.8
2010-05-19 10:14:00,227.25
2010-05-19 10:21:00,146.3
2010-05-19 10:27:00,356.07
2010-05-19 10:33:00,284.67
2010-05-19 10:37:00,7.5
2010-05-19 10:38:00,145.2
2010-05-19 10:50:00,334.56
2010-05-19 10:51:00,40.0
2010-05-19 10:57:00,110.3
2010-05-19 11:00:00,27.15
2010-05-19 11:10:00,187.84
2010-05-19 11:11:00,219.84
2010-05-19 11:33:00,120.60000000000001
2010-05-19 11:34:00,100.8
2010-05-19 11:35:00,317.5
2010-05-19 11:37:00,773.68
2010-05-19 11:39:00,788.61
2010-05-19 11:59:00,693.48
2010-05-19 12:22:00,233.04999999999998
2010-05-19 12:40:00,353.14
2010-05-19 12:47:00,395.58
2010-05-19 12:52:00,311.65
2010-05-19 13:04:00,197.8
2010-05-19 13:07:00,162.07
2010-05-19 13:16:00,150.34
2010-05-19 13:21:00,403.3
2010-05-19 13:22:00,162.07
2010-05-19 13:26:00,307.90000000000003
2010-05-19 13:29:00,269.84
2010-05-19 13:32:00,543.4
2010-05-19 13:36:00,342.12
2010-05-19 13:52:00,96.4
2010-05-19 14:00:00,4.2
2010-05-19 14:10:00,133.35
2010-05-19 14:21:00,60.55
2010-05-19 14:22:00,782.8000000000001
2010-05-19 14:23:00,386.3
2010-05-19 14:24:00,147.86
2010-05-19 14:41:00,87.80000000000001
2010-05-19 14:51:00,258.1
2010-05-19 15:10:00,528.5600000000001
2010-05-19 15:23:00,393.49
2010-05-19 15:24:00,891.1700000000001
2010-05-19 15:47:00,463.96
2010-05-19 16:30:00,174.03
2010-05-19 17:11:00,109.2
2010-05-19 17:49:00,484.68
2010-05-20 09:27:00,402.1
2010-05-20 09:39:00,1000.0
2010-05-20 09:53:00,353.4
2010-05-20 09:55:00,389.1
2010-05-20 10:00:00,325.59000000000003
2010-05-20 10:04:00,476.89000000000004
2010-05-20 10:16:00,202.5
2010-05-20 10:17:00,91.8
2010-05-20 10:37:00,9.3
2010-05-20 10:42:00,416.8
2010-05-20 10:56:00,1224.4
2010-05-20 11:04:00,165.33
2010-05-20 11:19:00,434.90000000000003
2010-05-20 11:31:00,465.00000000000006
2010-05-20 11:41:00,339.85
2010-05-20 11:49:00,428.87
2010-05-20 11:55:00,1215.73
2010-05-20 11:56:00,314.54
2010-05-20 11:57:00,609.98
2010-05-20 12:05:00,344.92
2010-05-20 12:16:00,212.3
2010-05-20 12:19:00,247.19
2010-05-20 12:20:00,111.85
2010-05-20 12:26:00,405.29
2010-05-20 12:27:00,214.65
2010-05-20 12:43:00,548.92
2010-05-20 12:44:00,184.85
2010-05-20 12:50:00,113.2
2010-05-20 12:53:00,312.38
2010-05-20 12:55:00,149.63
2010-05-20 12:59:00,105.85
2010-05-20 13:06:00,272.56
2010-05-20 13:09:00,0.85
2010-05-20 13:15:00,1442.32
2010-05-20 13:17:00,272.3
2010-05-20 13:18:00,434.96
2010-05-20 13:28:00,1215.91
2010-05-20 13:39:00,226.29
2010-05-20 13:41:00,81.12
2010-05-20 13:42:00,384.96
2010-05-20 13:54:00,202.87
2010-05-20 13:56:00,365.55
2010-05-20 14:06:00,1109.4
2010-05-20 14:45:00,687.93
2010-05-20 14:50:00,295.55
2010-05-20 15:03:00,63.5
2010-05-20 15:06:00,50.88
2010-05-20 15:09:00,433.12
2010-05-20 15:51:00,495.24
2010-05-20 16:05:00,343.4
2010-05-20 16:34:00,306.70000000000005
2010-05-20 16:49:00,354.47
2010-05-20 16:51:00,9.95
2010-05-20 16:53:00,641.74
2010-05-20 17:00:00,943.97
2010-05-20 17:04:00,404.44
2010-05-20 17:07:00,337.74
2010-05-20 17:43:00,141.57999999999998
2010-05-20 17:57:00,271.46000000000004
2010-05-20 18:00:00,51.0
2010-05-20 18:18:00,282.75
2010-05-20 18:21:00,943.95
2010-05-20 19:29:00,445.87
2010-05-21 08:21:00,1109.75
2010-05-21 09:06:00,634.77
2010-05-21 09:20:00,320.23
2010-05-21 09:21:00,59.6
2010-05-21 09:22:00,14.85
2010-05-21 09:27:00,657.4
2010-05-21 09:47:00,347.13
2010-05-21 09:56:00,1318.63
2010-05-21 10:08:00,216.24
2010-05-21 10:12:00,392.98
2010-05-21 10:22:00,360.23
2010-05-21 10:25:00,2062.66
2010-05-21 10:28:00,206.19
2010-05-21 11:01:00,89.0
2010-05-21 11:26:00,37.6
2010-05-21 11:33:00,42.5
2010-05-21 11:34:00,296.27
2010-05-21 11:36:00,264.5
2010-05-21 11:45:00,300.6
2010-05-21 11:55:00,183.6
2010-05-21 11:59:00,488.21000000000004
2010-05-21 12:06:00,617.38
2010-05-21 12:07:00,30.6
2010-05-21 12:11:00,255.25
2010-05-21 12:28:00,470.15
2010-05-21 13:22:00,267.83
2010-05-21 13:28:00,308.0
2010-05-21 13:29:00,574.6999999999999
2010-05-21 13:33:00,5782.0
2010-05-21 13:37:00,37.6
2010-05-21 13:56:00,151.9
2010-05-21 14:01:00,501.17
2010-05-21 14:24:00,158.55
2010-05-21 14:39:00,305.28
2010-05-21 14:40:00,15.0
2010-05-21 15:12:00,398.18
2010-05-21 15:24:00,188.25
2010-05-21 15:34:00,15.9
2010-05-21 15:58:00,371.14
2010-05-21 16:37:00,659.66
2010-05-21 16:45:00,600.05
2010-05-21 17:11:00,545.4499999999999
2010-05-21 17:19:00,722.5
2010-05-21 17:22:00,114.88
2010-05-23 10:46:00,357.0
2010-05-23 10:52:00,151.07
2010-05-23 10:54:00,516.6999999999999
2010-05-23 10:57:00,302.92
2010-05-23 11:02:00,590.58
2010-05-23 11:04:00,277.97
2010-05-23 11:08:00,632.95
2010-05-23 11:19:00,767.12
2010-05-23 11:24:00,326.85
2010-05-23 11:25:00,187.12
2010-05-23 11:27:00,463.23
2010-05-23 11:34:00,1503.84
2010-05-23 11:35:00,896.16
2010-05-23 11:36:00,75.76
2010-05-23 11:45:00,264.15
2010-05-23 11:46:00,898.03
2010-05-23 11:54:00,360.08
2010-05-23 12:07:00,409.58
2010-05-23 12:12:00,235.56
2010-05-23 12:14:00,347.96000000000004
2010-05-23 12:28:00,336.66
2010-05-23 12:46:00,351.1
2010-05-23 12:50:00,732.6
2010-05-23 12:56:00,225.11
2010-05-23 13:00:00,94.05
2010-05-23 13:01:00,115.25
2010-05-23 13:03:00,1209.95
2010-05-23 13:07:00,9.3
2010-05-23 13:16:00,166.14
2010-05-23 13:34:00,352.71000000000004
2010-05-23 13:49:00,25.2
2010-05-23 14:04:00,178.8
2010-05-23 14:06:00,406.1
2010-05-23 14:13:00,363.6
2010-05-23 14:25:00,418.38
2010-05-23 14:26:00,311.88
2010-05-23 14:30:00,295.85
2010-05-23 14:53:00,246.5
2010-05-23 15:21:00,6802.48
2010-05-23 15:25:00,629.4
2010-05-23 15:28:00,422.40000000000003
2010-05-23 15:43:00,849.43
2010-05-23 15:52:00,108.88
2010-05-23 16:02:00,608.53
2010-05-24 08:34:00,464.4
2010-05-24 08:52:00,299.81
2010-05-24 09:07:00,394.32
2010-05-24 09:08:00,91.8
2010-05-24 09:30:00,409.70000000000005
2010-05-24 09:32:00,279.25
2010-05-24 09:44:00,337.44
2010-05-24 09:49:00,1184.08
2010-05-24 10:02:00,893.74
2010-05-24 10:09:00,168.77
2010-05-24 10:30:00,695.37
2010-05-24 10:43:00,183.05
2010-05-24 10:44:00,1431.77
2010-05-24 10:49:00,734.72
2010-05-24 10:53:00,103.5
2010-05-24 10:54:00,98.84
2010-05-24 10:55:00,419.55
2010-05-24 10:56:00,290.6
2010-05-24 10:57:00,141.9
2010-05-24 10:58:00,337.85
2010-05-24 11:00:00,243.4
2010-05-24 11:03:00,69.17
2010-05-24 11:04:00,115.31
2010-05-24 11:11:00,11030.83
2010-05-24 11:21:00,560.71
2010-05-24 11:39:00,169.85
2010-05-24 11:40:00,28.81
2010-05-24 11:47:00,251.25
2010-05-24 11:50:00,1224.12
2010-05-24 11:51:00,39.8
2010-05-24 12:03:00,76.32000000000001
2010-05-24 12:07:00,580.13
2010-05-24 12:21:00,550.42
2010-05-24 12:25:00,184.68
2010-05-24 12:26:00,168.31
2010-05-24 12:27:00,108.5
2010-05-24 12:28:00,302.95
2010-05-24 12:29:00,304.79999999999995
2010-05-24 12:36:00,301.12
2010-05-24 12:59:00,524.91
2010-05-24 13:00:00,140.32999999999998
2010-05-24 13:07:00,640.82
2010-05-24 13:16:00,302.5
2010-05-24 13:26:00,338.6
2010-05-24 13:34:00,59.92
2010-05-24 13:48:00,304.12
2010-05-24 13:50:00,744.82
2010-05-24 13:55:00,119.05
2010-05-24 13:56:00,351.26
2010-05-24 14:17:00,280.11
2010-05-24 14:18:00,416.5
2010-05-24 14:23:00,165.06
2010-05-24 14:28:00,90.8
2010-05-24 14:43:00,752.78
2010-05-24 14:55:00,205.19
2010-05-24 15:31:00,594.66
2010-05-24 15:32:00,718.99
2010-05-24 15:33:00,192.9
2010-05-24 15:36:00,274.95
2010-05-24 15:57:00,469.70000000000005
2010-05-24 16:08:00,328.78000000000003
2010-05-24 17:30:00,124.25
2010-05-24 17:34:00,124.25
2010-05-25 08:40:00,261.5
2010-05-25 08:44:00,427.85
2010-05-25 09:34:00,774.25
2010-05-25 09:45:00,362.22
2010-05-25 09:46:00,179.05
2010-05-25 09:51:00,642.93
2010-05-25 09:52:00,150.3
2010-05-25 09:54:00,180.2
2010-05-25 09:55:00,622.04
2010-05-25 10:14:00,398.63
2010-05-25 10:23:00,350.15999999999997
2010-05-25 10:25:00,398.7
2010-05-25 10:39:00,810.86
2010-05-25 10:41:00,305.15
2010-05-25 10:57:00,71.7
2010-05-25 11:04:00,127.74
2010-05-25 11:07:00,326.4
2010-05-25 11:28:00,80.0
2010-05-25 11:35:00,387.6
2010-05-25 11:41:00,215.10000000000002
2010-05-25 11:46:00,393.32
2010-05-25 11:50:00,1056.0
2010-05-25 12:01:00,289.65000000000003
2010-05-25 12:03:00,1161.7
2010-05-25 12:09:00,559.85
2010-05-25 12:13:00,361.68
2010-05-25 12:15:00,1.7
2010-05-25 12:38:00,228.45
2010-05-25 12:42:00,984.65
2010-05-25 12:46:00,378.26
2010-05-25 12:47:00,36.13
2010-05-25 13:08:00,8.5
2010-05-25 13:21:00,979.05
2010-05-25 13:32:00,117.11
2010-05-25 13:39:00,478.93
2010-05-25 13:44:00,35.7
2010-05-25 13:51:00,426.24
2010-05-25 14:02:00,310.83
2010-05-25 14:09:00,949.56
2010-05-25 14:24:00,572.88
2010-05-25 14:26:00,34.0
2010-05-25 14:33:00,321.02
2010-05-25 15:21:00,1078.81
2010-05-25 15:23:00,290.62
2010-05-25 15:30:00,1000.7
2010-05-25 15:36:00,187.63
2010-05-25 15:45:00,138.93
2010-05-25 15:46:00,191.15
2010-05-25 16:03:00,95.5
2010-05-25 16:48:00,133.05
2010-05-25 16:54:00,7.97
2010-05-25 17:17:00,148.75
2010-05-25 17:22:00,150.83
2010-05-25 17:31:00,234.39000000000001
2010-05-26 08:27:00,610.87
2010-05-26 09:00:00,945.0
2010-05-26 09:04:00,563.12
2010-05-26 09:05:00,826.14
2010-05-26 09:10:00,125.75
2010-05-26 09:24:00,523.62
2010-05-26 09:25:00,314.4
2010-05-26 09:26:00,429.0
2010-05-26 09:49:00,308.26
2010-05-26 09:52:00,82.2
2010-05-26 09:58:00,527.23
2010-05-26 10:01:00,194.1
2010-05-26 10:07:00,24.75
2010-05-26 10:29:00,311.99
2010-05-26 10:41:00,651.44
2010-05-26 10:45:00,303.38
2010-05-26 10:48:00,306.74
2010-05-26 11:03:00,1111.81
2010-05-26 11:12:00,3767.65
2010-05-26 11:20:00,4.25
2010-05-26 11:22:00,193.17000000000002
2010-05-26 11:23:00,127.5
2010-05-26 11:27:00,136.22
2010-05-26 11:31:00,358.65999999999997
2010-05-26 11:42:00,36.25
2010-05-26 11:46:00,189.38
2010-05-26 12:03:00,107.4
2010-05-26 12:04:00,203.05
2010-05-26 12:23:00,125.49
2010-05-26 12:32:00,213.9
2010-05-26 12:33:00,245.07999999999998
2010-05-26 12:35:00,323.8
2010-05-26 12:39:00,322.88
2010-05-26 12:41:00,1395.98
2010-05-26 12:42:00,387.7
2010-05-26 12:49:00,592.5699999999999
2010-05-26 13:17:00,494.18
2010-05-26 13:18:00,235.78
2010-05-26 13:19:00,17.4
2010-05-26 13:22:00,155.64999999999998
2010-05-26 13:23:00,206.39
2010-05-26 13:35:00,1445.29
2010-05-26 13:38:00,877.14
2010-05-26 13:46:00,368.88
2010-05-26 13:47:00,302.75
2010-05-26 13:51:00,231.62
2010-05-26 14:07:00,1509.69
2010-05-26 14:28:00,728.75
2010-05-26 14:29:00,225.57
2010-05-26 14:38:00,116.0
2010-05-26 14:43:00,363.01
2010-05-26 14:54:00,203.7
2010-05-26 15:06:00,364.32
2010-05-26 15:09:00,1021.2
2010-05-26 15:11:00,318.3
2010-05-26 15:24:00,478.90000000000003
2010-05-26 15:30:00,202.16
2010-05-26 15:45:00,301.66
2010-05-26 15:48:00,523.65
2010-05-26 15:55:00,333.52
2010-05-26 15:58:00,127.2
2010-05-26 16:02:00,375.0
2010-05-26 17:17:00,1168.2
2010-05-27 08:33:00,59.4
2010-05-27 09:08:00,425.86
2010-05-27 09:21:00,308.96000000000004
2010-05-27 09:49:00,474.77
2010-05-27 09:59:00,718.51
2010-05-27 10:02:00,126.24000000000001
2010-05-27 10:03:00,112.2
2010-05-27 10:04:00,267.37
2010-05-27 10:13:00,118.43
2010-05-27 10:27:00,105.5
2010-05-27 10:39:00,91.36
2010-05-27 10:45:00,17.4
2010-05-27 10:48:00,593.45
2010-05-27 11:04:00,131.67
2010-05-27 11:05:00,1894.3400000000001
2010-05-27 11:09:00,471.84000000000003
2010-05-27 11:11:00,376.63
2010-05-27 11:12:00,34.8
2010-05-27 11:17:00,192.29
2010-05-27 11:22:00,981.7
2010-05-27 11:27:00,158.63
2010-05-27 11:28:00,307.95
2010-05-27 11:34:00,109.53999999999999
2010-05-27 11:41:00,71.95
2010-05-27 11:48:00,236.3
2010-05-27 11:52:00,90.45
2010-05-27 11:53:00,182.7
2010-05-27 12:03:00,412.49
2010-05-27 12:15:00,754.35
2010-05-27 12:16:00,136.9
2010-05-27 12:17:00,118.63999999999999
2010-05-27 12:21:00,189.78
2010-05-27 12:22:00,172.0
2010-05-27 12:24:00,162.15
2010-05-27 12:27:00,506.0
2010-05-27 12:30:00,115.37
2010-05-27 12:34:00,297.6
2010-05-27 12:36:00,625.53
2010-05-27 12:47:00,259.82
2010-05-27 12:48:00,227.5
2010-05-27 12:50:00,823.51
2010-05-27 12:55:00,359.85
2010-05-27 13:10:00,1141.62
2010-05-27 13:15:00,115.1
2010-05-27 13:18:00,363.11
2010-05-27 13:25:00,17.0
2010-05-27 13:26:00,567.38
2010-05-27 13:34:00,575.32
2010-05-27 13:47:00,82.5
2010-05-27 13:49:00,203.6
2010-05-27 13:54:00,322.78000000000003
2010-05-27 13:58:00,882.6
2010-05-27 14:04:00,307.58
2010-05-27 14:13:00,203.65
2010-05-27 14:17:00,645.19
2010-05-27 14:27:00,367.86
2010-05-27 14:28:00,1445.3
2010-05-27 14:35:00,870.78
2010-05-27 14:38:00,678.87
2010-05-27 14:40:00,1004.37
2010-05-27 14:51:00,743.87
2010-05-27 14:53:00,305.2
2010-05-27 14:55:00,35.88
2010-05-27 15:28:00,564.47
2010-05-27 15:29:00,530.45
2010-05-27 15:51:00,487.92
2010-05-27 15:56:00,89.88
2010-05-27 16:09:00,113.2
2010-05-27 16:54:00,416.78000000000003
2010-05-27 17:02:00,280.76
2010-05-27 17:06:00,121.38
2010-05-27 17:56:00,438.53000000000003
2010-05-27 18:13:00,298.46
2010-05-27 18:19:00,3.42
2010-05-27 19:03:00,226.74
2010-05-27 19:53:00,103.85
2010-05-27 20:11:00,127.31
2010-05-27 20:20:00,520.98
2010-05-27 20:31:00,196.25
2010-05-28 07:51:00,2837.04
2010-05-28 08:29:00,200.7
2010-05-28 08:33:00,194.0
2010-05-28 08:39:00,310.62
2010-05-28 08:47:00,1449.75
2010-05-28 08:55:00,351.84000000000003
2010-05-28 09:36:00,733.03
2010-05-28 09:40:00,791.05
2010-05-28 09:59:00,610.1
2010-05-28 10:04:00,211.9
2010-05-28 10:08:00,450.34000000000003
2010-05-28 10:14:00,76.5
2010-05-28 10:17:00,416.5
2010-05-28 10:33:00,79.6
2010-05-28 10:36:00,152.64
2010-05-28 10:56:00,113.84
2010-05-28 10:59:00,361.58
2010-05-28 11:13:00,165.59
2010-05-28 11:17:00,15.9
2010-05-28 11:47:00,751.65
2010-05-28 11:49:00,169.38
2010-05-28 11:51:00,328.75
2010-05-28 11:53:00,100.35
2010-05-28 12:11:00,41.400000000000006
2010-05-28 12:15:00,183.53
2010-05-28 12:37:00,387.7
2010-05-28 12:38:00,320.95
2010-05-28 12:52:00,562.92
2010-05-28 12:53:00,333.8
2010-05-28 12:57:00,8.95
2010-05-28 13:23:00,891.39
2010-05-28 13:42:00,378.61
2010-05-28 13:57:00,1458.71
2010-05-28 14:14:00,237.94
2010-05-28 14:15:00,184.15
2010-05-28 14:16:00,311.75
2010-05-28 14:22:00,45.6
2010-05-28 14:24:00,135.95
2010-05-28 14:30:00,3.4
2010-05-28 14:43:00,167.43
2010-05-28 15:09:00,217.73
2010-05-28 15:12:00,393.72
2010-05-28 15:16:00,146.4
2010-05-28 15:31:00,53.86
2010-05-28 16:11:00,158.47
2010-05-28 16:31:00,417.11
2010-05-28 16:36:00,655.76
2010-05-30 10:15:00,186.95
2010-05-30 10:40:00,968.6
2010-05-30 11:00:00,222.83
2010-05-30 11:02:00,451.14
2010-05-30 11:21:00,384.75
2010-05-30 11:28:00,405.64
2010-05-30 11:37:00,115.33
2010-05-30 11:41:00,83.23
2010-05-30 11:47:00,1071.3
2010-05-30 11:49:00,1033.69
2010-05-30 12:03:00,79.9
2010-05-30 12:30:00,250.44
2010-05-30 12:33:00,69.3
2010-05-30 12:39:00,159.4
2010-05-30 12:44:00,291.11
2010-05-30 12:48:00,385.19
2010-05-30 12:55:00,267.32
2010-05-30 13:02:00,134.3
2010-05-30 13:24:00,1440.81
2010-05-30 13:25:00,17.0
2010-05-30 13:35:00,120.14
2010-05-30 13:39:00,257.45
2010-05-30 13:52:00,180.64999999999998
2010-05-30 14:13:00,213.29
2010-05-30 14:39:00,607.21
2010-05-30 14:45:00,13.44
2010-05-30 14:50:00,46.46
2010-05-30 15:19:00,507.41
2010-05-30 15:27:00,173.39
2010-05-30 15:45:00,153.36
2010-05-30 15:58:00,411.94
2010-06-01 09:02:00,371.85
2010-06-01 09:31:00,263.0
2010-06-01 09:42:00,1002.99
2010-06-01 10:04:00,307.0
2010-06-01 10:42:00,301.5
2010-06-01 10:50:00,655.0
2010-06-01 11:27:00,310.2
2010-06-01 11:31:00,155.21
2010-06-01 11:38:00,158.82
2010-06-01 11:40:00,92.01
2010-06-01 12:00:00,495.19
2010-06-01 12:14:00,313.6
2010-06-01 12:18:00,64.8
2010-06-01 12:30:00,2.55
2010-06-01 12:39:00,639.39
2010-06-01 12:42:00,1303.78
2010-06-01 12:44:00,272.62
2010-06-01 12:45:00,223.23
2010-06-01 13:15:00,270.05
2010-06-01 13:31:00,155.0
2010-06-01 13:33:00,166.63
2010-06-01 14:18:00,191.45000000000002
2010-06-01 14:23:00,310.0
2010-06-01 14:40:00,2001.84
2010-06-01 14:44:00,125.8
2010-06-01 15:01:00,515.09
2010-06-01 15:05:00,753.47
2010-06-01 15:34:00,152.15
2010-06-01 15:45:00,241.9
2010-06-01 15:59:00,141.48
2010-06-01 16:06:00,470.8
2010-06-01 16:42:00,319.2
2010-06-01 16:51:00,200.85000000000002
2010-06-01 17:05:00,145.34
2010-06-02 09:02:00,305.86
2010-06-02 09:03:00,489.23
2010-06-02 09:48:00,262.18
2010-06-02 09:54:00,140.36
2010-06-02 09:55:00,14.98
2010-06-02 09:56:00,17.700000000000003
2010-06-02 10:07:00,335.42
2010-06-02 11:11:00,2131.62
2010-06-02 11:28:00,266.25
2010-06-02 11:32:00,336.3
2010-06-02 11:51:00,291.4
2010-06-02 11:53:00,442.15
2010-06-02 12:07:00,171.9
2010-06-02 12:08:00,269.0
2010-06-02 12:27:00,300.25
2010-06-02 12:36:00,94.75
2010-06-02 12:37:00,70.9
2010-06-02 12:47:00,315.0
2010-06-02 13:12:00,108.88
2010-06-02 13:13:00,92.1
2010-06-02 13:23:00,973.4
2010-06-02 13:25:00,50.2
2010-06-02 13:34:00,150.8
2010-06-02 13:42:00,243.36
2010-06-02 13:44:00,258.63
2010-06-02 13:49:00,30.0
2010-06-02 13:50:00,93.6
2010-06-02 14:08:00,556.8499999999999
2010-06-02 14:24:00,225.26
2010-06-02 14:30:00,204.4
2010-06-02 14:31:00,181.68
2010-06-02 14:48:00,2239.54
2010-06-02 14:56:00,330.0
2010-06-02 15:01:00,504.0
2010-06-02 15:03:00,34.0
2010-06-02 15:10:00,109.44
2010-06-02 15:20:00,144.9
2010-06-02 15:40:00,103.95
2010-06-02 15:55:00,197.15
2010-06-02 16:01:00,17.75
2010-06-02 16:20:00,609.62
2010-06-03 08:49:00,1352.24
2010-06-03 08:50:00,356.8
2010-06-03 08:51:00,126.6
2010-06-03 09:06:00,301.74
2010-06-03 09:29:00,1099.19
2010-06-03 09:30:00,90.0
2010-06-03 09:54:00,302.3
2010-06-03 10:11:00,86.38000000000001
2010-06-03 10:25:00,179.75
2010-06-03 10:26:00,2092.7
2010-06-03 10:28:00,2831.82
2010-06-03 10:29:00,307.72
2010-06-03 10:37:00,103.56
2010-06-03 10:51:00,344.4
2010-06-03 11:12:00,1626.21
2010-06-03 11:21:00,173.48000000000002
2010-06-03 11:35:00,433.38
2010-06-03 11:44:00,930.97
2010-06-03 11:50:00,52.08
2010-06-03 12:02:00,217.54
2010-06-03 12:21:00,682.56
2010-06-03 12:30:00,589.0600000000001
2010-06-03 12:34:00,300.34999999999997
2010-06-03 12:36:00,291.25
2010-06-03 12:38:00,891.03
2010-06-03 12:51:00,489.26
2010-06-03 13:03:00,63.6
2010-06-03 13:06:00,307.65
2010-06-03 13:08:00,103.5
2010-06-03 13:26:00,280.61
2010-06-03 13:28:00,59.8
2010-06-03 13:29:00,30.0
2010-06-03 14:24:00,117.44
2010-06-03 14:44:00,1255.22
2010-06-03 14:57:00,948.72
2010-06-03 15:03:00,190.5
2010-06-03 15:05:00,190.5
2010-06-03 15:17:00,139.01
2010-06-03 15:29:00,339.6
2010-06-03 15:39:00,674.33
2010-06-03 15:48:00,195.3
2010-06-03 15:50:00,492.41
2010-06-03 16:08:00,121.11
2010-06-03 16:17:00,4.2
2010-06-03 16:33:00,383.67
2010-06-03 16:45:00,164.32999999999998
2010-06-03 16:52:00,244.02
2010-06-03 17:15:00,506.19
2010-06-03 17:21:00,490.38
2010-06-03 17:33:00,4.95
2010-06-03 17:53:00,301.94
2010-06-03 17:55:00,8.95
2010-06-03 19:01:00,261.25
2010-06-03 19:05:00,1657.38
2010-06-03 19:24:00,117.15
2010-06-03 19:47:00,723.55
2010-06-03 19:57:00,15.0
2010-06-04 08:50:00,260.85
2010-06-04 08:56:00,232.55
2010-06-04 09:49:00,12.75
2010-06-04 10:10:00,125.3
2010-06-04 10:30:00,97.5
2010-06-04 10:35:00,620.6
2010-06-04 10:37:00,300.47
2010-06-04 11:02:00,540.41
2010-06-04 11:32:00,182.64
2010-06-04 11:37:00,2036.7
2010-06-04 11:38:00,244.88
2010-06-04 11:47:00,92.3
2010-06-04 11:50:00,73.6
2010-06-04 12:32:00,337.88
2010-06-04 12:35:00,398.40000000000003
2010-06-04 12:37:00,399.55
2010-06-04 12:50:00,318.49
2010-06-04 12:51:00,326.88
2010-06-04 12:54:00,113.9
2010-06-04 13:01:00,61.2
2010-06-04 13:22:00,319.0
2010-06-04 13:47:00,314.65999999999997
2010-06-04 13:54:00,1675.52
2010-06-04 14:12:00,340.57
2010-06-04 14:24:00,280.8
2010-06-04 14:32:00,375.79
2010-06-04 14:37:00,304.25
2010-06-04 14:51:00,148.5
2010-06-04 15:03:00,310.51
2010-06-04 15:45:00,39.75
2010-06-04 15:59:00,312.5
2010-06-04 16:01:00,131.70000000000002
2010-06-04 17:01:00,117.33
2010-06-06 09:49:00,307.28000000000003
2010-06-06 10:25:00,630.78
2010-06-06 10:30:00,513.26
2010-06-06 10:36:00,311.66
2010-06-06 10:39:00,145.35
2010-06-06 10:55:00,102.0
2010-06-06 10:56:00,759.45
2010-06-06 10:57:00,708.55
2010-06-06 11:06:00,155.15
2010-06-06 11:11:00,1319.53
2010-06-06 11:19:00,1078.05
2010-06-06 11:20:00,262.0
2010-06-06 11:21:00,372.03000000000003
2010-06-06 11:22:00,179.6
2010-06-06 11:26:00,85.8
2010-06-06 11:30:00,85.72999999999999
2010-06-06 11:35:00,413.85
2010-06-06 11:38:00,163.77
2010-06-06 12:07:00,311.84
2010-06-06 12:13:00,1651.72
2010-06-06 12:15:00,887.73
2010-06-06 12:16:00,941.84
2010-06-06 12:17:00,187.2
2010-06-06 12:24:00,557.3000000000001
2010-06-06 12:26:00,224.4
2010-06-06 12:27:00,274.34
2010-06-06 12:39:00,330.93
2010-06-06 12:40:00,152.0
2010-06-06 12:41:00,904.3
2010-06-06 12:45:00,313.31
2010-06-06 12:46:00,422.84000000000003
2010-06-06 12:52:00,240.96
2010-06-06 12:59:00,347.49
2010-06-06 13:06:00,291.2
2010-06-06 13:11:00,415.31
2010-06-06 13:22:00,225.78
2010-06-06 13:26:00,366.04
2010-06-06 13:27:00,125.35
2010-06-06 13:36:00,289.44
2010-06-06 13:42:00,303.4
2010-06-06 13:45:00,137.59
2010-06-06 13:47:00,323.8
2010-06-06 13:48:00,13.919999999999998
2010-06-06 13:50:00,143.87
2010-06-06 13:52:00,291.75
2010-06-06 13:53:00,36.9
2010-06-06 14:01:00,200.35999999999999
2010-06-06 14:05:00,286.71
2010-06-06 14:10:00,209.48
2010-06-06 14:16:00,1081.3300000000002
2010-06-06 14:17:00,368.83
2010-06-06 14:18:00,8.4
2010-06-06 14:41:00,101.74000000000001
2010-06-06 15:01:00,452.0
2010-06-06 15:03:00,407.24
2010-06-06 15:07:00,184.35
2010-06-06 15:15:00,198.36
2010-06-06 15:18:00,326.85
2010-06-06 15:22:00,741.52
2010-06-06 15:32:00,299.58000000000004
2010-06-06 15:47:00,1100.51
2010-06-06 15:49:00,573.86
2010-06-06 15:53:00,367.58
2010-06-06 16:01:00,242.06
2010-06-07 08:37:00,1558.65
2010-06-07 08:38:00,443.3
2010-06-07 08:41:00,170.8
2010-06-07 08:42:00,90.0
2010-06-07 09:37:00,1448.98
2010-06-07 09:43:00,380.86
2010-06-07 09:49:00,292.8
2010-06-07 09:55:00,5368.86
2010-06-07 10:03:00,387.94
2010-06-07 10:05:00,123.86
2010-06-07 10:10:00,351.24
2010-06-07 10:24:00,664.24
2010-06-07 10:37:00,211.92000000000002
2010-06-07 10:39:00,309.55
2010-06-07 10:41:00,507.65
2010-06-07 10:42:00,376.45
2010-06-07 10:49:00,238.14
2010-06-07 10:52:00,125.4
2010-06-07 10:56:00,436.29
2010-06-07 10:59:00,195.45
2010-06-07 11:23:00,173.98
2010-06-07 11:25:00,139.54999999999998
2010-06-07 11:32:00,161.75
2010-06-07 11:34:00,511.04
2010-06-07 11:38:00,244.1
2010-06-07 11:47:00,189.0
2010-06-07 12:01:00,606.12
2010-06-07 12:02:00,3610.5
2010-06-07 12:03:00,147.9
2010-06-07 12:08:00,458.25
2010-06-07 12:09:00,3938.67
2010-06-07 12:10:00,37.3
2010-06-07 12:12:00,118.3
2010-06-07 12:17:00,269.25
2010-06-07 12:18:00,203.51
2010-06-07 12:21:00,328.3
2010-06-07 12:22:00,19.8
2010-06-07 12:28:00,268.1
2010-06-07 12:29:00,791.35
2010-06-07 12:31:00,305.53000000000003
2010-06-07 12:33:00,633.76
2010-06-07 12:35:00,322.63
2010-06-07 12:37:00,196.1
2010-06-07 12:42:00,195.77
2010-06-07 12:43:00,361.05
2010-06-07 12:49:00,409.74
2010-06-07 12:51:00,286.45
2010-06-07 12:59:00,384.05
2010-06-07 13:02:00,824.95
2010-06-07 13:03:00,1231.47
2010-06-07 13:09:00,29.49
2010-06-07 13:26:00,152.1
2010-06-07 13:29:00,163.42
2010-06-07 13:33:00,3175.5
2010-06-07 13:42:00,90.96
2010-06-07 13:53:00,308.22
2010-06-07 14:04:00,678.75
2010-06-07 14:19:00,451.56
2010-06-07 14:24:00,476.36
2010-06-07 14:39:00,238.69
2010-06-07 14:46:00,248.79999999999998
2010-06-07 14:47:00,572.3
2010-06-07 14:48:00,303.22
2010-06-07 14:52:00,587.87
2010-06-07 14:53:00,119.04
2010-06-07 14:55:00,142.45
2010-06-07 15:04:00,92.3
2010-06-07 15:05:00,280.87
2010-06-07 15:08:00,13.52
2010-06-07 15:12:00,168.4
2010-06-07 15:14:00,368.51000000000005
2010-06-07 15:29:00,7.95
2010-06-07 15:31:00,387.22
2010-06-07 15:32:00,148.07
2010-06-07 15:39:00,118.0
2010-06-07 15:40:00,140.49
2010-06-07 15:47:00,273.49
2010-06-07 15:51:00,158.4
2010-06-07 15:57:00,602.43
2010-06-07 16:01:00,482.59
2010-06-07 16:05:00,301.18
2010-06-07 16:06:00,179.54
2010-06-07 16:08:00,112.86
2010-06-07 16:28:00,321.6
2010-06-07 16:39:00,156.3
2010-06-07 16:48:00,181.5
2010-06-07 16:52:00,1511.76
2010-06-07 17:12:00,139.5
2010-06-07 17:15:00,443.7
2010-06-07 17:33:00,143.55
2010-06-08 08:37:00,31.0
2010-06-08 08:50:00,977.86
2010-06-08 09:07:00,252.3
2010-06-08 09:11:00,88.28
2010-06-08 10:06:00,1258.2
2010-06-08 10:16:00,484.79
2010-06-08 10:26:00,299.52
2010-06-08 10:28:00,597.0
2010-06-08 10:30:00,192.9
2010-06-08 10:39:00,119.9
2010-06-08 10:44:00,6007.68
2010-06-08 10:49:00,227.77
2010-06-08 10:58:00,248.62
2010-06-08 10:59:00,122.35
2010-06-08 11:14:00,617.35
2010-06-08 11:28:00,891.8100000000001
2010-06-08 11:38:00,343.45
2010-06-08 11:41:00,194.35
2010-06-08 11:48:00,165.3
2010-06-08 11:49:00,490.64000000000004
2010-06-08 11:50:00,176.93
2010-06-08 11:51:00,4588.62
2010-06-08 12:02:00,207.4
2010-06-08 12:08:00,203.97
2010-06-08 12:10:00,877.5
2010-06-08 12:12:00,326.52
2010-06-08 12:16:00,324.55
2010-06-08 12:27:00,609.89
2010-06-08 12:28:00,215.76
2010-06-08 12:32:00,13.919999999999998
2010-06-08 12:33:00,24.4
2010-06-08 12:34:00,156.49
2010-06-08 12:36:00,201.0
2010-06-08 12:41:00,120.05
2010-06-08 12:53:00,460.95
2010-06-08 12:54:00,456.05
2010-06-08 12:55:00,861.35
2010-06-08 12:59:00,10200.0
2010-06-08 13:02:00,428.20000000000005
2010-06-08 13:10:00,160.04000000000002
2010-06-08 13:11:00,308.69
2010-06-08 13:22:00,300.55
2010-06-08 13:23:00,491.69
2010-06-08 13:27:00,338.32
2010-06-08 13:36:00,105.8
2010-06-08 13:37:00,729.73
2010-06-08 13:39:00,183.5
2010-06-08 13:40:00,211.20000000000002
2010-06-08 13:43:00,701.88
2010-06-08 14:00:00,565.77
2010-06-08 14:05:00,878.14
2010-06-08 14:10:00,124.77
2010-06-08 14:22:00,1219.07
2010-06-08 14:40:00,1740.8700000000001
2010-06-08 14:41:00,60.0
2010-06-08 14:44:00,324.64
2010-06-08 14:52:00,406.04
2010-06-08 15:09:00,364.32000000000005
2010-06-08 15:10:00,176.1
2010-06-08 15:24:00,25.5
2010-06-08 15:51:00,188.3
2010-06-08 15:57:00,61.44
2010-06-08 16:06:00,1242.89
2010-06-08 16:15:00,107.21
2010-06-08 16:24:00,91.11
2010-06-08 16:39:00,849.45
2010-06-08 16:47:00,1746.54
2010-06-08 16:48:00,297.57
2010-06-08 17:29:00,149.73000000000002
2010-06-09 08:02:00,1273.07
2010-06-09 08:41:00,177.78
2010-06-09 08:46:00,89.2
2010-06-09 09:05:00,412.28
2010-06-09 09:15:00,206.20000000000002
2010-06-09 09:33:00,302.93
2010-06-09 09:40:00,356.7
2010-06-09 09:41:00,207.36
2010-06-09 09:42:00,296.9
2010-06-09 10:00:00,164.18
2010-06-09 10:02:00,3706.2
2010-06-09 10:12:00,1708.86
2010-06-09 10:38:00,427.2
2010-06-09 10:41:00,121.48
2010-06-09 10:44:00,10.2
2010-06-09 10:52:00,307.90000000000003
2010-06-09 11:10:00,389.3
2010-06-09 11:23:00,538.8
2010-06-09 11:28:00,111.15
2010-06-09 11:44:00,435.1
2010-06-09 12:02:00,87.65
2010-06-09 12:06:00,330.0
2010-06-09 12:07:00,352.93
2010-06-09 12:11:00,414.27000000000004
2010-06-09 12:21:00,2.55
2010-06-09 12:25:00,178.5
2010-06-09 12:29:00,1590.1100000000001
2010-06-09 12:43:00,224.7
2010-06-09 12:45:00,315.59000000000003
2010-06-09 12:55:00,8141.14
2010-06-09 13:00:00,337.91
2010-06-09 13:02:00,330.0
2010-06-09 13:04:00,474.07
2010-06-09 13:08:00,591.42
2010-06-09 13:15:00,149.46
2010-06-09 13:22:00,1352.96
2010-06-09 13:37:00,548.28
2010-06-09 13:56:00,475.5
2010-06-09 13:57:00,544.49
2010-06-09 13:59:00,303.65
2010-06-09 14:04:00,161.94
2010-06-09 14:09:00,212.23
2010-06-09 14:37:00,319.6
2010-06-09 14:41:00,293.96
2010-06-09 14:42:00,550.86
2010-06-09 14:43:00,970.2
2010-06-09 14:56:00,51.8
2010-06-09 14:58:00,316.08000000000004
2010-06-09 15:07:00,2090.88
2010-06-09 15:15:00,512.54
2010-06-09 15:16:00,206.60000000000002
2010-06-09 15:19:00,543.8
2010-06-09 15:22:00,96.53999999999999
2010-06-09 15:24:00,340.34000000000003
2010-06-09 15:41:00,360.0
2010-06-09 15:53:00,318.55
2010-06-09 16:28:00,749.96
2010-06-09 16:42:00,369.71000000000004
2010-06-09 16:56:00,55.379999999999995
2010-06-10 08:47:00,283.44
2010-06-10 09:17:00,313.38
2010-06-10 09:22:00,303.38
2010-06-10 09:40:00,534.4300000000001
2010-06-10 09:55:00,193.1
2010-06-10 10:04:00,293.86
2010-06-10 10:05:00,20.4
2010-06-10 10:10:00,228.96
2010-06-10 10:15:00,159.6
2010-06-10 10:23:00,109.22
2010-06-10 10:38:00,414.53000000000003
2010-06-10 10:43:00,207.57
2010-06-10 11:32:00,298.55
2010-06-10 11:37:00,299.33
2010-06-10 11:44:00,187.57
2010-06-10 12:12:00,15.0
2010-06-10 12:14:00,302.3
2010-06-10 12:16:00,15.0
2010-06-10 12:21:00,163.1
2010-06-10 12:32:00,421.4
2010-06-10 12:37:00,2199.39
2010-06-10 12:39:00,112.1
2010-06-10 12:43:00,249.78
2010-06-10 13:04:00,42.0
2010-06-10 13:05:00,78.60000000000001
2010-06-10 13:17:00,398.18
2010-06-10 13:37:00,444.32
2010-06-10 13:47:00,684.26
2010-06-10 13:52:00,390.48
2010-06-10 13:56:00,261.42
2010-06-10 13:59:00,971.26
2010-06-10 14:25:00,310.65
2010-06-10 14:36:00,601.52
2010-06-10 14:37:00,51.0
2010-06-10 14:49:00,507.01
2010-06-10 15:14:00,316.13
2010-06-10 15:20:00,126.35000000000001
2010-06-10 15:22:00,834.25
2010-06-10 15:28:00,255.39
2010-06-10 15:31:00,139.93
2010-06-10 15:32:00,180.64000000000001
2010-06-10 16:11:00,734.0799999999999
2010-06-10 16:15:00,52.2
2010-06-10 16:35:00,155.51999999999998
2010-06-10 16:45:00,307.25
2010-06-10 16:58:00,138.7
2010-06-10 17:05:00,305.4
2010-06-10 17:11:00,9.0
2010-06-10 17:27:00,6.45
2010-06-10 17:29:00,408.0
2010-06-10 17:31:00,236.16
2010-06-10 18:04:00,311.26
2010-06-10 18:35:00,187.15
2010-06-10 18:45:00,30.0
2010-06-10 18:46:00,137.2
2010-06-10 18:50:00,292.85
2010-06-10 18:51:00,54.65
2010-06-10 19:07:00,165.74
2010-06-10 19:21:00,321.26
2010-06-10 20:09:00,237.47
2010-06-11 08:08:00,2608.04
2010-06-11 08:11:00,771.3
2010-06-11 08:25:00,851.9300000000001
2010-06-11 08:41:00,364.47
2010-06-11 10:10:00,597.6
2010-06-11 10:11:00,245.73000000000002
2010-06-11 10:12:00,300.89
2010-06-11 10:16:00,355.89
2010-06-11 10:23:00,196.06
2010-06-11 10:26:00,312.78
2010-06-11 10:28:00,52.45
2010-06-11 10:30:00,337.65
2010-06-11 10:47:00,2021.28
2010-06-11 10:49:00,384.25
2010-06-11 11:04:00,212.35
2010-06-11 11:11:00,46.16
2010-06-11 11:12:00,59.84
2010-06-11 11:19:00,223.19
2010-06-11 11:38:00,254.4
2010-06-11 11:44:00,310.79999999999995
2010-06-11 11:45:00,208.56
2010-06-11 11:48:00,101.35000000000001
2010-06-11 11:49:00,90.75
2010-06-11 11:50:00,172.65
2010-06-11 11:52:00,161.55
2010-06-11 11:53:00,101.1
2010-06-11 11:58:00,757.26
2010-06-11 12:04:00,366.54
2010-06-11 12:06:00,131.24
2010-06-11 12:09:00,760.53
2010-06-11 12:10:00,310.77
2010-06-11 12:15:00,332.5
2010-06-11 12:21:00,26.65
2010-06-11 12:22:00,223.91
2010-06-11 12:25:00,216.4
2010-06-11 12:29:00,81.05
2010-06-11 12:30:00,126.03
2010-06-11 12:32:00,330.0
2010-06-11 12:36:00,15.44
2010-06-11 12:45:00,791.33
2010-06-11 13:00:00,319.38
2010-06-11 13:02:00,104.25999999999999
2010-06-11 13:18:00,172.05
2010-06-11 13:20:00,794.08
2010-06-11 13:23:00,172.6
2010-06-11 13:27:00,1575.26
2010-06-11 13:28:00,894.0
2010-06-11 13:29:00,513.36
2010-06-11 13:30:00,22.55
2010-06-11 13:43:00,29.0
2010-06-11 13:44:00,832.0
2010-06-11 13:55:00,308.3
2010-06-11 13:59:00,172.51
2010-06-11 14:37:00,354.01
2010-06-11 14:56:00,351.66
2010-06-11 15:03:00,182.43
2010-06-11 15:07:00,1708.56
2010-06-11 15:20:00,306.6
2010-06-11 15:22:00,800.0
2010-06-11 15:23:00,320.0
2010-06-11 15:27:00,412.0
2010-06-11 15:37:00,2.4899999999999998
2010-06-11 15:54:00,1140.4
2010-06-11 15:58:00,1364.68
2010-06-11 16:22:00,306.75
2010-06-11 17:06:00,706.78
2010-06-11 17:18:00,153.0
2010-06-11 17:19:00,477.32
2010-06-11 17:33:00,526.59
2010-06-13 09:50:00,196.95
2010-06-13 10:15:00,338.68
2010-06-13 10:20:00,302.2
2010-06-13 10:28:00,181.34
2010-06-13 10:35:00,955.51
2010-06-13 10:38:00,173.4
2010-06-13 10:39:00,45.0
2010-06-13 11:00:00,252.9
2010-06-13 11:05:00,148.44
2010-06-13 11:18:00,463.95000000000005
2010-06-13 11:19:00,933.7
2010-06-13 11:20:00,317.76
2010-06-13 11:21:00,181.05
2010-06-13 11:22:00,240.5
2010-06-13 11:26:00,301.64
2010-06-13 11:32:00,300.6
2010-06-13 11:36:00,646.82
2010-06-13 11:39:00,124.7
2010-06-13 11:42:00,291.56
2010-06-13 11:44:00,126.5
2010-06-13 11:45:00,70.32
2010-06-13 11:49:00,118.18
2010-06-13 12:12:00,908.38
2010-06-13 12:14:00,612.0
2010-06-13 12:15:00,395.33000000000004
2010-06-13 12:18:00,86.28
2010-06-13 12:19:00,66.6
2010-06-13 12:25:00,99.48
2010-06-13 12:32:00,381.2
2010-06-13 12:33:00,353.35
2010-06-13 12:34:00,92.7
2010-06-13 12:35:00,235.23000000000002
2010-06-13 12:51:00,454.4
2010-06-13 12:54:00,336.83000000000004
2010-06-13 12:58:00,306.3
2010-06-13 13:06:00,270.29999999999995
2010-06-13 13:14:00,404.22
2010-06-13 13:19:00,112.55
2010-06-13 13:20:00,534.14
2010-06-13 13:30:00,205.74
2010-06-13 13:43:00,267.0
2010-06-13 13:46:00,759.28
2010-06-13 13:49:00,310.8
2010-06-13 13:58:00,795.41
2010-06-13 14:01:00,206.8
2010-06-13 14:30:00,421.27
2010-06-13 14:31:00,139.0
2010-06-13 14:35:00,779.6
2010-06-13 14:40:00,611.08
2010-06-13 14:47:00,550.72
2010-06-13 14:48:00,33.81999999999999
2010-06-13 14:52:00,170.14000000000001
2010-06-13 14:53:00,364.68
2010-06-13 15:23:00,6.09
2010-06-13 15:27:00,89.05
2010-06-13 15:47:00,208.61
2010-06-13 15:48:00,271.05
2010-06-13 15:52:00,144.13
2010-06-13 15:54:00,309.34
2010-06-13 15:57:00,536.83
2010-06-13 16:03:00,872.6
2010-06-13 16:10:00,733.74
2010-06-14 08:48:00,214.35
2010-06-14 09:40:00,254.7
2010-06-14 10:33:00,255.6
2010-06-14 10:44:00,225.4
2010-06-14 10:48:00,308.26
2010-06-14 11:45:00,305.28000000000003
2010-06-14 11:48:00,640.0
2010-06-14 11:51:00,505.56
2010-06-14 11:52:00,330.0
2010-06-14 11:55:00,70.19999999999999
2010-06-14 11:56:00,270.0
2010-06-14 11:58:00,104.15
2010-06-14 11:59:00,60.18
2010-06-14 12:01:00,2024.06
2010-06-14 12:31:00,232.08
2010-06-14 12:36:00,192.65
2010-06-14 12:39:00,962.34
2010-06-14 12:41:00,963.01
2010-06-14 12:46:00,338.72
2010-06-14 13:03:00,415.81
2010-06-14 13:06:00,140.31
2010-06-14 13:13:00,260.56
2010-06-14 13:18:00,356.83
2010-06-14 13:26:00,556.02
2010-06-14 13:27:00,71.4
2010-06-14 13:31:00,906.25
2010-06-14 13:34:00,95.44
2010-06-14 13:36:00,697.84
2010-06-14 13:42:00,157.1
2010-06-14 13:51:00,134.41
2010-06-14 14:03:00,473.96999999999997
2010-06-14 14:05:00,307.48
2010-06-14 14:06:00,2623.7200000000003
2010-06-14 14:27:00,1117.69
2010-06-14 14:39:00,218.19
2010-06-14 14:43:00,256.35
2010-06-14 14:50:00,113.3
2010-06-14 14:54:00,147.55
2010-06-14 15:03:00,60.48
2010-06-14 15:11:00,952.22
2010-06-14 15:51:00,252.45
2010-06-14 15:52:00,161.4
2010-06-14 16:00:00,114.69
2010-06-14 16:19:00,49.370000000000005
2010-06-14 16:25:00,1575.98
2010-06-14 16:32:00,170.4
2010-06-14 16:43:00,673.62
2010-06-15 08:15:00,530.76
2010-06-15 09:12:00,111.2
2010-06-15 09:14:00,572.2
2010-06-15 09:17:00,344.32
2010-06-15 09:32:00,39.5
2010-06-15 09:33:00,648.24
2010-06-15 10:24:00,168.95
2010-06-15 11:33:00,385.02
2010-06-15 11:34:00,55.8
2010-06-15 11:39:00,132.62
2010-06-15 11:42:00,647.41
2010-06-15 11:46:00,1002.26
2010-06-15 11:58:00,220.11
2010-06-15 12:05:00,426.24
2010-06-15 12:11:00,403.09
2010-06-15 12:14:00,1796.48
2010-06-15 12:22:00,1323.1200000000001
2010-06-15 12:27:00,375.06
2010-06-15 12:35:00,656.57
2010-06-15 12:41:00,680.74
2010-06-15 12:50:00,205.23999999999998
2010-06-15 12:54:00,114.45
2010-06-15 13:03:00,552.07
2010-06-15 13:06:00,618.76
2010-06-15 13:12:00,327.6
2010-06-15 13:18:00,359.07
2010-06-15 13:19:00,7896.14
2010-06-15 13:24:00,22.5
2010-06-15 13:36:00,29.7
2010-06-15 13:40:00,128.13
2010-06-15 13:50:00,1148.4
2010-06-15 13:51:00,63.5
2010-06-15 13:52:00,15.3
2010-06-15 14:00:00,984.31
2010-06-15 14:03:00,188.0
2010-06-15 14:32:00,217.0
2010-06-15 14:33:00,179.84
2010-06-15 14:42:00,150.73
2010-06-15 15:00:00,541.14
2010-06-15 15:23:00,642.5699999999999
2010-06-15 15:34:00,979.5999999999999
2010-06-15 15:59:00,436.26
2010-06-15 16:31:00,410.94
2010-06-15 16:40:00,113.02
2010-06-15 17:29:00,93.5
2010-06-16 08:54:00,1133.25
2010-06-16 08:55:00,118.88
2010-06-16 09:47:00,528.0
2010-06-16 09:48:00,1680.34
2010-06-16 09:58:00,868.27
2010-06-16 10:23:00,449.85
2010-06-16 10:29:00,409.82
2010-06-16 10:37:00,47.7
2010-06-16 10:53:00,116.10000000000001
2010-06-16 11:02:00,1342.7199999999998
2010-06-16 11:03:00,629.9
2010-06-16 11:05:00,162.0
2010-06-16 11:06:00,418.4
2010-06-16 11:07:00,525.5999999999999
2010-06-16 11:08:00,30.24
2010-06-16 11:09:00,305.28000000000003
2010-06-16 11:11:00,101.76
2010-06-16 11:17:00,212.85
2010-06-16 11:30:00,398.62
2010-06-16 11:33:00,498.9
2010-06-16 11:36:00,351.0
2010-06-16 11:40:00,7.49
2010-06-16 11:45:00,140.79999999999998
2010-06-16 11:48:00,601.94
2010-06-16 11:49:00,318.15
2010-06-16 11:52:00,680.8
2010-06-16 11:53:00,718.9
2010-06-16 11:54:00,250.06
2010-06-16 12:01:00,1253.86
2010-06-16 12:02:00,110.05
2010-06-16 12:08:00,140.63
2010-06-16 12:16:00,149.38
2010-06-16 12:38:00,227.51999999999998
2010-06-16 12:44:00,524.22
2010-06-16 12:45:00,787.17
2010-06-16 12:48:00,414.44
2010-06-16 12:54:00,623.64
2010-06-16 12:55:00,386.6
2010-06-16 12:59:00,130.23
2010-06-16 13:20:00,829.2
2010-06-16 13:22:00,1468.1200000000001
2010-06-16 13:29:00,183.5
2010-06-16 13:30:00,319.44
2010-06-16 13:36:00,89.47
2010-06-16 13:45:00,302.7
2010-06-16 13:47:00,127.28
2010-06-16 13:52:00,446.09000000000003
2010-06-16 14:01:00,268.8
2010-06-16 14:11:00,70.8
2010-06-16 14:12:00,160.08
2010-06-16 14:25:00,108.0
2010-06-16 14:26:00,782.68
2010-06-16 14:28:00,202.04
2010-06-16 14:33:00,45.0
2010-06-16 14:34:00,795.82
2010-06-16 14:36:00,50.400000000000006
2010-06-16 14:41:00,896.8
2010-06-16 14:47:00,1274.36
2010-06-16 14:49:00,105.15
2010-06-16 15:27:00,334.64
2010-06-16 15:51:00,178.73000000000002
2010-06-16 15:55:00,186.06
2010-06-16 16:01:00,20.4
2010-06-16 16:10:00,253.55
2010-06-16 16:24:00,881.4
2010-06-16 16:42:00,750.36
2010-06-16 16:47:00,146.81
2010-06-16 16:54:00,114.85
2010-06-16 16:59:00,21.45
2010-06-16 17:03:00,20.599999999999998
2010-06-17 08:20:00,385.56
2010-06-17 09:26:00,542.34
2010-06-17 09:30:00,617.27
2010-06-17 09:48:00,906.67
2010-06-17 09:56:00,1106.52
2010-06-17 10:12:00,272.0
2010-06-17 10:19:00,183.6
2010-06-17 10:27:00,453.0
2010-06-17 10:28:00,395.1
2010-06-17 10:30:00,299.47
2010-06-17 10:35:00,127.35
2010-06-17 10:41:00,729.47
2010-06-17 10:47:00,493.90000000000003
2010-06-17 11:14:00,343.6
2010-06-17 11:21:00,34.0
2010-06-17 11:23:00,196.19
2010-06-17 11:24:00,15.0
2010-06-17 11:26:00,334.38
2010-06-17 11:32:00,157.07
2010-06-17 11:40:00,246.35000000000002
2010-06-17 11:44:00,84.15
2010-06-17 11:46:00,322.39
2010-06-17 11:52:00,197.41
2010-06-17 11:53:00,301.35
2010-06-17 11:57:00,594.1
2010-06-17 11:58:00,104.28
2010-06-17 11:59:00,85.13
2010-06-17 12:05:00,110.65
2010-06-17 12:17:00,671.59
2010-06-17 12:21:00,236.9
2010-06-17 12:23:00,666.84
2010-06-17 12:28:00,232.05
2010-06-17 12:33:00,323.69
2010-06-17 12:51:00,738.6
2010-06-17 13:02:00,136.57999999999998
2010-06-17 13:06:00,745.09
2010-06-17 13:09:00,155.23
2010-06-17 13:43:00,145.43
2010-06-17 13:48:00,353.52
2010-06-17 13:58:00,118.35
2010-06-17 14:04:00,309.85
2010-06-17 14:14:00,448.78
2010-06-17 14:15:00,108.38
2010-06-17 14:37:00,287.77
2010-06-17 14:40:00,631.45
2010-06-17 14:43:00,301.04
2010-06-17 14:46:00,1212.4
2010-06-17 14:49:00,600.84
2010-06-17 14:53:00,72.07
2010-06-17 15:03:00,125.65
2010-06-17 15:08:00,159.17000000000002
2010-06-17 15:24:00,163.20000000000002
2010-06-17 15:34:00,359.98
2010-06-17 16:00:00,306.12
2010-06-17 16:16:00,372.19
2010-06-17 16:20:00,525.37
2010-06-17 16:34:00,111.80000000000001
2010-06-17 17:00:00,284.76
2010-06-17 17:41:00,772.48
2010-06-17 17:51:00,42.5
2010-06-17 18:00:00,345.0
2010-06-17 18:17:00,518.55
2010-06-17 18:22:00,71.37
2010-06-17 19:18:00,198.9
2010-06-17 19:28:00,143.56
2010-06-18 08:45:00,6.9
2010-06-18 08:58:00,307.25
2010-06-18 09:28:00,151.63
2010-06-18 10:18:00,320.0
2010-06-18 10:29:00,924.55
2010-06-18 10:32:00,1040.1
2010-06-18 10:39:00,546.7
2010-06-18 10:47:00,249.48000000000002
2010-06-18 11:01:00,67.7
2010-06-18 11:05:00,27.369999999999997
2010-06-18 11:16:00,241.38
2010-06-18 11:21:00,4212.79
2010-06-18 11:23:00,228.6
2010-06-18 11:31:00,111.46000000000001
2010-06-18 11:34:00,486.9
2010-06-18 11:40:00,323.69
2010-06-18 12:03:00,359.05
2010-06-18 12:04:00,492.05
2010-06-18 12:13:00,134.37
2010-06-18 12:19:00,252.55
2010-06-18 12:28:00,346.69
2010-06-18 12:31:00,1192.6
2010-06-18 12:37:00,382.91
2010-06-18 12:45:00,224.7
2010-06-18 12:46:00,128.82
2010-06-18 12:57:00,472.59000000000003
2010-06-18 13:06:00,359.35
2010-06-18 13:19:00,264.55
2010-06-18 13:22:00,670.88
2010-06-18 13:43:00,314.06
2010-06-18 13:51:00,306.24
2010-06-18 14:01:00,137.7
2010-06-18 14:08:00,121.8
2010-06-18 14:22:00,136.5
2010-06-18 14:47:00,399.14
2010-06-18 14:57:00,374.95
2010-06-18 15:08:00,175.5
2010-06-18 15:42:00,299.86
2010-06-18 15:44:00,255.9
2010-06-18 15:57:00,53.10000000000001
2010-06-18 16:17:00,415.13
2010-06-18 16:36:00,144.75
2010-06-18 16:40:00,10.85
2010-06-18 17:30:00,115.60000000000001
2010-06-20 10:10:00,86.45
2010-06-20 10:47:00,1082.8
2010-06-20 10:49:00,382.5
2010-06-20 10:55:00,191.6
2010-06-20 11:50:00,197.10999999999999
2010-06-20 12:09:00,805.74
2010-06-20 12:13:00,9.5
2010-06-20 12:16:00,134.36
2010-06-20 13:06:00,222.72
2010-06-20 13:08:00,377.28
2010-06-20 13:19:00,399.29
2010-06-20 13:22:00,368.2
2010-06-20 13:28:00,1678.95
2010-06-20 13:43:00,594.26
2010-06-20 14:08:00,311.56
2010-06-20 14:29:00,166.55
2010-06-20 14:38:00,294.62
2010-06-20 15:00:00,220.60000000000002
2010-06-20 15:21:00,405.15
2010-06-20 15:32:00,696.53
2010-06-20 15:53:00,107.71
2010-06-20 15:58:00,89.73
2010-06-20 16:06:00,255.37
2010-06-21 09:26:00,678.82
2010-06-21 09:38:00,463.43
2010-06-21 09:56:00,282.68
2010-06-21 10:11:00,53.1
2010-06-21 10:13:00,1786.71
2010-06-21 10:30:00,1956.84
2010-06-21 10:32:00,339.88
2010-06-21 11:37:00,168.97
2010-06-21 11:38:00,928.79
2010-06-21 11:40:00,118.55000000000001
2010-06-21 11:42:00,354.0
2010-06-21 11:55:00,394.39
2010-06-21 11:57:00,720.5
2010-06-21 12:05:00,233.12
2010-06-21 12:11:00,347.29
2010-06-21 12:17:00,297.83
2010-06-21 12:31:00,257.04
2010-06-21 12:51:00,79.30000000000001
2010-06-21 12:56:00,231.93
2010-06-21 13:04:00,284.75
2010-06-21 13:12:00,219.61
2010-06-21 13:18:00,749.96
2010-06-21 13:22:00,449.58
2010-06-21 13:28:00,170.06
2010-06-21 13:32:00,543.32
2010-06-21 13:35:00,417.75
2010-06-21 13:45:00,17.700000000000003
2010-06-21 13:52:00,1523.16
2010-06-21 13:53:00,176.34
2010-06-21 14:07:00,272.68
2010-06-21 14:14:00,110.64
2010-06-21 14:19:00,112.66
2010-06-21 14:25:00,360.29999999999995
2010-06-21 14:49:00,864.9100000000001
2010-06-21 14:50:00,75.35
2010-06-21 15:51:00,662.2
2010-06-21 16:04:00,339.84
2010-06-21 16:07:00,75.28
2010-06-21 16:10:00,111.15
2010-06-21 16:23:00,321.8
2010-06-21 16:28:00,564.0
2010-06-22 08:59:00,367.8
2010-06-22 09:04:00,762.08
2010-06-22 09:05:00,160.98000000000002
2010-06-22 09:37:00,281.18
2010-06-22 09:39:00,19.9
2010-06-22 09:45:00,41.5
2010-06-22 09:51:00,265.37
2010-06-22 09:52:00,15.3
2010-06-22 10:05:00,130.0
2010-06-22 10:24:00,489.8
2010-06-22 10:25:00,275.7
2010-06-22 10:38:00,98.7
2010-06-22 10:51:00,454.5
2010-06-22 10:52:00,13.919999999999998
2010-06-22 10:55:00,172.32
2010-06-22 11:21:00,81.12
2010-06-22 11:35:00,118.8
2010-06-22 11:48:00,164.6
2010-06-22 11:49:00,302.0
2010-06-22 11:59:00,192.7
2010-06-22 12:08:00,351.43
2010-06-22 12:13:00,344.4
2010-06-22 12:14:00,377.74
2010-06-22 12:16:00,421.55
2010-06-22 12:30:00,372.84000000000003
2010-06-22 12:57:00,616.6
2010-06-22 13:19:00,375.71999999999997
2010-06-22 13:23:00,175.0
2010-06-22 13:28:00,320.2
2010-06-22 14:00:00,1013.6
2010-06-22 14:19:00,319.95000000000005
2010-06-22 14:21:00,1255.06
2010-06-22 14:23:00,169.55
2010-06-22 14:26:00,34.9
2010-06-22 14:45:00,564.8
2010-06-22 14:58:00,116.18
2010-06-22 15:28:00,493.53
2010-06-22 15:50:00,148.85
2010-06-22 16:54:00,396.91
2010-06-22 17:06:00,136.95
2010-06-23 08:14:00,806.01
2010-06-23 08:35:00,264.9
2010-06-23 08:43:00,327.3
2010-06-23 09:30:00,540.25
2010-06-23 09:32:00,312.35
2010-06-23 09:37:00,321.24
2010-06-23 09:46:00,330.0
2010-06-23 09:52:00,334.25
2010-06-23 10:07:00,543.36
2010-06-23 10:09:00,495.0
2010-06-23 10:19:00,307.24
2010-06-23 10:43:00,357.16
2010-06-23 10:49:00,577.22
2010-06-23 10:53:00,682.8299999999999
2010-06-23 11:24:00,343.2
2010-06-23 11:34:00,216.60999999999999
2010-06-23 11:38:00,765.0
2010-06-23 11:39:00,50.2
2010-06-23 11:46:00,462.2
2010-06-23 11:54:00,98.4
2010-06-23 12:07:00,102.55
2010-06-23 12:23:00,379.4
2010-06-23 12:31:00,989.3
2010-06-23 12:35:00,320.0
2010-06-23 12:39:00,500.34000000000003
2010-06-23 12:40:00,429.0
2010-06-23 12:41:00,436.28000000000003
2010-06-23 12:49:00,367.48
2010-06-23 12:53:00,366.8
2010-06-23 13:14:00,363.3
2010-06-23 13:16:00,169.12
2010-06-23 13:19:00,1633.67
2010-06-23 13:21:00,494.8
2010-06-23 13:36:00,408.48
2010-06-23 13:44:00,136.56
2010-06-23 14:07:00,309.91999999999996
2010-06-23 14:10:00,317.25
2010-06-23 14:11:00,321.8
2010-06-23 14:14:00,382.75
2010-06-23 14:34:00,1222.91
2010-06-23 14:41:00,35.16
2010-06-23 14:49:00,331.8
2010-06-23 14:59:00,339.55
2010-06-23 15:00:00,441.5
2010-06-23 15:40:00,97.84
2010-06-23 15:43:00,159.93
2010-06-23 15:50:00,150.55
2010-06-23 16:03:00,241.8
2010-06-23 16:23:00,111.5
2010-06-23 16:31:00,6.300000000000001
2010-06-23 16:40:00,127.85
2010-06-23 16:52:00,195.07
2010-06-23 16:54:00,29.25
2010-06-23 17:04:00,121.08
2010-06-23 17:05:00,17.11
2010-06-23 17:26:00,66.72
2010-06-23 17:28:00,385.0
2010-06-23 17:35:00,4453.799999999999
2010-06-24 09:06:00,234.56
2010-06-24 09:29:00,610.26
2010-06-24 09:49:00,1294.8700000000001
2010-06-24 09:51:00,1544.8700000000001
2010-06-24 09:57:00,232.88
2010-06-24 09:58:00,1698.78
2010-06-24 10:02:00,181.56
2010-06-24 10:07:00,372.5
2010-06-24 10:09:00,313.2
2010-06-24 10:25:00,308.03000000000003
2010-06-24 10:34:00,845.0
2010-06-24 10:36:00,320.25
2010-06-24 11:28:00,267.84
2010-06-24 11:35:00,657.39
2010-06-24 11:42:00,294.5
2010-06-24 11:51:00,309.75
2010-06-24 12:10:00,469.38
2010-06-24 12:11:00,510.51
2010-06-24 12:13:00,472.53
2010-06-24 12:21:00,31.8
2010-06-24 12:34:00,120.45
2010-06-24 12:35:00,28.2
2010-06-24 12:37:00,162.41
2010-06-24 12:38:00,19.8
2010-06-24 12:49:00,165.55
2010-06-24 13:00:00,346.95
2010-06-24 13:01:00,212.55
2010-06-24 13:03:00,277.85
2010-06-24 13:42:00,355.7
2010-06-24 13:43:00,127.60000000000001
2010-06-24 13:56:00,92.75
2010-06-24 14:05:00,234.10000000000002
2010-06-24 14:09:00,124.04
2010-06-24 14:13:00,556.16
2010-06-24 14:34:00,258.5
2010-06-24 15:19:00,463.0
2010-06-24 15:20:00,97.5
2010-06-24 15:21:00,303.6
2010-06-24 15:26:00,25.200000000000003
2010-06-24 15:45:00,431.39
2010-06-24 15:49:00,317.5
2010-06-24 15:50:00,414.17999999999995
2010-06-24 16:24:00,236.07
2010-06-24 16:25:00,582.17
2010-06-24 18:06:00,294.17
2010-06-25 09:30:00,551.5
2010-06-25 09:36:00,199.6
2010-06-25 09:37:00,19.95
2010-06-25 10:10:00,998.09
2010-06-25 10:11:00,88.45
2010-06-25 10:17:00,278.2
2010-06-25 10:22:00,837.3100000000001
2010-06-25 11:27:00,471.51
2010-06-25 11:39:00,1176.2
2010-06-25 11:49:00,134.94
2010-06-25 11:57:00,310.4
2010-06-25 12:05:00,665.25
2010-06-25 12:07:00,17.700000000000003
2010-06-25 12:10:00,307.45
2010-06-25 12:42:00,189.8
2010-06-25 12:57:00,321.55
2010-06-25 13:01:00,445.61
2010-06-25 13:17:00,379.07
2010-06-25 13:19:00,341.1
2010-06-25 13:26:00,130.05
2010-06-25 13:27:00,322.11
2010-06-25 13:35:00,139.83
2010-06-25 13:37:00,510.15
2010-06-25 13:40:00,14.85
2010-06-25 13:59:00,14.33
2010-06-25 14:02:00,298.4
2010-06-25 14:15:00,828.8900000000001
2010-06-25 14:23:00,684.12
2010-06-25 14:36:00,162.05
2010-06-25 14:46:00,136.35
2010-06-25 15:03:00,95.62
2010-06-25 15:10:00,394.8
2010-06-25 15:18:00,333.6
2010-06-25 15:24:00,181.6
2010-06-25 15:40:00,124.4
2010-06-25 15:55:00,67.38
2010-06-25 16:42:00,199.38
2010-06-27 10:01:00,148.4
2010-06-27 10:23:00,323.19
2010-06-27 10:38:00,34.92
2010-06-27 10:48:00,863.9100000000001
2010-06-27 10:49:00,39.8
2010-06-27 10:51:00,116.88
2010-06-27 10:54:00,904.46
2010-06-27 11:15:00,991.08
2010-06-27 11:16:00,387.82
2010-06-27 11:18:00,145.57
2010-06-27 11:20:00,61.739999999999995
2010-06-27 11:21:00,290.46
2010-06-27 11:27:00,253.8
2010-06-27 11:29:00,321.23
2010-06-27 11:37:00,128.43
2010-06-27 11:45:00,297.19
2010-06-27 11:47:00,634.16
2010-06-27 11:59:00,1903.16
2010-06-27 12:01:00,294.02
2010-06-27 12:07:00,137.7
2010-06-27 12:13:00,349.17
2010-06-27 12:16:00,198.77999999999997
2010-06-27 12:19:00,212.63
2010-06-27 12:25:00,724.06
2010-06-27 12:27:00,360.36
2010-06-27 12:32:00,201.25
2010-06-27 12:33:00,318.37
2010-06-27 12:46:00,102.25
2010-06-27 12:51:00,362.08
2010-06-27 12:54:00,571.36
2010-06-27 12:59:00,456.94
2010-06-27 13:00:00,374.59000000000003
2010-06-27 13:09:00,914.48
2010-06-27 13:11:00,583.57
2010-06-27 13:16:00,549.88
2010-06-27 13:17:00,174.8
2010-06-27 13:25:00,318.4
2010-06-27 13:26:00,180.85
2010-06-27 13:29:00,823.96
2010-06-27 13:34:00,101.4
2010-06-27 13:40:00,353.02
2010-06-27 13:43:00,841.35
2010-06-27 13:49:00,188.57999999999998
2010-06-27 14:38:00,337.95
2010-06-27 14:40:00,63.879999999999995
2010-06-27 14:49:00,229.53
2010-06-27 15:24:00,206.76
2010-06-27 15:44:00,9.149999999999999
2010-06-27 15:50:00,319.6
2010-06-28 08:24:00,305.7
2010-06-28 08:28:00,13330.380000000001
2010-06-28 08:31:00,348.06
2010-06-28 08:34:00,1540.0
2010-06-28 09:32:00,455.18
2010-06-28 09:33:00,666.4
2010-06-28 09:47:00,185.46
2010-06-28 09:55:00,7500.32
2010-06-28 10:11:00,138.44
2010-06-28 10:12:00,259.68
2010-06-28 10:18:00,436.28000000000003
2010-06-28 10:19:00,547.73
2010-06-28 10:30:00,264.24
2010-06-28 10:34:00,116.92
2010-06-28 10:36:00,72.3
2010-06-28 10:39:00,308.38
2010-06-28 10:52:00,166.35
2010-06-28 11:11:00,369.68
2010-06-28 11:24:00,142.17000000000002
2010-06-28 11:26:00,1221.15
2010-06-28 11:30:00,306.95
2010-06-28 11:36:00,7.49
2010-06-28 11:39:00,975.33
2010-06-28 11:50:00,426.86
2010-06-28 11:54:00,108.75
2010-06-28 11:55:00,156.43
2010-06-28 11:57:00,200.91
2010-06-28 12:04:00,998.27
2010-06-28 12:22:00,730.9
2010-06-28 12:27:00,305.07
2010-06-28 12:38:00,438.24
2010-06-28 12:43:00,355.44
2010-06-28 12:47:00,161.83
2010-06-28 12:57:00,275.3
2010-06-28 12:58:00,2151.27
2010-06-28 13:06:00,1230.33
2010-06-28 13:28:00,119.70000000000002
2010-06-28 13:30:00,1740.24
2010-06-28 13:43:00,767.05
2010-06-28 13:44:00,179.28
2010-06-28 13:47:00,595.39
2010-06-28 13:52:00,307.92
2010-06-28 13:53:00,386.91
2010-06-28 13:58:00,464.62
2010-06-28 14:01:00,2814.0
2010-06-28 14:02:00,265.5
2010-06-28 14:05:00,164.7
2010-06-28 14:06:00,262.85
2010-06-28 14:30:00,344.5
2010-06-28 14:31:00,121.3
2010-06-28 14:33:00,1345.62
2010-06-28 14:36:00,170.0
2010-06-28 14:40:00,223.95
2010-06-28 15:05:00,248.36999999999998
2010-06-28 15:19:00,350.56
2010-06-28 15:22:00,708.1
2010-06-28 15:26:00,450.95
2010-06-28 15:29:00,504.61
2010-06-28 15:31:00,211.09
2010-06-28 15:36:00,314.7
2010-06-28 15:37:00,301.8
2010-06-28 15:57:00,219.35
2010-06-28 16:07:00,225.73000000000002
2010-06-28 16:42:00,119.8
2010-06-29 08:04:00,603.46
2010-06-29 08:28:00,314.99
2010-06-29 08:37:00,308.1
2010-06-29 09:06:00,155.51999999999998
2010-06-29 09:07:00,271.4
2010-06-29 09:28:00,322.24
2010-06-29 09:32:00,142.8
2010-06-29 09:39:00,357.84
2010-06-29 09:44:00,330.0
2010-06-29 09:51:00,17.0
2010-06-29 09:52:00,742.13
2010-06-29 09:59:00,591.58
2010-06-29 10:06:00,467.76
2010-06-29 10:08:00,118.8
2010-06-29 10:15:00,84.92999999999999
2010-06-29 10:30:00,201.6
2010-06-29 10:35:00,260.6
2010-06-29 10:38:00,158.52
2010-06-29 10:52:00,755.02
2010-06-29 10:54:00,1420.6000000000001
2010-06-29 11:01:00,38.400000000000006
2010-06-29 11:03:00,15.0
2010-06-29 11:10:00,508.91
2010-06-29 11:23:00,485.99
2010-06-29 11:25:00,39.0
2010-06-29 11:29:00,942.4
2010-06-29 11:30:00,351.18
2010-06-29 11:31:00,29.700000000000003
2010-06-29 11:33:00,103.19999999999999
2010-06-29 11:55:00,751.5
2010-06-29 11:56:00,343.19
2010-06-29 12:07:00,301.0
2010-06-29 12:10:00,108.06
2010-06-29 12:11:00,2145.0
2010-06-29 12:19:00,38.5
2010-06-29 12:26:00,241.45000000000002
2010-06-29 12:30:00,139.85
2010-06-29 12:39:00,200.91000000000003
2010-06-29 12:43:00,156.0
2010-06-29 12:45:00,510.24
2010-06-29 12:50:00,677.5500000000001
2010-06-29 13:05:00,161.1
2010-06-29 13:10:00,316.48
2010-06-29 13:13:00,905.92
2010-06-29 13:20:00,532.8
2010-06-29 13:46:00,306.95
2010-06-29 13:49:00,143.27
2010-06-29 13:52:00,277.4
2010-06-29 14:11:00,1516.02
2010-06-29 14:14:00,1548.14
2010-06-29 14:49:00,754.84
2010-06-29 14:52:00,97.5
2010-06-29 15:02:00,112.34
2010-06-29 15:04:00,836.75
2010-06-29 15:15:00,205.65
2010-06-29 15:17:00,5265.75
2010-06-29 15:28:00,686.4
2010-06-29 15:34:00,145.0
2010-06-29 15:48:00,144.55
2010-06-29 16:10:00,166.6
2010-06-29 16:12:00,81.66
2010-06-29 16:13:00,460.8
2010-06-29 16:28:00,924.0
2010-06-29 16:36:00,395.2
2010-06-29 16:43:00,499.88
2010-06-30 08:25:00,74.7
2010-06-30 08:30:00,2326.7400000000002
2010-06-30 08:34:00,838.74
2010-06-30 08:35:00,342.61
2010-06-30 08:36:00,1044.21
2010-06-30 08:41:00,318.0
2010-06-30 08:50:00,471.87
2010-06-30 09:06:00,172.55
2010-06-30 09:12:00,371.85
2010-06-30 09:24:00,159.6
2010-06-30 09:37:00,620.65
2010-06-30 09:40:00,379.89
2010-06-30 09:50:00,306.78000000000003
2010-06-30 10:03:00,309.53
2010-06-30 10:20:00,217.32
2010-06-30 10:23:00,794.23
2010-06-30 10:25:00,75.3
2010-06-30 10:27:00,313.95
2010-06-30 10:45:00,302.4
2010-06-30 11:06:00,594.17
2010-06-30 11:08:00,673.08
2010-06-30 11:32:00,331.57
2010-06-30 11:38:00,679.08
2010-06-30 11:43:00,277.57
2010-06-30 11:49:00,778.2
2010-06-30 11:56:00,322.8
2010-06-30 11:57:00,776.99
2010-06-30 12:02:00,3921.74
2010-06-30 12:03:00,311.4
2010-06-30 12:04:00,1421.4
2010-06-30 12:05:00,330.0
2010-06-30 12:06:00,156.5
2010-06-30 12:17:00,409.98
2010-06-30 12:30:00,423.95
2010-06-30 12:35:00,492.62
2010-06-30 12:36:00,241.2
2010-06-30 12:40:00,134.71
2010-06-30 12:47:00,354.75
2010-06-30 12:49:00,527.6
2010-06-30 12:52:00,228.2
2010-06-30 12:53:00,185.0
2010-06-30 12:54:00,416.6
2010-06-30 13:03:00,284.19
2010-06-30 13:06:00,100.65
2010-06-30 13:13:00,159.47
2010-06-30 13:15:00,102.0
2010-06-30 13:17:00,282.65
2010-06-30 13:18:00,27.839999999999996
2010-06-30 13:28:00,148.04000000000002
2010-06-30 13:41:00,286.40000000000003
2010-06-30 13:43:00,513.65
2010-06-30 13:49:00,358.15
2010-06-30 13:50:00,248.48
2010-06-30 14:12:00,678.2
2010-06-30 14:18:00,178.2
2010-06-30 14:20:00,85.13
2010-06-30 14:55:00,114.12
2010-06-30 15:18:00,377.35
2010-06-30 15:34:00,615.21
2010-06-30 15:35:00,1109.2
2010-06-30 15:41:00,27.84
2010-06-30 15:52:00,335.4
2010-06-30 15:53:00,15.3
2010-06-30 16:14:00,863.3000000000001
2010-06-30 16:35:00,310.41
2010-06-30 16:37:00,480.28000000000003
2010-06-30 16:51:00,224.04
2010-06-30 17:04:00,135.9
2010-07-01 08:39:00,288.15
2010-07-01 08:57:00,914.33
2010-07-01 09:15:00,341.8
2010-07-01 09:36:00,869.6800000000001
2010-07-01 09:56:00,1950.98
2010-07-01 09:59:00,268.28
2010-07-01 10:16:00,96.55
2010-07-01 10:21:00,502.39
2010-07-01 10:28:00,611.66
2010-07-01 10:33:00,39.15
2010-07-01 10:35:00,40.2
2010-07-01 10:41:00,411.64
2010-07-01 10:44:00,140.15
2010-07-01 10:51:00,304.2
2010-07-01 10:53:00,308.45000000000005
2010-07-01 11:20:00,141.25
2010-07-01 11:35:00,88.0
2010-07-01 11:37:00,324.74
2010-07-01 11:51:00,81.75
2010-07-01 11:59:00,2888.33
2010-07-01 12:02:00,328.29
2010-07-01 12:11:00,309.84999999999997
2010-07-01 12:12:00,545.55
2010-07-01 12:13:00,221.3
2010-07-01 12:17:00,312.85
2010-07-01 12:25:00,47.25
2010-07-01 12:26:00,313.34
2010-07-01 12:32:00,95.45
2010-07-01 12:33:00,150.12
2010-07-01 12:34:00,109.73
2010-07-01 12:43:00,184.24
2010-07-01 12:48:00,190.5
2010-07-01 12:51:00,827.6
2010-07-01 12:57:00,404.31
2010-07-01 13:12:00,450.2
2010-07-01 13:14:00,222.4
2010-07-01 13:17:00,461.95
2010-07-01 13:25:00,375.3
2010-07-01 13:30:00,429.41
2010-07-01 13:33:00,146.57999999999998
2010-07-01 13:37:00,322.8
2010-07-01 13:42:00,116.28
2010-07-01 13:43:00,219.42
2010-07-01 13:46:00,374.75
2010-07-01 14:11:00,602.99
2010-07-01 14:12:00,164.7
2010-07-01 14:13:00,144.29
2010-07-01 14:15:00,79.95
2010-07-01 14:24:00,254.69
2010-07-01 14:27:00,81.2
2010-07-01 14:28:00,1163.6
2010-07-01 14:30:00,39.8
2010-07-01 14:36:00,494.73
2010-07-01 14:38:00,263.76
2010-07-01 14:39:00,102.69999999999999
2010-07-01 14:49:00,346.86
2010-07-01 15:07:00,336.6
2010-07-01 15:08:00,433.11
2010-07-01 15:25:00,135.42
2010-07-01 15:29:00,513.1800000000001
2010-07-01 15:33:00,155.73
2010-07-01 15:39:00,300.84000000000003
2010-07-01 15:46:00,93.80000000000001
2010-07-01 15:48:00,310.42
2010-07-01 16:03:00,283.05
2010-07-01 16:11:00,15.23
2010-07-01 16:48:00,1683.5
2010-07-01 16:50:00,313.28
2010-07-01 17:25:00,282.74
2010-07-01 17:30:00,104.65
2010-07-01 17:48:00,301.65999999999997
2010-07-01 17:54:00,1305.32
2010-07-01 18:12:00,104.35
2010-07-01 18:25:00,189.51000000000002
2010-07-01 19:05:00,189.67000000000002
2010-07-01 19:16:00,267.54
2010-07-02 08:26:00,2464.63
2010-07-02 08:28:00,101.80000000000001
2010-07-02 09:27:00,245.73000000000002
2010-07-02 09:46:00,325.6
2010-07-02 09:47:00,340.84000000000003
2010-07-02 09:51:00,292.18
2010-07-02 10:01:00,596.09
2010-07-02 10:07:00,102.0
2010-07-02 10:23:00,521.53
2010-07-02 11:27:00,123.45
2010-07-02 11:42:00,29.85
2010-07-02 11:44:00,2216.39
2010-07-02 11:51:00,788.4
2010-07-02 11:59:00,527.04
2010-07-02 12:00:00,50.7
2010-07-02 12:03:00,348.1
2010-07-02 12:04:00,242.46
2010-07-02 12:13:00,176.04
2010-07-02 12:41:00,261.94
2010-07-02 12:43:00,189.66
2010-07-02 12:45:00,1077.13
2010-07-02 12:47:00,15.0
2010-07-02 12:49:00,556.84
2010-07-02 12:51:00,254.9
2010-07-02 12:55:00,411.83
2010-07-02 12:59:00,213.85
2010-07-02 13:04:00,6.35
2010-07-02 13:24:00,306.63
2010-07-02 13:25:00,177.0
2010-07-02 13:36:00,157.17
2010-07-02 14:15:00,700.67
2010-07-02 14:37:00,438.51
2010-07-02 14:39:00,882.22
2010-07-02 14:41:00,40.0
2010-07-02 14:46:00,108.55
2010-07-02 15:09:00,11.9
2010-07-02 15:10:00,101.88
2010-07-02 15:17:00,2.75
2010-07-02 15:29:00,533.74
2010-07-02 15:55:00,648.78
2010-07-02 17:23:00,136.0
2010-07-04 10:30:00,108.75
2010-07-04 10:36:00,174.18
2010-07-04 10:45:00,310.83
2010-07-04 10:55:00,270.59000000000003
2010-07-04 10:58:00,104.86
2010-07-04 11:12:00,531.65
2010-07-04 11:16:00,321.23
2010-07-04 11:20:00,39.0
2010-07-04 11:40:00,236.62
2010-07-04 11:58:00,148.62
2010-07-04 12:34:00,642.41
2010-07-04 13:07:00,854.88
2010-07-04 13:10:00,3439.02
2010-07-04 13:27:00,270.0
2010-07-04 13:31:00,409.46
2010-07-04 13:33:00,132.63
2010-07-04 13:46:00,347.7
2010-07-04 13:59:00,351.39
2010-07-04 14:13:00,724.56
2010-07-04 14:27:00,293.11
2010-07-04 15:36:00,664.8
2010-07-05 09:01:00,423.24
2010-07-05 09:20:00,270.12
2010-07-05 09:27:00,568.11
2010-07-05 09:33:00,1172.6399999999999
2010-07-05 09:38:00,288.02
2010-07-05 09:45:00,1551.2
2010-07-05 09:56:00,50.400000000000006
2010-07-05 09:58:00,534.72
2010-07-05 09:59:00,631.38
2010-07-05 10:02:00,587.24
2010-07-05 10:18:00,276.25
2010-07-05 10:29:00,395.12
2010-07-05 10:38:00,310.4
2010-07-05 10:42:00,414.19
2010-07-05 10:48:00,450.0
2010-07-05 10:50:00,774.74
2010-07-05 11:11:00,141.25
2010-07-05 11:13:00,182.0
2010-07-05 11:15:00,186.18
2010-07-05 11:17:00,148.32
2010-07-05 11:20:00,407.22
2010-07-05 11:26:00,565.0
2010-07-05 11:38:00,289.58
2010-07-05 11:39:00,469.81
2010-07-05 11:48:00,844.53
2010-07-05 11:54:00,293.0
2010-07-05 11:56:00,280.16
2010-07-05 12:00:00,14.25
2010-07-05 12:06:00,466.2000000000001
2010-07-05 12:09:00,181.94
2010-07-05 12:13:00,18.3
2010-07-05 12:15:00,553.78
2010-07-05 12:16:00,378.18
2010-07-05 12:25:00,329.3
2010-07-05 12:34:00,182.63
2010-07-05 12:38:00,622.0
2010-07-05 12:40:00,1113.7
2010-07-05 12:49:00,716.48
2010-07-05 12:50:00,536.17
2010-07-05 12:53:00,0.85
2010-07-05 13:03:00,409.0
2010-07-05 13:04:00,460.64
2010-07-05 13:05:00,140.7
2010-07-05 13:10:00,103.75999999999999
2010-07-05 13:14:00,141.29999999999998
2010-07-05 13:15:00,101.4
2010-07-05 13:20:00,366.75
2010-07-05 13:24:00,369.09000000000003
2010-07-05 13:26:00,306.75
2010-07-05 13:28:00,210.58999999999997
2010-07-05 13:34:00,105.25
2010-07-05 13:37:00,498.96
2010-07-05 13:38:00,20.16
2010-07-05 13:46:00,1892.8700000000001
2010-07-05 13:53:00,95.53
2010-07-05 13:55:00,71.15
2010-07-05 13:56:00,579.35
2010-07-05 14:11:00,555.94
2010-07-05 14:14:00,95.46000000000001
2010-07-05 14:39:00,139.06
2010-07-05 14:41:00,187.67000000000002
2010-07-05 14:43:00,271.25
2010-07-05 14:47:00,145.5
2010-07-05 14:48:00,194.76999999999998
2010-07-05 14:58:00,118.35
2010-07-05 15:04:00,639.9
2010-07-05 15:09:00,373.4
2010-07-05 15:20:00,90.0
2010-07-05 15:21:00,213.01999999999998
2010-07-05 15:42:00,611.7
2010-07-05 16:05:00,210.9
2010-07-05 16:07:00,501.33000000000004
2010-07-05 16:33:00,309.36
2010-07-05 16:35:00,524.3
2010-07-05 16:48:00,1547.01
2010-07-05 16:59:00,475.15
2010-07-05 17:28:00,267.65000000000003
2010-07-06 08:46:00,302.93
2010-07-06 09:06:00,153.95
2010-07-06 09:12:00,172.55
2010-07-06 09:39:00,426.0
2010-07-06 09:52:00,3274.4
2010-07-06 09:53:00,653.54
2010-07-06 09:56:00,283.61
2010-07-06 09:58:00,478.15999999999997
2010-07-06 09:59:00,492.62
2010-07-06 10:07:00,342.44
2010-07-06 10:12:00,422.1
2010-07-06 10:22:00,423.90000000000003
2010-07-06 10:31:00,147.0
2010-07-06 10:37:00,892.5
2010-07-06 10:41:00,194.8
2010-07-06 10:42:00,227.4
2010-07-06 10:48:00,127.76
2010-07-06 10:54:00,119.69999999999999
2010-07-06 11:05:00,30.0
2010-07-06 11:21:00,146.42
2010-07-06 11:29:00,160.25
2010-07-06 11:39:00,591.6600000000001
2010-07-06 11:44:00,816.6
2010-07-06 11:56:00,294.88
2010-07-06 11:58:00,293.61
2010-07-06 12:01:00,210.9
2010-07-06 12:06:00,17.85
2010-07-06 12:15:00,219.9
2010-07-06 12:19:00,829.25
2010-07-06 12:21:00,308.96
2010-07-06 12:38:00,278.25
2010-07-06 13:13:00,126.05
2010-07-06 13:15:00,315.81
2010-07-06 13:49:00,545.96
2010-07-06 13:55:00,306.7
2010-07-06 13:56:00,320.8
2010-07-06 14:05:00,439.32
2010-07-06 14:38:00,201.4
2010-07-06 14:44:00,135.46
2010-07-06 14:46:00,499.90000000000003
2010-07-06 14:57:00,53.1
2010-07-06 15:05:00,832.9
2010-07-06 15:12:00,218.36
2010-07-06 15:15:00,313.63
2010-07-06 15:17:00,395.62
2010-07-06 15:50:00,247.5
2010-07-06 16:13:00,58.5
2010-07-06 16:14:00,750.76
2010-07-06 16:26:00,252.8
2010-07-06 16:36:00,348.56
2010-07-06 16:52:00,112.46000000000001
2010-07-06 17:30:00,107.8
2010-07-07 08:42:00,81.36
2010-07-07 08:44:00,367.2
2010-07-07 08:46:00,138.24
2010-07-07 09:29:00,362.2
2010-07-07 09:36:00,211.2
2010-07-07 09:37:00,17.700000000000003
2010-07-07 09:39:00,410.56
2010-07-07 09:41:00,430.58
2010-07-07 09:42:00,1230.2
2010-07-07 09:49:00,554.8000000000001
2010-07-07 09:55:00,1.25
2010-07-07 09:56:00,1125.0
2010-07-07 09:58:00,529.0
2010-07-07 10:25:00,427.38
2010-07-07 10:26:00,175.2
2010-07-07 10:31:00,211.2
2010-07-07 10:33:00,2869.52
2010-07-07 10:37:00,427.0
2010-07-07 11:25:00,313.41
2010-07-07 11:31:00,117.42
2010-07-07 11:43:00,138.35
2010-07-07 11:53:00,496.45
2010-07-07 11:57:00,162.24
2010-07-07 12:02:00,61.84
2010-07-07 12:08:00,2032.46
2010-07-07 12:13:00,164.82
2010-07-07 12:21:00,146.1
2010-07-07 12:28:00,398.21000000000004
2010-07-07 12:31:00,518.78
2010-07-07 12:32:00,495.36
2010-07-07 12:34:00,1169.02
2010-07-07 12:43:00,456.94
2010-07-07 12:45:00,209.9
2010-07-07 12:50:00,102.0
2010-07-07 12:53:00,173.7
2010-07-07 13:35:00,362.74
2010-07-07 13:38:00,771.65
2010-07-07 13:41:00,27.9
2010-07-07 13:43:00,100.30000000000001
2010-07-07 13:46:00,31.85
2010-07-07 13:50:00,210.57
2010-07-07 13:55:00,113.24
2010-07-07 14:07:00,244.85
2010-07-07 14:10:00,23.6
2010-07-07 14:32:00,611.67
2010-07-07 14:53:00,243.36
2010-07-07 15:00:00,192.88
2010-07-07 15:15:00,278.57
2010-07-07 15:41:00,306.58
2010-07-07 15:43:00,266.47
2010-07-07 15:44:00,285.31
2010-07-07 15:52:00,529.5699999999999
2010-07-07 15:58:00,113.65
2010-07-07 16:00:00,629.8
2010-07-07 16:04:00,341.40000000000003
2010-07-07 16:14:00,1745.41
2010-07-07 16:50:00,334.53
2010-07-07 17:25:00,42.24
2010-07-07 17:26:00,231.72
2010-07-07 17:27:00,136.5
2010-07-08 08:08:00,607.62
2010-07-08 09:00:00,243.60000000000002
2010-07-08 09:13:00,333.46999999999997
2010-07-08 09:15:00,164.7
2010-07-08 10:00:00,92.75999999999999
2010-07-08 10:02:00,300.65
2010-07-08 10:06:00,511.38
2010-07-08 10:07:00,304.97
2010-07-08 10:15:00,303.35
2010-07-08 10:24:00,330.53
2010-07-08 10:26:00,300.56
2010-07-08 10:31:00,467.13
2010-07-08 10:35:00,160.8
2010-07-08 10:44:00,156.3
2010-07-08 11:01:00,66.8
2010-07-08 11:11:00,110.3
2010-07-08 11:33:00,326.3
2010-07-08 11:40:00,543.48
2010-07-08 11:44:00,300.45
2010-07-08 11:47:00,132.55
2010-07-08 11:50:00,76.75
2010-07-08 11:54:00,239.1
2010-07-08 11:59:00,89.5
2010-07-08 12:19:00,309.46000000000004
2010-07-08 12:24:00,87.99000000000001
2010-07-08 12:27:00,328.2
2010-07-08 12:28:00,204.24
2010-07-08 12:29:00,29.700000000000003
2010-07-08 12:31:00,71.0
2010-07-08 12:32:00,655.41
2010-07-08 13:07:00,415.48
2010-07-08 13:10:00,444.03000000000003
2010-07-08 13:29:00,508.02
2010-07-08 13:31:00,288.1
2010-07-08 13:35:00,279.18
2010-07-08 13:49:00,259.75
2010-07-08 13:59:00,322.1
2010-07-08 14:06:00,715.02
2010-07-08 14:09:00,147.18
2010-07-08 14:18:00,1974.96
2010-07-08 14:24:00,134.9
2010-07-08 14:26:00,715.02
2010-07-08 14:45:00,716.08
2010-07-08 14:48:00,231.34
2010-07-08 15:01:00,104.1
2010-07-08 15:09:00,306.3
2010-07-08 15:29:00,313.25
2010-07-08 15:30:00,129.2
2010-07-08 15:38:00,345.1
2010-07-08 16:08:00,897.97
2010-07-08 16:12:00,107.17
2010-07-08 16:14:00,16.75
2010-07-08 16:29:00,9.9
2010-07-08 16:56:00,516.41
2010-07-08 17:08:00,306.22
2010-07-08 17:47:00,99.9
2010-07-08 17:51:00,220.16
2010-07-08 18:06:00,12.75
2010-07-08 18:33:00,494.49
2010-07-08 19:05:00,376.59999999999997
2010-07-08 19:12:00,210.08
2010-07-08 19:56:00,360.56
2010-07-08 20:00:00,146.32999999999998
2010-07-09 09:03:00,329.8
2010-07-09 09:08:00,252.72
2010-07-09 09:46:00,17995.88
2010-07-09 10:26:00,1895.38
2010-07-09 11:43:00,679.3000000000001
2010-07-09 11:44:00,226.01999999999998
2010-07-09 11:52:00,234.55
2010-07-09 12:03:00,520.52
2010-07-09 12:17:00,2.5
2010-07-09 12:23:00,253.19
2010-07-09 12:39:00,205.74
2010-07-09 12:57:00,319.32
2010-07-09 13:19:00,109.50999999999999
2010-07-09 13:27:00,354.6
2010-07-09 13:45:00,702.9
2010-07-09 13:53:00,2970.7500000000005
2010-07-09 14:55:00,350.0
2010-07-09 14:59:00,362.93
2010-07-09 15:11:00,248.18
2010-07-09 15:20:00,3040.3000000000006
2010-07-09 15:31:00,515.12
2010-07-09 15:46:00,99.58
2010-07-09 15:48:00,1197.15
2010-07-09 17:17:00,542.7
2010-07-11 10:09:00,205.0
2010-07-11 10:28:00,160.92000000000002
2010-07-11 10:49:00,292.54
2010-07-11 10:52:00,204.00000000000003
2010-07-11 11:02:00,231.54000000000002
2010-07-11 11:35:00,116.85
2010-07-11 11:53:00,66.0
2010-07-11 12:00:00,277.6
2010-07-11 12:06:00,181.58
2010-07-11 12:07:00,102.0
2010-07-11 12:18:00,49.95
2010-07-11 12:34:00,559.88
2010-07-11 12:36:00,73.19
2010-07-11 12:45:00,323.0
2010-07-11 12:59:00,313.95
2010-07-11 13:34:00,972.24
2010-07-11 13:53:00,229.64000000000001
2010-07-11 14:05:00,23.6
2010-07-11 14:06:00,599.98
2010-07-11 14:07:00,151.17
2010-07-11 14:13:00,1598.75
2010-07-11 14:19:00,223.58
2010-07-11 15:06:00,134.13
2010-07-11 15:34:00,142.38
2010-07-11 15:53:00,375.76
2010-07-12 09:04:00,825.0
2010-07-12 09:07:00,559.2
2010-07-12 10:00:00,89.04
2010-07-12 10:07:00,384.14
2010-07-12 10:23:00,191.73
2010-07-12 10:24:00,10.0
2010-07-12 10:26:00,664.58
2010-07-12 10:37:00,1583.8200000000002
2010-07-12 10:43:00,590.0
2010-07-12 10:46:00,764.9300000000001
2010-07-12 10:47:00,211.0
2010-07-12 10:57:00,243.36
2010-07-12 10:58:00,121.68
2010-07-12 11:00:00,13.2
2010-07-12 11:08:00,53.4
2010-07-12 11:24:00,161.13
2010-07-12 11:45:00,751.87
2010-07-12 11:59:00,431.21
2010-07-12 12:24:00,426.26
2010-07-12 12:44:00,360.9
2010-07-12 12:51:00,270.92
2010-07-12 12:59:00,77.97000000000001
2010-07-12 13:00:00,326.3
2010-07-12 13:02:00,655.25
2010-07-12 13:11:00,196.23
2010-07-12 13:13:00,139.8
2010-07-12 13:15:00,1141.04
2010-07-12 13:26:00,642.8100000000001
2010-07-12 13:32:00,78.55
2010-07-12 13:35:00,355.1
2010-07-12 13:38:00,80.14999999999999
2010-07-12 13:45:00,358.8
2010-07-12 13:55:00,21.0
2010-07-12 14:27:00,311.98
2010-07-12 14:52:00,155.15
2010-07-12 15:00:00,1135.88
2010-07-12 15:20:00,105.0
2010-07-12 15:37:00,599.55
2010-07-12 15:52:00,273.15000000000003
2010-07-12 15:58:00,35.400000000000006
2010-07-12 16:08:00,201.60000000000002
2010-07-12 16:09:00,157.27
2010-07-12 16:14:00,122.76
2010-07-12 16:43:00,223.06
2010-07-13 09:35:00,1189.94
2010-07-13 09:45:00,200.70000000000002
2010-07-13 10:17:00,1111.14
2010-07-13 10:18:00,256.6
2010-07-13 10:25:00,304.98
2010-07-13 10:37:00,362.88
2010-07-13 10:39:00,1485.0
2010-07-13 10:48:00,1275.0
2010-07-13 10:49:00,131.39999999999998
2010-07-13 10:51:00,114.5
2010-07-13 11:26:00,510.14
2010-07-13 11:30:00,29.5
2010-07-13 11:49:00,320.95
2010-07-13 11:52:00,66.6
2010-07-13 11:57:00,618.69
2010-07-13 12:07:00,838.9
2010-07-13 12:08:00,244.58
2010-07-13 12:12:00,110.44
2010-07-13 12:22:00,105.5
2010-07-13 12:33:00,412.4
2010-07-13 12:38:00,132.29
2010-07-13 12:41:00,0.95
2010-07-13 12:57:00,134.95
2010-07-13 12:58:00,126.35
2010-07-13 13:11:00,846.77
2010-07-13 13:17:00,178.48000000000002
2010-07-13 13:20:00,261.76
2010-07-13 13:28:00,639.08
2010-07-13 13:29:00,412.17
2010-07-13 13:33:00,15.0
2010-07-13 13:50:00,1113.56
2010-07-13 14:02:00,270.69
2010-07-13 14:07:00,851.16
2010-07-13 14:10:00,49.7
2010-07-13 14:11:00,29.700000000000003
2010-07-13 14:15:00,295.0
2010-07-13 14:39:00,291.45
2010-07-13 14:44:00,157.14
2010-07-13 14:50:00,168.0
2010-07-13 15:06:00,343.59999999999997
2010-07-13 15:26:00,197.33
2010-07-13 15:50:00,491.4
2010-07-13 16:06:00,13.45
2010-07-13 16:36:00,317.5
2010-07-13 17:03:00,356.4
2010-07-13 17:08:00,35.400000000000006
2010-07-14 09:22:00,459.03000000000003
2010-07-14 09:54:00,1723.18
2010-07-14 09:56:00,81.36
2010-07-14 10:08:00,1189.94
2010-07-14 10:14:00,328.22
2010-07-14 10:16:00,19.8
2010-07-14 10:18:00,346.3
2010-07-14 10:23:00,314.01
2010-07-14 10:41:00,343.61
2010-07-14 10:50:00,309.08
2010-07-14 10:58:00,357.2
2010-07-14 11:33:00,319.14
2010-07-14 11:49:00,43.2
2010-07-14 11:52:00,247.15
2010-07-14 11:53:00,313.02
2010-07-14 11:54:00,255.82999999999998
2010-07-14 12:05:00,151.9
2010-07-14 12:19:00,415.61
2010-07-14 12:27:00,22.45
2010-07-14 12:29:00,172.17000000000002
2010-07-14 12:31:00,395.53000000000003
2010-07-14 12:32:00,236.52
2010-07-14 12:38:00,433.12
2010-07-14 12:39:00,270.9
2010-07-14 12:40:00,44.55
2010-07-14 12:46:00,79.9
2010-07-14 12:47:00,92.2
2010-07-14 12:55:00,190.45000000000002
2010-07-14 13:01:00,1706.23
2010-07-14 13:04:00,245.76
2010-07-14 13:07:00,311.88000000000005
2010-07-14 13:16:00,151.95
2010-07-14 13:34:00,1930.8
2010-07-14 13:40:00,405.62
2010-07-14 13:42:00,241.59
2010-07-14 13:48:00,15.0
2010-07-14 13:55:00,250.94
2010-07-14 14:07:00,742.86
2010-07-14 14:09:00,176.4
2010-07-14 14:17:00,111.02
2010-07-14 14:30:00,222.28
2010-07-14 14:31:00,636.0
2010-07-14 14:35:00,314.55
2010-07-14 14:42:00,80.17
2010-07-14 14:51:00,321.05
2010-07-14 14:57:00,55.65
2010-07-14 15:13:00,300.97
2010-07-14 15:32:00,227.65
2010-07-14 15:34:00,10.95
2010-07-14 15:37:00,280.5
2010-07-14 16:04:00,1188.88
2010-07-14 16:20:00,334.56
2010-07-15 08:46:00,407.68
2010-07-15 08:47:00,39.8
2010-07-15 08:54:00,520.7
2010-07-15 09:02:00,1220.32
2010-07-15 09:06:00,79.48
2010-07-15 09:08:00,160.07999999999998
2010-07-15 09:52:00,660.0
2010-07-15 10:17:00,432.0
2010-07-15 10:19:00,432.0
2010-07-15 10:20:00,557.65
2010-07-15 11:08:00,124.46000000000001
2010-07-15 11:10:00,311.37
2010-07-15 11:12:00,13.100000000000001
2010-07-15 11:20:00,145.55
2010-07-15 11:21:00,15.0
2010-07-15 11:24:00,15.0
2010-07-15 11:26:00,354.20000000000005
2010-07-15 11:44:00,353.74
2010-07-15 11:47:00,737.03
2010-07-15 11:54:00,370.0
2010-07-15 12:00:00,534.77
2010-07-15 12:02:00,167.62
2010-07-15 12:06:00,572.35
2010-07-15 12:09:00,752.84
2010-07-15 12:24:00,236.55
2010-07-15 12:30:00,312.13
2010-07-15 12:32:00,125.87
2010-07-15 12:34:00,197.95
2010-07-15 12:36:00,307.1
2010-07-15 12:41:00,9.9
2010-07-15 12:43:00,92.25
2010-07-15 12:50:00,93.49
2010-07-15 12:59:00,113.55
2010-07-15 13:13:00,553.09
2010-07-15 13:15:00,264.26
2010-07-15 13:16:00,794.22
2010-07-15 13:17:00,1562.8
2010-07-15 13:19:00,670.59
2010-07-15 13:20:00,328.75
2010-07-15 13:24:00,104.4
2010-07-15 13:32:00,345.93
2010-07-15 13:33:00,542.03
2010-07-15 13:58:00,261.48
2010-07-15 14:08:00,369.78000000000003
2010-07-15 14:27:00,104.25
2010-07-15 14:31:00,29.85
2010-07-15 14:32:00,674.75
2010-07-15 14:36:00,150.5
2010-07-15 14:38:00,2284.92
2010-07-15 14:46:00,717.95
2010-07-15 14:47:00,3761.6400000000003
2010-07-15 14:49:00,486.72
2010-07-15 14:55:00,128.31
2010-07-15 14:59:00,208.9
2010-07-15 15:00:00,2284.92
2010-07-15 15:01:00,128.54
2010-07-15 15:02:00,443.39
2010-07-15 15:08:00,1636.8000000000002
2010-07-15 15:11:00,96.56
2010-07-15 15:18:00,20.4
2010-07-15 15:29:00,22863.36
2010-07-15 15:32:00,398.54
2010-07-15 15:38:00,64.7
2010-07-15 15:48:00,272.09000000000003
2010-07-15 15:51:00,509.0
2010-07-15 17:59:00,170.15
2010-07-15 18:07:00,241.71
2010-07-15 18:22:00,73.13
2010-07-15 18:47:00,100.0
2010-07-15 19:21:00,183.42
2010-07-15 19:55:00,346.7
2010-07-15 19:56:00,666.6
2010-07-15 20:05:00,165.6
2010-07-15 20:16:00,360.65
2010-07-16 07:50:00,1.65
2010-07-16 07:53:00,894.96
2010-07-16 08:18:00,43.8
2010-07-16 08:20:00,321.1
2010-07-16 08:31:00,559.77
2010-07-16 08:33:00,98.66
2010-07-16 09:05:00,214.92000000000002
2010-07-16 09:06:00,329.64
2010-07-16 09:09:00,19.8
2010-07-16 09:10:00,50.72
2010-07-16 09:21:00,137.35999999999999
2010-07-16 09:24:00,150.66000000000003
2010-07-16 09:28:00,55.2
2010-07-16 09:34:00,377.45
2010-07-16 09:42:00,78.0
2010-07-16 09:45:00,172.6
2010-07-16 09:51:00,186.3
2010-07-16 10:02:00,606.36
2010-07-16 10:21:00,382.98
2010-07-16 10:22:00,801.98
2010-07-16 10:31:00,309.5
2010-07-16 10:33:00,91.6
2010-07-16 10:36:00,316.7
2010-07-16 10:37:00,141.36
2010-07-16 10:46:00,313.7
2010-07-16 10:54:00,107.07
2010-07-16 11:33:00,550.5
2010-07-16 11:35:00,34.9
2010-07-16 11:44:00,281.6
2010-07-16 11:46:00,65.4
2010-07-16 11:56:00,104.92000000000002
2010-07-16 12:04:00,186.9
2010-07-16 12:30:00,353.58
2010-07-16 12:42:00,177.04
2010-07-16 12:44:00,293.52
2010-07-16 12:51:00,15.12
2010-07-16 12:59:00,216.18
2010-07-16 13:17:00,199.3
2010-07-16 13:21:00,169.14000000000001
2010-07-16 13:53:00,1970.27
2010-07-16 13:55:00,30.54
2010-07-16 14:08:00,97.80000000000001
2010-07-16 14:15:00,191.7
2010-07-16 14:23:00,871.7
2010-07-16 14:29:00,702.45
2010-07-16 14:41:00,662.39
2010-07-16 14:47:00,336.24
2010-07-16 15:05:00,307.98
2010-07-16 15:11:00,43.25
2010-07-16 15:26:00,2903.71
2010-07-16 15:27:00,368.7
2010-07-16 15:30:00,1259.05
2010-07-16 15:50:00,14.85
2010-07-16 15:55:00,89.85
2010-07-16 16:07:00,226.05
2010-07-16 16:10:00,478.08
2010-07-16 16:11:00,305.28000000000003
2010-07-16 16:25:00,102.0
2010-07-16 16:30:00,324.48
2010-07-16 16:33:00,122.95
2010-07-16 16:53:00,316.5
2010-07-18 10:12:00,121.06
2010-07-18 10:52:00,116.41
2010-07-18 11:01:00,234.16
2010-07-18 11:30:00,88.57
2010-07-18 11:31:00,424.56
2010-07-18 11:35:00,2819.16
2010-07-18 11:36:00,119.86
2010-07-18 11:48:00,436.96
2010-07-18 11:49:00,583.29
2010-07-18 12:01:00,147.15
2010-07-18 12:07:00,337.21
2010-07-18 12:10:00,141.6
2010-07-18 12:19:00,969.35
2010-07-18 12:20:00,277.96999999999997
2010-07-18 12:49:00,301.25
2010-07-18 13:08:00,59.0
2010-07-18 13:22:00,441.29
2010-07-18 13:31:00,487.2
2010-07-18 13:37:00,202.44
2010-07-18 13:42:00,284.4
2010-07-18 13:43:00,168.6
2010-07-18 13:50:00,37.5
2010-07-18 13:54:00,187.95
2010-07-18 14:02:00,138.24
2010-07-18 14:08:00,368.8
2010-07-18 14:16:00,529.56
2010-07-18 14:25:00,173.66
2010-07-18 14:32:00,336.48
2010-07-18 14:52:00,339.85
2010-07-18 15:37:00,428.8
2010-07-18 15:39:00,524.1700000000001
2010-07-18 15:45:00,142.84
2010-07-18 15:48:00,367.0
2010-07-18 15:50:00,400.74
2010-07-18 15:51:00,154.65
2010-07-18 15:54:00,178.89000000000001
2010-07-18 15:56:00,1511.3700000000001
2010-07-19 08:40:00,360.22
2010-07-19 09:25:00,166.20000000000002
2010-07-19 09:46:00,531.38
2010-07-19 10:02:00,317.15
2010-07-19 10:04:00,4692.92
2010-07-19 10:05:00,124.80000000000001
2010-07-19 10:07:00,617.05
2010-07-19 10:34:00,294.95
2010-07-19 11:23:00,596.34
2010-07-19 11:42:00,159.14000000000001
2010-07-19 11:44:00,137.4
2010-07-19 11:49:00,69.6
2010-07-19 11:52:00,316.63
2010-07-19 11:59:00,379.35
2010-07-19 12:04:00,419.89
2010-07-19 12:07:00,188.39000000000001
2010-07-19 12:13:00,245.48999999999998
2010-07-19 12:18:00,169.5
2010-07-19 12:19:00,1518.96
2010-07-19 12:22:00,3678.86
2010-07-19 12:26:00,408.74
2010-07-19 12:44:00,200.42000000000002
2010-07-19 12:48:00,221.83
2010-07-19 12:53:00,1178.59
2010-07-19 12:56:00,942.86
2010-07-19 13:02:00,539.0
2010-07-19 13:11:00,140.89
2010-07-19 13:13:00,358.38
2010-07-19 13:23:00,256.22
2010-07-19 13:46:00,1105.5
2010-07-19 13:55:00,549.38
2010-07-19 14:06:00,90.0
2010-07-19 14:09:00,1199.3600000000001
2010-07-19 14:12:00,107.09
2010-07-19 14:21:00,782.94
2010-07-19 14:24:00,428.38
2010-07-19 14:31:00,307.66
2010-07-19 14:41:00,372.12
2010-07-19 14:47:00,147.31
2010-07-19 14:57:00,199.0
2010-07-19 15:15:00,137.6
2010-07-19 15:17:00,490.82
2010-07-19 15:29:00,372.34999999999997
2010-07-19 15:34:00,97.5
2010-07-19 15:41:00,384.3
2010-07-19 15:49:00,175.44
2010-07-19 15:58:00,721.79
2010-07-19 16:02:00,372.96000000000004
2010-07-19 16:06:00,187.8
2010-07-19 16:10:00,51.5
2010-07-19 16:16:00,316.96000000000004
2010-07-19 16:18:00,630.2
2010-07-19 17:22:00,152.45
2010-07-20 08:47:00,333.07
2010-07-20 09:04:00,299.52
2010-07-20 09:27:00,274.1
2010-07-20 09:34:00,309.48
2010-07-20 09:36:00,303.90000000000003
2010-07-20 09:42:00,107.36
2010-07-20 09:45:00,540.29
2010-07-20 09:52:00,168.5
2010-07-20 09:53:00,314.34000000000003
2010-07-20 10:05:00,322.42
2010-07-20 10:08:00,106.5
2010-07-20 10:20:00,295.18
2010-07-20 10:23:00,300.26
2010-07-20 10:34:00,259.69
2010-07-20 10:41:00,540.07
2010-07-20 10:51:00,382.32
2010-07-20 10:53:00,311.4
2010-07-20 10:54:00,486.40000000000003
2010-07-20 11:06:00,3078.21
2010-07-20 11:08:00,35.4
2010-07-20 11:47:00,3970.13
2010-07-20 11:53:00,303.5
2010-07-20 11:55:00,617.5
2010-07-20 11:57:00,130.64
2010-07-20 12:04:00,142.81
2010-07-20 12:07:00,314.1
2010-07-20 12:08:00,419.29
2010-07-20 12:10:00,135.0
2010-07-20 12:25:00,138.3
2010-07-20 12:32:00,446.94
2010-07-20 12:54:00,128.1
2010-07-20 13:04:00,225.57999999999998
2010-07-20 13:16:00,205.15
2010-07-20 13:17:00,675.88
2010-07-20 13:21:00,451.9
2010-07-20 13:34:00,750.0
2010-07-20 13:35:00,116.85
2010-07-20 13:36:00,15.3
2010-07-20 13:45:00,192.6
2010-07-20 13:47:00,17.0
2010-07-20 14:07:00,300.31
2010-07-20 14:22:00,174.64
2010-07-20 14:27:00,788.4
2010-07-20 14:41:00,357.16
2010-07-20 14:50:00,231.65
2010-07-20 15:06:00,17.1
2010-07-20 15:18:00,22.9
2010-07-20 15:46:00,415.13
2010-07-20 16:23:00,517.74
2010-07-20 16:27:00,1119.34
2010-07-20 16:33:00,499.22
2010-07-20 17:20:00,151.82
2010-07-20 17:22:00,364.0
2010-07-21 08:25:00,231.79999999999998
2010-07-21 09:13:00,333.79
2010-07-21 09:27:00,301.56
2010-07-21 09:32:00,61.199999999999996
2010-07-21 09:45:00,334.28
2010-07-21 09:46:00,824.49
2010-07-21 09:55:00,108.0
2010-07-21 10:03:00,224.28
2010-07-21 10:04:00,1153.14
2010-07-21 10:09:00,765.0
2010-07-21 10:11:00,42.22
2010-07-21 10:39:00,176.28
2010-07-21 10:42:00,944.69
2010-07-21 11:18:00,134.7
2010-07-21 11:36:00,669.12
2010-07-21 11:39:00,209.85
2010-07-21 11:57:00,1230.75
2010-07-21 12:09:00,291.1
2010-07-21 12:11:00,297.43
2010-07-21 12:15:00,360.0
2010-07-21 12:22:00,112.75
2010-07-21 12:31:00,184.55
2010-07-21 12:39:00,705.84
2010-07-21 12:45:00,1143.26
2010-07-21 13:17:00,106.02
2010-07-21 13:22:00,222.75
2010-07-21 13:26:00,326.6
2010-07-21 13:38:00,160.75
2010-07-21 13:47:00,277.89
2010-07-21 13:57:00,276.34000000000003
2010-07-21 13:58:00,18.55
2010-07-21 13:59:00,297.3
2010-07-21 14:01:00,105.8
2010-07-21 14:08:00,965.6800000000001
2010-07-21 14:34:00,135.29
2010-07-21 14:38:00,30.799999999999997
2010-07-21 14:39:00,575.3100000000001
2010-07-21 14:41:00,1748.57
2010-07-21 14:43:00,368.71999999999997
2010-07-21 14:48:00,420.8
2010-07-21 15:05:00,1180.34
2010-07-21 15:07:00,475.54
2010-07-21 15:36:00,135.6
2010-07-21 16:01:00,163.16
2010-07-21 17:31:00,310.84000000000003
2010-07-22 08:24:00,315.02
2010-07-22 10:06:00,175.8
2010-07-22 10:07:00,438.2
2010-07-22 10:09:00,832.28
2010-07-22 10:18:00,156.0
2010-07-22 10:24:00,78.0
2010-07-22 10:31:00,529.84
2010-07-22 10:41:00,167.52
2010-07-22 10:48:00,226.75
2010-07-22 10:51:00,180.75
2010-07-22 11:25:00,2.5
2010-07-22 11:30:00,51.0
2010-07-22 11:38:00,315.0
2010-07-22 11:53:00,733.14
2010-07-22 12:16:00,176.1
2010-07-22 12:17:00,483.92
2010-07-22 12:25:00,309.14
2010-07-22 12:26:00,319.40000000000003
2010-07-22 12:27:00,127.7
2010-07-22 13:06:00,310.49
2010-07-22 13:07:00,338.15000000000003
2010-07-22 13:16:00,120.15
2010-07-22 13:22:00,402.15999999999997
2010-07-22 13:33:00,104.73
2010-07-22 13:39:00,436.13000000000005
2010-07-22 13:40:00,416.95
2010-07-22 13:41:00,479.7
2010-07-22 13:43:00,462.54
2010-07-22 13:57:00,77.8
2010-07-22 14:17:00,475.46000000000004
2010-07-22 14:19:00,102.0
2010-07-22 14:20:00,901.75
2010-07-22 14:21:00,318.0
2010-07-22 14:22:00,244.8
2010-07-22 14:27:00,301.73
2010-07-22 14:53:00,119.5
2010-07-22 15:01:00,172.73
2010-07-22 15:33:00,361.93
2010-07-22 15:37:00,220.73
2010-07-22 15:50:00,3.75
2010-07-22 16:01:00,560.74
2010-07-22 16:21:00,745.42
2010-07-22 16:37:00,227.82
2010-07-22 16:47:00,73.06
2010-07-22 16:54:00,456.24
2010-07-22 17:21:00,232.58
2010-07-22 17:30:00,606.25
2010-07-22 17:33:00,1108.65
2010-07-22 18:17:00,106.79
2010-07-22 18:54:00,827.65
2010-07-22 19:09:00,152.15
2010-07-22 19:23:00,3787.06
2010-07-22 19:42:00,141.15
2010-07-22 19:47:00,136.23
2010-07-22 19:56:00,330.31
2010-07-22 20:09:00,139.05
2010-07-23 08:08:00,20.4
2010-07-23 08:24:00,8328.31
2010-07-23 09:10:00,299.02
2010-07-23 09:30:00,617.5
2010-07-23 09:45:00,1155.0
2010-07-23 09:51:00,207.33
2010-07-23 10:00:00,799.86
2010-07-23 10:20:00,283.18
2010-07-23 10:35:00,140.07
2010-07-23 10:50:00,147.06
2010-07-23 11:05:00,301.0
2010-07-23 11:17:00,566.95
2010-07-23 11:25:00,1151.28
2010-07-23 11:29:00,191.86
2010-07-23 11:30:00,296.65999999999997
2010-07-23 11:32:00,220.83
2010-07-23 11:57:00,305.72
2010-07-23 12:16:00,57.300000000000004
2010-07-23 12:21:00,447.4
2010-07-23 12:29:00,147.44
2010-07-23 12:32:00,333.67
2010-07-23 12:57:00,150.46
2010-07-23 12:59:00,399.22
2010-07-23 13:02:00,567.75
2010-07-23 13:09:00,282.13
2010-07-23 13:29:00,980.11
2010-07-23 13:30:00,474.9
2010-07-23 13:32:00,60.3
2010-07-23 13:42:00,107.97
2010-07-23 13:43:00,296.43
2010-07-23 14:15:00,1472.3600000000001
2010-07-23 14:16:00,1212.0
2010-07-23 14:21:00,169.46
2010-07-23 14:27:00,367.52
2010-07-23 14:38:00,322.42
2010-07-23 15:05:00,785.33
2010-07-23 16:54:00,220.13
2010-07-25 10:07:00,303.5
2010-07-25 10:14:00,688.66
2010-07-25 10:17:00,115.30000000000001
2010-07-25 10:30:00,302.8
2010-07-25 10:50:00,132.28
2010-07-25 10:52:00,303.0
2010-07-25 10:59:00,198.15
2010-07-25 11:00:00,183.68
2010-07-25 11:02:00,95.0
2010-07-25 11:04:00,298.4
2010-07-25 11:05:00,5.8
2010-07-25 11:07:00,471.35999999999996
2010-07-25 11:14:00,197.57
2010-07-25 11:16:00,684.73
2010-07-25 11:21:00,335.40000000000003
2010-07-25 11:24:00,102.3
2010-07-25 11:31:00,267.23
2010-07-25 11:34:00,503.2
2010-07-25 11:37:00,687.61
2010-07-25 11:46:00,979.46
2010-07-25 12:10:00,451.47
2010-07-25 12:14:00,328.2
2010-07-25 12:16:00,1079.56
2010-07-25 12:18:00,69.6
2010-07-25 12:19:00,204.04000000000002
2010-07-25 12:44:00,153.24
2010-07-25 12:49:00,171.82
2010-07-25 12:50:00,120.3
2010-07-25 12:53:00,158.45
2010-07-25 13:02:00,379.26
2010-07-25 13:08:00,115.68
2010-07-25 13:26:00,320.38
2010-07-25 13:34:00,279.73
2010-07-25 13:35:00,169.4
2010-07-25 13:50:00,424.66
2010-07-25 14:01:00,133.09
2010-07-25 14:22:00,219.82
2010-07-25 14:30:00,230.3
2010-07-25 14:32:00,99.41
2010-07-25 14:57:00,720.29
2010-07-25 15:00:00,599.87
2010-07-25 15:17:00,330.90000000000003
2010-07-25 15:27:00,30.0
2010-07-25 15:32:00,513.6
2010-07-25 15:38:00,996.25
2010-07-25 15:39:00,49.2
2010-07-25 15:40:00,831.25
2010-07-25 15:43:00,17.0
2010-07-25 15:44:00,470.7
2010-07-25 15:52:00,25.29
2010-07-25 16:06:00,682.41
2010-07-26 08:39:00,1389.1200000000001
2010-07-26 08:47:00,110.0
2010-07-26 09:04:00,1231.74
2010-07-26 09:07:00,870.42
2010-07-26 09:12:00,1434.7
2010-07-26 09:50:00,622.0
2010-07-26 10:03:00,361.35
2010-07-26 10:06:00,54.7
2010-07-26 10:09:00,109.2
2010-07-26 10:35:00,505.26
2010-07-26 10:42:00,305.32
2010-07-26 10:43:00,359.03999999999996
2010-07-26 11:05:00,410.22
2010-07-26 11:28:00,1003.0799999999999
2010-07-26 11:34:00,320.98
2010-07-26 11:39:00,166.05
2010-07-26 11:42:00,320.05
2010-07-26 11:46:00,613.11
2010-07-26 11:53:00,574.48
2010-07-26 11:55:00,170.63
2010-07-26 11:58:00,363.96000000000004
2010-07-26 12:04:00,661.02
2010-07-26 12:09:00,147.6
2010-07-26 12:26:00,96.6
2010-07-26 12:29:00,102.30000000000001
2010-07-26 12:33:00,90.42
2010-07-26 12:34:00,249.69
2010-07-26 12:36:00,504.87
2010-07-26 12:57:00,157.4
2010-07-26 13:07:00,198.8
2010-07-26 13:30:00,100.86000000000001
2010-07-26 13:35:00,462.54
2010-07-26 13:37:00,270.6
2010-07-26 13:38:00,416.95
2010-07-26 13:41:00,786.05
2010-07-26 13:50:00,191.85
2010-07-26 13:57:00,656.38
2010-07-26 14:10:00,313.1
2010-07-26 14:17:00,201.45
2010-07-26 14:32:00,620.24
2010-07-26 14:43:00,386.68
2010-07-26 15:06:00,303.34000000000003
2010-07-26 15:08:00,15.8
2010-07-26 15:16:00,146.85999999999999
2010-07-26 15:17:00,598.01
2010-07-26 15:30:00,369.83
2010-07-26 15:40:00,318.93
2010-07-26 15:41:00,306.67
2010-07-26 15:49:00,174.51
2010-07-26 16:55:00,15.0
2010-07-26 17:16:00,73.09
2010-07-27 08:09:00,1021.52
2010-07-27 08:21:00,78.68
2010-07-27 08:32:00,36.9
2010-07-27 09:05:00,436.02
2010-07-27 09:20:00,231.8
2010-07-27 09:22:00,330.0
2010-07-27 09:23:00,334.79999999999995
2010-07-27 09:38:00,1071.82
2010-07-27 09:42:00,236.44
2010-07-27 09:45:00,30.0
2010-07-27 09:52:00,79.5
2010-07-27 09:53:00,165.74
2010-07-27 10:07:00,180.15
2010-07-27 10:21:00,469.48
2010-07-27 10:26:00,502.86
2010-07-27 10:29:00,262.86
2010-07-27 10:34:00,178.2
2010-07-27 10:36:00,27.75
2010-07-27 10:37:00,1328.65
2010-07-27 10:43:00,375.05
2010-07-27 10:48:00,1095.06
2010-07-27 10:49:00,713.14
2010-07-27 10:51:00,145.1
2010-07-27 11:04:00,399.0
2010-07-27 11:37:00,314.92
2010-07-27 11:44:00,40.8
2010-07-27 11:51:00,95.95
2010-07-27 11:55:00,433.37
2010-07-27 11:58:00,106.56
2010-07-27 11:59:00,27.36
2010-07-27 12:02:00,41.76
2010-07-27 12:03:00,96.8
2010-07-27 12:10:00,140.54
2010-07-27 12:22:00,977.21
2010-07-27 12:38:00,353.18
2010-07-27 12:39:00,464.3
2010-07-27 12:44:00,359.38
2010-07-27 12:47:00,610.08
2010-07-27 13:14:00,540.0
2010-07-27 13:17:00,12.75
2010-07-27 13:25:00,24.75
2010-07-27 13:27:00,347.81
2010-07-27 13:41:00,559.4200000000001
2010-07-27 13:45:00,418.75
2010-07-27 13:52:00,178.28
2010-07-27 13:55:00,175.78
2010-07-27 14:02:00,129.84
2010-07-27 14:04:00,362.84000000000003
2010-07-27 14:08:00,196.81
2010-07-27 14:39:00,9.9
2010-07-27 14:41:00,2137.6
2010-07-27 14:54:00,328.92
2010-07-27 15:02:00,168.29999999999998
2010-07-27 15:06:00,303.95
2010-07-27 15:08:00,3297.6000000000004
2010-07-27 15:14:00,538.56
2010-07-27 15:32:00,206.95
2010-07-27 15:45:00,3947.58
2010-07-27 16:22:00,262.89
2010-07-27 16:56:00,323.85
2010-07-28 08:15:00,385.88
2010-07-28 08:38:00,244.65
2010-07-28 09:21:00,423.19
2010-07-28 09:22:00,686.9
2010-07-28 09:24:00,129.32
2010-07-28 09:28:00,1443.2
2010-07-28 09:34:00,102.02000000000001
2010-07-28 09:41:00,54.0
2010-07-28 09:42:00,402.32
2010-07-28 10:21:00,960.41
2010-07-28 10:31:00,309.88
2010-07-28 10:33:00,405.42
2010-07-28 10:39:00,1164.15
2010-07-28 10:45:00,499.14
2010-07-28 10:47:00,311.3
2010-07-28 10:48:00,374.05
2010-07-28 10:52:00,563.75
2010-07-28 10:54:00,95.0
2010-07-28 10:55:00,306.55
2010-07-28 11:35:00,256.95
2010-07-28 11:39:00,360.0
2010-07-28 11:40:00,282.90000000000003
2010-07-28 11:46:00,588.55
2010-07-28 11:52:00,247.25
2010-07-28 11:54:00,417.59
2010-07-28 12:05:00,429.45
2010-07-28 12:17:00,299.7
2010-07-28 12:18:00,134.60999999999999
2010-07-28 12:34:00,360.72
2010-07-28 12:41:00,138.24
2010-07-28 12:44:00,390.5
2010-07-28 12:46:00,449.90000000000003
2010-07-28 12:51:00,432.34000000000003
2010-07-28 12:58:00,375.32
2010-07-28 13:00:00,370.53999999999996
2010-07-28 13:05:00,535.25
2010-07-28 13:16:00,93.89
2010-07-28 13:36:00,486.33
2010-07-28 13:38:00,249.8
2010-07-28 13:41:00,211.25000000000003
2010-07-28 13:51:00,205.8
2010-07-28 14:02:00,252.56
2010-07-28 14:07:00,8.25
2010-07-28 14:26:00,544.47
2010-07-28 14:43:00,881.23
2010-07-28 14:45:00,289.7
2010-07-28 14:47:00,20.0
2010-07-28 14:54:00,878.98
2010-07-28 15:14:00,52.45
2010-07-28 15:39:00,306.16
2010-07-28 15:40:00,260.3
2010-07-28 16:17:00,558.9
2010-07-28 16:37:00,224.45000000000002
2010-07-28 16:39:00,90.41
2010-07-28 16:45:00,173.54
2010-07-28 16:54:00,151.20000000000002
2010-07-28 17:04:00,393.71999999999997
2010-07-28 17:12:00,350.4
2010-07-28 17:18:00,486.15
2010-07-28 17:26:00,223.73999999999998
2010-07-28 17:46:00,731.85
2010-07-28 17:56:00,196.25
2010-07-29 08:04:00,483.88
2010-07-29 09:19:00,2496.6
2010-07-29 09:49:00,173.5
2010-07-29 10:00:00,3485.5
2010-07-29 10:02:00,603.25
2010-07-29 10:06:00,94.8
2010-07-29 10:10:00,510.76
2010-07-29 10:14:00,306.20000000000005
2010-07-29 10:15:00,531.1
2010-07-29 10:20:00,637.86
2010-07-29 10:46:00,156.75
2010-07-29 11:01:00,3417.12
2010-07-29 11:06:00,344.63
2010-07-29 11:11:00,173.36
2010-07-29 11:23:00,120.75
2010-07-29 11:34:00,361.16
2010-07-29 11:47:00,627.62
2010-07-29 11:58:00,371.27
2010-07-29 12:03:00,441.81
2010-07-29 12:21:00,213.6
2010-07-29 12:23:00,248.47
2010-07-29 12:27:00,100.0
2010-07-29 12:28:00,317.15999999999997
2010-07-29 12:29:00,3610.5
2010-07-29 12:32:00,110.0
2010-07-29 12:33:00,400.2
2010-07-29 12:34:00,575.68
2010-07-29 12:50:00,720.9200000000001
2010-07-29 12:51:00,247.9
2010-07-29 13:12:00,384.2
2010-07-29 13:13:00,984.2
2010-07-29 13:16:00,50.8
2010-07-29 13:23:00,304.0
2010-07-29 13:27:00,194.1
2010-07-29 13:28:00,789.44
2010-07-29 13:36:00,242.0
2010-07-29 13:42:00,326.98
2010-07-29 13:43:00,14.98
2010-07-29 13:45:00,304.2
2010-07-29 13:55:00,303.32
2010-07-29 13:57:00,111.09
2010-07-29 14:00:00,1166.46
2010-07-29 14:44:00,392.85
2010-07-29 14:45:00,144.9
2010-07-29 14:57:00,541.61
2010-07-29 15:04:00,334.08
2010-07-29 15:30:00,421.90000000000003
2010-07-29 15:37:00,45.0
2010-07-29 16:08:00,259.9
2010-07-29 16:14:00,315.8
2010-07-29 16:25:00,281.42
2010-07-29 16:35:00,235.07
2010-07-29 16:52:00,40.24
2010-07-29 17:02:00,110.23
2010-07-29 17:22:00,490.47
2010-07-29 17:24:00,15.0
2010-07-29 17:30:00,354.24
2010-07-29 18:30:00,323.86
2010-07-29 18:31:00,46.8
2010-07-29 18:49:00,239.34
2010-07-29 18:53:00,149.89
2010-07-29 19:02:00,76.5
2010-07-29 19:18:00,326.86
2010-07-29 19:26:00,141.54
2010-07-29 19:56:00,456.29
2010-07-30 07:43:00,14.85
2010-07-30 08:53:00,109.0
2010-07-30 08:54:00,470.3
2010-07-30 08:56:00,487.0
2010-07-30 09:06:00,3.75
2010-07-30 09:42:00,312.5
2010-07-30 10:18:00,376.15
2010-07-30 10:19:00,23.6
2010-07-30 10:44:00,672.93
2010-07-30 11:08:00,129.75
2010-07-30 11:35:00,293.28000000000003
2010-07-30 11:37:00,304.85
2010-07-30 11:52:00,470.78
2010-07-30 11:59:00,137.88
2010-07-30 12:10:00,282.46
2010-07-30 12:19:00,135.55
2010-07-30 12:21:00,1282.67
2010-07-30 12:38:00,55.0
2010-07-30 12:42:00,184.69
2010-07-30 12:52:00,332.88
2010-07-30 12:54:00,406.2
2010-07-30 13:05:00,330.0
2010-07-30 13:06:00,115.08
2010-07-30 13:07:00,51.150000000000006
2010-07-30 13:13:00,337.92
2010-07-30 13:25:00,271.02
2010-07-30 13:31:00,776.02
2010-07-30 13:36:00,1633.8600000000001
2010-07-30 13:52:00,15.0
2010-07-30 14:00:00,1023.54
2010-07-30 14:01:00,198.32
2010-07-30 14:07:00,15.0
2010-07-30 14:15:00,326.9
2010-07-30 14:31:00,97.83000000000001
2010-07-30 14:39:00,887.6800000000001
2010-07-30 14:44:00,327.5
2010-07-30 14:58:00,109.85
2010-07-30 15:05:00,292.5
2010-07-30 15:13:00,89.64999999999999
2010-07-30 15:47:00,168.98
2010-07-30 16:50:00,508.1
2010-07-30 17:08:00,301.72
2010-08-01 10:06:00,4.15
2010-08-01 10:09:00,153.3
2010-08-01 11:02:00,50.0
2010-08-01 11:15:00,551.8
2010-08-01 11:17:00,868.01
2010-08-01 11:18:00,95.0
2010-08-01 11:22:00,1014.11
2010-08-01 11:24:00,15.3
2010-08-01 11:29:00,7.5
2010-08-01 12:02:00,202.18
2010-08-01 12:07:00,218.45
2010-08-01 12:38:00,341.2
2010-08-01 12:45:00,348.77
2010-08-01 12:48:00,117.53
2010-08-01 13:07:00,206.91
2010-08-01 13:09:00,157.3
2010-08-01 13:12:00,194.15
2010-08-01 13:17:00,8.7
2010-08-01 13:21:00,218.04
2010-08-01 13:26:00,226.35999999999999
2010-08-01 13:31:00,21984.0
2010-08-01 13:48:00,370.51
2010-08-01 14:18:00,160.52
2010-08-01 14:25:00,190.35
2010-08-01 14:35:00,438.65000000000003
2010-08-01 14:40:00,350.6
2010-08-01 15:20:00,490.73
2010-08-01 15:23:00,112.19999999999999
2010-08-01 15:41:00,406.26
2010-08-01 15:51:00,225.2
2010-08-01 15:55:00,910.17
2010-08-02 08:54:00,320.65999999999997
2010-08-02 09:14:00,326.64
2010-08-02 09:18:00,556.72
2010-08-02 09:27:00,323.73
2010-08-02 09:38:00,549.0500000000001
2010-08-02 09:46:00,713.75
2010-08-02 10:26:00,383.99
2010-08-02 10:27:00,148.05
2010-08-02 10:28:00,1424.0
2010-08-02 10:29:00,541.46
2010-08-02 10:30:00,340.96000000000004
2010-08-02 10:31:00,19.9
2010-08-02 10:33:00,244.95
2010-08-02 10:37:00,107.5
2010-08-02 10:42:00,201.25
2010-08-02 11:07:00,475.65000000000003
2010-08-02 11:09:00,36.9
2010-08-02 11:13:00,1554.6
2010-08-02 11:25:00,305.08
2010-08-02 11:33:00,153.20000000000002
2010-08-02 11:46:00,331.1
2010-08-02 12:04:00,79.18
2010-08-02 12:12:00,5737.32
2010-08-02 12:23:00,85.0
2010-08-02 12:24:00,215.43
2010-08-02 12:30:00,297.06
2010-08-02 12:37:00,251.38
2010-08-02 12:42:00,359.76
2010-08-02 12:44:00,405.0
2010-08-02 12:52:00,83.7
2010-08-02 12:55:00,392.4
2010-08-02 12:58:00,240.0
2010-08-02 13:12:00,496.98
2010-08-02 13:15:00,476.25
2010-08-02 13:16:00,99.60000000000001
2010-08-02 13:39:00,133.9
2010-08-02 13:42:00,149.0
2010-08-02 13:45:00,411.96000000000004
2010-08-02 13:58:00,178.95
2010-08-02 14:02:00,911.47
2010-08-02 14:03:00,829.35
2010-08-02 14:07:00,187.17000000000002
2010-08-02 14:11:00,628.71
2010-08-02 14:16:00,873.09
2010-08-02 14:24:00,247.95
2010-08-02 14:33:00,328.43
2010-08-02 14:50:00,660.12
2010-08-02 15:10:00,311.03999999999996
2010-08-02 15:13:00,87.47
2010-08-02 15:19:00,305.11
2010-08-02 15:25:00,489.78000000000003
2010-08-02 15:26:00,345.6
2010-08-02 15:28:00,325.70000000000005
2010-08-02 17:06:00,286.61
2010-08-02 17:19:00,154.55
2010-08-03 08:57:00,10.2
2010-08-03 08:58:00,307.1
2010-08-03 09:00:00,986.2099999999999
2010-08-03 09:04:00,238.72
2010-08-03 09:14:00,105.05000000000001
2010-08-03 09:15:00,46.8
2010-08-03 09:31:00,125.0
2010-08-03 09:44:00,750.0
2010-08-03 09:53:00,235.5
2010-08-03 10:26:00,728.9200000000001
2010-08-03 10:30:00,180.0
2010-08-03 10:33:00,1956.3500000000001
2010-08-03 10:38:00,590.0
2010-08-03 10:42:00,755.7
2010-08-03 10:52:00,1302.55
2010-08-03 11:32:00,689.36
2010-08-03 11:44:00,121.74000000000001
2010-08-03 11:53:00,732.61
2010-08-03 11:54:00,398.96000000000004
2010-08-03 11:56:00,2810.2200000000003
2010-08-03 12:05:00,294.22
2010-08-03 12:13:00,101.71000000000001
2010-08-03 12:32:00,481.74
2010-08-03 12:47:00,321.42
2010-08-03 12:49:00,500.57000000000005
2010-08-03 12:51:00,218.32
2010-08-03 12:55:00,175.08
2010-08-03 13:03:00,222.64000000000001
2010-08-03 13:07:00,131.01
2010-08-03 13:12:00,563.1
2010-08-03 13:18:00,149.55
2010-08-03 13:22:00,246.0
2010-08-03 13:54:00,321.78000000000003
2010-08-03 13:55:00,1503.55
2010-08-03 14:01:00,577.68
2010-08-03 14:18:00,116.1
2010-08-03 14:23:00,901.42
2010-08-03 14:38:00,993.75
2010-08-03 14:41:00,54.599999999999994
2010-08-03 14:42:00,395.64
2010-08-03 14:54:00,313.39
2010-08-03 14:55:00,158.05
2010-08-03 15:14:00,145.6
2010-08-03 15:51:00,145.63
2010-08-03 16:08:00,169.3
2010-08-03 16:17:00,89.95
2010-08-04 08:05:00,315.98
2010-08-04 08:41:00,352.11
2010-08-04 09:08:00,35.7
2010-08-04 09:13:00,410.71000000000004
2010-08-04 09:14:00,220.75
2010-08-04 09:39:00,379.74
2010-08-04 09:58:00,253.81
2010-08-04 10:00:00,314.25
2010-08-04 10:02:00,246.3
2010-08-04 10:34:00,254.0
2010-08-04 10:36:00,146.02
2010-08-04 10:52:00,335.68
2010-08-04 10:57:00,353.41
2010-08-04 11:38:00,334.88
2010-08-04 11:46:00,116.1
2010-08-04 11:48:00,365.56
2010-08-04 11:57:00,103.80000000000001
2010-08-04 12:03:00,100.5
2010-08-04 12:18:00,90.0
2010-08-04 12:19:00,105.67
2010-08-04 12:22:00,737.4
2010-08-04 12:38:00,1161.18
2010-08-04 12:39:00,467.19
2010-08-04 12:41:00,650.64
2010-08-04 12:54:00,1258.8600000000001
2010-08-04 13:09:00,258.9
2010-08-04 13:20:00,312.3
2010-08-04 13:26:00,91.15
2010-08-04 13:37:00,10.95
2010-08-04 13:42:00,309.21
2010-08-04 13:47:00,889.02
2010-08-04 13:54:00,613.8
2010-08-04 13:57:00,308.81
2010-08-04 14:20:00,1108.8
2010-08-04 14:27:00,379.42
2010-08-04 14:41:00,583.5
2010-08-04 14:50:00,791.4
2010-08-04 15:02:00,215.28
2010-08-04 15:13:00,131.07999999999998
2010-08-04 15:19:00,301.81
2010-08-04 15:52:00,359.88
2010-08-04 16:05:00,468.65
2010-08-04 16:07:00,176.47
2010-08-04 16:12:00,66.6
2010-08-04 16:27:00,468.78000000000003
2010-08-04 16:28:00,203.35
2010-08-04 16:38:00,263.73
2010-08-04 17:39:00,132.37
2010-08-05 08:44:00,182.16
2010-08-05 08:49:00,122.39999999999999
2010-08-05 08:54:00,1160.0
2010-08-05 09:28:00,512.73
2010-08-05 09:30:00,274.40000000000003
2010-08-05 09:35:00,905.48
2010-08-05 10:18:00,290.7
2010-08-05 10:38:00,634.35
2010-08-05 10:49:00,110.69999999999999
2010-08-05 10:51:00,20.4
2010-08-05 11:24:00,759.35
2010-08-05 11:30:00,591.87
2010-08-05 11:33:00,132.6
2010-08-05 11:34:00,244.98000000000002
2010-08-05 11:35:00,312.38
2010-08-05 11:39:00,1210.8
2010-08-05 11:55:00,2675.14
2010-08-05 12:19:00,590.78
2010-08-05 12:21:00,75.12
2010-08-05 12:26:00,191.28
2010-08-05 12:33:00,376.5
2010-08-05 13:21:00,526.54
2010-08-05 13:31:00,1022.69
2010-08-05 13:42:00,227.16000000000003
2010-08-05 13:54:00,272.48
2010-08-05 14:11:00,287.1
2010-08-05 14:52:00,120.55000000000001
2010-08-05 14:57:00,586.01
2010-08-05 15:01:00,636.92
2010-08-05 15:08:00,321.52
2010-08-05 15:14:00,785.67
2010-08-05 15:28:00,541.2
2010-08-05 15:46:00,761.66
2010-08-05 15:50:00,308.7
2010-08-05 16:33:00,524.4
2010-08-05 16:35:00,199.45000000000002
2010-08-05 17:21:00,362.74
2010-08-05 17:23:00,278.76
2010-08-05 17:28:00,275.45
2010-08-05 17:35:00,1339.6
2010-08-05 17:45:00,214.68
2010-08-05 17:47:00,379.19
2010-08-05 17:57:00,158.63
2010-08-05 18:18:00,155.37
2010-08-05 18:42:00,184.8
2010-08-05 19:05:00,252.3
2010-08-05 19:08:00,381.86
2010-08-05 19:22:00,305.91
2010-08-05 20:03:00,359.6
2010-08-06 08:57:00,689.09
2010-08-06 09:18:00,189.29999999999998
2010-08-06 09:28:00,539.14
2010-08-06 09:52:00,446.75
2010-08-06 10:06:00,364.7
2010-08-06 10:09:00,300.55
2010-08-06 10:24:00,519.69
2010-08-06 10:29:00,445.98
2010-08-06 11:24:00,108.60000000000001
2010-08-06 11:31:00,292.96
2010-08-06 11:56:00,575.2
2010-08-06 12:13:00,544.01
2010-08-06 12:15:00,343.63
2010-08-06 12:31:00,136.15
2010-08-06 12:33:00,1496.64
2010-08-06 12:35:00,520.54
2010-08-06 12:41:00,952.1
2010-08-06 12:45:00,500.0
2010-08-06 13:15:00,631.92
2010-08-06 13:32:00,10.08
2010-08-06 13:38:00,765.94
2010-08-06 13:39:00,35.7
2010-08-06 13:41:00,426.05
2010-08-06 14:00:00,180.08
2010-08-06 14:09:00,468.03
2010-08-06 14:15:00,321.74
2010-08-06 14:16:00,114.60000000000001
2010-08-06 14:22:00,307.16
2010-08-06 14:30:00,194.75
2010-08-06 14:52:00,314.16
2010-08-06 14:54:00,148.72
2010-08-06 15:21:00,341.33
2010-08-06 16:11:00,1494.36
2010-08-06 16:32:00,8.5
2010-08-08 10:25:00,198.55
2010-08-08 10:31:00,114.63
2010-08-08 10:43:00,60.84
2010-08-08 10:46:00,491.36
2010-08-08 10:47:00,66.65
2010-08-08 10:51:00,1145.4
2010-08-08 10:54:00,198.82
2010-08-08 10:55:00,136.65
2010-08-08 10:57:00,105.82
2010-08-08 11:20:00,311.38
2010-08-08 11:33:00,95.44
2010-08-08 11:40:00,850.61
2010-08-08 12:11:00,825.5600000000001
2010-08-08 12:16:00,186.18
2010-08-08 12:18:00,141.3
2010-08-08 12:21:00,151.5
2010-08-08 12:24:00,121.91
2010-08-08 12:28:00,854.6700000000001
2010-08-08 12:31:00,161.51
2010-08-08 12:35:00,196.56
2010-08-08 12:41:00,751.6
2010-08-08 12:43:00,1087.01
2010-08-08 12:50:00,138.12
2010-08-08 12:56:00,135.96
2010-08-08 12:57:00,351.95
2010-08-08 13:07:00,395.84000000000003
2010-08-08 13:11:00,195.88
2010-08-08 13:49:00,628.53
2010-08-08 13:55:00,248.05
2010-08-08 14:11:00,974.9
2010-08-08 14:26:00,398.37
2010-08-08 14:32:00,303.03000000000003
2010-08-08 14:37:00,226.70000000000002
2010-08-08 14:39:00,52.8
2010-08-08 14:41:00,307.23
2010-08-08 14:51:00,420.22
2010-08-08 14:57:00,185.55
2010-08-08 15:15:00,411.96
2010-08-08 15:53:00,194.60000000000002
2010-08-08 15:55:00,127.07000000000001
2010-08-09 08:19:00,152.2
2010-08-09 08:26:00,845.17
2010-08-09 08:36:00,260.57
2010-08-09 08:41:00,382.93
2010-08-09 08:53:00,305.96
2010-08-09 08:55:00,431.28
2010-08-09 09:23:00,206.85
2010-08-09 09:45:00,343.54
2010-08-09 10:27:00,869.28
2010-08-09 10:33:00,380.61
2010-08-09 11:00:00,699.1800000000001
2010-08-09 11:06:00,555.78
2010-08-09 11:10:00,36.769999999999996
2010-08-09 11:26:00,201.8
2010-08-09 11:27:00,1080.5
2010-08-09 12:05:00,154.16
2010-08-09 12:21:00,347.64
2010-08-09 12:22:00,335.63
2010-08-09 12:24:00,547.96
2010-08-09 12:27:00,375.13
2010-08-09 12:28:00,344.22
2010-08-09 12:35:00,447.09999999999997
2010-08-09 12:51:00,152.8
2010-08-09 12:53:00,1115.58
2010-08-09 12:56:00,30.6
2010-08-09 13:06:00,12.5
2010-08-09 13:10:00,11880.84
2010-08-09 13:18:00,300.2
2010-08-09 13:28:00,423.91
2010-08-09 14:26:00,505.90999999999997
2010-08-09 14:39:00,189.57
2010-08-09 14:45:00,317.95
2010-08-09 15:03:00,111.35
2010-08-09 15:33:00,525.35
2010-08-09 15:44:00,121.59
2010-08-09 15:47:00,14.85
2010-08-09 15:56:00,244.52
2010-08-09 16:22:00,82.94
2010-08-09 16:56:00,16.65
2010-08-09 18:20:00,360.47
2010-08-09 18:26:00,1436.48
2010-08-09 18:29:00,699.35
2010-08-09 18:30:00,526.0799999999999
2010-08-09 18:31:00,583.8
2010-08-09 18:32:00,1030.0
2010-08-09 18:34:00,714.0
2010-08-09 18:36:00,635.04
2010-08-10 08:49:00,759.84
2010-08-10 09:22:00,448.52
2010-08-10 09:38:00,352.15000000000003
2010-08-10 09:50:00,418.65
2010-08-10 09:52:00,142.16
2010-08-10 09:53:00,119.2
2010-08-10 10:05:00,302.5
2010-08-10 10:14:00,266.93
2010-08-10 10:22:00,462.21000000000004
2010-08-10 10:29:00,303.6
2010-08-10 11:02:00,170.8
2010-08-10 12:06:00,330.6
2010-08-10 12:32:00,77.35
2010-08-10 12:37:00,895.36
2010-08-10 12:40:00,509.71
2010-08-10 12:42:00,660.0
2010-08-10 13:01:00,949.62
2010-08-10 13:02:00,325.44
2010-08-10 13:28:00,189.05
2010-08-10 13:32:00,266.29
2010-08-10 13:34:00,49.5
2010-08-10 13:44:00,432.67
2010-08-10 13:50:00,141.6
2010-08-10 13:52:00,158.19
2010-08-10 14:07:00,202.54999999999998
2010-08-10 14:27:00,385.95
2010-08-10 14:43:00,353.88
2010-08-10 14:45:00,15.0
2010-08-10 14:47:00,15.0
2010-08-10 15:17:00,30.6
2010-08-10 15:31:00,118.14
2010-08-10 15:47:00,182.38
2010-08-10 16:10:00,16483.0
2010-08-10 16:12:00,590.0
2010-08-10 16:14:00,122.4
2010-08-10 17:02:00,392.54
2010-08-10 17:09:00,586.36
2010-08-11 08:40:00,651.46
2010-08-11 08:50:00,314.56
2010-08-11 08:52:00,334.56
2010-08-11 09:40:00,179.97
2010-08-11 10:16:00,385.03000000000003
2010-08-11 10:23:00,136.35000000000002
2010-08-11 10:51:00,189.60000000000002
2010-08-11 10:53:00,147.11
2010-08-11 11:23:00,360.66
2010-08-11 11:35:00,570.84
2010-08-11 11:39:00,202.0
2010-08-11 11:43:00,66.0
2010-08-11 11:51:00,282.3
2010-08-11 11:58:00,3814.1600000000003
2010-08-11 12:05:00,2063.88
2010-08-11 12:11:00,135.42000000000002
2010-08-11 12:19:00,341.37
2010-08-11 12:20:00,985.1
2010-08-11 12:28:00,447.26
2010-08-11 12:39:00,873.35
2010-08-11 12:52:00,157.7
2010-08-11 12:54:00,122.7
2010-08-11 12:58:00,280.55
2010-08-11 12:59:00,295.0
2010-08-11 13:07:00,786.76
2010-08-11 13:38:00,294.01
2010-08-11 14:20:00,437.68
2010-08-11 14:27:00,556.5
2010-08-11 14:34:00,59.85
2010-08-11 14:39:00,616.0
2010-08-11 14:50:00,305.55
2010-08-11 14:55:00,187.9
2010-08-11 15:13:00,195.26
2010-08-11 15:21:00,178.79
2010-08-11 15:49:00,301.65
2010-08-11 15:56:00,800.0
2010-08-11 16:14:00,141.0
2010-08-11 16:44:00,330.29
2010-08-11 16:58:00,101.69
2010-08-12 08:54:00,964.1200000000001
2010-08-12 08:56:00,62.7
2010-08-12 09:17:00,847.04
2010-08-12 09:41:00,301.39
2010-08-12 09:43:00,515.03
2010-08-12 10:00:00,2403.84
2010-08-12 10:01:00,91.4
2010-08-12 10:02:00,228.96000000000004
2010-08-12 10:03:00,325.35
2010-08-12 10:04:00,308.52
2010-08-12 10:05:00,15.0
2010-08-12 10:12:00,328.18
2010-08-12 11:47:00,1190.67
2010-08-12 11:50:00,303.12
2010-08-12 12:20:00,166.51999999999998
2010-08-12 12:21:00,153.89
2010-08-12 12:25:00,143.2
2010-08-12 12:33:00,308.77
2010-08-12 12:37:00,342.75
2010-08-12 12:39:00,13.919999999999998
2010-08-12 12:43:00,655.8000000000001
2010-08-12 12:47:00,424.6
2010-08-12 12:50:00,19.8
2010-08-12 12:58:00,236.54999999999998
2010-08-12 12:59:00,36.9
2010-08-12 13:02:00,92.07000000000001
2010-08-12 13:11:00,350.6
2010-08-12 13:14:00,539.09
2010-08-12 13:23:00,29.96
2010-08-12 13:24:00,84.03999999999999
2010-08-12 13:36:00,263.6
2010-08-12 13:38:00,806.4
2010-08-12 13:46:00,53.25000000000001
2010-08-12 13:50:00,98.45
2010-08-12 14:11:00,2480.48
2010-08-12 14:13:00,255.74
2010-08-12 14:15:00,587.52
2010-08-12 14:32:00,117.16
2010-08-12 14:35:00,390.94
2010-08-12 14:39:00,24.049999999999997
2010-08-12 14:48:00,150.0
2010-08-12 14:53:00,328.05
2010-08-12 14:57:00,427.24
2010-08-12 14:58:00,120.6
2010-08-12 15:00:00,107.8
2010-08-12 15:01:00,933.45
2010-08-12 15:03:00,17.0
2010-08-12 15:06:00,2063.62
2010-08-12 15:08:00,107.1
2010-08-12 15:32:00,737.5999999999999
2010-08-12 15:33:00,102.0
2010-08-12 15:38:00,493.36
2010-08-12 15:48:00,326.4
2010-08-12 15:52:00,66.0
2010-08-12 15:54:00,271.2
2010-08-12 16:19:00,6.6
2010-08-12 16:27:00,70.13
2010-08-12 16:38:00,338.65
2010-08-12 16:45:00,295.0
2010-08-12 17:01:00,217.77
2010-08-12 17:02:00,445.49
2010-08-12 17:20:00,150.95
2010-08-12 17:52:00,9.9
2010-08-12 18:11:00,222.77
2010-08-12 19:12:00,117.09
2010-08-12 19:18:00,411.6
2010-08-12 19:20:00,147.65
2010-08-12 19:21:00,125.94
2010-08-12 19:32:00,215.25
2010-08-12 19:37:00,329.89
2010-08-12 19:41:00,113.81
2010-08-13 08:53:00,314.6
2010-08-13 08:54:00,24.9
2010-08-13 08:57:00,379.53000000000003
2010-08-13 09:07:00,151.64
2010-08-13 09:44:00,176.84
2010-08-13 10:10:00,267.0
2010-08-13 10:15:00,472.68
2010-08-13 10:37:00,166.78
2010-08-13 11:16:00,567.65
2010-08-13 11:33:00,412.3
2010-08-13 11:45:00,188.49
2010-08-13 11:51:00,293.76
2010-08-13 11:59:00,167.28
2010-08-13 12:04:00,13.5
2010-08-13 12:05:00,289.51
2010-08-13 12:11:00,371.66
2010-08-13 12:23:00,1843.75
2010-08-13 12:34:00,309.84
2010-08-13 12:56:00,280.13
2010-08-13 12:59:00,754.7900000000001
2010-08-13 13:29:00,405.58000000000004
2010-08-13 13:31:00,118.45
2010-08-13 13:35:00,40.0
2010-08-13 13:38:00,168.53
2010-08-13 13:45:00,115.4
2010-08-13 14:09:00,1053.74
2010-08-13 14:20:00,185.65
2010-08-13 14:31:00,361.29
2010-08-13 14:35:00,233.39999999999998
2010-08-13 14:40:00,1705.09
2010-08-13 14:42:00,6.8
2010-08-13 14:43:00,122.45
2010-08-13 14:47:00,165.01999999999998
2010-08-13 14:50:00,136.97
2010-08-13 15:07:00,1191.93
2010-08-13 15:27:00,75.60000000000001
2010-08-13 16:17:00,129.56
2010-08-13 16:58:00,874.72
2010-08-13 17:13:00,613.33
2010-08-15 10:08:00,158.85000000000002
2010-08-15 10:28:00,345.65
2010-08-15 10:30:00,126.25
2010-08-15 10:32:00,192.8
2010-08-15 10:33:00,1536.0
2010-08-15 10:37:00,90.3
2010-08-15 10:41:00,235.35
2010-08-15 10:55:00,147.55
2010-08-15 11:02:00,155.8
2010-08-15 11:06:00,95.0
2010-08-15 11:09:00,1650.0
2010-08-15 11:12:00,305.28000000000003
2010-08-15 11:20:00,385.31
2010-08-15 11:21:00,69.95
2010-08-15 11:22:00,117.83000000000001
2010-08-15 11:24:00,175.64
2010-08-15 11:26:00,524.45
2010-08-15 11:47:00,390.38
2010-08-15 11:50:00,628.8
2010-08-15 11:51:00,967.94
2010-08-15 11:55:00,181.89000000000001
2010-08-15 11:59:00,44.1
2010-08-15 12:20:00,680.0
2010-08-15 12:22:00,495.0
2010-08-15 12:23:00,127.91
2010-08-15 12:35:00,7.95
2010-08-15 12:37:00,481.87
2010-08-15 12:40:00,283.8
2010-08-15 12:42:00,746.99
2010-08-15 13:03:00,142.0
2010-08-15 13:05:00,122.8
2010-08-15 13:07:00,299.7
2010-08-15 13:10:00,101.6
2010-08-15 13:18:00,585.86
2010-08-15 13:19:00,105.3
2010-08-15 13:23:00,385.44
2010-08-15 13:26:00,575.09
2010-08-15 13:28:00,108.60000000000001
2010-08-15 13:41:00,30.599999999999998
2010-08-15 13:42:00,393.84
2010-08-15 13:44:00,17.85
2010-08-15 14:01:00,464.28
2010-08-15 14:12:00,990.48
2010-08-15 14:13:00,645.39
2010-08-15 14:20:00,290.86
2010-08-15 14:38:00,387.6
2010-08-15 14:50:00,290.7
2010-08-15 15:20:00,1124.8
2010-08-15 15:26:00,218.44
2010-08-15 15:33:00,324.86
2010-08-15 15:35:00,309.9
2010-08-15 15:36:00,139.58
2010-08-15 15:42:00,14.11
2010-08-15 15:44:00,459.76
2010-08-15 15:45:00,388.46000000000004
2010-08-15 16:00:00,217.92000000000002
2010-08-16 08:38:00,257.57
2010-08-16 08:49:00,406.72
2010-08-16 08:57:00,509.2
2010-08-16 09:15:00,120.66
2010-08-16 09:20:00,311.52
2010-08-16 09:54:00,1020.0
2010-08-16 09:55:00,533.0
2010-08-16 10:17:00,726.15
2010-08-16 10:37:00,202.70000000000002
2010-08-16 11:27:00,366.73
2010-08-16 11:31:00,144.53
2010-08-16 12:00:00,1287.0900000000001
2010-08-16 12:10:00,280.0
2010-08-16 12:12:00,1858.91
2010-08-16 12:16:00,226.85999999999999
2010-08-16 12:27:00,188.4
2010-08-16 13:09:00,240.0
2010-08-16 13:12:00,160.33
2010-08-16 13:22:00,332.2
2010-08-16 13:36:00,353.3
2010-08-16 13:37:00,315.6
2010-08-16 13:38:00,291.15999999999997
2010-08-16 14:12:00,161.9
2010-08-16 14:15:00,368.98
2010-08-16 14:46:00,305.22
2010-08-16 14:49:00,310.5
2010-08-16 14:59:00,182.58
2010-08-16 15:31:00,482.49
2010-08-16 15:36:00,694.34
2010-08-16 16:45:00,466.32000000000005
2010-08-16 16:48:00,257.39
2010-08-16 16:54:00,908.39
2010-08-17 08:36:00,456.15000000000003
2010-08-17 08:38:00,338.18
2010-08-17 08:56:00,5897.68
2010-08-17 09:11:00,419.42
2010-08-17 09:31:00,215.92
2010-08-17 09:47:00,792.48
2010-08-17 09:54:00,413.3
2010-08-17 09:59:00,515.65
2010-08-17 10:12:00,305.2
2010-08-17 10:16:00,376.34
2010-08-17 10:29:00,176.0
2010-08-17 10:35:00,750.96
2010-08-17 10:36:00,500.40000000000003
2010-08-17 10:50:00,145.48
2010-08-17 11:03:00,92.6
2010-08-17 11:21:00,3434.61
2010-08-17 11:30:00,336.92
2010-08-17 11:45:00,271.8
2010-08-17 11:52:00,4777.52
2010-08-17 11:53:00,154.05
2010-08-17 12:22:00,252.0
2010-08-17 12:30:00,612.54
2010-08-17 12:36:00,310.15
2010-08-17 12:44:00,802.13
2010-08-17 13:17:00,304.47
2010-08-17 13:30:00,179.16
2010-08-17 13:35:00,209.41
2010-08-17 13:40:00,761.4300000000001
2010-08-17 13:44:00,1383.53
2010-08-17 13:45:00,3.75
2010-08-17 13:49:00,309.49
2010-08-17 14:02:00,213.89000000000001
2010-08-17 14:09:00,276.75
2010-08-17 14:10:00,29.979999999999997
2010-08-17 14:21:00,47.1
2010-08-17 14:24:00,104.65
2010-08-17 14:36:00,509.95
2010-08-17 15:08:00,387.0
2010-08-17 15:17:00,319.66
2010-08-17 15:46:00,187.52
2010-08-17 15:49:00,1056.74
2010-08-17 16:42:00,170.56
2010-08-18 09:05:00,30.0
2010-08-18 09:19:00,12513.68
2010-08-18 09:30:00,493.56
2010-08-18 09:32:00,736.05
2010-08-18 09:45:00,883.42
2010-08-18 09:47:00,152.62
2010-08-18 09:48:00,46.849999999999994
2010-08-18 10:03:00,101.75
2010-08-18 10:29:00,306.6
2010-08-18 10:32:00,266.40000000000003
2010-08-18 10:33:00,147.9
2010-08-18 10:37:00,455.36
2010-08-18 10:42:00,330.02
2010-08-18 11:16:00,383.72
2010-08-18 11:27:00,296.36
2010-08-18 11:38:00,1634.64
2010-08-18 12:13:00,611.7
2010-08-18 12:34:00,587.74
2010-08-18 12:36:00,326.4
2010-08-18 12:38:00,35.400000000000006
2010-08-18 12:39:00,420.5
2010-08-18 12:40:00,27.6
2010-08-18 12:42:00,464.02
2010-08-18 12:47:00,939.44
2010-08-18 12:52:00,158.93
2010-08-18 13:08:00,251.04000000000002
2010-08-18 13:11:00,307.06
2010-08-18 13:33:00,80.7
2010-08-18 13:35:00,46.75
2010-08-18 13:51:00,159.5
2010-08-18 13:56:00,250.0
2010-08-18 13:58:00,864.91
2010-08-18 14:05:00,399.18
2010-08-18 14:23:00,518.5600000000001
2010-08-18 14:32:00,153.91
2010-08-18 14:37:00,613.33
2010-08-18 14:43:00,379.05
2010-08-18 15:10:00,393.25
2010-08-18 15:19:00,467.16
2010-08-18 15:35:00,244.75
2010-08-18 15:47:00,325.18
2010-08-18 15:58:00,349.65000000000003
2010-08-18 16:00:00,473.22
2010-08-18 16:05:00,486.9
2010-08-18 16:07:00,63.5
2010-08-18 16:18:00,1666.92
2010-08-18 16:21:00,1036.36
2010-08-18 16:39:00,344.61
2010-08-18 16:54:00,1415.17
2010-08-18 17:30:00,391.76
2010-08-18 17:41:00,430.40999999999997
2010-08-18 17:43:00,659.03
2010-08-19 08:47:00,434.19
2010-08-19 09:05:00,652.8
2010-08-19 09:07:00,109.44
2010-08-19 09:10:00,436.08000000000004
2010-08-19 09:16:00,559.88
2010-08-19 09:30:00,450.0
2010-08-19 09:41:00,186.3
2010-08-19 09:43:00,790.98
2010-08-19 10:07:00,158.78
2010-08-19 10:11:00,6785.24
2010-08-19 10:13:00,308.5
2010-08-19 10:58:00,671.25
2010-08-19 11:18:00,307.46
2010-08-19 11:32:00,282.97
2010-08-19 11:45:00,176.3
2010-08-19 11:48:00,299.41
2010-08-19 12:16:00,316.6
2010-08-19 12:18:00,76.5
2010-08-19 12:23:00,1119.6399999999999
2010-08-19 12:30:00,111.11
2010-08-19 12:35:00,149.76
2010-08-19 12:38:00,195.51
2010-08-19 12:46:00,20.85
2010-08-19 12:48:00,730.53
2010-08-19 12:50:00,52.05
2010-08-19 13:04:00,1076.22
2010-08-19 13:06:00,377.9
2010-08-19 13:32:00,217.05
2010-08-19 13:48:00,585.25
2010-08-19 14:07:00,423.16
2010-08-19 14:11:00,712.98
2010-08-19 14:12:00,43.68
2010-08-19 14:13:00,224.6
2010-08-19 14:15:00,70.80000000000001
2010-08-19 14:22:00,314.65
2010-08-19 14:24:00,15.8
2010-08-19 14:34:00,120.05
2010-08-19 14:44:00,314.4
2010-08-19 14:48:00,56.0
2010-08-19 14:49:00,833.5
2010-08-19 14:52:00,612.0
2010-08-19 15:13:00,148.95
2010-08-19 15:28:00,156.86
2010-08-19 15:36:00,867.0
2010-08-19 15:45:00,2047.28
2010-08-19 16:05:00,301.6
2010-08-19 16:15:00,367.15999999999997
2010-08-19 16:16:00,549.0
2010-08-19 16:18:00,23.7
2010-08-19 16:19:00,363.65999999999997
2010-08-19 16:25:00,8.899999999999999
2010-08-19 16:28:00,129.54
2010-08-19 16:53:00,1838.3200000000002
2010-08-19 17:04:00,160.77
2010-08-19 17:06:00,345.0
2010-08-19 17:42:00,321.6
2010-08-19 17:46:00,193.65
2010-08-19 18:07:00,219.49
2010-08-19 18:13:00,318.36
2010-08-19 19:03:00,273.85
2010-08-19 19:39:00,252.97
2010-08-19 19:40:00,37.3
2010-08-19 19:50:00,260.22
2010-08-19 20:00:00,74.4
2010-08-19 20:01:00,23.6
2010-08-20 08:21:00,385.70000000000005
2010-08-20 09:01:00,300.87
2010-08-20 09:23:00,152.4
2010-08-20 09:39:00,259.3
2010-08-20 10:40:00,210.6
2010-08-20 10:44:00,331.62
2010-08-20 10:57:00,303.15
2010-08-20 11:14:00,477.26
2010-08-20 11:23:00,40.8
2010-08-20 11:45:00,223.86
2010-08-20 11:55:00,333.2
2010-08-20 11:57:00,833.48
2010-08-20 12:00:00,119.12
2010-08-20 12:01:00,126.05000000000001
2010-08-20 12:02:00,548.0
2010-08-20 12:17:00,310.2
2010-08-20 12:18:00,111.00000000000001
2010-08-20 12:20:00,1043.15
2010-08-20 12:26:00,1851.02
2010-08-20 12:27:00,361.86
2010-08-20 12:28:00,3101.89
2010-08-20 12:31:00,276.08
2010-08-20 12:45:00,177.45
2010-08-20 12:50:00,192.0
2010-08-20 12:53:00,902.8199999999999
2010-08-20 12:55:00,495.0
2010-08-20 12:59:00,244.8
2010-08-20 13:08:00,286.38
2010-08-20 13:09:00,301.53
2010-08-20 13:10:00,711.18
2010-08-20 13:41:00,2560.4
2010-08-20 13:45:00,664.84
2010-08-20 13:59:00,60.65
2010-08-20 14:07:00,648.64
2010-08-20 14:13:00,467.47
2010-08-20 14:14:00,359.38
2010-08-20 14:17:00,137.8
2010-08-20 14:33:00,136.32
2010-08-20 14:43:00,219.0
2010-08-20 14:47:00,235.95
2010-08-20 14:50:00,112.57
2010-08-20 14:53:00,765.78
2010-08-20 14:54:00,17.85
2010-08-20 15:03:00,243.2
2010-08-20 15:14:00,217.64999999999998
2010-08-20 15:19:00,88.80000000000001
2010-08-20 15:20:00,522.0
2010-08-20 15:21:00,8.5
2010-08-20 15:32:00,175.62
2010-08-20 15:58:00,128.6
2010-08-20 16:05:00,127.5
2010-08-20 17:15:00,340.48
2010-08-22 10:21:00,113.08
2010-08-22 10:27:00,307.7
2010-08-22 10:33:00,908.8000000000001
2010-08-22 10:40:00,548.56
2010-08-22 10:57:00,108.91
2010-08-22 11:06:00,137.45000000000002
2010-08-22 11:27:00,115.01
2010-08-22 11:28:00,780.39
2010-08-22 11:45:00,264.16
2010-08-22 11:47:00,312.75
2010-08-22 11:48:00,70.2
2010-08-22 11:53:00,321.65000000000003
2010-08-22 11:57:00,88.35
2010-08-22 12:03:00,1032.29
2010-08-22 12:12:00,408.99
2010-08-22 12:34:00,111.67999999999999
2010-08-22 12:45:00,364.86
2010-08-22 12:52:00,436.23
2010-08-22 12:55:00,545.41
2010-08-22 13:07:00,208.51
2010-08-22 13:08:00,315.71000000000004
2010-08-22 13:09:00,325.31
2010-08-22 13:10:00,321.71000000000004
2010-08-22 13:11:00,148.42000000000002
2010-08-22 13:12:00,214.1
2010-08-22 13:14:00,252.74
2010-08-22 13:22:00,1165.14
2010-08-22 13:26:00,170.0
2010-08-22 13:28:00,590.65
2010-08-22 13:36:00,1117.74
2010-08-22 13:37:00,19.5
2010-08-22 13:40:00,281.19
2010-08-22 13:41:00,663.38
2010-08-22 13:45:00,533.64
2010-08-22 13:46:00,1193.1200000000001
2010-08-22 13:47:00,46.8
2010-08-22 13:54:00,166.0
2010-08-22 13:58:00,1650.24
2010-08-22 13:59:00,405.4
2010-08-22 14:00:00,66.4
2010-08-22 14:01:00,441.40000000000003
2010-08-22 14:31:00,394.95
2010-08-22 14:35:00,380.13
2010-08-22 14:54:00,742.03
2010-08-22 14:55:00,45.6
2010-08-22 14:56:00,225.0
2010-08-22 14:57:00,93.4
2010-08-22 15:00:00,472.93
2010-08-22 15:06:00,126.4
2010-08-22 15:12:00,303.76
2010-08-22 15:20:00,660.0
2010-08-22 15:39:00,392.55
2010-08-22 15:48:00,325.4
2010-08-22 15:57:00,279.5
2010-08-22 16:05:00,245.21
2010-08-22 16:07:00,512.52
2010-08-22 16:08:00,168.81
2010-08-22 16:19:00,35.25
2010-08-23 08:08:00,721.71
2010-08-23 08:44:00,495.56
2010-08-23 09:23:00,584.0
2010-08-23 09:48:00,760.1
2010-08-23 09:57:00,7.56
2010-08-23 10:12:00,494.37
2010-08-23 10:24:00,192.05
2010-08-23 10:25:00,17.0
2010-08-23 10:38:00,570.92
2010-08-23 10:41:00,148.27
2010-08-23 10:43:00,42.4
2010-08-23 11:17:00,150.0
2010-08-23 11:22:00,398.26
2010-08-23 11:30:00,682.07
2010-08-23 11:31:00,56.45
2010-08-23 11:43:00,284.40000000000003
2010-08-23 11:58:00,536.41
2010-08-23 12:01:00,330.79
2010-08-23 12:06:00,123.5
2010-08-23 12:12:00,1720.24
2010-08-23 12:27:00,303.31
2010-08-23 12:56:00,377.12
2010-08-23 13:31:00,128.35
2010-08-23 13:49:00,379.93
2010-08-23 13:53:00,409.25
2010-08-23 14:12:00,2484.16
2010-08-23 14:14:00,160.6
2010-08-23 14:24:00,149.91
2010-08-23 14:35:00,384.85
2010-08-23 14:38:00,257.04
2010-08-23 14:41:00,180.33
2010-08-23 14:52:00,374.85
2010-08-23 14:58:00,303.78000000000003
2010-08-23 14:59:00,334.0
2010-08-23 15:03:00,431.58
2010-08-23 15:04:00,67.08
2010-08-23 15:27:00,616.64
2010-08-23 15:44:00,171.32999999999998
2010-08-23 16:01:00,577.17
2010-08-23 16:02:00,2815.29
2010-08-23 16:11:00,219.23999999999998
2010-08-23 16:12:00,195.58
2010-08-23 16:19:00,568.5
2010-08-23 16:37:00,449.4
2010-08-24 08:21:00,657.1
2010-08-24 08:24:00,371.16
2010-08-24 09:12:00,552.78
2010-08-24 09:28:00,578.8199999999999
2010-08-24 09:31:00,436.32
2010-08-24 09:44:00,866.8000000000001
2010-08-24 09:49:00,704.0
2010-08-24 09:53:00,139.8
2010-08-24 09:55:00,320.0
2010-08-24 10:18:00,151.31
2010-08-24 10:39:00,241.3
2010-08-24 10:41:00,2023.64
2010-08-24 10:45:00,405.15
2010-08-24 10:48:00,341.39000000000004
2010-08-24 11:21:00,300.01
2010-08-24 11:37:00,694.6
2010-08-24 11:38:00,51.0
2010-08-24 11:41:00,303.25
2010-08-24 11:52:00,401.2
2010-08-24 11:57:00,316.76
2010-08-24 12:03:00,204.15
2010-08-24 12:44:00,403.2
2010-08-24 12:55:00,552.5699999999999
2010-08-24 13:01:00,1191.23
2010-08-24 13:03:00,161.28
2010-08-24 13:16:00,1387.1999999999998
2010-08-24 13:18:00,304.8
2010-08-24 13:20:00,2982.82
2010-08-24 13:24:00,285.25
2010-08-24 13:28:00,676.5799999999999
2010-08-24 13:46:00,1037.86
2010-08-24 13:51:00,294.0
2010-08-24 13:59:00,576.4300000000001
2010-08-24 14:01:00,394.92
2010-08-24 14:02:00,469.5
2010-08-24 14:19:00,183.3
2010-08-24 14:20:00,190.59
2010-08-24 14:23:00,327.92
2010-08-24 14:26:00,84.51
2010-08-24 14:29:00,310.86
2010-08-24 14:31:00,324.86
2010-08-24 14:45:00,186.0
2010-08-24 14:46:00,658.62
2010-08-24 14:56:00,633.25
2010-08-24 14:57:00,14.0
2010-08-24 14:59:00,295.25
2010-08-24 15:14:00,365.08
2010-08-24 15:15:00,302.90000000000003
2010-08-24 15:37:00,81.12
2010-08-24 16:02:00,15.0
2010-08-24 16:08:00,458.2
2010-08-24 16:12:00,25.200000000000003
2010-08-24 16:14:00,226.68
2010-08-24 17:14:00,130.4
2010-08-24 17:21:00,371.34000000000003
2010-08-24 17:31:00,613.9
2010-08-25 07:46:00,3963.76
2010-08-25 09:33:00,276.43
2010-08-25 09:34:00,32.7
2010-08-25 09:37:00,319.21999999999997
2010-08-25 09:39:00,378.58
2010-08-25 09:44:00,849.6800000000001
2010-08-25 09:56:00,1311.9
2010-08-25 09:57:00,17.700000000000003
2010-08-25 10:08:00,289.71
2010-08-25 10:16:00,126.00000000000001
2010-08-25 10:22:00,1038.26
2010-08-25 10:25:00,302.56
2010-08-25 10:41:00,137.7
2010-08-25 11:07:00,751.55
2010-08-25 11:34:00,484.35
2010-08-25 11:40:00,1092.72
2010-08-25 11:41:00,102.0
2010-08-25 11:47:00,389.64
2010-08-25 11:52:00,123.72
2010-08-25 11:58:00,192.5
2010-08-25 12:12:00,311.96
2010-08-25 12:16:00,414.32
2010-08-25 12:18:00,330.49
2010-08-25 12:20:00,164.23000000000002
2010-08-25 12:31:00,610.74
2010-08-25 12:39:00,1230.3600000000001
2010-08-25 12:42:00,908.16
2010-08-25 12:43:00,460.45000000000005
2010-08-25 12:55:00,368.93
2010-08-25 13:02:00,408.0
2010-08-25 13:03:00,362.88
2010-08-25 13:05:00,998.86
2010-08-25 13:08:00,420.96000000000004
2010-08-25 13:10:00,420.3
2010-08-25 13:22:00,458.67
2010-08-25 13:27:00,486.31
2010-08-25 13:28:00,380.1
2010-08-25 13:29:00,398.89000000000004
2010-08-25 13:31:00,167.4
2010-08-25 13:33:00,7.95
2010-08-25 13:34:00,135.3
2010-08-25 13:36:00,439.78
2010-08-25 13:44:00,223.28
2010-08-25 13:46:00,228.23
2010-08-25 14:18:00,201.07
2010-08-25 14:34:00,158.28
2010-08-25 14:35:00,544.74
2010-08-25 14:38:00,110.65
2010-08-25 14:45:00,394.25
2010-08-25 14:46:00,15.0
2010-08-25 14:53:00,698.57
2010-08-25 14:55:00,390.55
2010-08-25 14:58:00,303.7
2010-08-25 15:15:00,215.9
2010-08-25 15:24:00,510.06
2010-08-25 15:31:00,477.63
2010-08-25 15:40:00,750.9
2010-08-25 15:58:00,192.15
2010-08-25 16:11:00,340.63
2010-08-25 16:58:00,178.13
2010-08-25 17:06:00,1702.3
2010-08-25 17:27:00,765.02
2010-08-26 09:23:00,3846.98
2010-08-26 09:31:00,201.5
2010-08-26 09:34:00,517.04
2010-08-26 09:35:00,69.15
2010-08-26 09:42:00,308.04
2010-08-26 09:52:00,312.5
2010-08-26 09:53:00,25.200000000000003
2010-08-26 09:56:00,196.5
2010-08-26 10:28:00,19.8
2010-08-26 10:31:00,326.58
2010-08-26 10:40:00,222.95000000000002
2010-08-26 10:45:00,354.85
2010-08-26 10:57:00,288.61
2010-08-26 11:13:00,1051.88
2010-08-26 11:43:00,868.14
2010-08-26 11:54:00,10.0
2010-08-26 12:03:00,75.60000000000001
2010-08-26 12:09:00,699.8
2010-08-26 12:10:00,794.21
2010-08-26 12:17:00,350.75
2010-08-26 12:38:00,404.66
2010-08-26 12:40:00,1300.0
2010-08-26 12:43:00,2901.0
2010-08-26 12:51:00,448.2
2010-08-26 12:52:00,426.93
2010-08-26 12:56:00,321.44
2010-08-26 13:00:00,784.5200000000001
2010-08-26 13:09:00,123.08
2010-08-26 13:20:00,225.35
2010-08-26 13:22:00,1573.5
2010-08-26 13:23:00,483.49
2010-08-26 13:26:00,210.47000000000003
2010-08-26 13:40:00,227.58
2010-08-26 13:42:00,359.39
2010-08-26 13:52:00,485.15
2010-08-26 13:55:00,805.88
2010-08-26 14:02:00,197.0
2010-08-26 14:11:00,180.92000000000002
2010-08-26 14:12:00,46.45
2010-08-26 14:13:00,529.2
2010-08-26 14:20:00,4.2
2010-08-26 14:25:00,57.55
2010-08-26 14:29:00,358.49
2010-08-26 14:45:00,993.0500000000001
2010-08-26 14:53:00,25.0
2010-08-26 15:03:00,164.78
2010-08-26 15:27:00,239.94
2010-08-26 15:39:00,233.21
2010-08-26 15:42:00,459.08
2010-08-26 15:44:00,527.4399999999999
2010-08-26 15:47:00,314.74
2010-08-26 15:54:00,305.2
2010-08-26 16:00:00,1184.13
2010-08-26 16:25:00,434.45
2010-08-26 16:36:00,611.02
2010-08-26 16:42:00,326.4
2010-08-26 16:43:00,120.9
2010-08-26 16:44:00,17.700000000000003
2010-08-26 16:46:00,671.38
2010-08-26 17:11:00,146.65
2010-08-26 17:19:00,177.61
2010-08-26 17:53:00,284.5
2010-08-26 17:56:00,135.79
2010-08-26 18:32:00,1022.6600000000001
2010-08-26 19:57:00,248.45
2010-08-26 20:07:00,325.73
2010-08-27 09:35:00,385.3
2010-08-27 10:05:00,60.6
2010-08-27 10:23:00,14.85
2010-08-27 10:38:00,327.53000000000003
2010-08-27 10:40:00,494.88
2010-08-27 10:43:00,303.0
2010-08-27 11:50:00,204.82
2010-08-27 11:55:00,306.9
2010-08-27 11:57:00,357.11
2010-08-27 12:02:00,310.6
2010-08-27 12:04:00,138.7
2010-08-27 12:18:00,230.27
2010-08-27 12:32:00,453.06
2010-08-27 12:50:00,2561.28
2010-08-27 12:56:00,135.39
2010-08-27 13:05:00,523.58
2010-08-27 13:23:00,381.77
2010-08-27 13:53:00,450.16
2010-08-27 14:01:00,231.42000000000002
2010-08-27 14:09:00,211.82999999999998
2010-08-27 14:13:00,132.34
2010-08-27 14:20:00,67.5
2010-08-27 14:23:00,657.6800000000001
2010-08-27 14:33:00,309.02000000000004
2010-08-27 14:41:00,261.82
2010-08-27 14:52:00,243.36
2010-08-27 15:12:00,332.4
2010-08-27 15:14:00,1868.56
2010-08-27 15:38:00,184.23000000000002
2010-08-27 15:47:00,11.7
2010-08-27 16:10:00,14.98
2010-08-29 10:16:00,301.53000000000003
2010-08-29 10:38:00,382.14
2010-08-29 10:42:00,118.0
2010-08-29 10:45:00,303.66
2010-08-29 11:03:00,866.34
2010-08-29 11:15:00,645.77
2010-08-29 11:23:00,175.5
2010-08-29 11:31:00,339.88
2010-08-29 11:38:00,261.65
2010-08-29 11:42:00,171.62
2010-08-29 11:47:00,359.65999999999997
2010-08-29 12:05:00,311.40000000000003
2010-08-29 12:07:00,307.95
2010-08-29 12:31:00,167.16
2010-08-29 12:43:00,1963.53
2010-08-29 12:53:00,469.3
2010-08-29 13:11:00,304.95
2010-08-29 13:35:00,165.0
2010-08-29 13:48:00,310.2
2010-08-29 13:49:00,1640.42
2010-08-29 13:58:00,441.12
2010-08-29 14:03:00,19.95
2010-08-29 14:13:00,941.8
2010-08-29 14:20:00,263.14
2010-08-29 14:30:00,117.31
2010-08-29 14:36:00,561.58
2010-08-29 14:44:00,196.34
2010-08-29 14:48:00,71.6
2010-08-29 15:07:00,199.9
2010-08-29 15:43:00,219.18
2010-08-29 15:45:00,361.84000000000003
2010-08-29 15:47:00,577.64
2010-08-29 15:51:00,104.16
2010-08-29 15:54:00,609.24
2010-08-29 15:57:00,27.69
2010-08-29 16:01:00,171.15
2010-08-31 08:16:00,581.01
2010-08-31 08:43:00,36.48
2010-08-31 09:31:00,3136.68
2010-08-31 09:36:00,386.74
2010-08-31 10:11:00,241.2
2010-08-31 10:12:00,20.16
2010-08-31 10:47:00,1125.57
2010-08-31 10:52:00,837.07
2010-08-31 11:04:00,1868.56
2010-08-31 11:14:00,1334.78
2010-08-31 11:40:00,132.31
2010-08-31 11:53:00,592.4300000000001
2010-08-31 11:55:00,31.200000000000003
2010-08-31 11:58:00,147.09
2010-08-31 12:05:00,80.4
2010-08-31 12:06:00,102.0
2010-08-31 12:35:00,280.7
2010-08-31 12:37:00,434.12
2010-08-31 12:48:00,312.14
2010-08-31 12:52:00,360.8
2010-08-31 12:57:00,301.65
2010-08-31 12:59:00,307.18
2010-08-31 13:18:00,25.2
2010-08-31 13:22:00,74.72
2010-08-31 13:26:00,228.63
2010-08-31 13:41:00,282.05
2010-08-31 13:42:00,139.23
2010-08-31 13:51:00,148.6
2010-08-31 13:57:00,955.4300000000001
2010-08-31 14:23:00,216.05
2010-08-31 14:40:00,294.84
2010-08-31 14:50:00,686.37
2010-08-31 14:54:00,1136.84
2010-08-31 15:03:00,404.35
2010-08-31 15:06:00,874.89
2010-08-31 15:17:00,682.8199999999999
2010-08-31 15:21:00,99.0
2010-08-31 15:28:00,264.29
2010-08-31 15:37:00,1339.6
2010-08-31 15:46:00,459.03000000000003
2010-08-31 15:47:00,15.0
2010-08-31 15:51:00,111.9
2010-08-31 16:02:00,310.6
2010-08-31 16:11:00,179.88
2010-08-31 16:21:00,408.75
2010-08-31 16:22:00,15.9
2010-08-31 17:25:00,152.02
2010-08-31 17:31:00,438.84000000000003
2010-08-31 17:37:00,27.6
2010-08-31 17:39:00,189.05
2010-09-01 09:25:00,277.93
2010-09-01 09:26:00,169.05
2010-09-01 09:31:00,433.37
2010-09-01 09:33:00,48.6
2010-09-01 10:11:00,204.4
2010-09-01 10:13:00,373.75
2010-09-01 10:15:00,114.35
2010-09-01 10:30:00,3271.98
2010-09-01 10:47:00,757.95
2010-09-01 11:05:00,5827.84
2010-09-01 11:22:00,390.35
2010-09-01 11:23:00,528.94
2010-09-01 11:43:00,123.6
2010-09-01 11:49:00,84.00000000000001
2010-09-01 11:52:00,92.4
2010-09-01 12:00:00,309.82
2010-09-01 12:11:00,270.79
2010-09-01 12:20:00,590.65
2010-09-01 12:21:00,871.88
2010-09-01 12:38:00,382.99
2010-09-01 12:45:00,493.25
2010-09-01 12:51:00,139.8
2010-09-01 13:06:00,639.01
2010-09-01 13:12:00,1362.9
2010-09-01 13:21:00,113.88
2010-09-01 13:39:00,186.15
2010-09-01 13:44:00,176.9
2010-09-01 13:57:00,302.75
2010-09-01 13:58:00,54.08
2010-09-01 13:59:00,97.5
2010-09-01 14:20:00,343.42
2010-09-01 14:37:00,144.67
2010-09-01 14:52:00,15.6
2010-09-01 14:55:00,285.76
2010-09-01 15:08:00,309.8
2010-09-01 15:32:00,224.39999999999998
2010-09-01 15:49:00,138.45
2010-09-01 17:15:00,198.4
2010-09-02 08:06:00,232.0
2010-09-02 08:08:00,152.64
2010-09-02 08:42:00,401.12
2010-09-02 08:57:00,714.06
2010-09-02 09:04:00,547.09
2010-09-02 09:14:00,1154.75
2010-09-02 09:27:00,103.0
2010-09-02 09:41:00,330.06
2010-09-02 10:04:00,347.38
2010-09-02 10:18:00,235.44
2010-09-02 10:25:00,202.1
2010-09-02 10:37:00,1055.75
2010-09-02 10:43:00,162.0
2010-09-02 10:47:00,5023.92
2010-09-02 11:28:00,283.05
2010-09-02 11:30:00,783.84
2010-09-02 11:34:00,360.59999999999997
2010-09-02 11:37:00,330.46
2010-09-02 11:45:00,506.35
2010-09-02 11:54:00,300.78000000000003
2010-09-02 12:04:00,47.25
2010-09-02 12:08:00,340.65
2010-09-02 12:12:00,6.75
2010-09-02 12:16:00,1231.15
2010-09-02 12:22:00,245.5
2010-09-02 12:26:00,30.6
2010-09-02 12:35:00,322.68
2010-09-02 12:36:00,391.25
2010-09-02 12:44:00,231.85
2010-09-02 12:53:00,196.27
2010-09-02 13:27:00,433.73
2010-09-02 13:29:00,449.68
2010-09-02 13:33:00,743.62
2010-09-02 13:36:00,35.400000000000006
2010-09-02 13:38:00,229.65
2010-09-02 13:40:00,15.0
2010-09-02 13:42:00,130.0
2010-09-02 13:46:00,25.5
2010-09-02 13:47:00,130.0
2010-09-02 13:57:00,364.25
2010-09-02 14:12:00,406.92
2010-09-02 14:21:00,130.20000000000002
2010-09-02 14:22:00,861.3
2010-09-02 14:25:00,291.13
2010-09-02 14:46:00,140.99
2010-09-02 14:52:00,255.12
2010-09-02 15:04:00,226.28
2010-09-02 15:05:00,477.85
2010-09-02 15:09:00,515.4
2010-09-02 15:35:00,1389.31
2010-09-02 15:37:00,245.3
2010-09-02 15:38:00,93.78
2010-09-02 15:50:00,34.849999999999994
2010-09-02 15:51:00,288.38
2010-09-02 15:52:00,35.7
2010-09-02 15:58:00,146.6
2010-09-02 16:00:00,89.46
2010-09-02 16:01:00,362.85
2010-09-02 16:07:00,330.0
2010-09-02 16:14:00,2578.14
2010-09-02 16:19:00,330.0
2010-09-02 16:20:00,660.0
2010-09-02 16:33:00,303.89
2010-09-02 16:39:00,104.10000000000001
2010-09-02 16:40:00,56.7
2010-09-02 16:47:00,436.13
2010-09-02 16:55:00,345.42
2010-09-02 17:04:00,75.89999999999999
2010-09-02 17:17:00,214.44
2010-09-02 17:19:00,145.1
2010-09-02 17:28:00,71.95
2010-09-02 17:36:00,115.45
2010-09-02 17:45:00,630.48
2010-09-02 18:04:00,127.0
2010-09-02 18:13:00,400.65
2010-09-02 18:22:00,514.15
2010-09-02 18:24:00,108.58
2010-09-02 18:32:00,465.78000000000003
2010-09-02 19:17:00,262.6
2010-09-02 19:18:00,76.32000000000001
2010-09-02 19:19:00,259.20000000000005
2010-09-03 09:14:00,342.09000000000003
2010-09-03 09:27:00,607.74
2010-09-03 09:31:00,147.96
2010-09-03 09:51:00,671.96
2010-09-03 10:13:00,1565.52
2010-09-03 10:24:00,189.65
2010-09-03 10:31:00,249.60000000000002
2010-09-03 10:39:00,273.4
2010-09-03 10:43:00,189.3
2010-09-03 10:48:00,1260.0
2010-09-03 10:49:00,176.81
2010-09-03 10:50:00,57.25
2010-09-03 10:52:00,39.95
2010-09-03 11:23:00,1723.08
2010-09-03 11:25:00,958.8799999999999
2010-09-03 11:26:00,405.6
2010-09-03 11:30:00,136.5
2010-09-03 11:31:00,804.6
2010-09-03 11:39:00,1016.49
2010-09-03 11:41:00,53.1
2010-09-03 11:42:00,320.78000000000003
2010-09-03 11:49:00,463.7
2010-09-03 11:54:00,195.0
2010-09-03 11:55:00,1980.0
2010-09-03 11:59:00,788.4
2010-09-03 12:01:00,5293.92
2010-09-03 12:04:00,479.4
2010-09-03 12:06:00,2003.08
2010-09-03 12:08:00,404.29999999999995
2010-09-03 12:21:00,123.75
2010-09-03 12:22:00,1185.0
2010-09-03 12:23:00,200.4
2010-09-03 12:33:00,318.65
2010-09-03 12:44:00,493.86
2010-09-03 12:52:00,3752.4
2010-09-03 13:06:00,54.2
2010-09-03 13:11:00,290.69
2010-09-03 13:13:00,634.35
2010-09-03 13:18:00,577.08
2010-09-03 13:45:00,638.09
2010-09-03 14:02:00,136.31
2010-09-03 14:22:00,317.41
2010-09-03 14:28:00,532.9
2010-09-03 14:39:00,5.85
2010-09-03 14:40:00,676.22
2010-09-03 14:41:00,168.23
2010-09-03 15:19:00,114.0
2010-09-03 15:47:00,184.8
2010-09-03 16:12:00,17.4
2010-09-03 17:15:00,148.71
2010-09-03 17:23:00,1240.8
2010-09-03 17:24:00,130.0
2010-09-05 10:06:00,655.0
2010-09-05 10:31:00,311.88
2010-09-05 10:44:00,1094.0900000000001
2010-09-05 10:54:00,222.36
2010-09-05 11:04:00,306.36
2010-09-05 11:13:00,254.0
2010-09-05 11:14:00,233.52
2010-09-05 11:16:00,78.9
2010-09-05 11:33:00,120.0
2010-09-05 11:42:00,127.05
2010-09-05 11:47:00,170.3
2010-09-05 11:57:00,156.5
2010-09-05 11:58:00,619.14
2010-09-05 11:59:00,618.04
2010-09-05 12:01:00,186.0
2010-09-05 12:05:00,203.56
2010-09-05 12:22:00,138.15
2010-09-05 12:31:00,219.7
2010-09-05 12:33:00,427.32
2010-09-05 12:44:00,222.47
2010-09-05 12:52:00,510.96
2010-09-05 12:55:00,340.6
2010-09-05 13:07:00,177.8
2010-09-05 13:08:00,475.58000000000004
2010-09-05 13:41:00,195.0
2010-09-05 14:01:00,525.83
2010-09-05 14:03:00,678.47
2010-09-05 14:13:00,376.92
2010-09-05 14:40:00,530.57
2010-09-05 15:27:00,1071.91
2010-09-05 15:32:00,158.02
2010-09-05 15:47:00,135.17000000000002
2010-09-05 16:01:00,80.23
2010-09-05 16:02:00,270.84
2010-09-05 16:10:00,394.47
2010-09-06 09:32:00,230.4
2010-09-06 09:53:00,1188.0
2010-09-06 10:10:00,468.0
2010-09-06 10:15:00,239.3
2010-09-06 10:19:00,2382.92
2010-09-06 10:24:00,162.60000000000002
2010-09-06 10:37:00,231.76
2010-09-06 10:42:00,979.0
2010-09-06 11:07:00,39.79
2010-09-06 11:21:00,434.02
2010-09-06 11:22:00,2204.76
2010-09-06 11:28:00,114.4
2010-09-06 11:32:00,750.9
2010-09-06 11:33:00,247.65
2010-09-06 11:49:00,230.51
2010-09-06 11:57:00,356.3
2010-09-06 12:04:00,654.45
2010-09-06 12:09:00,1238.85
2010-09-06 12:16:00,349.75
2010-09-06 12:37:00,214.5
2010-09-06 12:43:00,621.51
2010-09-06 12:55:00,349.06
2010-09-06 13:02:00,1095.95
2010-09-06 13:14:00,168.6
2010-09-06 13:20:00,589.12
2010-09-06 13:26:00,1527.41
2010-09-06 14:04:00,418.39
2010-09-06 14:05:00,457.3
2010-09-06 14:10:00,304.14
2010-09-06 14:27:00,781.22
2010-09-06 14:33:00,140.87
2010-09-06 14:36:00,395.59
2010-09-06 14:37:00,39.3
2010-09-06 14:38:00,5.8
2010-09-06 14:40:00,5.8
2010-09-06 14:46:00,219.75
2010-09-06 14:54:00,152.95000000000002
2010-09-06 14:58:00,347.49
2010-09-06 15:12:00,1410.46
2010-09-06 15:28:00,374.5
2010-09-06 15:30:00,90.65
2010-09-06 15:31:00,14.85
2010-09-06 15:55:00,559.3
2010-09-06 16:16:00,377.25
2010-09-06 17:13:00,552.67
2010-09-07 09:31:00,420.95
2010-09-07 09:35:00,129.87
2010-09-07 10:17:00,621.6
2010-09-07 10:19:00,125.66
2010-09-07 10:20:00,256.5
2010-09-07 10:26:00,428.7
2010-09-07 10:43:00,127.2
2010-09-07 10:54:00,4144.54
2010-09-07 10:56:00,1226.8
2010-09-07 10:59:00,2403.1
2010-09-07 11:40:00,268.31
2010-09-07 11:43:00,461.63
2010-09-07 11:55:00,408.53000000000003
2010-09-07 12:00:00,411.12
2010-09-07 12:18:00,252.0
2010-09-07 12:20:00,575.1
2010-09-07 12:30:00,796.86
2010-09-07 12:34:00,377.47
2010-09-07 12:35:00,111.0
2010-09-07 12:38:00,213.69
2010-09-07 12:53:00,1166.99
2010-09-07 13:04:00,812.13
2010-09-07 13:12:00,920.7
2010-09-07 13:25:00,93.95
2010-09-07 13:26:00,7.95
2010-09-07 13:28:00,353.65
2010-09-07 13:36:00,385.6
2010-09-07 13:41:00,15.0
2010-09-07 13:42:00,165.87
2010-09-07 13:50:00,355.51
2010-09-07 13:52:00,171.38
2010-09-07 13:58:00,104.6
2010-09-07 14:04:00,232.23
2010-09-07 14:08:00,195.15
2010-09-07 14:16:00,122.56
2010-09-07 14:21:00,256.99
2010-09-07 14:31:00,261.55
2010-09-07 14:46:00,564.47
2010-09-07 14:54:00,189.85
2010-09-07 15:01:00,744.37
2010-09-07 15:09:00,203.33999999999997
2010-09-07 15:20:00,540.52
2010-09-07 15:30:00,165.0
2010-09-07 15:31:00,68.0
2010-09-07 15:46:00,119.03999999999999
2010-09-07 16:21:00,145.47
2010-09-07 16:23:00,519.1
2010-09-07 16:45:00,135.85
2010-09-07 17:03:00,1620.0
2010-09-08 08:18:00,1374.46
2010-09-08 09:23:00,701.7
2010-09-08 10:00:00,258.6
2010-09-08 10:06:00,192.58
2010-09-08 10:09:00,104.05000000000001
2010-09-08 10:27:00,135.4
2010-09-08 10:43:00,312.24
2010-09-08 10:54:00,430.27000000000004
2010-09-08 11:29:00,368.7
2010-09-08 11:33:00,148.65
2010-09-08 11:35:00,519.45
2010-09-08 11:40:00,68.4
2010-09-08 11:54:00,620.48
2010-09-08 11:56:00,604.53
2010-09-08 12:06:00,441.72
2010-09-08 12:17:00,25.0
2010-09-08 12:24:00,539.7
2010-09-08 12:33:00,941.8
2010-09-08 12:38:00,210.68
2010-09-08 12:42:00,198.7
2010-09-08 12:44:00,76.32000000000001
2010-09-08 12:46:00,108.16
2010-09-08 12:47:00,325.72
2010-09-08 12:49:00,134.70000000000002
2010-09-08 12:52:00,229.73
2010-09-08 13:09:00,281.02
2010-09-08 13:30:00,276.94
2010-09-08 13:43:00,97.94
2010-09-08 13:46:00,256.42
2010-09-08 13:52:00,185.65
2010-09-08 13:57:00,127.33
2010-09-08 14:14:00,874.29
2010-09-08 14:16:00,316.0
2010-09-08 14:17:00,498.40000000000003
2010-09-08 14:32:00,259.15
2010-09-08 14:33:00,15.0
2010-09-08 14:45:00,192.35
2010-09-08 14:57:00,402.37
2010-09-08 15:00:00,15.0
2010-09-08 15:06:00,946.1800000000001
2010-09-08 15:28:00,429.51
2010-09-08 15:30:00,483.94
2010-09-08 15:38:00,352.53000000000003
2010-09-08 16:17:00,138.32
2010-09-08 16:29:00,209.24
2010-09-08 17:23:00,745.9
2010-09-09 10:37:00,1948.74
2010-09-09 10:44:00,737.3
2010-09-09 10:50:00,731.33
2010-09-09 11:00:00,283.9
2010-09-09 11:02:00,750.82
2010-09-09 11:04:00,380.40000000000003
2010-09-09 11:12:00,316.43
2010-09-09 11:20:00,276.95
2010-09-09 11:43:00,1895.0
2010-09-09 11:59:00,182.4
2010-09-09 12:04:00,345.40000000000003
2010-09-09 12:06:00,17.700000000000003
2010-09-09 12:14:00,316.51
2010-09-09 12:19:00,400.35
2010-09-09 12:22:00,240.57
2010-09-09 12:24:00,192.28
2010-09-09 12:29:00,288.0
2010-09-09 12:34:00,261.0
2010-09-09 12:35:00,4.4
2010-09-09 12:37:00,354.88
2010-09-09 12:43:00,212.4
2010-09-09 12:58:00,264.0
2010-09-09 13:02:00,70.80000000000001
2010-09-09 13:09:00,319.94
2010-09-09 13:20:00,270.0
2010-09-09 13:23:00,382.84
2010-09-09 13:31:00,155.91
2010-09-09 13:51:00,641.0500000000001
2010-09-09 13:52:00,258.95
2010-09-09 13:53:00,311.52
2010-09-09 14:25:00,206.15
2010-09-09 14:48:00,1095.37
2010-09-09 14:49:00,371.06
2010-09-09 14:50:00,271.46
2010-09-09 15:08:00,134.0
2010-09-09 15:14:00,202.14000000000001
2010-09-09 15:22:00,186.82
2010-09-09 15:28:00,725.7
2010-09-09 15:44:00,137.02
2010-09-09 15:57:00,306.89
2010-09-09 16:11:00,318.14
2010-09-09 16:31:00,199.85
2010-09-09 16:50:00,202.83
2010-09-09 16:54:00,447.05
2010-09-09 17:04:00,715.24
2010-09-09 17:07:00,53.81999999999999
2010-09-09 17:16:00,1546.23
2010-09-09 17:19:00,223.8
2010-09-09 17:27:00,8.5
2010-09-09 17:37:00,259.31
2010-09-09 17:40:00,129.75
2010-09-09 17:46:00,282.59
2010-09-09 18:00:00,186.56
2010-09-09 18:14:00,251.32
2010-09-09 18:56:00,120.44
2010-09-09 19:03:00,298.1
2010-09-09 19:23:00,270.15
2010-09-09 19:36:00,310.05
2010-09-09 19:46:00,483.49
2010-09-09 19:56:00,311.71
2010-09-09 20:00:00,445.15
2010-09-09 20:03:00,13.919999999999998
2010-09-10 08:50:00,347.8
2010-09-10 09:03:00,369.51
2010-09-10 09:08:00,20.4
2010-09-10 09:49:00,979.2
2010-09-10 10:09:00,301.42
2010-09-10 10:26:00,305.41
2010-09-10 10:27:00,303.35
2010-09-10 10:34:00,309.3
2010-09-10 10:36:00,361.6
2010-09-10 10:45:00,459.05
2010-09-10 10:47:00,534.7
2010-09-10 11:09:00,221.65
2010-09-10 11:30:00,764.38
2010-09-10 11:40:00,210.01
2010-09-10 11:56:00,1172.1399999999999
2010-09-10 11:59:00,129.3
2010-09-10 12:01:00,373.75
2010-09-10 12:05:00,675.17
2010-09-10 12:07:00,168.42000000000002
2010-09-10 12:24:00,324.7
2010-09-10 12:29:00,184.3
2010-09-10 12:32:00,876.54
2010-09-10 12:48:00,302.74
2010-09-10 13:38:00,293.95
2010-09-10 13:59:00,350.14
2010-09-10 14:04:00,1479.9299999999998
2010-09-10 14:12:00,436.1
2010-09-10 14:31:00,124.75
2010-09-10 14:43:00,171.68
2010-09-10 14:50:00,363.14
2010-09-10 14:52:00,80.7
2010-09-10 14:53:00,313.45
2010-09-10 15:42:00,492.75
2010-09-10 15:44:00,39.0
2010-09-10 15:45:00,58.5
2010-09-10 15:50:00,296.40000000000003
2010-09-10 15:51:00,777.55
2010-09-10 15:52:00,10.0
2010-09-10 15:57:00,493.8
2010-09-10 16:41:00,305.47
2010-09-10 17:19:00,206.2
2010-09-12 10:18:00,11.8
2010-09-12 10:30:00,387.43
2010-09-12 10:40:00,145.75
2010-09-12 10:47:00,215.22
2010-09-12 10:49:00,344.76
2010-09-12 10:56:00,646.66
2010-09-12 10:59:00,172.9
2010-09-12 11:03:00,191.89000000000001
2010-09-12 11:29:00,165.66
2010-09-12 11:38:00,321.37
2010-09-12 11:41:00,364.95
2010-09-12 11:43:00,222.51
2010-09-12 11:44:00,601.32
2010-09-12 11:47:00,203.8
2010-09-12 11:52:00,320.75
2010-09-12 11:54:00,218.11
2010-09-12 12:00:00,644.15
2010-09-12 12:16:00,728.91
2010-09-12 12:31:00,563.9
2010-09-12 12:41:00,344.33
2010-09-12 12:46:00,240.49
2010-09-12 12:47:00,221.5
2010-09-12 13:03:00,277.4
2010-09-12 13:06:00,464.21
2010-09-12 13:10:00,0.95
2010-09-12 13:20:00,496.14
2010-09-12 13:44:00,239.5
2010-09-12 13:49:00,214.62
2010-09-12 13:51:00,1387.5
2010-09-12 14:02:00,559.2
2010-09-12 14:05:00,435.84000000000003
2010-09-12 14:19:00,214.39
2010-09-12 14:22:00,153.93
2010-09-12 14:26:00,345.90999999999997
2010-09-12 14:34:00,505.91
2010-09-12 14:44:00,196.47
2010-09-12 14:54:00,110.7
2010-09-12 14:58:00,990.2
2010-09-12 15:15:00,239.85000000000002
2010-09-12 15:21:00,349.28000000000003
2010-09-12 15:36:00,146.37
2010-09-12 15:38:00,204.34
2010-09-12 15:58:00,24.099999999999998
2010-09-12 16:08:00,524.63
2010-09-12 16:17:00,169.15
2010-09-13 08:18:00,349.96000000000004
2010-09-13 08:37:00,450.0
2010-09-13 08:39:00,360.0
2010-09-13 09:27:00,588.28
2010-09-13 09:29:00,415.40000000000003
2010-09-13 09:30:00,39.0
2010-09-13 09:35:00,3845.04
2010-09-13 09:37:00,208.75
2010-09-13 09:38:00,29.45
2010-09-13 09:40:00,412.90000000000003
2010-09-13 09:55:00,255.0
2010-09-13 09:56:00,584.61
2010-09-13 09:57:00,4847.5199999999995
2010-09-13 09:58:00,765.0
2010-09-13 10:01:00,85.0
2010-09-13 10:05:00,431.3
2010-09-13 10:30:00,1862.45
2010-09-13 10:34:00,676.8000000000001
2010-09-13 10:40:00,344.85
2010-09-13 10:44:00,50.5
2010-09-13 10:46:00,476.84
2010-09-13 10:51:00,133.54000000000002
2010-09-13 11:01:00,116.76
2010-09-13 11:20:00,1118.28
2010-09-13 11:28:00,416.05
2010-09-13 11:38:00,345.84
2010-09-13 12:01:00,49.24
2010-09-13 12:05:00,334.34000000000003
2010-09-13 12:15:00,194.64000000000001
2010-09-13 12:19:00,164.35000000000002
2010-09-13 12:23:00,993.49
2010-09-13 12:29:00,569.89
2010-09-13 12:31:00,157.38
2010-09-13 12:34:00,183.8
2010-09-13 12:35:00,98.7
2010-09-13 12:41:00,490.61
2010-09-13 12:44:00,748.8000000000001
2010-09-13 12:46:00,136.0
2010-09-13 12:47:00,23.04
2010-09-13 12:51:00,748.38
2010-09-13 12:56:00,422.84
2010-09-13 13:09:00,385.90000000000003
2010-09-13 13:29:00,407.0
2010-09-13 13:42:00,362.0
2010-09-13 13:47:00,124.5
2010-09-13 13:52:00,1633.1200000000001
2010-09-13 14:26:00,343.25
2010-09-13 14:33:00,370.64
2010-09-13 14:45:00,1181.89
2010-09-13 14:49:00,356.03
2010-09-13 14:55:00,484.81
2010-09-13 14:56:00,148.1
2010-09-13 15:12:00,634.28
2010-09-13 15:23:00,356.69
2010-09-13 15:48:00,157.96
2010-09-13 16:15:00,687.24
2010-09-13 16:31:00,592.38
2010-09-13 17:25:00,141.75
2010-09-14 09:05:00,245.52
2010-09-14 09:36:00,315.75
2010-09-14 09:43:00,720.44
2010-09-14 10:13:00,523.84
2010-09-14 10:20:00,105.6
2010-09-14 10:34:00,1244.7
2010-09-14 10:41:00,415.85
2010-09-14 10:43:00,836.05
2010-09-14 10:47:00,72.85
2010-09-14 10:58:00,371.34000000000003
2010-09-14 11:08:00,561.4
2010-09-14 11:15:00,119.32000000000001
2010-09-14 11:36:00,858.0
2010-09-14 11:42:00,197.22
2010-09-14 11:50:00,534.65
2010-09-14 12:06:00,857.8
2010-09-14 12:10:00,306.0
2010-09-14 12:18:00,103.06
2010-09-14 12:27:00,196.33
2010-09-14 12:37:00,193.9
2010-09-14 12:48:00,177.41
2010-09-14 12:51:00,385.2
2010-09-14 12:55:00,402.90000000000003
2010-09-14 12:58:00,765.29
2010-09-14 13:05:00,18.0
2010-09-14 13:16:00,150.32
2010-09-14 13:21:00,180.36
2010-09-14 13:24:00,164.59
2010-09-14 13:29:00,1236.03
2010-09-14 13:32:00,504.90000000000003
2010-09-14 13:34:00,258.21999999999997
2010-09-14 13:37:00,90.9
2010-09-14 13:41:00,195.6
2010-09-14 13:45:00,144.48
2010-09-14 13:53:00,39.0
2010-09-14 13:56:00,219.99
2010-09-14 14:14:00,328.37
2010-09-14 14:16:00,9.9
2010-09-14 14:22:00,483.15000000000003
2010-09-14 14:30:00,282.85
2010-09-14 14:32:00,262.82
2010-09-14 14:35:00,328.93
2010-09-14 14:36:00,124.75
2010-09-14 14:39:00,78.15
2010-09-14 14:56:00,143.10000000000002
2010-09-14 15:00:00,45.8
2010-09-14 15:08:00,306.76
2010-09-14 15:30:00,307.25
2010-09-14 15:31:00,15.3
2010-09-14 15:40:00,447.75
2010-09-14 15:41:00,316.42
2010-09-14 15:44:00,71.4
2010-09-14 15:50:00,682.78
2010-09-14 15:55:00,248.71
2010-09-14 15:56:00,8.850000000000001
2010-09-14 16:01:00,656.4
2010-09-14 16:15:00,423.26
2010-09-14 16:25:00,397.56
2010-09-14 17:13:00,21.95
2010-09-15 08:43:00,164.4
2010-09-15 09:38:00,388.0
2010-09-15 09:50:00,497.34000000000003
2010-09-15 09:52:00,309.91
2010-09-15 10:08:00,130.68
2010-09-15 10:35:00,318.15
2010-09-15 10:37:00,185.4
2010-09-15 10:40:00,16.650000000000002
2010-09-15 10:43:00,40.8
2010-09-15 10:44:00,426.53
2010-09-15 10:48:00,303.78000000000003
2010-09-15 10:53:00,122.4
2010-09-15 11:04:00,18.0
2010-09-15 11:07:00,827.88
2010-09-15 11:22:00,712.64
2010-09-15 11:33:00,167.14999999999998
2010-09-15 11:35:00,5099.44
2010-09-15 11:36:00,15.0
2010-09-15 11:44:00,192.05
2010-09-15 11:49:00,379.95
2010-09-15 11:53:00,170.06
2010-09-15 11:56:00,1809.35
2010-09-15 12:08:00,168.69
2010-09-15 12:11:00,145.06
2010-09-15 12:16:00,4422.25
2010-09-15 12:17:00,110.65
2010-09-15 12:21:00,178.95
2010-09-15 12:27:00,389.19
2010-09-15 12:29:00,118.95
2010-09-15 12:46:00,136.69
2010-09-15 12:47:00,177.29
2010-09-15 12:48:00,166.07999999999998
2010-09-15 12:53:00,1017.47
2010-09-15 13:16:00,315.06
2010-09-15 13:21:00,465.12
2010-09-15 13:24:00,442.56
2010-09-15 13:29:00,283.65
2010-09-15 13:32:00,128.8
2010-09-15 13:34:00,974.4
2010-09-15 13:35:00,319.5
2010-09-15 13:36:00,203.4
2010-09-15 13:43:00,55.980000000000004
2010-09-15 13:44:00,571.12
2010-09-15 13:46:00,1283.31
2010-09-15 13:53:00,74.79
2010-09-15 14:19:00,306.65
2010-09-15 14:29:00,358.67
2010-09-15 14:30:00,305.65
2010-09-15 14:45:00,530.31
2010-09-15 14:51:00,157.8
2010-09-15 14:52:00,61.44
2010-09-15 14:56:00,153.12
2010-09-15 15:08:00,351.19
2010-09-15 15:16:00,258.41
2010-09-15 15:32:00,1197.6399999999999
2010-09-15 15:41:00,522.86
2010-09-15 16:16:00,1866.98
2010-09-15 16:17:00,168.65
2010-09-15 16:22:00,2576.88
2010-09-15 16:28:00,211.73
2010-09-15 17:06:00,60.48
2010-09-15 17:07:00,279.42
2010-09-16 09:07:00,1568.3
2010-09-16 09:54:00,681.3600000000001
2010-09-16 09:57:00,60.0
2010-09-16 10:00:00,309.0
2010-09-16 10:17:00,30.0
2010-09-16 10:19:00,437.40000000000003
2010-09-16 10:22:00,594.07
2010-09-16 10:29:00,299.6
2010-09-16 10:43:00,217.70000000000002
2010-09-16 10:49:00,572.77
2010-09-16 10:51:00,973.69
2010-09-16 10:56:00,1550.75
2010-09-16 11:29:00,121.65
2010-09-16 11:30:00,968.25
2010-09-16 11:32:00,190.99
2010-09-16 11:37:00,40.32
2010-09-16 11:40:00,171.8
2010-09-16 11:43:00,75.0
2010-09-16 12:11:00,31.8
2010-09-16 12:12:00,160.27
2010-09-16 12:20:00,848.79
2010-09-16 12:27:00,625.57
2010-09-16 12:41:00,495.45
2010-09-16 12:51:00,354.4
2010-09-16 13:04:00,5.0
2010-09-16 13:06:00,492.15
2010-09-16 13:07:00,137.12
2010-09-16 13:12:00,100.34
2010-09-16 13:18:00,122.77
2010-09-16 13:28:00,678.8
2010-09-16 13:29:00,88.5
2010-09-16 13:48:00,289.48
2010-09-16 13:50:00,375.1
2010-09-16 13:52:00,17.700000000000003
2010-09-16 13:58:00,381.88100000000003
2010-09-16 13:59:00,18.6
2010-09-16 14:08:00,297.32
2010-09-16 14:12:00,230.02
2010-09-16 14:28:00,177.8
2010-09-16 14:34:00,1259.48
2010-09-16 14:41:00,323.09000000000003
2010-09-16 14:52:00,3485.31
2010-09-16 15:07:00,186.60000000000002
2010-09-16 15:13:00,113.53999999999999
2010-09-16 15:23:00,364.51
2010-09-16 15:46:00,56.72
2010-09-16 16:15:00,140.19
2010-09-16 16:25:00,284.05
2010-09-16 16:41:00,382.2
2010-09-16 16:52:00,32.800000000000004
2010-09-16 16:55:00,432.65
2010-09-16 16:56:00,641.2
2010-09-16 16:57:00,417.58
2010-09-16 16:59:00,734.5
2010-09-16 17:02:00,160.2
2010-09-16 17:26:00,346.78000000000003
2010-09-16 18:09:00,339.82
2010-09-16 18:24:00,981.0
2010-09-16 19:09:00,114.14999999999999
2010-09-16 19:17:00,893.0
2010-09-16 19:43:00,403.36
2010-09-16 20:04:00,215.03
2010-09-17 08:38:00,407.6
2010-09-17 09:04:00,388.3
2010-09-17 09:11:00,455.45
2010-09-17 09:34:00,213.0
2010-09-17 09:52:00,797.14
2010-09-17 10:00:00,1620.66
2010-09-17 10:16:00,617.98
2010-09-17 10:23:00,13.05
2010-09-17 10:30:00,20.4
2010-09-17 10:37:00,302.33
2010-09-17 10:46:00,212.25
2010-09-17 11:04:00,304.31
2010-09-17 11:27:00,17.4
2010-09-17 11:37:00,829.2
2010-09-17 11:54:00,160.5
2010-09-17 12:06:00,773.69
2010-09-17 12:09:00,157.2
2010-09-17 12:10:00,31.92
2010-09-17 12:25:00,474.42
2010-09-17 12:29:00,468.5
2010-09-17 12:31:00,196.24
2010-09-17 12:45:00,156.37
2010-09-17 12:54:00,164.45
2010-09-17 13:08:00,300.69
2010-09-17 13:20:00,190.62
2010-09-17 13:30:00,624.26
2010-09-17 13:38:00,525.1800000000001
2010-09-17 13:47:00,252.17000000000002
2010-09-17 13:52:00,370.94
2010-09-17 13:53:00,1478.53
2010-09-17 14:10:00,964.21
2010-09-17 14:31:00,397.82
2010-09-17 14:45:00,574.5
2010-09-17 14:50:00,373.87
2010-09-17 14:54:00,229.2
2010-09-17 15:04:00,26.4
2010-09-17 15:10:00,1512.0
2010-09-17 15:12:00,306.0
2010-09-17 15:25:00,121.85
2010-09-17 15:26:00,730.8
2010-09-17 15:41:00,356.7
2010-09-17 15:42:00,69.0
2010-09-17 15:51:00,980.25
2010-09-17 16:03:00,319.19
2010-09-19 10:05:00,170.85
2010-09-19 10:20:00,287.8
2010-09-19 10:33:00,308.56
2010-09-19 11:25:00,290.44
2010-09-19 11:53:00,2060.2599999999998
2010-09-19 11:57:00,428.45
2010-09-19 12:01:00,123.9
2010-09-19 12:03:00,270.14
2010-09-19 12:05:00,405.68
2010-09-19 12:15:00,293.75
2010-09-19 12:33:00,111.56
2010-09-19 12:38:00,169.62
2010-09-19 12:39:00,267.45
2010-09-19 12:40:00,822.9300000000001
2010-09-19 12:45:00,332.20000000000005
2010-09-19 12:47:00,578.52
2010-09-19 13:01:00,547.84
2010-09-19 13:02:00,522.72
2010-09-19 13:05:00,433.29
2010-09-19 13:12:00,179.16
2010-09-19 13:13:00,112.08
2010-09-19 13:27:00,113.58
2010-09-19 13:29:00,412.08
2010-09-19 13:36:00,311.25
2010-09-19 13:37:00,714.23
2010-09-19 13:43:00,251.39999999999998
2010-09-19 13:45:00,122.27
2010-09-19 13:51:00,627.57
2010-09-19 13:57:00,147.11
2010-09-19 14:03:00,1896.05
2010-09-19 14:07:00,253.69
2010-09-19 14:11:00,188.82
2010-09-19 14:12:00,287.7
2010-09-19 14:45:00,684.35
2010-09-19 14:51:00,1643.03
2010-09-19 14:55:00,807.02
2010-09-19 15:09:00,182.55
2010-09-19 15:13:00,319.62
2010-09-19 15:16:00,444.97
2010-09-19 15:17:00,47.400000000000006
2010-09-19 15:36:00,417.6
2010-09-19 15:37:00,388.5
2010-09-19 15:40:00,334.71
2010-09-19 15:41:00,40.8
2010-09-19 15:47:00,184.5
2010-09-19 15:53:00,370.65
2010-09-19 15:59:00,309.3
2010-09-19 16:00:00,328.08
2010-09-19 16:02:00,582.47
2010-09-19 16:14:00,557.48
2010-09-19 16:18:00,419.06
2010-09-19 16:20:00,310.75
2010-09-19 16:22:00,161.49
2010-09-19 16:27:00,206.25
2010-09-20 08:59:00,363.9
2010-09-20 10:01:00,872.48
2010-09-20 10:05:00,3000.7200000000003
2010-09-20 10:07:00,3013.02
2010-09-20 10:08:00,265.44
2010-09-20 10:15:00,488.32
2010-09-20 10:23:00,502.45
2010-09-20 10:28:00,309.75
2010-09-20 11:21:00,1047.6100000000001
2010-09-20 11:22:00,126.0
2010-09-20 11:24:00,227.01
2010-09-20 11:40:00,706.76
2010-09-20 11:42:00,180.82999999999998
2010-09-20 11:45:00,1331.18
2010-09-20 11:48:00,1119.66
2010-09-20 12:01:00,664.82
2010-09-20 12:02:00,887.8000000000001
2010-09-20 12:05:00,238.2
2010-09-20 12:15:00,570.14
2010-09-20 12:21:00,232.85000000000002
2010-09-20 12:26:00,330.0
2010-09-20 12:27:00,12.75
2010-09-20 12:34:00,122.4
2010-09-20 12:41:00,658.83
2010-09-20 12:49:00,272.75
2010-09-20 12:53:00,533.0500000000001
2010-09-20 12:54:00,571.02
2010-09-20 13:08:00,608.64
2010-09-20 13:09:00,308.7
2010-09-20 13:23:00,368.8
2010-09-20 13:26:00,1439.04
2010-09-20 13:35:00,375.81
2010-09-20 13:37:00,206.23999999999998
2010-09-20 13:41:00,613.16
2010-09-20 13:44:00,304.53000000000003
2010-09-20 13:47:00,118.22
2010-09-20 13:57:00,312.42
2010-09-20 14:02:00,257.69
2010-09-20 14:04:00,129.0
2010-09-20 14:06:00,537.64
2010-09-20 14:08:00,1377.12
2010-09-20 14:14:00,217.39
2010-09-20 14:32:00,515.0
2010-09-20 14:38:00,581.59
2010-09-20 14:39:00,620.54
2010-09-20 14:49:00,233.32999999999998
2010-09-20 15:00:00,172.5
2010-09-20 15:03:00,111.63
2010-09-20 15:12:00,595.06
2010-09-20 15:14:00,381.40000000000003
2010-09-20 15:24:00,1559.33
2010-09-20 15:27:00,120.05
2010-09-20 15:31:00,647.08
2010-09-20 15:32:00,412.68
2010-09-20 15:33:00,3786.0
2010-09-20 15:37:00,108.60000000000001
2010-09-20 15:48:00,392.68
2010-09-20 15:54:00,122.10000000000001
2010-09-20 16:18:00,229.46
2010-09-20 16:22:00,775.2
2010-09-20 16:23:00,106.72
2010-09-20 16:30:00,68.44
2010-09-20 16:39:00,222.0
2010-09-20 16:48:00,759.58
2010-09-20 17:32:00,218.85
2010-09-21 08:12:00,1013.58
2010-09-21 08:25:00,1676.36
2010-09-21 08:49:00,165.65
2010-09-21 09:14:00,274.8
2010-09-21 09:17:00,581.45
2010-09-21 09:19:00,485.44
2010-09-21 09:26:00,3231.27
2010-09-21 09:47:00,266.64
2010-09-21 09:48:00,407.88
2010-09-21 09:50:00,17.0
2010-09-21 09:51:00,371.68
2010-09-21 10:10:00,81.0
2010-09-21 10:11:00,670.78
2010-09-21 10:27:00,349.5
2010-09-21 10:30:00,396.46
2010-09-21 10:45:00,1602.72
2010-09-21 10:46:00,456.64
2010-09-21 10:47:00,860.77
2010-09-21 10:55:00,377.15999999999997
2010-09-21 11:36:00,312.08000000000004
2010-09-21 11:50:00,331.13
2010-09-21 12:02:00,294.54
2010-09-21 12:06:00,881.6
2010-09-21 12:07:00,235.77
2010-09-21 12:17:00,862.0
2010-09-21 12:19:00,30.6
2010-09-21 12:22:00,424.38
2010-09-21 12:30:00,885.0
2010-09-21 12:31:00,370.41
2010-09-21 12:36:00,114.97
2010-09-21 12:37:00,174.25
2010-09-21 12:43:00,741.32
2010-09-21 12:46:00,138.35
2010-09-21 12:49:00,268.27
2010-09-21 12:54:00,25.200000000000003
2010-09-21 12:56:00,1001.47
2010-09-21 13:06:00,1234.02
2010-09-21 13:08:00,19.5
2010-09-21 13:13:00,132.36
2010-09-21 13:16:00,109.47
2010-09-21 13:21:00,1735.41
2010-09-21 13:24:00,110.28
2010-09-21 13:26:00,2280.45
2010-09-21 13:37:00,222.78
2010-09-21 13:39:00,476.31
2010-09-21 13:40:00,547.94
2010-09-21 13:50:00,388.05
2010-09-21 13:51:00,135.6
2010-09-21 14:12:00,1279.14
2010-09-21 14:22:00,192.02
2010-09-21 14:26:00,591.4200000000001
2010-09-21 14:29:00,139.2
2010-09-21 14:39:00,107.0
2010-09-21 14:46:00,247.60000000000002
2010-09-21 14:48:00,6783.78
2010-09-21 14:51:00,466.33000000000004
2010-09-21 14:58:00,342.94
2010-09-21 14:59:00,19.5
2010-09-21 15:11:00,114.33
2010-09-21 15:14:00,2487.2
2010-09-21 15:28:00,299.98
2010-09-21 15:36:00,504.51
2010-09-21 15:39:00,162.09
2010-09-21 15:41:00,619.68
2010-09-21 15:51:00,813.91
2010-09-21 15:57:00,364.40999999999997
2010-09-21 16:14:00,195.90000000000003
2010-09-21 16:26:00,585.9000000000001
2010-09-21 16:28:00,57.96
2010-09-21 16:36:00,330.92
2010-09-21 16:37:00,415.25
2010-09-21 16:40:00,27.54
2010-09-21 16:44:00,856.01
2010-09-21 16:47:00,37.04
2010-09-21 17:10:00,1251.2
2010-09-21 17:21:00,414.6
2010-09-21 17:22:00,18.84
2010-09-21 17:29:00,885.0
2010-09-21 17:45:00,691.0600000000001
2010-09-21 17:50:00,729.64
2010-09-21 18:03:00,550.2
2010-09-21 18:05:00,455.1
2010-09-21 18:06:00,17.4
2010-09-21 18:15:00,90.0
2010-09-21 18:16:00,643.46
2010-09-21 18:30:00,696.26
2010-09-21 18:42:00,283.0
2010-09-21 18:43:00,623.58
2010-09-21 18:56:00,110.55
2010-09-21 19:10:00,323.57
2010-09-21 19:13:00,18.84
2010-09-21 19:14:00,395.40000000000003
2010-09-21 19:21:00,27.54
2010-09-21 20:02:00,636.0
2010-09-21 20:38:00,25.8
2010-09-22 08:44:00,442.56
2010-09-22 08:45:00,318.01
2010-09-22 08:47:00,55.08
2010-09-22 08:50:00,37.68
2010-09-22 09:08:00,24.75
2010-09-22 09:18:00,17.4
2010-09-22 09:19:00,312.93
2010-09-22 09:21:00,69.15
2010-09-22 09:23:00,244.99
2010-09-22 09:25:00,8.7
2010-09-22 09:53:00,496.74
2010-09-22 09:54:00,34.8
2010-09-22 10:10:00,343.51
2010-09-22 10:11:00,36.239999999999995
2010-09-22 10:19:00,458.82
2010-09-22 10:22:00,344.32
2010-09-22 10:24:00,112.80000000000001
2010-09-22 10:44:00,295.0
2010-09-22 10:46:00,295.0
2010-09-22 10:47:00,295.0
2010-09-22 11:01:00,231.07999999999998
2010-09-22 11:05:00,228.53
2010-09-22 11:19:00,1011.86
2010-09-22 11:28:00,26.55
2010-09-22 11:32:00,565.5600000000001
2010-09-22 11:34:00,37.68
2010-09-22 11:37:00,378.90000000000003
2010-09-22 11:40:00,538.6800000000001
2010-09-22 11:41:00,72.47999999999999
2010-09-22 11:45:00,255.65
2010-09-22 11:55:00,217.32
2010-09-22 11:56:00,250.94
2010-09-22 12:24:00,175.9
2010-09-22 12:31:00,538.6800000000001
2010-09-22 12:33:00,55.08
2010-09-22 12:38:00,397.26000000000005
2010-09-22 12:39:00,57.96
2010-09-22 12:44:00,396.05
2010-09-22 12:46:00,1089.6
2010-09-22 13:07:00,395.69
2010-09-22 13:39:00,118.35
2010-09-22 13:51:00,643.86
2010-09-22 14:01:00,1757.1
2010-09-22 14:05:00,548.87
2010-09-22 14:07:00,414.6
2010-09-22 14:22:00,901.42
2010-09-22 14:24:00,311.72
2010-09-22 14:42:00,207.24
2010-09-22 14:47:00,780.06
2010-09-22 15:09:00,373.86
2010-09-22 15:10:00,90.6
2010-09-22 15:23:00,537.36
2010-09-22 15:37:00,122.99000000000001
2010-09-22 15:38:00,202.5
2010-09-22 15:39:00,100.8
2010-09-22 15:40:00,63.0
2010-09-22 15:41:00,75.60000000000001
2010-09-22 15:42:00,151.20000000000002
2010-09-22 15:58:00,239.28
2010-09-22 16:04:00,420.96999999999997
2010-09-22 16:17:00,269.73
2010-09-22 16:26:00,2803.2
2010-09-22 16:32:00,75.0
2010-09-22 16:34:00,472.82
2010-09-22 16:41:00,1088.64
2010-09-22 16:43:00,1101.6
2010-09-22 16:46:00,1576.8
2010-09-22 17:16:00,594.7
2010-09-23 08:10:00,308.7
2010-09-23 08:54:00,339.48
2010-09-23 09:02:00,263.79
2010-09-23 09:11:00,373.62
2010-09-23 09:33:00,143.05
2010-09-23 09:45:00,208.37
2010-09-23 10:06:00,1130.98
2010-09-23 10:09:00,1027.04
2010-09-23 10:10:00,15.3
2010-09-23 10:23:00,314.64000000000004
2010-09-23 10:40:00,133.07999999999998
2010-09-23 10:44:00,1192.92
2010-09-23 10:45:00,405.08
2010-09-23 10:49:00,352.8
2010-09-23 10:51:00,1182.86
2010-09-23 11:04:00,320.7
2010-09-23 11:21:00,146.68
2010-09-23 11:26:00,916.84
2010-09-23 11:40:00,272.65
2010-09-23 11:45:00,220.46
2010-09-23 11:46:00,53.6
2010-09-23 11:57:00,492.25
2010-09-23 11:58:00,167.84
2010-09-23 12:01:00,658.61
2010-09-23 12:05:00,107.10000000000001
2010-09-23 12:06:00,181.03
2010-09-23 12:08:00,348.56
2010-09-23 12:18:00,254.95
2010-09-23 12:19:00,341.24
2010-09-23 12:25:00,164.49
2010-09-23 12:33:00,476.51
2010-09-23 12:37:00,401.20000000000005
2010-09-23 12:42:00,722.5600000000001
2010-09-23 13:03:00,165.88
2010-09-23 13:04:00,163.2
2010-09-23 13:07:00,889.44
2010-09-23 13:11:00,183.78000000000003
2010-09-23 13:13:00,408.36
2010-09-23 13:26:00,2268.64
2010-09-23 13:33:00,684.15
2010-09-23 13:38:00,704.17
2010-09-23 13:54:00,443.71999999999997
2010-09-23 14:00:00,837.4300000000001
2010-09-23 14:06:00,876.01
2010-09-23 14:08:00,113.47
2010-09-23 14:09:00,15.9
2010-09-23 14:15:00,232.35999999999999
2010-09-23 14:33:00,183.71
2010-09-23 14:37:00,100.2
2010-09-23 14:39:00,250.8
2010-09-23 14:45:00,30.0
2010-09-23 15:12:00,2095.5
2010-09-23 15:22:00,667.65
2010-09-23 15:23:00,183.6
2010-09-23 15:43:00,2344.7
2010-09-23 15:48:00,510.3
2010-09-23 16:23:00,244.61
2010-09-23 16:40:00,151.69
2010-09-23 16:56:00,2.95
2010-09-23 16:57:00,316.39000000000004
2010-09-23 17:11:00,1071.66
2010-09-23 17:13:00,690.0
2010-09-23 17:14:00,619.0
2010-09-23 17:16:00,308.84000000000003
2010-09-23 17:23:00,324.9
2010-09-23 17:34:00,108.14999999999999
2010-09-23 17:48:00,210.5
2010-09-23 18:00:00,123.3
2010-09-23 18:24:00,632.31
2010-09-23 18:32:00,212.1
2010-09-23 19:27:00,306.08
2010-09-23 19:28:00,238.0
2010-09-23 19:32:00,26.0
2010-09-23 19:40:00,197.74
2010-09-23 19:41:00,5.9
2010-09-23 19:48:00,164.32
2010-09-23 19:50:00,180.36
2010-09-23 19:51:00,10.2
2010-09-23 20:01:00,168.15
2010-09-24 09:41:00,614.94
2010-09-24 09:42:00,156.8
2010-09-24 09:49:00,389.81
2010-09-24 10:10:00,505.0
2010-09-24 10:28:00,152.5
2010-09-24 10:29:00,4221.02
2010-09-24 10:48:00,506.6
2010-09-24 10:58:00,560.2
2010-09-24 10:59:00,15.0
2010-09-24 11:11:00,330.96999999999997
2010-09-24 11:12:00,113.94999999999999
2010-09-24 11:25:00,15.6
2010-09-24 11:31:00,571.1999999999999
2010-09-24 11:34:00,220.81
2010-09-24 11:48:00,61.349999999999994
2010-09-24 11:55:00,410.8
2010-09-24 12:03:00,708.28
2010-09-24 12:05:00,205.67
2010-09-24 12:06:00,428.79
2010-09-24 12:08:00,880.7
2010-09-24 12:10:00,45.0
2010-09-24 12:11:00,439.83
2010-09-24 12:15:00,301.8
2010-09-24 12:18:00,449.12
2010-09-24 12:24:00,668.64
2010-09-24 12:31:00,605.68
2010-09-24 12:39:00,210.9
2010-09-24 12:43:00,785.63
2010-09-24 12:48:00,794.59
2010-09-24 12:58:00,188.9
2010-09-24 12:59:00,201.1
2010-09-24 13:00:00,84.15
2010-09-24 13:04:00,263.4
2010-09-24 13:06:00,157.75
2010-09-24 13:08:00,98.88
2010-09-24 13:09:00,71.61
2010-09-24 13:30:00,108.35
2010-09-24 14:12:00,1016.05
2010-09-24 14:15:00,30.6
2010-09-24 14:32:00,770.34
2010-09-24 14:33:00,312.22
2010-09-24 14:55:00,363.3
2010-09-24 14:56:00,837.26
2010-09-24 15:15:00,319.92
2010-09-24 15:35:00,117.58
2010-09-24 15:44:00,417.14
2010-09-24 16:19:00,14662.58
2010-09-24 16:24:00,972.11
2010-09-24 16:25:00,319.85
2010-09-24 16:36:00,1541.7
2010-09-24 16:50:00,8880.42
2010-09-26 10:07:00,114.95
2010-09-26 10:34:00,363.38
2010-09-26 10:44:00,124.6
2010-09-26 10:47:00,351.21
2010-09-26 10:48:00,119.34
2010-09-26 10:50:00,313.35
2010-09-26 10:51:00,342.3
2010-09-26 10:52:00,51.0
2010-09-26 10:53:00,96.0
2010-09-26 11:05:00,198.95
2010-09-26 11:10:00,268.23
2010-09-26 11:13:00,140.05
2010-09-26 11:20:00,141.41
2010-09-26 11:22:00,236.26
2010-09-26 11:23:00,989.63
2010-09-26 11:49:00,343.35
2010-09-26 11:50:00,621.77
2010-09-26 11:57:00,183.97
2010-09-26 11:58:00,311.77
2010-09-26 12:04:00,310.32
2010-09-26 12:06:00,1128.91
2010-09-26 12:10:00,354.12
2010-09-26 12:11:00,45.5
2010-09-26 12:21:00,416.08
2010-09-26 12:32:00,150.32
2010-09-26 12:51:00,595.89
2010-09-26 12:53:00,295.73
2010-09-26 12:58:00,271.36
2010-09-26 13:07:00,201.95000000000002
2010-09-26 13:09:00,717.3
2010-09-26 13:19:00,659.68
2010-09-26 13:20:00,237.85000000000002
2010-09-26 13:25:00,415.04
2010-09-26 13:40:00,340.95
2010-09-26 13:53:00,537.3
2010-09-26 13:55:00,29.4
2010-09-26 13:57:00,422.45000000000005
2010-09-26 14:00:00,427.03999999999996
2010-09-26 14:01:00,684.0500000000001
2010-09-26 14:02:00,10.14
2010-09-26 14:03:00,388.26
2010-09-26 14:04:00,238.8
2010-09-26 14:05:00,75.60000000000001
2010-09-26 14:06:00,388.2
2010-09-26 14:15:00,2154.15
2010-09-26 14:20:00,204.85
2010-09-26 14:43:00,544.33
2010-09-26 15:07:00,848.5
2010-09-26 15:19:00,121.95
2010-09-26 15:24:00,944.04
2010-09-26 15:25:00,156.0
2010-09-26 15:46:00,221.37
2010-09-26 15:50:00,110.04
2010-09-26 15:58:00,204.89
2010-09-26 16:00:00,445.55
2010-09-26 16:03:00,350.85
2010-09-26 16:04:00,233.52
2010-09-26 16:06:00,510.1
2010-09-27 09:00:00,324.55
2010-09-27 09:18:00,348.77000000000004
2010-09-27 09:23:00,232.18
2010-09-27 09:37:00,678.6
2010-09-27 09:41:00,660.0
2010-09-27 09:48:00,866.96
2010-09-27 09:53:00,408.0
2010-09-27 09:55:00,858.27
2010-09-27 09:57:00,275.4
2010-09-27 10:09:00,335.70000000000005
2010-09-27 10:23:00,831.44
2010-09-27 10:25:00,375.5
2010-09-27 10:26:00,43.45
2010-09-27 10:36:00,323.06
2010-09-27 10:39:00,749.65
2010-09-27 10:40:00,536.28
2010-09-27 10:50:00,361.75
2010-09-27 10:54:00,1179.6399999999999
2010-09-27 10:56:00,487.0
2010-09-27 11:04:00,282.24
2010-09-27 11:13:00,340.15
2010-09-27 11:22:00,757.3100000000001
2010-09-27 11:38:00,607.19
2010-09-27 11:39:00,668.3
2010-09-27 11:48:00,495.98
2010-09-27 11:57:00,992.73
2010-09-27 12:02:00,355.45
2010-09-27 12:06:00,995.5
2010-09-27 12:07:00,232.50000000000003
2010-09-27 12:14:00,934.8000000000001
2010-09-27 12:16:00,868.5
2010-09-27 12:21:00,2190.94
2010-09-27 12:24:00,1219.35
2010-09-27 12:31:00,255.02
2010-09-27 12:35:00,6.85
2010-09-27 12:45:00,752.73
2010-09-27 12:47:00,59.4
2010-09-27 12:48:00,44.099999999999994
2010-09-27 12:50:00,220.56
2010-09-27 13:08:00,562.5
2010-09-27 13:10:00,317.11
2010-09-27 13:13:00,1295.25
2010-09-27 13:17:00,758.9
2010-09-27 13:19:00,131.4
2010-09-27 13:22:00,532.48
2010-09-27 13:24:00,1297.97
2010-09-27 13:36:00,366.89
2010-09-27 13:47:00,692.7
2010-09-27 13:49:00,416.67
2010-09-27 13:58:00,1464.6000000000001
2010-09-27 14:03:00,162.72
2010-09-27 14:12:00,432.29
2010-09-27 14:20:00,2245.93
2010-09-27 14:35:00,102.6
2010-09-27 14:36:00,255.00000000000003
2010-09-27 14:38:00,415.94
2010-09-27 14:45:00,1687.17
2010-09-27 14:59:00,222.15999999999997
2010-09-27 15:00:00,266.05
2010-09-27 15:09:00,307.9
2010-09-27 15:15:00,292.15000000000003
2010-09-27 15:18:00,380.4
2010-09-27 15:21:00,329.6
2010-09-27 15:24:00,243.57
2010-09-27 15:36:00,3787.88
2010-09-27 15:38:00,84.72
2010-09-27 15:41:00,530.7
2010-09-27 15:43:00,360.45
2010-09-27 16:00:00,3787.88
2010-09-27 16:01:00,445.05
2010-09-27 16:12:00,10468.8
2010-09-27 16:15:00,185.18
2010-09-27 16:18:00,2769.9
2010-09-27 16:20:00,709.32
2010-09-27 16:24:00,359.71
2010-09-27 16:29:00,474.73
2010-09-27 16:30:00,11880.84
2010-09-27 16:32:00,1343.44
2010-09-27 16:34:00,159.54
2010-09-27 16:39:00,429.75
2010-09-27 16:46:00,118.86
2010-09-27 16:59:00,33167.8
2010-09-27 17:02:00,6069.6
2010-09-27 17:11:00,99.5
2010-09-27 17:15:00,602.84
2010-09-28 09:12:00,3498.4900000000002
2010-09-28 09:13:00,449.7
2010-09-28 09:14:00,12.7
2010-09-28 09:24:00,212.17000000000002
2010-09-28 09:27:00,302.88
2010-09-28 09:42:00,422.76
2010-09-28 09:45:00,322.01
2010-09-28 10:02:00,881.1
2010-09-28 10:03:00,34.0
2010-09-28 10:24:00,900.08
2010-09-28 10:32:00,190.05
2010-09-28 10:35:00,693.05
2010-09-28 10:40:00,352.2
2010-09-28 10:42:00,406.61
2010-09-28 10:44:00,1064.7
2010-09-28 10:46:00,144.6
2010-09-28 10:49:00,411.77
2010-09-28 10:50:00,1051.1100000000001
2010-09-28 10:52:00,602.38
2010-09-28 10:58:00,194.5
2010-09-28 11:20:00,406.8
2010-09-28 11:28:00,15.9
2010-09-28 11:30:00,360.45
2010-09-28 11:43:00,159.0
2010-09-28 11:44:00,805.68
2010-09-28 11:47:00,311.43
2010-09-28 11:48:00,342.36
2010-09-28 11:50:00,998.1700000000001
2010-09-28 11:52:00,65.85
2010-09-28 11:53:00,296.2
2010-09-28 12:14:00,106.53
2010-09-28 12:16:00,35.400000000000006
2010-09-28 12:26:00,471.31
2010-09-28 12:27:00,373.08000000000004
2010-09-28 12:35:00,309.89
2010-09-28 12:37:00,23.85
2010-09-28 12:44:00,603.9799999999999
2010-09-28 12:50:00,555.85
2010-09-28 12:54:00,458.25
2010-09-28 12:58:00,465.65
2010-09-28 13:02:00,215.55
2010-09-28 13:09:00,467.25
2010-09-28 13:10:00,308.4
2010-09-28 13:12:00,567.6
2010-09-28 13:13:00,1532.1000000000001
2010-09-28 13:15:00,547.0600000000001
2010-09-28 13:17:00,100.5
2010-09-28 13:20:00,620.8100000000001
2010-09-28 13:36:00,232.85
2010-09-28 13:38:00,101.25
2010-09-28 13:40:00,380.62
2010-09-28 13:51:00,230.17000000000002
2010-09-28 13:54:00,1159.01
2010-09-28 13:59:00,629.36
2010-09-28 14:07:00,408.32
2010-09-28 14:09:00,424.72
2010-09-28 14:11:00,332.4
2010-09-28 14:12:00,50.4
2010-09-28 14:16:00,33.099999999999994
2010-09-28 14:23:00,372.65
2010-09-28 14:24:00,1085.72
2010-09-28 14:25:00,686.46
2010-09-28 14:26:00,238.57
2010-09-28 14:27:00,50.4
2010-09-28 14:33:00,142.76
2010-09-28 14:41:00,707.63
2010-09-28 14:44:00,394.29
2010-09-28 14:59:00,326.75
2010-09-28 15:10:00,330.88
2010-09-28 15:23:00,521.1
2010-09-28 15:26:00,346.45
2010-09-28 15:29:00,164.45
2010-09-28 15:42:00,280.44
2010-09-28 15:43:00,23.4
2010-09-28 15:46:00,453.23
2010-09-28 15:51:00,200.88
2010-09-28 15:52:00,17.700000000000003
2010-09-28 15:54:00,148.07999999999998
2010-09-28 16:00:00,52.199999999999996
2010-09-28 16:12:00,359.27
2010-09-28 16:14:00,17.3
2010-09-28 16:18:00,495.38
2010-09-28 16:25:00,435.28000000000003
2010-09-28 16:46:00,2.1
2010-09-28 16:50:00,501.28000000000003
2010-09-28 16:56:00,299.4
2010-09-28 17:02:00,136.65
2010-09-28 17:10:00,282.96
2010-09-28 17:11:00,29.1
2010-09-28 17:21:00,336.2
2010-09-28 17:26:00,269.75
2010-09-28 17:37:00,68.0
2010-09-28 17:42:00,12.6
2010-09-28 17:44:00,319.75
2010-09-28 17:47:00,132.24
2010-09-28 17:55:00,6.72
2010-09-28 17:58:00,673.51
2010-09-28 18:11:00,955.51
2010-09-28 18:23:00,305.81
2010-09-28 18:43:00,178.60000000000002
2010-09-29 08:43:00,426.59000000000003
2010-09-29 09:22:00,377.0
2010-09-29 09:23:00,374.4
2010-09-29 09:36:00,115.60000000000001
2010-09-29 09:46:00,633.3199999999999
2010-09-29 09:59:00,874.92
2010-09-29 10:05:00,312.93
2010-09-29 10:11:00,250.95000000000002
2010-09-29 10:12:00,330.1
2010-09-29 10:14:00,1035.63
2010-09-29 10:22:00,665.33
2010-09-29 10:26:00,736.58
2010-09-29 10:34:00,512.58
2010-09-29 10:57:00,5282.01
2010-09-29 11:15:00,368.56
2010-09-29 11:19:00,1681.74
2010-09-29 11:40:00,613.2
2010-09-29 11:44:00,398.96
2010-09-29 11:48:00,1078.57
2010-09-29 11:53:00,391.95
2010-09-29 11:59:00,367.15
2010-09-29 12:06:00,105.68
2010-09-29 12:11:00,20.16
2010-09-29 12:12:00,937.54
2010-09-29 12:22:00,297.88
2010-09-29 12:23:00,323.0
2010-09-29 12:24:00,104.50999999999999
2010-09-29 12:32:00,175.2
2010-09-29 12:33:00,538.8
2010-09-29 12:39:00,366.8
2010-09-29 12:40:00,300.24
2010-09-29 12:41:00,544.44
2010-09-29 12:49:00,176.1
2010-09-29 12:51:00,13.68
2010-09-29 12:54:00,402.47999999999996
2010-09-29 13:00:00,288.69
2010-09-29 13:04:00,39.0
2010-09-29 13:06:00,613.05
2010-09-29 13:08:00,174.0
2010-09-29 13:09:00,264.0
2010-09-29 13:11:00,70.2
2010-09-29 13:13:00,672.0600000000001
2010-09-29 13:14:00,1773.25
2010-09-29 13:15:00,252.86
2010-09-29 13:17:00,824.86
2010-09-29 13:20:00,155.09
2010-09-29 13:28:00,318.45
2010-09-29 13:29:00,306.0
2010-09-29 13:34:00,309.0
2010-09-29 13:35:00,458.8
2010-09-29 13:41:00,72.0
2010-09-29 13:44:00,142.11
2010-09-29 13:47:00,326.35
2010-09-29 13:49:00,848.8299999999999
2010-09-29 13:54:00,354.27000000000004
2010-09-29 13:55:00,164.57
2010-09-29 13:57:00,106.05
2010-09-29 14:05:00,732.0
2010-09-29 14:16:00,305.38
2010-09-29 14:21:00,317.58
2010-09-29 14:25:00,216.75
2010-09-29 14:27:00,105.0
2010-09-29 14:37:00,111.1
2010-09-29 14:41:00,17.700000000000003
2010-09-29 14:42:00,122.7
2010-09-29 14:43:00,398.6
2010-09-29 14:54:00,262.4
2010-09-29 14:58:00,149.75
2010-09-29 15:02:00,354.33
2010-09-29 15:07:00,286.87
2010-09-29 15:14:00,251.70000000000002
2010-09-29 15:34:00,80.4
2010-09-29 15:35:00,328.4
2010-09-29 15:47:00,111.9
2010-09-29 16:14:00,406.69
2010-09-29 16:26:00,237.85
2010-09-29 16:30:00,205.41000000000003
2010-09-29 16:31:00,469.05
2010-09-29 16:35:00,125.6
2010-09-29 16:46:00,162.0
2010-09-29 16:49:00,1107.6
2010-09-29 16:54:00,205.20000000000002
2010-09-30 08:59:00,323.0
2010-09-30 09:01:00,107.22
2010-09-30 09:06:00,45.150000000000006
2010-09-30 09:07:00,459.15000000000003
2010-09-30 09:28:00,753.44
2010-09-30 09:37:00,614.3000000000001
2010-09-30 09:39:00,1239.3
2010-09-30 09:40:00,50.4
2010-09-30 10:21:00,34.0
2010-09-30 10:24:00,296.6
2010-09-30 10:29:00,956.6
2010-09-30 10:34:00,201.70999999999998
2010-09-30 10:35:00,193.25
2010-09-30 10:42:00,1916.88
2010-09-30 10:44:00,5.1
2010-09-30 10:49:00,1256.26
2010-09-30 10:53:00,59.4
2010-09-30 10:54:00,304.56
2010-09-30 10:56:00,171.48
2010-09-30 11:30:00,141.53
2010-09-30 11:37:00,69.6
2010-09-30 11:51:00,1522.64
2010-09-30 11:53:00,362.39
2010-09-30 12:00:00,37.5
2010-09-30 12:01:00,549.38
2010-09-30 12:16:00,269.63
2010-09-30 12:19:00,302.90000000000003
2010-09-30 12:22:00,580.6
2010-09-30 12:30:00,11.9
2010-09-30 12:38:00,315.42
2010-09-30 12:45:00,432.0
2010-09-30 12:47:00,396.0
2010-09-30 13:08:00,384.26
2010-09-30 13:13:00,426.0
2010-09-30 13:30:00,749.55
2010-09-30 13:34:00,15.0
2010-09-30 13:47:00,684.82
2010-09-30 13:56:00,647.87
2010-09-30 13:57:00,975.5
2010-09-30 14:07:00,579.85
2010-09-30 14:19:00,1505.57
2010-09-30 14:20:00,261.55
2010-09-30 14:24:00,912.9000000000001
2010-09-30 14:25:00,1928.0900000000001
2010-09-30 14:38:00,455.3
2010-09-30 14:41:00,293.22999999999996
2010-09-30 14:46:00,1194.66
2010-09-30 15:12:00,427.88
2010-09-30 15:14:00,175.92999999999998
2010-09-30 15:39:00,406.7
2010-09-30 15:50:00,160.9
2010-09-30 16:20:00,30.0
2010-09-30 16:45:00,266.59000000000003
2010-09-30 17:05:00,1099.5
2010-09-30 17:09:00,398.4
2010-09-30 17:13:00,354.03
2010-09-30 17:15:00,919.7
2010-09-30 17:18:00,1233.6100000000001
2010-09-30 17:28:00,610.6
2010-09-30 17:30:00,125.04
2010-09-30 17:39:00,3196.48
2010-09-30 17:47:00,156.1
2010-09-30 17:55:00,103.4
2010-09-30 17:59:00,632.6800000000001
2010-09-30 18:02:00,322.95
2010-09-30 18:12:00,340.84000000000003
2010-09-30 18:42:00,183.12
2010-09-30 18:45:00,224.85
2010-09-30 18:57:00,123.20000000000002
2010-09-30 19:02:00,100.75
2010-09-30 19:25:00,282.89
2010-09-30 19:43:00,243.12
2010-09-30 19:45:00,149.9
2010-09-30 19:57:00,222.25
2010-09-30 20:08:00,93.72
2010-10-01 08:19:00,48.150000000000006
2010-10-01 08:39:00,202.06
2010-10-01 08:57:00,195.60000000000002
2010-10-01 09:02:00,1616.44
2010-10-01 09:14:00,34.8
2010-10-01 09:28:00,300.7
2010-10-01 09:36:00,492.45
2010-10-01 09:39:00,141.3
2010-10-01 10:02:00,468.58
2010-10-01 10:04:00,285.8
2010-10-01 10:08:00,151.2
2010-10-01 10:24:00,239.10000000000002
2010-10-01 10:28:00,5715.8
2010-10-01 10:31:00,162.6
2010-10-01 10:32:00,409.82
2010-10-01 10:33:00,525.78
2010-10-01 10:43:00,534.76
2010-10-01 10:45:00,727.35
2010-10-01 11:03:00,228.5
2010-10-01 11:05:00,17.700000000000003
2010-10-01 11:34:00,5326.68
2010-10-01 11:38:00,153.85000000000002
2010-10-01 11:40:00,165.0
2010-10-01 11:43:00,255.0
2010-10-01 11:45:00,646.32
2010-10-01 11:49:00,464.1
2010-10-01 11:58:00,180.38
2010-10-01 11:59:00,868.33
2010-10-01 12:07:00,234.93
2010-10-01 12:17:00,572.69
2010-10-01 12:24:00,378.45
2010-10-01 12:27:00,262.67
2010-10-01 12:46:00,388.9
2010-10-01 13:09:00,834.4399999999999
2010-10-01 13:21:00,237.96
2010-10-01 13:27:00,821.84
2010-10-01 13:40:00,122.1
2010-10-01 13:50:00,376.11
2010-10-01 13:56:00,232.56
2010-10-01 14:07:00,568.34
2010-10-01 14:31:00,543.3
2010-10-01 14:32:00,50.4
2010-10-01 14:38:00,2971.06
2010-10-01 14:40:00,301.44
2010-10-01 14:55:00,612.0
2010-10-01 14:57:00,917.16
2010-10-01 14:59:00,372.8
2010-10-01 15:06:00,228.6
2010-10-01 15:08:00,152.49
2010-10-01 15:10:00,532.4300000000001
2010-10-01 15:12:00,7.2
2010-10-01 15:16:00,97.05000000000001
2010-10-01 15:28:00,363.51
2010-10-01 15:33:00,251.1
2010-10-01 15:46:00,107.0
2010-10-01 15:51:00,381.39
2010-10-01 15:52:00,34.8
2010-10-01 16:10:00,443.09
2010-10-01 16:11:00,173.8
2010-10-01 16:16:00,297.53
2010-10-01 16:42:00,123.6
2010-10-03 10:13:00,523.3
2010-10-03 10:18:00,62.4
2010-10-03 10:27:00,189.0
2010-10-03 10:36:00,484.59000000000003
2010-10-03 10:41:00,240.68
2010-10-03 10:49:00,161.4
2010-10-03 10:50:00,2846.73
2010-10-03 10:51:00,628.1
2010-10-03 10:52:00,2736.16
2010-10-03 11:01:00,751.95
2010-10-03 11:15:00,1280.16
2010-10-03 11:17:00,515.0500000000001
2010-10-03 11:26:00,74.36
2010-10-03 11:35:00,2091.7400000000002
2010-10-03 11:43:00,482.21999999999997
2010-10-03 11:52:00,601.03
2010-10-03 11:53:00,1014.61
2010-10-03 12:00:00,1386.3
2010-10-03 12:05:00,347.3
2010-10-03 12:07:00,340.64
2010-10-03 12:13:00,64.1
2010-10-03 12:18:00,746.47
2010-10-03 12:23:00,116.32000000000001
2010-10-03 12:29:00,41.95
2010-10-03 12:33:00,1.65
2010-10-03 12:34:00,492.1
2010-10-03 12:40:00,4623.34
2010-10-03 12:46:00,88.6
2010-10-03 12:52:00,438.46
2010-10-03 12:56:00,266.4
2010-10-03 13:09:00,509.04
2010-10-03 13:21:00,507.76
2010-10-03 13:33:00,114.55000000000001
2010-10-03 13:38:00,239.01
2010-10-03 13:44:00,196.20000000000002
2010-10-03 13:45:00,157.4
2010-10-03 13:47:00,370.72
2010-10-03 13:56:00,278.62
2010-10-03 13:58:00,304.18
2010-10-03 14:03:00,558.72
2010-10-03 14:07:00,7.95
2010-10-03 14:08:00,1581.52
2010-10-03 14:13:00,262.24
2010-10-03 14:15:00,171.15
2010-10-03 14:23:00,770.2
2010-10-03 14:28:00,212.29
2010-10-03 14:32:00,789.23
2010-10-03 14:36:00,105.56
2010-10-03 14:37:00,642.98
2010-10-03 14:47:00,229.1
2010-10-03 14:50:00,688.13
2010-10-03 14:52:00,373.86
2010-10-03 14:57:00,715.1
2010-10-03 15:24:00,614.56
2010-10-03 15:30:00,592.03
2010-10-03 15:33:00,17.700000000000003
2010-10-03 15:37:00,549.98
2010-10-03 15:41:00,880.7
2010-10-03 15:48:00,779.01
2010-10-03 15:53:00,299.94
2010-10-03 15:55:00,184.0
2010-10-03 16:00:00,281.76
2010-10-03 16:04:00,593.75
2010-10-03 16:05:00,119.47
2010-10-04 08:21:00,306.15999999999997
2010-10-04 09:06:00,265.33
2010-10-04 09:14:00,682.85
2010-10-04 09:29:00,81.19999999999999
2010-10-04 09:31:00,1408.52
2010-10-04 09:37:00,1281.82
2010-10-04 10:00:00,510.2
2010-10-04 10:03:00,1285.58
2010-10-04 10:29:00,430.25
2010-10-04 10:38:00,424.26
2010-10-04 10:50:00,308.16
2010-10-04 10:52:00,1848.47
2010-10-04 10:58:00,327.45
2010-10-04 11:07:00,256.25
2010-10-04 11:16:00,837.78
2010-10-04 11:30:00,2366.12
2010-10-04 11:33:00,461.68
2010-10-04 11:44:00,365.32
2010-10-04 11:48:00,300.67
2010-10-04 11:52:00,1146.24
2010-10-04 12:03:00,310.87
2010-10-04 12:06:00,536.36
2010-10-04 12:07:00,211.4
2010-10-04 12:14:00,1037.28
2010-10-04 12:17:00,373.68
2010-10-04 12:18:00,535.8000000000001
2010-10-04 12:19:00,192.39000000000001
2010-10-04 12:22:00,895.42
2010-10-04 12:34:00,278.25
2010-10-04 12:36:00,445.34000000000003
2010-10-04 12:37:00,792.46
2010-10-04 12:38:00,185.04
2010-10-04 12:44:00,588.65
2010-10-04 12:45:00,257.33
2010-10-04 12:46:00,847.39
2010-10-04 12:48:00,536.23
2010-10-04 12:50:00,391.41
2010-10-04 12:58:00,155.83
2010-10-04 13:07:00,451.40000000000003
2010-10-04 13:10:00,445.09
2010-10-04 13:13:00,158.42000000000002
2010-10-04 13:35:00,737.64
2010-10-04 14:09:00,166.1
2010-10-04 14:10:00,550.6700000000001
2010-10-04 14:11:00,579.75
2010-10-04 14:14:00,24.4
2010-10-04 14:15:00,288.2
2010-10-04 14:33:00,555.1600000000001
2010-10-04 14:35:00,540.76
2010-10-04 14:42:00,861.73
2010-10-04 14:51:00,478.33000000000004
2010-10-04 15:01:00,419.61
2010-10-04 15:07:00,539.8
2010-10-04 15:10:00,307.95000000000005
2010-10-04 15:11:00,427.48
2010-10-04 15:14:00,571.13
2010-10-04 15:15:00,466.02000000000004
2010-10-04 15:29:00,89.65
2010-10-04 15:41:00,890.4200000000001
2010-10-04 15:44:00,524.54
2010-10-04 15:46:00,40.8
2010-10-04 15:54:00,412.20000000000005
2010-10-04 17:07:00,373.65
2010-10-04 17:11:00,590.22
2010-10-05 08:00:00,109.8
2010-10-05 08:01:00,110.32
2010-10-05 08:10:00,271.65000000000003
2010-10-05 08:27:00,37.8
2010-10-05 08:29:00,1729.9
2010-10-05 08:31:00,254.39999999999998
2010-10-05 08:34:00,4377.52
2010-10-05 08:36:00,176.4
2010-10-05 08:45:00,581.1
2010-10-05 08:46:00,215.75
2010-10-05 08:50:00,445.46000000000004
2010-10-05 09:21:00,211.18
2010-10-05 09:26:00,575.2
2010-10-05 09:29:00,523.24
2010-10-05 09:32:00,253.55
2010-10-05 09:38:00,942.0
2010-10-05 09:43:00,647.1
2010-10-05 09:45:00,314.4
2010-10-05 09:46:00,447.91999999999996
2010-10-05 09:58:00,635.75
2010-10-05 10:00:00,440.76
2010-10-05 10:08:00,119.85
2010-10-05 10:14:00,531.6
2010-10-05 10:21:00,910.98
2010-10-05 10:23:00,572.45
2010-10-05 10:31:00,467.37
2010-10-05 10:35:00,229.75
2010-10-05 10:39:00,308.45000000000005
2010-10-05 10:41:00,294.65
2010-10-05 11:00:00,287.97
2010-10-05 11:09:00,268.1
2010-10-05 11:15:00,265.84000000000003
2010-10-05 11:17:00,1710.82
2010-10-05 11:23:00,157.74
2010-10-05 11:24:00,2816.48
2010-10-05 11:32:00,856.06
2010-10-05 11:33:00,613.64
2010-10-05 11:34:00,392.34
2010-10-05 11:41:00,590.0500000000001
2010-10-05 11:52:00,790.79
2010-10-05 11:53:00,14.98
2010-10-05 11:54:00,16.35
2010-10-05 12:02:00,301.99
2010-10-05 12:18:00,426.94
2010-10-05 12:25:00,315.9
2010-10-05 12:37:00,297.85
2010-10-05 12:38:00,494.55
2010-10-05 12:39:00,250.85
2010-10-05 12:43:00,397.44000000000005
2010-10-05 12:44:00,35.0
2010-10-05 12:46:00,548.65
2010-10-05 12:52:00,845.0
2010-10-05 12:53:00,331.73
2010-10-05 12:58:00,10.5
2010-10-05 12:59:00,304.7
2010-10-05 13:01:00,314.67
2010-10-05 13:03:00,360.0
2010-10-05 13:05:00,410.58
2010-10-05 13:11:00,210.85
2010-10-05 13:12:00,254.13
2010-10-05 13:14:00,528.96
2010-10-05 13:15:00,134.70000000000002
2010-10-05 13:19:00,193.0
2010-10-05 13:20:00,42.349999999999994
2010-10-05 13:21:00,616.62
2010-10-05 13:29:00,2486.34
2010-10-05 13:33:00,946.32
2010-10-05 13:37:00,677.0
2010-10-05 13:45:00,598.5
2010-10-05 13:47:00,267.1
2010-10-05 13:48:00,304.25
2010-10-05 13:52:00,333.24
2010-10-05 13:56:00,413.36
2010-10-05 13:57:00,328.77
2010-10-05 14:05:00,1132.72
2010-10-05 14:09:00,188.94
2010-10-05 14:12:00,465.6
2010-10-05 14:14:00,358.79999999999995
2010-10-05 14:19:00,642.54
2010-10-05 14:29:00,593.52
2010-10-05 14:30:00,20.0
2010-10-05 14:46:00,377.71
2010-10-05 14:52:00,126.0
2010-10-05 14:55:00,176.24
2010-10-05 14:58:00,99.5
2010-10-05 15:15:00,500.40999999999997
2010-10-05 15:17:00,383.48
2010-10-05 15:32:00,334.7
2010-10-05 15:34:00,315.84000000000003
2010-10-05 15:43:00,1399.36
2010-10-05 15:49:00,691.52
2010-10-05 15:52:00,383.65
2010-10-05 15:55:00,228.0
2010-10-05 16:18:00,238.05
2010-10-05 16:24:00,594.83
2010-10-05 16:34:00,434.90000000000003
2010-10-05 16:43:00,273.48
2010-10-05 16:46:00,312.68
2010-10-05 16:47:00,2545.85
2010-10-05 16:50:00,179.95000000000002
2010-10-05 16:59:00,393.15
2010-10-05 17:14:00,398.96
2010-10-05 17:33:00,318.05
2010-10-05 17:55:00,855.59
2010-10-05 18:39:00,332.71
2010-10-05 18:40:00,16.35
2010-10-05 18:51:00,287.68
2010-10-05 19:20:00,8.850000000000001
2010-10-06 08:17:00,1106.7
2010-10-06 09:18:00,188.09
2010-10-06 09:37:00,30.0
2010-10-06 09:56:00,208.20000000000002
2010-10-06 10:00:00,543.91
2010-10-06 10:03:00,132.44
2010-10-06 10:04:00,1299.85
2010-10-06 10:05:00,539.1
2010-10-06 10:22:00,373.8
2010-10-06 10:37:00,294.8
2010-10-06 10:40:00,523.48
2010-10-06 10:41:00,1173.78
2010-10-06 10:50:00,65.3
2010-10-06 11:04:00,463.86
2010-10-06 11:15:00,238.05
2010-10-06 11:25:00,1035.1
2010-10-06 11:30:00,165.60000000000002
2010-10-06 11:43:00,1824.0
2010-10-06 11:55:00,377.4
2010-10-06 12:03:00,121.69
2010-10-06 12:08:00,1610.76
2010-10-06 12:10:00,255.20000000000002
2010-10-06 12:22:00,134.3
2010-10-06 12:30:00,529.0
2010-10-06 12:34:00,117.35
2010-10-06 12:35:00,61.28
2010-10-06 12:36:00,1901.15
2010-10-06 12:42:00,669.28
2010-10-06 12:49:00,454.7
2010-10-06 12:59:00,805.2000000000002
2010-10-06 13:08:00,38.9
2010-10-06 13:12:00,129.95
2010-10-06 13:20:00,463.49
2010-10-06 13:24:00,399.68
2010-10-06 13:25:00,132.2
2010-10-06 13:29:00,1627.2
2010-10-06 13:44:00,300.13
2010-10-06 13:53:00,375.88
2010-10-06 14:12:00,545.62
2010-10-06 14:20:00,144.83
2010-10-06 14:24:00,1018.5
2010-10-06 14:31:00,400.0
2010-10-06 14:34:00,1121.28
2010-10-06 14:38:00,467.33
2010-10-06 14:51:00,559.2
2010-10-06 14:52:00,360.64
2010-10-06 15:00:00,15.0
2010-10-06 15:11:00,616.5
2010-10-06 15:17:00,15.8
2010-10-06 15:19:00,81.36
2010-10-06 15:33:00,379.71999999999997
2010-10-06 15:34:00,1669.78
2010-10-06 15:43:00,489.59999999999997
2010-10-06 15:49:00,457.8
2010-10-06 15:54:00,141.7
2010-10-06 15:58:00,708.11
2010-10-06 16:17:00,147.65
2010-10-06 16:44:00,93.6
2010-10-06 17:21:00,210.19
2010-10-07 08:27:00,515.15
2010-10-07 08:33:00,357.8
2010-10-07 08:35:00,107.46000000000001
2010-10-07 08:50:00,310.75
2010-10-07 09:02:00,217.03
2010-10-07 09:12:00,432.3
2010-10-07 09:23:00,210.7
2010-10-07 09:25:00,19.8
2010-10-07 09:28:00,508.94
2010-10-07 09:31:00,336.37
2010-10-07 09:44:00,335.39
2010-10-07 09:53:00,856.64
2010-10-07 09:54:00,354.3
2010-10-07 10:21:00,376.56000000000006
2010-10-07 10:25:00,23.700000000000003
2010-10-07 10:29:00,190.3
2010-10-07 10:36:00,2990.44
2010-10-07 10:37:00,1221.15
2010-10-07 10:39:00,3084.02
2010-10-07 10:41:00,354.6
2010-10-07 11:12:00,209.05
2010-10-07 11:17:00,17.0
2010-10-07 11:27:00,699.0
2010-10-07 11:33:00,241.58
2010-10-07 11:36:00,477.08
2010-10-07 11:45:00,351.3
2010-10-07 11:46:00,515.64
2010-10-07 11:50:00,662.4
2010-10-07 11:52:00,501.2
2010-10-07 11:53:00,93.55
2010-10-07 11:55:00,285.78000000000003
2010-10-07 11:56:00,95.88000000000001
2010-10-07 11:57:00,17.0
2010-10-07 11:59:00,458.45
2010-10-07 12:01:00,19.5
2010-10-07 12:10:00,75.0
2010-10-07 12:15:00,183.85000000000002
2010-10-07 12:18:00,545.4000000000001
2010-10-07 12:23:00,382.68
2010-10-07 12:29:00,42.2
2010-10-07 12:30:00,448.8
2010-10-07 12:39:00,833.5300000000001
2010-10-07 12:44:00,17.7
2010-10-07 12:51:00,389.75
2010-10-07 12:56:00,318.6
2010-10-07 13:05:00,235.96
2010-10-07 13:09:00,244.0
2010-10-07 13:15:00,124.08
2010-10-07 13:19:00,1240.25
2010-10-07 13:21:00,149.6
2010-10-07 13:22:00,1319.9099999999999
2010-10-07 13:28:00,209.69
2010-10-07 13:32:00,40.56
2010-10-07 13:35:00,205.3
2010-10-07 13:38:00,655.59
2010-10-07 13:42:00,426.45
2010-10-07 13:49:00,303.8
2010-10-07 14:05:00,394.37
2010-10-07 14:06:00,251.25
2010-10-07 14:11:00,241.83
2010-10-07 14:13:00,1070.0
2010-10-07 14:21:00,2027.7
2010-10-07 14:24:00,1233.15
2010-10-07 14:28:00,773.01
2010-10-07 14:30:00,180.02
2010-10-07 14:39:00,70.29
2010-10-07 14:48:00,166.23
2010-10-07 14:49:00,1.95
2010-10-07 15:01:00,507.97
2010-10-07 15:03:00,114.5
2010-10-07 15:08:00,369.0
2010-10-07 15:09:00,733.87
2010-10-07 15:25:00,301.03
2010-10-07 15:33:00,154.59
2010-10-07 15:38:00,210.64000000000001
2010-10-07 15:41:00,472.68
2010-10-07 15:44:00,195.99
2010-10-07 15:45:00,344.1
2010-10-07 16:07:00,311.99
2010-10-07 16:08:00,1177.5
2010-10-07 16:11:00,311.99
2010-10-07 16:14:00,1116.78
2010-10-07 16:28:00,424.45
2010-10-07 16:33:00,312.0
2010-10-07 16:36:00,462.73
2010-10-07 16:46:00,239.9
2010-10-07 16:48:00,1694.64
2010-10-07 16:57:00,15.9
2010-10-07 16:59:00,173.95
2010-10-07 17:26:00,249.45999999999998
2010-10-07 17:27:00,276.5
2010-10-07 17:37:00,1115.8700000000001
2010-10-07 17:42:00,512.75
2010-10-07 17:45:00,51.0
2010-10-07 17:52:00,557.63
2010-10-07 18:19:00,145.44
2010-10-07 18:27:00,491.78000000000003
2010-10-07 18:45:00,426.3
2010-10-07 18:48:00,224.82
2010-10-07 19:03:00,868.38
2010-10-07 19:16:00,131.55
2010-10-07 19:51:00,549.33
2010-10-07 19:56:00,113.6
2010-10-08 09:20:00,307.34
2010-10-08 09:23:00,1367.1
2010-10-08 09:32:00,311.78000000000003
2010-10-08 09:58:00,992.6700000000001
2010-10-08 10:00:00,498.05
2010-10-08 10:10:00,6082.08
2010-10-08 10:21:00,4045.0
2010-10-08 10:23:00,592.04
2010-10-08 10:26:00,268.47
2010-10-08 10:27:00,303.48
2010-10-08 10:46:00,1650.0
2010-10-08 10:54:00,543.6
2010-10-08 10:58:00,475.0
2010-10-08 10:59:00,233.38
2010-10-08 11:02:00,984.15
2010-10-08 11:31:00,327.75
2010-10-08 11:36:00,449.48
2010-10-08 11:45:00,525.59
2010-10-08 11:48:00,564.0
2010-10-08 11:49:00,207.01
2010-10-08 11:52:00,184.9
2010-10-08 12:03:00,5245.18
2010-10-08 12:06:00,1012.1500000000001
2010-10-08 12:08:00,1095.25
2010-10-08 12:14:00,3767.62
2010-10-08 12:16:00,154.03
2010-10-08 12:18:00,886.09
2010-10-08 12:20:00,282.95
2010-10-08 12:26:00,777.96
2010-10-08 12:35:00,488.1
2010-10-08 12:36:00,479.4
2010-10-08 12:44:00,463.2
2010-10-08 12:48:00,367.0
2010-10-08 13:15:00,62.4
2010-10-08 13:16:00,813.8299999999999
2010-10-08 13:18:00,44.400000000000006
2010-10-08 13:23:00,113.63
2010-10-08 13:30:00,2146.84
2010-10-08 13:31:00,416.81
2010-10-08 13:52:00,1213.68
2010-10-08 13:55:00,180.0
2010-10-08 13:58:00,489.69
2010-10-08 13:59:00,355.14
2010-10-08 14:21:00,307.76
2010-10-08 14:35:00,313.90000000000003
2010-10-08 14:38:00,319.1
2010-10-08 14:40:00,634.35
2010-10-08 14:44:00,428.76
2010-10-08 14:45:00,15.0
2010-10-08 14:51:00,597.4
2010-10-08 15:09:00,295.68
2010-10-08 15:20:00,195.14999999999998
2010-10-08 15:30:00,515.5
2010-10-08 15:40:00,282.0
2010-10-08 15:56:00,4486.11
2010-10-08 16:19:00,2.55
2010-10-08 16:37:00,474.9
2010-10-08 16:40:00,653.22
2010-10-08 17:07:00,437.4
2010-10-08 17:28:00,109.73
2010-10-10 10:22:00,407.0
2010-10-10 10:33:00,557.84
2010-10-10 10:43:00,876.41
2010-10-10 10:47:00,835.86
2010-10-10 10:48:00,556.53
2010-10-10 10:49:00,511.88
2010-10-10 11:03:00,378.90000000000003
2010-10-10 11:16:00,551.33
2010-10-10 11:25:00,105.53999999999999
2010-10-10 11:32:00,189.9
2010-10-10 11:33:00,344.47
2010-10-10 11:37:00,215.86
2010-10-10 11:41:00,263.62
2010-10-10 11:42:00,1067.1200000000001
2010-10-10 11:47:00,493.89
2010-10-10 11:53:00,483.12
2010-10-10 11:56:00,284.61
2010-10-10 11:58:00,295.05
2010-10-10 12:01:00,357.19
2010-10-10 12:02:00,151.9
2010-10-10 12:04:00,231.04
2010-10-10 12:09:00,598.9
2010-10-10 12:40:00,502.87
2010-10-10 12:45:00,302.0
2010-10-10 12:48:00,948.9300000000001
2010-10-10 12:51:00,425.46000000000004
2010-10-10 12:53:00,170.95
2010-10-10 12:56:00,5.8
2010-10-10 13:03:00,247.86
2010-10-10 13:06:00,252.9
2010-10-10 13:09:00,532.91
2010-10-10 13:23:00,872.64
2010-10-10 13:24:00,183.5
2010-10-10 13:26:00,142.0
2010-10-10 13:31:00,516.97
2010-10-10 13:38:00,334.61
2010-10-10 13:46:00,161.49
2010-10-10 13:51:00,227.98000000000002
2010-10-10 13:55:00,81.22
2010-10-10 14:14:00,230.0
2010-10-10 14:17:00,1198.82
2010-10-10 14:18:00,669.9300000000001
2010-10-10 14:19:00,571.36
2010-10-10 14:30:00,680.4300000000001
2010-10-10 14:33:00,40.45
2010-10-10 14:35:00,17.700000000000003
2010-10-10 14:38:00,134.95
2010-10-10 14:42:00,3.3
2010-10-10 14:56:00,683.79
2010-10-10 14:59:00,83.85
2010-10-10 15:05:00,103.47
2010-10-10 15:06:00,160.0
2010-10-10 15:07:00,819.0
2010-10-10 15:08:00,19.8
2010-10-10 15:21:00,227.97
2010-10-10 15:26:00,114.3
2010-10-10 15:27:00,808.46
2010-10-10 15:44:00,372.40000000000003
2010-10-10 15:45:00,30.0
2010-10-10 15:57:00,8.5
2010-10-10 16:01:00,133.18
2010-10-10 16:02:00,220.44
2010-10-10 16:08:00,139.16
2010-10-11 08:12:00,318.6
2010-10-11 08:30:00,433.11
2010-10-11 09:04:00,3648.6
2010-10-11 09:11:00,495.20000000000005
2010-10-11 09:15:00,90.2
2010-10-11 09:18:00,787.79
2010-10-11 09:35:00,97.05
2010-10-11 09:40:00,80.16
2010-10-11 09:42:00,910.44
2010-10-11 09:44:00,337.90999999999997
2010-10-11 10:04:00,319.2
2010-10-11 10:15:00,757.05
2010-10-11 10:30:00,318.40999999999997
2010-10-11 10:33:00,178.32
2010-10-11 10:34:00,612.4300000000001
2010-10-11 10:56:00,4215.74
2010-10-11 10:58:00,177.03
2010-10-11 11:04:00,589.24
2010-10-11 11:15:00,782.6
2010-10-11 11:32:00,577.7
2010-10-11 11:34:00,456.81
2010-10-11 11:50:00,1385.7
2010-10-11 11:53:00,505.42
2010-10-11 12:00:00,261.06
2010-10-11 12:06:00,83.4
2010-10-11 12:07:00,433.6
2010-10-11 12:12:00,340.55
2010-10-11 12:16:00,553.85
2010-10-11 12:18:00,451.58000000000004
2010-10-11 12:26:00,206.72000000000003
2010-10-11 12:31:00,253.20000000000002
2010-10-11 12:33:00,656.16
2010-10-11 12:34:00,125.27
2010-10-11 12:36:00,810.0
2010-10-11 12:48:00,388.69
2010-10-11 12:52:00,268.28
2010-10-11 12:53:00,298.05
2010-10-11 13:17:00,342.38
2010-10-11 13:19:00,689.46
2010-10-11 13:20:00,544.8000000000001
2010-10-11 13:25:00,1004.88
2010-10-11 13:26:00,261.32
2010-10-11 13:28:00,117.32
2010-10-11 13:31:00,54.13
2010-10-11 13:35:00,188.6
2010-10-11 13:36:00,379.78
2010-10-11 13:38:00,494.85
2010-10-11 13:48:00,165.46
2010-10-11 13:49:00,988.36
2010-10-11 13:55:00,144.12
2010-10-11 13:56:00,809.1
2010-10-11 13:57:00,134.6
2010-10-11 13:59:00,464.06
2010-10-11 14:05:00,1136.7
2010-10-11 14:15:00,290.8
2010-10-11 14:17:00,390.0
2010-10-11 14:19:00,45.0
2010-10-11 14:25:00,141.2
2010-10-11 14:32:00,588.08
2010-10-11 14:33:00,303.37
2010-10-11 14:38:00,570.0
2010-10-11 14:45:00,325.56
2010-10-11 14:46:00,42.3
2010-10-11 14:59:00,60.17
2010-10-11 15:00:00,219.75
2010-10-11 15:01:00,451.02000000000004
2010-10-11 15:05:00,279.83
2010-10-11 15:08:00,1281.89
2010-10-11 15:11:00,193.05
2010-10-11 15:12:00,413.5
2010-10-11 15:25:00,294.36
2010-10-11 15:43:00,569.63
2010-10-11 15:57:00,141.12
2010-10-11 15:59:00,300.9
2010-10-11 16:00:00,19.8
2010-10-11 16:14:00,745.0
2010-10-11 16:24:00,312.64
2010-10-11 16:42:00,17.55
2010-10-11 16:51:00,203.64000000000001
2010-10-11 17:01:00,177.3
2010-10-11 17:23:00,192.41
2010-10-11 17:29:00,267.99
2010-10-12 07:49:00,293.5
2010-10-12 08:08:00,393.6
2010-10-12 08:25:00,583.65
2010-10-12 08:26:00,817.3
2010-10-12 08:43:00,124.95
2010-10-12 08:51:00,386.53000000000003
2010-10-12 09:01:00,580.44
2010-10-12 09:17:00,261.35
2010-10-12 09:25:00,259.43
2010-10-12 09:26:00,47.4
2010-10-12 09:31:00,424.63
2010-10-12 09:47:00,194.5
2010-10-12 09:53:00,495.0
2010-10-12 09:55:00,1390.54
2010-10-12 09:58:00,641.76
2010-10-12 10:05:00,369.78000000000003
2010-10-12 10:12:00,327.78
2010-10-12 10:13:00,17.700000000000003
2010-10-12 10:22:00,101.03999999999999
2010-10-12 10:24:00,353.09000000000003
2010-10-12 10:38:00,535.33
2010-10-12 10:42:00,361.44
2010-10-12 10:43:00,462.70000000000005
2010-10-12 10:44:00,580.97
2010-10-12 10:48:00,100.2
2010-10-12 10:53:00,725.02
2010-10-12 11:04:00,869.37
2010-10-12 11:06:00,276.1
2010-10-12 11:07:00,201.6
2010-10-12 11:34:00,370.90000000000003
2010-10-12 11:39:00,722.52
2010-10-12 11:48:00,1282.75
2010-10-12 11:52:00,5698.8
2010-10-12 11:55:00,302.13
2010-10-12 12:10:00,70.80000000000001
2010-10-12 12:13:00,306.55
2010-10-12 12:17:00,100.4
2010-10-12 12:19:00,30.6
2010-10-12 12:20:00,201.85999999999999
2010-10-12 12:21:00,474.03000000000003
2010-10-12 12:22:00,137.19
2010-10-12 12:23:00,6.25
2010-10-12 12:31:00,1057.68
2010-10-12 12:36:00,426.38
2010-10-12 12:41:00,127.02
2010-10-12 12:48:00,357.15000000000003
2010-10-12 12:50:00,559.72
2010-10-12 12:59:00,113.02
2010-10-12 13:03:00,405.8
2010-10-12 13:07:00,14.850000000000001
2010-10-12 13:09:00,4.95
2010-10-12 13:11:00,4.95
2010-10-12 13:16:00,403.43
2010-10-12 13:19:00,1696.95
2010-10-12 13:20:00,153.9
2010-10-12 13:22:00,123.66
2010-10-12 13:26:00,741.88
2010-10-12 13:32:00,193.85999999999999
2010-10-12 13:33:00,283.06
2010-10-12 13:35:00,537.99
2010-10-12 13:39:00,711.9399999999999
2010-10-12 13:50:00,489.84000000000003
2010-10-12 13:53:00,305.5
2010-10-12 13:54:00,304.3
2010-10-12 14:09:00,322.93
2010-10-12 14:14:00,147.09
2010-10-12 14:34:00,136.8
2010-10-12 14:42:00,135.7
2010-10-12 14:52:00,348.16
2010-10-12 14:56:00,129.0
2010-10-12 15:04:00,689.83
2010-10-12 15:08:00,24.05
2010-10-12 15:09:00,353.56
2010-10-12 15:15:00,465.42
2010-10-12 15:20:00,2148.7400000000002
2010-10-12 15:21:00,79.6
2010-10-12 15:41:00,132.8
2010-10-12 15:46:00,650.82
2010-10-12 16:05:00,327.29999999999995
2010-10-12 16:08:00,248.25
2010-10-12 16:23:00,396.17
2010-10-12 16:25:00,74.99
2010-10-12 16:29:00,279.8
2010-10-12 16:37:00,1116.26
2010-10-12 16:38:00,2556.34
2010-10-12 16:40:00,704.36
2010-10-12 16:43:00,146.76000000000002
2010-10-12 16:51:00,501.92
2010-10-12 16:53:00,284.32
2010-10-12 17:06:00,1262.48
2010-10-12 17:11:00,256.42
2010-10-12 17:17:00,319.2
2010-10-12 17:20:00,159.4
2010-10-12 17:22:00,170.39
2010-10-12 17:24:00,102.7
2010-10-12 17:53:00,574.64
2010-10-12 18:16:00,420.84
2010-10-13 08:29:00,1316.2
2010-10-13 09:20:00,539.65
2010-10-13 09:32:00,397.2
2010-10-13 09:42:00,167.45000000000002
2010-10-13 09:47:00,435.6
2010-10-13 10:09:00,142.8
2010-10-13 10:11:00,150.65
2010-10-13 10:12:00,354.15
2010-10-13 10:17:00,202.84
2010-10-13 10:23:00,128.1
2010-10-13 10:29:00,1132.53
2010-10-13 10:31:00,990.1800000000001
2010-10-13 10:43:00,164.42000000000002
2010-10-13 10:46:00,579.39
2010-10-13 10:52:00,631.9300000000001
2010-10-13 10:53:00,11184.3
2010-10-13 10:55:00,153.0
2010-10-13 11:05:00,188.4
2010-10-13 11:10:00,341.99
2010-10-13 11:16:00,462.52
2010-10-13 11:34:00,131.25
2010-10-13 11:38:00,266.96000000000004
2010-10-13 11:39:00,2485.48
2010-10-13 11:40:00,285.6
2010-10-13 11:41:00,379.2
2010-10-13 11:42:00,165.0
2010-10-13 11:55:00,633.51
2010-10-13 12:00:00,608.13
2010-10-13 12:02:00,167.14
2010-10-13 12:18:00,5557.78
2010-10-13 12:22:00,390.20000000000005
2010-10-13 12:24:00,260.49
2010-10-13 12:31:00,93.1
2010-10-13 12:32:00,50.55
2010-10-13 12:36:00,63.66
2010-10-13 12:44:00,83.7
2010-10-13 12:48:00,1340.42
2010-10-13 12:50:00,311.54
2010-10-13 12:59:00,659.48
2010-10-13 13:01:00,522.69
2010-10-13 13:05:00,120.34
2010-10-13 13:07:00,462.95000000000005
2010-10-13 13:08:00,290.93
2010-10-13 13:09:00,340.5
2010-10-13 13:12:00,198.26
2010-10-13 13:22:00,246.5
2010-10-13 13:32:00,337.63
2010-10-13 13:37:00,484.1
2010-10-13 13:41:00,520.89
2010-10-13 14:03:00,800.62
2010-10-13 14:08:00,114.76
2010-10-13 14:12:00,395.62
2010-10-13 14:14:00,91.2
2010-10-13 14:25:00,104.8
2010-10-13 14:28:00,157.41
2010-10-13 14:39:00,331.0
2010-10-13 14:40:00,1287.0
2010-10-13 14:41:00,557.69
2010-10-13 14:46:00,1021.07
2010-10-13 14:52:00,1057.8
2010-10-13 14:57:00,913.5
2010-10-13 14:58:00,340.9
2010-10-13 15:07:00,1703.86
2010-10-13 15:10:00,177.60000000000002
2010-10-13 15:13:00,113.54
2010-10-13 15:14:00,274.23
2010-10-13 15:17:00,340.33000000000004
2010-10-13 15:22:00,629.6800000000001
2010-10-13 15:33:00,302.04
2010-10-13 15:37:00,853.86
2010-10-13 15:40:00,690.78
2010-10-13 16:09:00,849.9
2010-10-13 16:17:00,639.89
2010-10-13 16:18:00,280.11
2010-10-13 16:31:00,306.24
2010-10-13 16:58:00,107.99
2010-10-14 09:01:00,238.98
2010-10-14 09:09:00,816.84
2010-10-14 09:31:00,1128.06
2010-10-14 09:44:00,634.1999999999999
2010-10-14 09:46:00,26007.08
2010-10-14 09:50:00,824.7
2010-10-14 10:00:00,1024.32
2010-10-14 10:07:00,401.85
2010-10-14 10:10:00,1783.68
2010-10-14 10:16:00,793.35
2010-10-14 10:17:00,305.7
2010-10-14 10:24:00,102.0
2010-10-14 10:26:00,372.98
2010-10-14 10:30:00,2832.48
2010-10-14 10:36:00,423.17
2010-10-14 11:06:00,504.49
2010-10-14 11:15:00,204.42
2010-10-14 11:43:00,394.33
2010-10-14 11:47:00,202.48
2010-10-14 11:52:00,1115.33
2010-10-14 11:54:00,967.5699999999999
2010-10-14 12:05:00,369.76
2010-10-14 12:10:00,216.70000000000002
2010-10-14 12:14:00,320.05
2010-10-14 12:22:00,612.8100000000001
2010-10-14 12:27:00,1533.89
2010-10-14 12:31:00,1334.48
2010-10-14 12:32:00,321.9
2010-10-14 12:41:00,421.61
2010-10-14 12:44:00,654.8
2010-10-14 12:46:00,19.3
2010-10-14 12:48:00,128.6
2010-10-14 12:49:00,77.05
2010-10-14 12:50:00,235.5
2010-10-14 12:54:00,376.92
2010-10-14 13:00:00,512.88
2010-10-14 13:02:00,634.22
2010-10-14 13:05:00,217.43
2010-10-14 13:09:00,264.01
2010-10-14 13:12:00,364.24
2010-10-14 13:20:00,300.0
2010-10-14 13:31:00,200.0
2010-10-14 13:32:00,29.75
2010-10-14 13:35:00,339.95
2010-10-14 13:37:00,141.29
2010-10-14 13:38:00,327.68
2010-10-14 13:48:00,164.4
2010-10-14 13:54:00,912.1
2010-10-14 13:57:00,157.85999999999999
2010-10-14 14:04:00,45.0
2010-10-14 14:08:00,1675.45
2010-10-14 14:11:00,522.75
2010-10-14 14:14:00,288.15
2010-10-14 14:18:00,1062.41
2010-10-14 14:45:00,5.9
2010-10-14 15:19:00,307.75
2010-10-14 15:23:00,907.1999999999999
2010-10-14 15:26:00,101.31
2010-10-14 15:33:00,169.2
2010-10-14 15:45:00,727.4
2010-10-14 15:49:00,316.61
2010-10-14 15:50:00,17.700000000000003
2010-10-14 15:51:00,19.8
2010-10-14 16:04:00,146.75
2010-10-14 16:09:00,479.32
2010-10-14 16:14:00,474.74
2010-10-14 16:24:00,141.55
2010-10-14 16:26:00,791.22
2010-10-14 16:29:00,317.1
2010-10-14 16:30:00,555.4
2010-10-14 16:40:00,1325.0
2010-10-14 16:44:00,416.68
2010-10-14 16:54:00,158.75
2010-10-14 17:09:00,1476.8500000000001
2010-10-14 17:13:00,126.35000000000001
2010-10-14 17:16:00,391.72
2010-10-14 17:23:00,622.25
2010-10-14 17:24:00,60.900000000000006
2010-10-14 17:33:00,4733.52
2010-10-14 17:44:00,662.91
2010-10-14 17:51:00,816.97
2010-10-14 17:59:00,543.0
2010-10-14 18:01:00,16.5
2010-10-14 18:02:00,151.8
2010-10-14 18:19:00,102.0
2010-10-14 18:25:00,331.21000000000004
2010-10-14 19:39:00,973.68
2010-10-14 19:46:00,12695.14
2010-10-15 08:26:00,117.0
2010-10-15 08:41:00,603.6
2010-10-15 09:15:00,98.4
2010-10-15 09:27:00,289.6
2010-10-15 09:29:00,727.83
2010-10-15 09:31:00,636.36
2010-10-15 09:32:00,105.6
2010-10-15 09:33:00,1451.26
2010-10-15 10:10:00,223.45
2010-10-15 10:16:00,806.46
2010-10-15 10:17:00,411.35
2010-10-15 10:18:00,140.60000000000002
2010-10-15 10:20:00,206.08
2010-10-15 10:21:00,478.1
2010-10-15 10:24:00,5231.06
2010-10-15 10:39:00,103.62
2010-10-15 10:49:00,67.5
2010-10-15 11:05:00,141.3
2010-10-15 11:07:00,601.29
2010-10-15 11:25:00,160.65
2010-10-15 11:29:00,149.3
2010-10-15 11:45:00,539.71
2010-10-15 11:46:00,493.5
2010-10-15 11:47:00,371.25
2010-10-15 11:49:00,280.71
2010-10-15 11:50:00,1311.6
2010-10-15 12:00:00,239.6
2010-10-15 12:09:00,253.55
2010-10-15 12:11:00,229.05
2010-10-15 12:14:00,200.51999999999998
2010-10-15 12:20:00,452.75
2010-10-15 12:22:00,263.31
2010-10-15 12:27:00,220.32
2010-10-15 12:28:00,621.36
2010-10-15 12:30:00,688.2
2010-10-15 12:32:00,562.8
2010-10-15 12:35:00,447.06
2010-10-15 12:37:00,653.25
2010-10-15 12:39:00,1108.44
2010-10-15 12:40:00,2667.88
2010-10-15 12:44:00,1351.8000000000002
2010-10-15 12:45:00,281.13
2010-10-15 12:50:00,281.92
2010-10-15 12:52:00,265.3
2010-10-15 13:01:00,140.88
2010-10-15 13:02:00,153.2
2010-10-15 13:05:00,2225.17
2010-10-15 13:13:00,379.8
2010-10-15 13:15:00,57.6
2010-10-15 13:21:00,805.38
2010-10-15 13:28:00,1125.08
2010-10-15 13:33:00,819.55
2010-10-15 13:37:00,313.47
2010-10-15 13:39:00,310.0
2010-10-15 13:40:00,129.97
2010-10-15 13:42:00,321.5
2010-10-15 13:43:00,43.35
2010-10-15 13:47:00,138.49
2010-10-15 13:48:00,292.83
2010-10-15 13:50:00,90.0
2010-10-15 13:57:00,340.0
2010-10-15 14:08:00,306.0
2010-10-15 14:10:00,59.5
2010-10-15 14:11:00,1432.27
2010-10-15 14:12:00,83.4
2010-10-15 14:20:00,303.85
2010-10-15 14:22:00,334.44
2010-10-15 14:27:00,288.09000000000003
2010-10-15 14:35:00,169.0
2010-10-15 14:45:00,677.0500000000001
2010-10-15 14:47:00,35.900000000000006
2010-10-15 14:50:00,480.48
2010-10-15 14:51:00,135.32000000000002
2010-10-15 14:52:00,520.0
2010-10-15 14:53:00,86.25
2010-10-15 15:06:00,315.82
2010-10-15 15:13:00,380.15
2010-10-15 15:28:00,217.43
2010-10-15 15:29:00,156.1
2010-10-15 15:32:00,532.5
2010-10-15 15:38:00,305.11
2010-10-15 15:46:00,23.75
2010-10-15 15:51:00,19.8
2010-10-15 15:52:00,329.12
2010-10-15 16:00:00,734.82
2010-10-15 16:04:00,250.98
2010-10-17 09:54:00,1356.0
2010-10-17 10:13:00,567.67
2010-10-17 10:34:00,257.0
2010-10-17 10:42:00,369.85
2010-10-17 10:43:00,239.36
2010-10-17 10:46:00,749.66
2010-10-17 10:56:00,660.4
2010-10-17 10:57:00,364.02
2010-10-17 11:11:00,138.75
2010-10-17 11:20:00,312.88
2010-10-17 11:23:00,123.95
2010-10-17 11:24:00,389.19
2010-10-17 11:29:00,199.75
2010-10-17 11:38:00,317.85
2010-10-17 11:58:00,453.33
2010-10-17 12:03:00,532.5
2010-10-17 12:06:00,190.57
2010-10-17 12:11:00,116.75
2010-10-17 12:18:00,134.6
2010-10-17 12:34:00,679.54
2010-10-17 12:37:00,400.08
2010-10-17 12:47:00,206.7
2010-10-17 12:52:00,788.04
2010-10-17 12:56:00,591.85
2010-10-17 12:59:00,362.40000000000003
2010-10-17 13:01:00,306.2
2010-10-17 13:02:00,584.58
2010-10-17 13:06:00,204.35
2010-10-17 13:07:00,417.38
2010-10-17 13:09:00,219.15
2010-10-17 13:10:00,193.13
2010-10-17 13:16:00,268.67
2010-10-17 13:22:00,275.34000000000003
2010-10-17 13:28:00,630.59
2010-10-17 13:33:00,325.88
2010-10-17 13:35:00,223.8
2010-10-17 13:40:00,203.9
2010-10-17 13:46:00,266.23
2010-10-17 13:58:00,634.2
2010-10-17 13:59:00,1561.26
2010-10-17 14:17:00,422.82
2010-10-17 14:26:00,727.15
2010-10-17 14:30:00,691.78
2010-10-17 14:35:00,12.5
2010-10-17 14:44:00,209.59
2010-10-17 14:49:00,411.0
2010-10-17 14:54:00,117.4
2010-10-17 15:03:00,142.95
2010-10-17 15:05:00,590.4
2010-10-17 15:13:00,846.89
2010-10-17 15:16:00,466.3
2010-10-17 15:21:00,111.27
2010-10-17 15:34:00,2392.46
2010-10-17 15:37:00,403.85
2010-10-17 15:40:00,2518.0
2010-10-17 15:43:00,31.39
2010-10-17 15:50:00,956.72
2010-10-17 15:58:00,133.08
2010-10-17 16:06:00,965.85
2010-10-17 16:08:00,286.67
2010-10-17 16:16:00,550.79
2010-10-17 16:17:00,1310.28
2010-10-17 16:24:00,8.850000000000001
2010-10-17 16:37:00,27.0
2010-10-17 16:39:00,23.8
2010-10-18 07:25:00,196.6
2010-10-18 07:27:00,367.32000000000005
2010-10-18 08:11:00,2098.51
2010-10-18 08:13:00,128.4
2010-10-18 08:42:00,432.54999999999995
2010-10-18 08:52:00,295.85
2010-10-18 08:56:00,58.5
2010-10-18 09:10:00,407.2
2010-10-18 09:13:00,587.66
2010-10-18 09:33:00,312.75
2010-10-18 09:36:00,283.45
2010-10-18 09:38:00,224.85
2010-10-18 09:40:00,239.35999999999999
2010-10-18 09:41:00,400.2
2010-10-18 10:00:00,141.67
2010-10-18 10:02:00,199.35000000000002
2010-10-18 10:07:00,276.59000000000003
2010-10-18 10:13:00,579.9
2010-10-18 10:19:00,1689.12
2010-10-18 10:20:00,240.0
2010-10-18 10:26:00,439.75
2010-10-18 10:29:00,226.89999999999998
2010-10-18 10:32:00,457.7
2010-10-18 10:42:00,1127.3700000000001
2010-10-18 10:47:00,349.48
2010-10-18 11:03:00,180.51999999999998
2010-10-18 11:09:00,164.42000000000002
2010-10-18 11:13:00,5.95
2010-10-18 11:16:00,276.16
2010-10-18 11:19:00,283.20000000000005
2010-10-18 11:22:00,281.07
2010-10-18 11:25:00,409.55
2010-10-18 11:28:00,382.4
2010-10-18 11:33:00,570.4
2010-10-18 11:34:00,81.8
2010-10-18 11:38:00,266.79
2010-10-18 11:42:00,309.05
2010-10-18 11:47:00,444.24
2010-10-18 11:54:00,139.31
2010-10-18 11:56:00,100.79
2010-10-18 11:57:00,282.35
2010-10-18 12:01:00,255.0
2010-10-18 12:04:00,992.45
2010-10-18 12:07:00,937.21
2010-10-18 12:11:00,301.45
2010-10-18 12:12:00,399.55
2010-10-18 12:22:00,1735.92
2010-10-18 12:23:00,495.74
2010-10-18 12:24:00,400.70000000000005
2010-10-18 12:25:00,636.44
2010-10-18 12:43:00,310.89
2010-10-18 12:46:00,319.05
2010-10-18 12:49:00,110.77
2010-10-18 12:50:00,432.15999999999997
2010-10-18 12:54:00,1093.57
2010-10-18 12:57:00,318.47
2010-10-18 12:58:00,406.35
2010-10-18 13:22:00,441.40000000000003
2010-10-18 13:25:00,306.0
2010-10-18 13:30:00,194.84
2010-10-18 13:33:00,545.22
2010-10-18 13:34:00,110.1
2010-10-18 13:40:00,390.85
2010-10-18 13:42:00,316.79999999999995
2010-10-18 13:44:00,264.8
2010-10-18 14:01:00,305.45
2010-10-18 14:07:00,186.94
2010-10-18 14:10:00,302.68
2010-10-18 14:12:00,335.54
2010-10-18 14:15:00,199.08
2010-10-18 14:31:00,310.3
2010-10-18 14:48:00,158.4
2010-10-18 14:57:00,1320.0
2010-10-18 15:09:00,162.6
2010-10-18 15:13:00,206.5
2010-10-18 15:14:00,48.0
2010-10-18 15:22:00,21.0
2010-10-18 15:24:00,681.5
2010-10-18 15:25:00,230.70000000000002
2010-10-18 15:27:00,238.16
2010-10-18 15:35:00,236.11
2010-10-18 15:37:00,195.62
2010-10-18 15:45:00,441.25
2010-10-18 15:48:00,205.25
2010-10-18 15:52:00,47.6
2010-10-18 16:31:00,118.15
2010-10-18 16:38:00,130.89000000000001
2010-10-18 16:52:00,566.29
2010-10-18 17:05:00,898.87
2010-10-18 17:11:00,1169.8
2010-10-18 17:12:00,220.0
2010-10-19 09:04:00,523.89
2010-10-19 09:07:00,404.7
2010-10-19 09:10:00,124.65
2010-10-19 09:11:00,96.45
2010-10-19 09:35:00,362.15
2010-10-19 09:50:00,205.20000000000002
2010-10-19 10:14:00,216.64
2010-10-19 10:20:00,313.64
2010-10-19 10:23:00,889.36
2010-10-19 10:41:00,410.15999999999997
2010-10-19 10:49:00,89.04
2010-10-19 10:58:00,1269.74
2010-10-19 11:01:00,175.5
2010-10-19 11:04:00,198.0
2010-10-19 11:14:00,4098.96
2010-10-19 11:22:00,370.33
2010-10-19 11:24:00,226.82999999999998
2010-10-19 11:29:00,144.9
2010-10-19 11:32:00,160.25
2010-10-19 11:36:00,14583.78
2010-10-19 11:44:00,130.64
2010-10-19 11:47:00,517.3
2010-10-19 11:53:00,133.88
2010-10-19 11:57:00,149.5
2010-10-19 11:59:00,220.91
2010-10-19 12:01:00,427.91
2010-10-19 12:05:00,223.0
2010-10-19 12:06:00,429.32000000000005
2010-10-19 12:08:00,427.7
2010-10-19 12:10:00,351.35
2010-10-19 12:14:00,780.25
2010-10-19 12:15:00,1273.21
2010-10-19 12:16:00,593.44
2010-10-19 12:17:00,221.65
2010-10-19 12:23:00,112.80000000000001
2010-10-19 12:24:00,6.6
2010-10-19 12:32:00,16.9
2010-10-19 12:48:00,878.6800000000001
2010-10-19 12:50:00,1242.05
2010-10-19 13:00:00,271.84000000000003
2010-10-19 13:01:00,561.5
2010-10-19 13:12:00,15.3
2010-10-19 13:13:00,145.38
2010-10-19 13:17:00,208.16
2010-10-19 13:18:00,578.05
2010-10-19 13:19:00,111.15
2010-10-19 13:20:00,516.87
2010-10-19 13:21:00,273.85
2010-10-19 13:28:00,983.8
2010-10-19 13:29:00,20.4
2010-10-19 13:34:00,651.4
2010-10-19 13:38:00,196.55
2010-10-19 14:05:00,679.1500000000001
2010-10-19 14:09:00,717.57
2010-10-19 14:11:00,425.7
2010-10-19 14:13:00,221.64999999999998
2010-10-19 14:30:00,683.08
2010-10-19 14:51:00,191.48000000000002
2010-10-19 14:54:00,528.56
2010-10-19 15:03:00,380.88
2010-10-19 15:07:00,98.25
2010-10-19 15:17:00,111.6
2010-10-19 15:23:00,176.85999999999999
2010-10-19 15:33:00,1039.71
2010-10-19 16:10:00,460.13
2010-10-19 16:11:00,340.32
2010-10-19 16:38:00,2269.86
2010-10-19 16:39:00,268.35
2010-10-19 16:56:00,256.83
2010-10-19 16:57:00,192.15
2010-10-20 09:25:00,313.92
2010-10-20 09:27:00,8.48
2010-10-20 09:41:00,97.24
2010-10-20 09:45:00,497.11
2010-10-20 09:46:00,1405.06
2010-10-20 09:48:00,11.9
2010-10-20 09:59:00,306.74
2010-10-20 10:01:00,462.90000000000003
2010-10-20 10:03:00,331.14
2010-10-20 10:09:00,2120.09
2010-10-20 10:10:00,692.3
2010-10-20 10:15:00,180.6
2010-10-20 10:22:00,518.1
2010-10-20 10:24:00,121.20000000000002
2010-10-20 10:40:00,81.47
2010-10-20 10:45:00,202.58
2010-10-20 10:50:00,323.7
2010-10-20 11:06:00,165.72
2010-10-20 11:26:00,153.85
2010-10-20 11:32:00,367.0
2010-10-20 11:41:00,295.0
2010-10-20 11:42:00,1055.6000000000001
2010-10-20 11:44:00,96.44
2010-10-20 11:48:00,815.88
2010-10-20 11:49:00,117.2
2010-10-20 11:58:00,231.85
2010-10-20 12:00:00,248.65
2010-10-20 12:13:00,220.97
2010-10-20 12:16:00,468.58000000000004
2010-10-20 12:22:00,570.3
2010-10-20 12:24:00,1543.2
2010-10-20 12:25:00,528.52
2010-10-20 12:26:00,539.59
2010-10-20 12:31:00,241.78
2010-10-20 12:42:00,380.68
2010-10-20 12:44:00,481.83
2010-10-20 12:45:00,64.2
2010-10-20 12:47:00,233.85
2010-10-20 12:52:00,288.24
2010-10-20 12:53:00,549.16
2010-10-20 12:56:00,117.59
2010-10-20 13:00:00,191.54
2010-10-20 13:05:00,1058.16
2010-10-20 13:08:00,518.9200000000001
2010-10-20 13:09:00,495.83
2010-10-20 13:11:00,326.06
2010-10-20 13:12:00,295.2
2010-10-20 13:15:00,71.22
2010-10-20 13:17:00,365.04
2010-10-20 13:19:00,56.28
2010-10-20 13:25:00,230.49
2010-10-20 13:26:00,183.18
2010-10-20 13:29:00,214.54
2010-10-20 13:30:00,315.29
2010-10-20 13:40:00,751.6800000000001
2010-10-20 13:42:00,549.6
2010-10-20 13:43:00,808.64
2010-10-20 13:48:00,6.95
2010-10-20 14:06:00,72.6
2010-10-20 14:08:00,370.91
2010-10-20 14:10:00,315.90999999999997
2010-10-20 14:22:00,967.24
2010-10-20 14:23:00,2.95
2010-10-20 14:28:00,2393.76
2010-10-20 14:31:00,1128.0
2010-10-20 14:33:00,361.5
2010-10-20 14:34:00,285.24
2010-10-20 14:36:00,409.18
2010-10-20 14:38:00,332.4
2010-10-20 14:41:00,225.8
2010-10-20 14:42:00,763.24
2010-10-20 14:58:00,612.99
2010-10-20 14:59:00,407.88
2010-10-20 15:02:00,235.32
2010-10-20 15:08:00,12.6
2010-10-20 15:09:00,169.0
2010-10-20 15:15:00,445.43
2010-10-20 15:16:00,100.56
2010-10-20 15:21:00,1291.68
2010-10-20 15:24:00,360.0
2010-10-20 15:25:00,331.53000000000003
2010-10-20 15:35:00,178.3
2010-10-20 15:36:00,1639.55
2010-10-20 15:43:00,917.75
2010-10-20 16:01:00,877.7
2010-10-20 16:04:00,630.77
2010-10-20 16:15:00,374.7
2010-10-20 16:26:00,45.400000000000006
2010-10-20 16:27:00,143.94
2010-10-20 16:28:00,319.5
2010-10-20 16:35:00,639.3
2010-10-20 17:12:00,168.17
2010-10-20 17:20:00,231.50000000000003
2010-10-20 17:33:00,1736.13
2010-10-21 07:48:00,2255.96
2010-10-21 08:52:00,358.95000000000005
2010-10-21 09:17:00,350.01
2010-10-21 09:19:00,482.58000000000004
2010-10-21 09:43:00,35.400000000000006
2010-10-21 09:45:00,118.45
2010-10-21 09:48:00,627.0500000000001
2010-10-21 09:49:00,409.7
2010-10-21 09:55:00,278.76
2010-10-21 10:04:00,123.2
2010-10-21 10:10:00,33.9
2010-10-21 10:25:00,278.0
2010-10-21 10:28:00,610.01
2010-10-21 10:46:00,278.57
2010-10-21 10:47:00,323.7
2010-10-21 10:49:00,421.87
2010-10-21 10:53:00,575.9
2010-10-21 10:55:00,181.12
2010-10-21 11:10:00,297.62
2010-10-21 11:40:00,306.75
2010-10-21 11:42:00,423.40999999999997
2010-10-21 11:47:00,114.47999999999999
2010-10-21 11:48:00,118.35
2010-10-21 11:52:00,178.49
2010-10-21 11:56:00,1509.8
2010-10-21 12:05:00,913.11
2010-10-21 12:09:00,593.74
2010-10-21 12:11:00,106.18
2010-10-21 12:14:00,1155.6
2010-10-21 12:17:00,295.2
2010-10-21 12:22:00,609.0
2010-10-21 12:23:00,23.25
2010-10-21 12:30:00,20.85
2010-10-21 12:38:00,356.19
2010-10-21 12:43:00,177.69
2010-10-21 12:52:00,521.76
2010-10-21 12:53:00,505.58
2010-10-21 12:56:00,120.0
2010-10-21 13:02:00,813.61
2010-10-21 13:07:00,136.73
2010-10-21 13:20:00,668.1
2010-10-21 13:23:00,361.56
2010-10-21 13:27:00,320.87
2010-10-21 13:43:00,257.25
2010-10-21 13:44:00,27.0
2010-10-21 13:45:00,205.25
2010-10-21 13:57:00,694.54
2010-10-21 14:02:00,522.47
2010-10-21 14:03:00,368.75
2010-10-21 14:05:00,451.59000000000003
2010-10-21 14:08:00,309.09000000000003
2010-10-21 14:21:00,408.18
2010-10-21 14:26:00,17.4
2010-10-21 14:29:00,1914.55
2010-10-21 14:47:00,269.7
2010-10-21 14:55:00,256.6
2010-10-21 15:07:00,310.74
2010-10-21 15:32:00,152.73
2010-10-21 15:33:00,35.6
2010-10-21 15:35:00,222.66
2010-10-21 15:38:00,1379.25
2010-10-21 15:39:00,25.5
2010-10-21 16:20:00,300.2
2010-10-21 16:29:00,119.81
2010-10-21 16:30:00,162.53
2010-10-21 16:33:00,282.6
2010-10-21 16:55:00,112.75999999999999
2010-10-21 17:22:00,205.75
2010-10-21 17:29:00,1377.0000000000002
2010-10-21 17:33:00,214.8
2010-10-21 17:38:00,636.06
2010-10-21 18:21:00,321.79
2010-10-21 18:27:00,123.42
2010-10-21 18:31:00,104.4
2010-10-21 18:32:00,488.6
2010-10-21 18:36:00,17.700000000000003
2010-10-21 18:37:00,1377.0000000000002
2010-10-21 18:38:00,436.4
2010-10-21 18:39:00,12.6
2010-10-21 19:01:00,163.2
2010-10-21 19:28:00,171.28
2010-10-22 08:24:00,110.44999999999999
2010-10-22 08:41:00,142.16000000000003
2010-10-22 08:51:00,430.72
2010-10-22 08:52:00,60.3
2010-10-22 09:06:00,809.7900000000001
2010-10-22 09:09:00,386.7
2010-10-22 09:10:00,409.5
2010-10-22 09:31:00,176.20000000000002
2010-10-22 09:36:00,740.05
2010-10-22 09:44:00,914.7
2010-10-22 09:45:00,947.86
2010-10-22 09:48:00,765.0
2010-10-22 09:53:00,366.4
2010-10-22 10:04:00,60.0
2010-10-22 10:14:00,385.55
2010-10-22 10:21:00,14.85
2010-10-22 10:29:00,745.36
2010-10-22 10:35:00,234.0
2010-10-22 10:40:00,322.91
2010-10-22 10:44:00,132.0
2010-10-22 10:59:00,456.8
2010-10-22 11:00:00,221.88
2010-10-22 11:07:00,57.2
2010-10-22 11:09:00,303.24
2010-10-22 11:19:00,328.85
2010-10-22 11:26:00,179.4
2010-10-22 11:40:00,346.52
2010-10-22 11:41:00,174.1
2010-10-22 11:42:00,493.2
2010-10-22 11:43:00,262.4
2010-10-22 11:45:00,1033.6
2010-10-22 11:55:00,176.69
2010-10-22 12:02:00,302.75
2010-10-22 12:03:00,816.8
2010-10-22 12:13:00,45.0
2010-10-22 12:19:00,19.8
2010-10-22 12:22:00,220.48000000000002
2010-10-22 12:26:00,751.5400000000001
2010-10-22 12:29:00,235.25
2010-10-22 12:30:00,199.85
2010-10-22 12:35:00,214.00000000000003
2010-10-22 12:59:00,1087.76
2010-10-22 13:10:00,526.96
2010-10-22 13:11:00,263.8
2010-10-22 13:13:00,183.35
2010-10-22 13:18:00,3528.04
2010-10-22 13:27:00,1391.51
2010-10-22 13:31:00,131.35
2010-10-22 13:35:00,148.68
2010-10-22 13:38:00,215.9
2010-10-22 13:44:00,192.01999999999998
2010-10-22 13:59:00,450.51
2010-10-22 14:03:00,77.99
2010-10-22 14:04:00,297.44
2010-10-22 14:06:00,1311.2
2010-10-22 14:30:00,1353.48
2010-10-22 14:34:00,325.68
2010-10-22 14:49:00,163.02
2010-10-22 14:53:00,272.08
2010-10-22 14:55:00,203.4
2010-10-22 14:57:00,398.52
2010-10-22 14:58:00,392.05
2010-10-22 15:24:00,639.74
2010-10-22 15:31:00,45.0
2010-10-22 15:37:00,396.6
2010-10-22 15:42:00,801.66
2010-10-22 15:44:00,500.35
2010-10-22 15:57:00,190.58
2010-10-22 16:11:00,48.2
2010-10-22 16:36:00,469.19
2010-10-22 17:01:00,1023.5
2010-10-22 17:04:00,429.68
2010-10-22 17:07:00,390.85
2010-10-24 10:33:00,809.28
2010-10-24 10:41:00,586.58
2010-10-24 10:50:00,327.72
2010-10-24 10:54:00,111.8
2010-10-24 10:56:00,234.2
2010-10-24 11:14:00,547.28
2010-10-24 11:17:00,112.53
2010-10-24 11:18:00,2225.24
2010-10-24 11:19:00,442.56
2010-10-24 11:21:00,122.0
2010-10-24 11:25:00,171.45
2010-10-24 11:31:00,538.97
2010-10-24 11:35:00,264.1
2010-10-24 11:39:00,354.54
2010-10-24 11:40:00,199.03
2010-10-24 11:42:00,33.93
2010-10-24 11:47:00,866.99
2010-10-24 11:49:00,224.3
2010-10-24 11:50:00,279.37
2010-10-24 11:57:00,552.9
2010-10-24 12:00:00,190.08
2010-10-24 12:14:00,370.95
2010-10-24 12:24:00,503.4
2010-10-24 12:36:00,254.44
2010-10-24 12:39:00,161.7
2010-10-24 12:40:00,338.45000000000005
2010-10-24 12:44:00,420.88
2010-10-24 12:46:00,322.44
2010-10-24 12:51:00,544.6700000000001
2010-10-24 12:54:00,166.2
2010-10-24 13:00:00,192.97
2010-10-24 13:01:00,209.32
2010-10-24 13:07:00,420.61
2010-10-24 13:08:00,371.15999999999997
2010-10-24 13:09:00,203.55
2010-10-24 13:10:00,194.74
2010-10-24 13:17:00,290.85
2010-10-24 13:20:00,62.0
2010-10-24 13:21:00,1034.59
2010-10-24 13:24:00,151.86
2010-10-24 13:28:00,404.45
2010-10-24 13:35:00,316.86
2010-10-24 13:46:00,184.45000000000002
2010-10-24 13:54:00,1363.5
2010-10-24 13:55:00,331.35
2010-10-24 13:57:00,542.67
2010-10-24 14:06:00,419.3
2010-10-24 14:07:00,685.21
2010-10-24 14:08:00,1029.86
2010-10-24 14:11:00,410.15
2010-10-24 14:16:00,145.35
2010-10-24 14:21:00,193.48000000000002
2010-10-24 14:35:00,232.41
2010-10-24 14:37:00,267.4
2010-10-24 14:40:00,297.52
2010-10-24 14:42:00,262.95
2010-10-24 14:45:00,156.41
2010-10-24 14:53:00,617.39
2010-10-24 14:59:00,512.88
2010-10-24 15:08:00,289.52
2010-10-24 15:16:00,108.1
2010-10-24 15:28:00,677.96
2010-10-24 15:29:00,599.48
2010-10-24 15:41:00,303.15000000000003
2010-10-24 15:42:00,530.47
2010-10-24 15:51:00,174.57999999999998
2010-10-24 15:57:00,567.95
2010-10-24 16:03:00,193.08
2010-10-24 16:09:00,322.23
2010-10-24 16:13:00,1084.8500000000001
2010-10-25 08:12:00,423.45
2010-10-25 08:27:00,94.45
2010-10-25 09:08:00,1639.91
2010-10-25 09:13:00,168.73
2010-10-25 09:20:00,410.87
2010-10-25 09:40:00,345.71
2010-10-25 09:57:00,328.03999999999996
2010-10-25 10:00:00,892.59
2010-10-25 10:01:00,390.05
2010-10-25 10:04:00,211.03
2010-10-25 10:14:00,585.06
2010-10-25 10:25:00,315.98
2010-10-25 10:40:00,239.12
2010-10-25 10:41:00,1567.85
2010-10-25 11:10:00,186.55
2010-10-25 11:16:00,449.40000000000003
2010-10-25 11:33:00,375.14
2010-10-25 11:43:00,661.43
2010-10-25 11:45:00,233.35
2010-10-25 11:48:00,474.15
2010-10-25 11:54:00,292.45
2010-10-25 12:02:00,203.92
2010-10-25 12:08:00,1352.96
2010-10-25 12:18:00,1725.88
2010-10-25 12:19:00,348.65999999999997
2010-10-25 12:20:00,242.12
2010-10-25 12:21:00,90.0
2010-10-25 12:34:00,1248.3600000000001
2010-10-25 12:37:00,75.60000000000001
2010-10-25 12:42:00,300.6
2010-10-25 12:47:00,124.5
2010-10-25 13:03:00,152.74
2010-10-25 13:04:00,266.93
2010-10-25 13:06:00,91.41
2010-10-25 13:07:00,226.42
2010-10-25 13:14:00,221.04
2010-10-25 13:25:00,331.1
2010-10-25 13:30:00,738.37
2010-10-25 13:31:00,238.65
2010-10-25 13:40:00,380.64
2010-10-25 13:43:00,313.45
2010-10-25 13:57:00,375.76
2010-10-25 14:01:00,220.71
2010-10-25 14:03:00,89.6
2010-10-25 14:24:00,275.7
2010-10-25 14:27:00,527.27
2010-10-25 14:32:00,390.35
2010-10-25 14:35:00,324.6
2010-10-25 14:41:00,177.97
2010-10-25 14:46:00,100.86
2010-10-25 14:51:00,423.4
2010-10-25 15:02:00,39.95
2010-10-25 15:04:00,5.04
2010-10-25 15:30:00,143.2
2010-10-25 15:36:00,457.03000000000003
2010-10-25 15:42:00,112.5
2010-10-25 15:51:00,29.25
2010-10-25 15:57:00,133.18
2010-10-25 16:08:00,791.18
2010-10-25 16:22:00,141.85
2010-10-25 16:43:00,4227.0
2010-10-26 08:11:00,2900.57
2010-10-26 08:14:00,93.2
2010-10-26 08:41:00,585.5799999999999
2010-10-26 08:49:00,426.26
2010-10-26 09:25:00,346.9
2010-10-26 09:37:00,303.15
2010-10-26 09:45:00,339.35
2010-10-26 09:47:00,389.12
2010-10-26 09:52:00,355.14
2010-10-26 09:54:00,148.1
2010-10-26 09:59:00,417.24
2010-10-26 10:03:00,331.47
2010-10-26 10:14:00,553.66
2010-10-26 10:22:00,1405.71
2010-10-26 10:23:00,204.0
2010-10-26 10:24:00,220.0
2010-10-26 10:26:00,1199.44
2010-10-26 10:29:00,504.0
2010-10-26 10:34:00,148.25
2010-10-26 10:36:00,533.78
2010-10-26 11:07:00,731.36
2010-10-26 11:17:00,584.9
2010-10-26 11:21:00,335.35
2010-10-26 11:23:00,214.2
2010-10-26 11:32:00,389.18
2010-10-26 11:36:00,643.02
2010-10-26 11:44:00,339.8
2010-10-26 11:45:00,359.11
2010-10-26 11:47:00,578.1
2010-10-26 12:00:00,365.75
2010-10-26 12:07:00,205.83
2010-10-26 12:15:00,141.65
2010-10-26 12:18:00,303.75
2010-10-26 12:22:00,430.57
2010-10-26 12:28:00,22.1
2010-10-26 12:39:00,242.24
2010-10-26 12:42:00,51.0
2010-10-26 12:54:00,492.1
2010-10-26 12:55:00,331.87
2010-10-26 13:00:00,207.67000000000002
2010-10-26 13:07:00,879.64
2010-10-26 13:10:00,338.04
2010-10-26 13:11:00,360.94
2010-10-26 13:15:00,841.5
2010-10-26 13:37:00,1571.74
2010-10-26 13:39:00,1013.15
2010-10-26 13:44:00,147.66
2010-10-26 13:46:00,76.32000000000001
2010-10-26 13:48:00,360.85
2010-10-26 13:51:00,226.5
2010-10-26 14:00:00,340.45
2010-10-26 14:12:00,449.45000000000005
2010-10-26 14:24:00,172.12
2010-10-26 14:37:00,265.55
2010-10-26 14:38:00,1536.04
2010-10-26 14:39:00,67.5
2010-10-26 14:42:00,900.36
2010-10-26 15:00:00,73.8
2010-10-26 15:08:00,317.32
2010-10-26 15:09:00,163.65
2010-10-26 15:13:00,76.32000000000001
2010-10-26 15:16:00,500.0
2010-10-26 15:25:00,204.31
2010-10-26 15:27:00,138.84
2010-10-26 15:48:00,888.36
2010-10-26 15:57:00,164.25
2010-10-26 16:02:00,191.8
2010-10-26 16:03:00,254.7
2010-10-26 16:10:00,10.9
2010-10-26 16:22:00,1170.0
2010-10-26 16:31:00,259.09
2010-10-26 16:35:00,472.5
2010-10-26 16:47:00,1081.31
2010-10-26 16:49:00,498.88
2010-10-26 16:52:00,0.95
2010-10-26 17:00:00,111.9
2010-10-26 17:01:00,101.86
2010-10-26 17:23:00,834.89
2010-10-26 17:26:00,708.78
2010-10-26 17:27:00,63.45
2010-10-26 17:28:00,67.5
2010-10-26 17:34:00,324.96000000000004
2010-10-26 17:36:00,761.7600000000001
2010-10-26 17:52:00,325.44
2010-10-26 17:55:00,932.49
2010-10-26 18:07:00,164.4
2010-10-26 18:14:00,135.0
2010-10-26 18:16:00,135.0
2010-10-26 18:23:00,490.47
2010-10-26 18:26:00,897.8000000000001
2010-10-26 18:27:00,405.0
2010-10-26 18:44:00,470.4
2010-10-26 18:51:00,162.15
2010-10-26 18:58:00,718.34
2010-10-26 19:35:00,345.1
2010-10-27 08:07:00,602.37
2010-10-27 08:09:00,30.24
2010-10-27 08:17:00,320.82
2010-10-27 08:36:00,732.94
2010-10-27 09:18:00,955.2
2010-10-27 09:20:00,225.3
2010-10-27 09:31:00,780.0
2010-10-27 09:36:00,263.88
2010-10-27 09:52:00,249.24
2010-10-27 09:57:00,501.0
2010-10-27 09:59:00,3083.12
2010-10-27 10:04:00,344.15
2010-10-27 10:20:00,218.78
2010-10-27 10:29:00,67.5
2010-10-27 10:32:00,494.05
2010-10-27 10:42:00,684.95
2010-10-27 10:50:00,147.15
2010-10-27 11:13:00,258.6
2010-10-27 11:29:00,472.85
2010-10-27 11:45:00,308.9
2010-10-27 11:50:00,244.75
2010-10-27 11:53:00,478.1
2010-10-27 12:01:00,54.0
2010-10-27 12:19:00,437.90000000000003
2010-10-27 12:20:00,1106.64
2010-10-27 12:26:00,445.43
2010-10-27 12:27:00,135.0
2010-10-27 12:30:00,754.2
2010-10-27 12:31:00,63.6
2010-10-27 12:39:00,227.49
2010-10-27 12:44:00,317.76
2010-10-27 12:50:00,176.7
2010-10-27 12:52:00,2434.5
2010-10-27 12:53:00,327.48
2010-10-27 12:55:00,304.52
2010-10-27 12:57:00,310.09
2010-10-27 13:00:00,130.85
2010-10-27 13:04:00,511.68
2010-10-27 13:18:00,562.8
2010-10-27 13:29:00,2310.24
2010-10-27 13:34:00,15.0
2010-10-27 13:43:00,101.76
2010-10-27 13:47:00,641.38
2010-10-27 13:55:00,260.7
2010-10-27 13:59:00,501.52000000000004
2010-10-27 14:00:00,172.64
2010-10-27 14:01:00,239.99
2010-10-27 14:05:00,616.61
2010-10-27 14:07:00,110.55000000000001
2010-10-27 14:14:00,167.08
2010-10-27 14:15:00,720.6500000000001
2010-10-27 14:16:00,191.72000000000003
2010-10-27 14:34:00,472.81
2010-10-27 14:45:00,245.15
2010-10-27 14:55:00,337.5
2010-10-27 15:01:00,566.6
2010-10-27 15:04:00,392.5
2010-10-27 15:38:00,147.65
2010-10-27 15:40:00,238.05
2010-10-27 16:04:00,206.53
2010-10-27 16:18:00,152.15
2010-10-27 16:23:00,157.33
2010-10-27 16:32:00,767.4
2010-10-27 16:38:00,261.45
2010-10-27 16:41:00,721.06
2010-10-28 08:23:00,1402.6200000000001
2010-10-28 08:38:00,52.05
2010-10-28 09:05:00,107.24
2010-10-28 09:12:00,310.95
2010-10-28 09:20:00,491.71000000000004
2010-10-28 09:27:00,755.1
2010-10-28 09:29:00,7199.44
2010-10-28 09:43:00,375.3
2010-10-28 09:44:00,2736.16
2010-10-28 09:45:00,1890.35
2010-10-28 09:46:00,94.92
2010-10-28 09:57:00,125.45
2010-10-28 09:59:00,305.55
2010-10-28 10:01:00,31.8
2010-10-28 14:11:00,219.47
2010-10-28 14:15:00,285.54
2010-10-28 14:19:00,371.07
2010-10-28 14:29:00,448.7
2010-10-28 14:30:00,106.80000000000001
2010-10-28 14:39:00,302.68
2010-10-28 14:40:00,766.25
2010-10-28 14:43:00,454.1
2010-10-28 14:50:00,520.95
2010-10-28 14:51:00,364.4
2010-10-28 15:05:00,195.0
2010-10-28 15:13:00,258.15000000000003
2010-10-28 15:17:00,344.85
2010-10-28 15:18:00,187.6
2010-10-28 15:29:00,534.6800000000001
2010-10-28 15:34:00,332.55
2010-10-28 15:37:00,115.34
2010-10-28 15:41:00,121.35000000000001
2010-10-28 15:59:00,327.6
2010-10-28 16:06:00,135.0
2010-10-28 16:18:00,77.7
2010-10-28 16:23:00,129.15
2010-10-28 16:25:00,375.34000000000003
2010-10-28 16:32:00,118.2
2010-10-28 16:42:00,304.5
2010-10-28 17:11:00,684.92
2010-10-28 17:13:00,334.7
2010-10-28 17:35:00,729.38
2010-10-28 17:37:00,485.86
2010-10-28 17:46:00,282.93
2010-10-28 17:53:00,447.6
2010-10-28 18:23:00,589.8
2010-10-28 18:41:00,70.69999999999999
2010-10-28 18:54:00,1098.89
2010-10-28 19:20:00,769.78
2010-10-28 19:37:00,755.55
2010-10-28 19:41:00,174.16
2010-10-28 19:51:00,372.06
2010-10-28 19:52:00,290.62
2010-10-28 19:59:00,131.49
2010-10-28 20:03:00,207.25
2010-10-29 08:21:00,413.48
2010-10-29 08:22:00,185.20000000000002
2010-10-29 08:23:00,312.71999999999997
2010-10-29 08:24:00,278.6
2010-10-29 08:36:00,390.0
2010-10-29 08:40:00,272.2
2010-10-29 08:48:00,2328.58
2010-10-29 09:36:00,790.41
2010-10-29 09:41:00,473.0
2010-10-29 09:43:00,884.35
2010-10-29 09:44:00,65.45
2010-10-29 09:57:00,228.85
2010-10-29 10:10:00,677.82
2010-10-29 10:17:00,616.2
2010-10-29 10:18:00,15.9
2010-10-29 10:28:00,1605.6000000000001
2010-10-29 10:31:00,621.0
2010-10-29 10:34:00,81.15
2010-10-29 10:39:00,840.41
2010-10-29 10:46:00,3942.0
2010-10-29 10:49:00,1088.64
2010-10-29 10:51:00,639.36
2010-10-29 11:00:00,200.75
2010-10-29 11:19:00,571.5
2010-10-29 11:32:00,282.5
2010-10-29 11:35:00,121.9
2010-10-29 11:36:00,174.0
2010-10-29 11:39:00,602.0
2010-10-29 11:42:00,894.4
2010-10-29 11:49:00,486.51
2010-10-29 11:51:00,143.7
2010-10-29 11:59:00,59.699999999999996
2010-10-29 12:06:00,560.08
2010-10-29 12:07:00,866.65
2010-10-29 12:09:00,960.0
2010-10-29 12:15:00,471.55
2010-10-29 12:16:00,328.13
2010-10-29 12:23:00,344.90000000000003
2010-10-29 12:27:00,75.24000000000001
2010-10-29 12:37:00,422.1
2010-10-29 12:44:00,325.72
2010-10-29 12:48:00,309.75
2010-10-29 13:03:00,1444.58
2010-10-29 13:04:00,162.0
2010-10-29 13:20:00,334.62
2010-10-29 13:26:00,347.77
2010-10-29 13:35:00,111.0
2010-10-29 13:40:00,357.1
2010-10-29 13:48:00,320.0
2010-10-29 13:58:00,1421.29
2010-10-29 14:09:00,532.1
2010-10-29 14:11:00,181.05
2010-10-29 14:12:00,243.20000000000002
2010-10-29 14:17:00,383.4
2010-10-29 14:44:00,174.0
2010-10-29 15:00:00,906.49
2010-10-29 15:01:00,107.75
2010-10-29 15:04:00,796.39
2010-10-29 15:05:00,180.08
2010-10-29 15:10:00,393.95000000000005
2010-10-29 15:11:00,230.83
2010-10-29 15:31:00,207.0
2010-10-29 15:34:00,236.93
2010-10-29 15:42:00,296.65
2010-10-29 15:48:00,352.27
2010-10-29 15:56:00,225.73000000000002
2010-10-29 16:48:00,62.7
2010-10-29 17:17:00,697.96
2010-10-29 17:26:00,102.33
2010-10-29 17:33:00,339.78
2010-10-31 10:03:00,305.05
2010-10-31 10:14:00,586.3000000000001
2010-10-31 10:37:00,1192.2
2010-10-31 10:38:00,331.6
2010-10-31 10:42:00,109.19
2010-10-31 10:45:00,401.8
2010-10-31 10:49:00,415.79
2010-10-31 10:53:00,168.24
2010-10-31 10:57:00,104.2
2010-10-31 11:01:00,248.66
2010-10-31 11:06:00,619.6999999999999
2010-10-31 11:08:00,305.25
2010-10-31 11:09:00,494.1
2010-10-31 11:11:00,298.85
2010-10-31 11:12:00,200.46
2010-10-31 11:15:00,166.1
2010-10-31 11:20:00,142.91
2010-10-31 11:22:00,402.56
2010-10-31 11:24:00,159.8
2010-10-31 11:28:00,189.6
2010-10-31 11:32:00,277.28000000000003
2010-10-31 11:39:00,258.73
2010-10-31 11:40:00,147.35
2010-10-31 11:43:00,415.93
2010-10-31 11:49:00,303.2
2010-10-31 12:00:00,16.45
2010-10-31 12:04:00,168.0
2010-10-31 12:13:00,240.3
2010-10-31 12:18:00,155.05
2010-10-31 12:22:00,310.56
2010-10-31 12:32:00,365.55
2010-10-31 12:33:00,340.29999999999995
2010-10-31 12:34:00,1601.1399999999999
2010-10-31 12:36:00,1288.19
2010-10-31 12:37:00,12.75
2010-10-31 12:41:00,1029.29
2010-10-31 12:52:00,270.84
2010-10-31 12:56:00,432.92
2010-10-31 13:05:00,472.5
2010-10-31 13:12:00,388.35
2010-10-31 13:14:00,380.01
2010-10-31 13:23:00,780.74
2010-10-31 13:25:00,596.8
2010-10-31 13:28:00,147.31
2010-10-31 13:35:00,534.96
2010-10-31 13:57:00,119.7
2010-10-31 13:58:00,120.64999999999999
2010-10-31 14:00:00,176.7
2010-10-31 14:06:00,419.81
2010-10-31 14:09:00,326.44
2010-10-31 14:11:00,316.56
2010-10-31 14:14:00,218.35
2010-10-31 14:20:00,611.53
2010-10-31 14:25:00,682.63
2010-10-31 14:40:00,531.41
2010-10-31 14:42:00,547.98
2010-10-31 14:43:00,357.1
2010-10-31 14:49:00,316.97
2010-10-31 14:50:00,180.4
2010-10-31 14:52:00,258.2
2010-10-31 14:54:00,106.37
2010-10-31 14:59:00,347.22
2010-10-31 15:07:00,125.0
2010-10-31 15:09:00,397.15
2010-10-31 15:15:00,332.04
2010-10-31 15:18:00,402.81
2010-10-31 15:31:00,156.39
2010-10-31 15:32:00,135.0
2010-10-31 15:33:00,67.5
2010-10-31 15:35:00,96.25
2010-10-31 15:39:00,1237.99
2010-10-31 15:50:00,372.55
2010-10-31 15:54:00,123.18
2010-10-31 15:58:00,462.61
2010-10-31 16:01:00,90.61
2010-10-31 16:16:00,1060.98
2010-10-31 16:21:00,424.28000000000003
2010-10-31 16:26:00,1048.42
2010-11-01 08:56:00,347.2
2010-11-01 08:58:00,71.55000000000001
2010-11-01 09:33:00,420.93
2010-11-01 09:42:00,320.40000000000003
2010-11-01 09:53:00,539.2
2010-11-01 10:08:00,516.28
2010-11-01 10:31:00,208.1
2010-11-01 10:37:00,481.24
2010-11-01 10:42:00,1156.95
2010-11-01 10:44:00,105.1
2010-11-01 10:51:00,311.0
2010-11-01 10:52:00,209.54000000000002
2010-11-01 10:55:00,436.98
2010-11-01 11:32:00,182.55
2010-11-01 11:36:00,1102.42
2010-11-01 11:38:00,791.04
2010-11-01 11:43:00,763.55
2010-11-01 11:48:00,175.9
2010-11-01 11:53:00,270.22
2010-11-01 11:56:00,143.43
2010-11-01 11:59:00,136.01
2010-11-01 12:08:00,502.21000000000004
2010-11-01 12:15:00,344.05
2010-11-01 12:22:00,162.62
2010-11-01 12:45:00,231.23000000000002
2010-11-01 12:47:00,131.3
2010-11-01 12:50:00,307.56
2010-11-01 13:03:00,309.75
2010-11-01 13:04:00,549.29
2010-11-01 13:15:00,423.21999999999997
2010-11-01 13:26:00,359.7
2010-11-01 13:32:00,518.4
2010-11-01 13:33:00,2311.01
2010-11-01 13:39:00,152.04
2010-11-01 13:41:00,222.02
2010-11-01 13:44:00,74.85000000000001
2010-11-01 13:46:00,361.6
2010-11-01 13:48:00,17.700000000000003
2010-11-01 13:56:00,209.05
2010-11-01 14:11:00,131.32
2010-11-01 14:22:00,213.14
2010-11-01 14:45:00,188.7
2010-11-01 14:58:00,452.0
2010-11-01 15:05:00,603.75
2010-11-01 15:14:00,528.63
2010-11-01 15:28:00,322.24
2010-11-01 16:01:00,289.67
2010-11-01 16:24:00,1870.1100000000001
2010-11-01 17:05:00,253.49
2010-11-02 08:00:00,417.5
2010-11-02 08:02:00,584.76
2010-11-02 08:47:00,449.15999999999997
2010-11-02 08:49:00,589.55
2010-11-02 08:57:00,314.3
2010-11-02 09:06:00,143.6
2010-11-02 09:30:00,380.21
2010-11-02 09:57:00,244.68
2010-11-02 10:00:00,3.4
2010-11-02 10:14:00,732.6
2010-11-02 10:27:00,288.1
2010-11-02 10:47:00,256.25
2010-11-02 11:17:00,141.60000000000002
2010-11-02 11:23:00,715.24
2010-11-02 11:27:00,123.60000000000001
2010-11-02 11:33:00,1880.3700000000001
2010-11-02 11:37:00,542.45
2010-11-02 11:38:00,216.0
2010-11-02 11:41:00,109.0
2010-11-02 11:47:00,314.74
2010-11-02 11:48:00,400.3
2010-11-02 11:49:00,89.5
2010-11-02 11:52:00,943.1
2010-11-02 11:53:00,444.27
2010-11-02 12:02:00,288.69
2010-11-02 12:05:00,82.05
2010-11-02 12:16:00,787.42
2010-11-02 12:35:00,343.54
2010-11-02 12:37:00,943.4
2010-11-02 12:46:00,137.15
2010-11-02 12:48:00,740.82
2010-11-02 12:54:00,313.40000000000003
2010-11-02 12:58:00,536.46
2010-11-02 13:07:00,280.2
2010-11-02 13:12:00,1065.9
2010-11-02 13:15:00,155.4
2010-11-02 13:19:00,521.0
2010-11-02 13:20:00,252.68
2010-11-02 13:23:00,424.71
2010-11-02 13:26:00,241.35
2010-11-02 13:27:00,654.35
2010-11-02 13:36:00,3108.22
2010-11-02 13:45:00,1061.3300000000002
2010-11-02 13:54:00,357.78
2010-11-02 13:56:00,179.95
2010-11-02 13:58:00,407.8
2010-11-02 14:01:00,481.25
2010-11-02 14:02:00,442.45
2010-11-02 14:25:00,374.1
2010-11-02 14:55:00,569.69
2010-11-02 14:58:00,592.8
2010-11-02 15:34:00,259.6
2010-11-02 15:39:00,168.45
2010-11-02 15:42:00,2594.14
2010-11-02 15:48:00,608.1
2010-11-02 16:06:00,499.55
2010-11-02 16:18:00,430.38
2010-11-02 16:20:00,502.49
2010-11-02 16:32:00,187.1
2010-11-02 16:40:00,179.95000000000002
2010-11-02 16:42:00,35.400000000000006
2010-11-02 16:52:00,462.95
2010-11-02 17:01:00,149.32
2010-11-02 17:02:00,193.26
2010-11-02 17:03:00,249.45000000000002
2010-11-02 17:12:00,5131.27
2010-11-02 17:16:00,377.2
2010-11-02 17:24:00,1276.45
2010-11-02 17:25:00,714.32
2010-11-02 17:29:00,746.5
2010-11-02 18:08:00,380.45
2010-11-02 18:16:00,383.32
2010-11-02 18:25:00,300.85
2010-11-02 18:26:00,81.6
2010-11-02 18:45:00,384.64
2010-11-02 18:51:00,340.8
2010-11-02 19:19:00,352.40000000000003
2010-11-02 19:50:00,208.8
2010-11-03 08:04:00,262.4
2010-11-03 08:55:00,321.6
2010-11-03 09:16:00,1000.65
2010-11-03 09:33:00,199.05
2010-11-03 09:36:00,495.95
2010-11-03 09:51:00,472.8
2010-11-03 10:20:00,1055.53
2010-11-03 10:28:00,159.13
2010-11-03 10:38:00,369.6
2010-11-03 10:41:00,152.3
2010-11-03 10:43:00,761.3000000000001
2010-11-03 10:46:00,619.5
2010-11-03 10:47:00,3153.8
2010-11-03 10:51:00,305.78
2010-11-03 11:11:00,590.47
2010-11-03 11:13:00,364.45
2010-11-03 11:34:00,130.95
2010-11-03 11:35:00,81.47999999999999
2010-11-03 11:43:00,290.6
2010-11-03 11:44:00,424.20000000000005
2010-11-03 11:45:00,297.6
2010-11-03 11:49:00,249.54
2010-11-03 12:05:00,310.25
2010-11-03 12:07:00,474.03
2010-11-03 12:11:00,671.81
2010-11-03 12:12:00,104.65
2010-11-03 12:20:00,1970.4
2010-11-03 12:23:00,8661.8
2010-11-03 12:24:00,866.38
2010-11-03 12:36:00,161.47
2010-11-03 12:39:00,240.5
2010-11-03 12:45:00,158.05
2010-11-03 12:49:00,194.10000000000002
2010-11-03 12:55:00,132.48
2010-11-03 13:05:00,340.05
2010-11-03 13:09:00,210.75
2010-11-03 13:10:00,232.21
2010-11-03 13:13:00,1398.0
2010-11-03 13:14:00,90.0
2010-11-03 13:16:00,299.53
2010-11-03 13:18:00,196.1
2010-11-03 13:20:00,187.85
2010-11-03 13:29:00,574.25
2010-11-03 13:36:00,59.400000000000006
2010-11-03 13:38:00,237.3
2010-11-03 13:44:00,225.44
2010-11-03 13:46:00,465.92
2010-11-03 13:47:00,587.97
2010-11-03 13:48:00,171.63
2010-11-03 13:50:00,220.38
2010-11-03 13:53:00,181.54000000000002
2010-11-03 14:00:00,198.29
2010-11-03 14:02:00,316.95
2010-11-03 14:05:00,253.68
2010-11-03 14:15:00,110.51
2010-11-03 14:22:00,693.78
2010-11-03 14:32:00,447.55
2010-11-03 14:34:00,61.9
2010-11-03 14:36:00,2146.61
2010-11-03 14:39:00,306.0
2010-11-03 14:44:00,137.7
2010-11-03 14:46:00,414.7
2010-11-03 14:49:00,228.8
2010-11-03 14:52:00,1993.34
2010-11-03 14:55:00,311.74
2010-11-03 14:57:00,997.61
2010-11-03 15:22:00,114.05000000000001
2010-11-03 15:38:00,258.99
2010-11-03 15:39:00,247.56
2010-11-03 15:45:00,420.83
2010-11-03 15:46:00,292.5
2010-11-03 15:54:00,200.73
2010-11-03 15:55:00,90.60000000000001
2010-11-03 16:05:00,285.33
2010-11-03 16:26:00,249.0
2010-11-03 16:28:00,61.2
2010-11-03 16:34:00,648.0
2010-11-04 08:37:00,640.26
2010-11-04 08:39:00,640.26
2010-11-04 08:41:00,3621.66
2010-11-04 08:46:00,282.1
2010-11-04 09:05:00,475.95
2010-11-04 09:06:00,289.15
2010-11-04 09:54:00,377.46
2010-11-04 09:59:00,179.1
2010-11-04 10:13:00,430.55
2010-11-04 10:22:00,92.6
2010-11-04 10:26:00,304.18
2010-11-04 10:27:00,280.5
2010-11-04 10:37:00,761.0600000000001
2010-11-04 10:42:00,454.81
2010-11-04 10:43:00,272.1
2010-11-04 10:48:00,176.9
2010-11-04 10:49:00,274.8
2010-11-04 10:57:00,10.0
2010-11-04 11:29:00,2635.64
2010-11-04 11:35:00,7325.68
2010-11-04 11:36:00,17022.239999999998
2010-11-04 11:37:00,822.16
2010-11-04 11:38:00,882.96
2010-11-04 11:39:00,400.22
2010-11-04 11:40:00,305.28
2010-11-04 11:48:00,715.76
2010-11-04 11:53:00,359.84000000000003
2010-11-04 11:55:00,452.15000000000003
2010-11-04 11:56:00,2395.73
2010-11-04 11:59:00,1174.55
2010-11-04 12:06:00,354.05
2010-11-04 12:09:00,829.1800000000001
2010-11-04 12:10:00,76.5
2010-11-04 12:17:00,1525.39
2010-11-04 12:18:00,420.8
2010-11-04 12:24:00,102.36000000000001
2010-11-04 12:27:00,471.0
2010-11-04 12:28:00,223.98
2010-11-04 12:31:00,3993.6400000000003
2010-11-04 12:34:00,110.5
2010-11-04 12:39:00,495.53
2010-11-04 12:45:00,136.2
2010-11-04 13:01:00,270.14
2010-11-04 13:02:00,337.99
2010-11-04 13:03:00,627.51
2010-11-04 13:04:00,372.15
2010-11-04 13:05:00,198.45000000000002
2010-11-04 13:09:00,507.6
2010-11-04 13:10:00,612.0
2010-11-04 13:14:00,543.0600000000001
2010-11-04 13:17:00,115.67
2010-11-04 13:30:00,530.08
2010-11-04 13:32:00,935.12
2010-11-04 13:43:00,115.8
2010-11-04 13:46:00,2074.42
2010-11-04 13:47:00,100.80000000000001
2010-11-04 13:50:00,240.6
2010-11-04 13:52:00,122.01
2010-11-04 14:00:00,359.63
2010-11-04 14:11:00,1647.04
2010-11-04 14:21:00,1216.48
2010-11-04 14:25:00,366.4
2010-11-04 14:26:00,1223.31
2010-11-04 14:39:00,195.53
2010-11-04 14:46:00,252.85
2010-11-04 14:54:00,16.5
2010-11-04 14:55:00,61.72
2010-11-04 14:56:00,103.74000000000001
2010-11-04 15:03:00,14.85
2010-11-04 15:07:00,328.07
2010-11-04 15:10:00,69.6
2010-11-04 15:13:00,296.5
2010-11-04 15:23:00,326.35
2010-11-04 15:24:00,653.37
2010-11-04 15:30:00,455.1
2010-11-04 15:40:00,473.38
2010-11-04 15:51:00,594.0
2010-11-04 15:55:00,79.5
2010-11-04 15:56:00,85.0
2010-11-04 15:58:00,1016.45
2010-11-04 16:03:00,155.76
2010-11-04 16:07:00,32.7
2010-11-04 16:10:00,306.64
2010-11-04 16:16:00,300.45
2010-11-04 16:28:00,640.95
2010-11-04 16:36:00,486.4
2010-11-04 16:37:00,676.06
2010-11-04 16:46:00,331.55
2010-11-04 16:48:00,111.0
2010-11-04 16:50:00,704.4399999999999
2010-11-04 16:51:00,328.37
2010-11-04 16:58:00,242.32
2010-11-04 17:10:00,1352.94
2010-11-04 17:18:00,560.87
2010-11-04 17:33:00,490.34999999999997
2010-11-04 17:36:00,347.40000000000003
2010-11-04 17:37:00,25.200000000000003
2010-11-04 17:38:00,32.1
2010-11-04 17:44:00,165.45000000000002
2010-11-04 18:00:00,784.21
2010-11-04 18:13:00,157.5
2010-11-04 18:34:00,607.43
2010-11-04 18:40:00,368.8
2010-11-04 18:42:00,283.81
2010-11-04 18:48:00,341.85
2010-11-04 18:53:00,1536.06
2010-11-04 18:54:00,254.79000000000002
2010-11-04 18:56:00,462.02000000000004
2010-11-04 18:57:00,193.55
2010-11-04 19:03:00,200.0
2010-11-04 19:12:00,211.95000000000002
2010-11-04 19:23:00,500.0
2010-11-04 19:39:00,349.65000000000003
2010-11-05 08:21:00,457.0
2010-11-05 08:27:00,2292.18
2010-11-05 08:28:00,329.34000000000003
2010-11-05 09:07:00,909.58
2010-11-05 09:35:00,2570.77
2010-11-05 09:47:00,442.73
2010-11-05 09:59:00,470.46000000000004
2010-11-05 10:15:00,271.7
2010-11-05 10:23:00,436.6
2010-11-05 10:24:00,388.1
2010-11-05 10:25:00,31.6
2010-11-05 10:39:00,154.3
2010-11-05 10:52:00,3641.1
2010-11-05 10:53:00,136.0
2010-11-05 11:17:00,683.97
2010-11-05 11:25:00,191.0
2010-11-05 11:30:00,188.85
2010-11-05 11:32:00,100.85
2010-11-05 11:34:00,195.35
2010-11-05 11:36:00,311.28
2010-11-05 11:37:00,361.35
2010-11-05 11:42:00,1604.3700000000001
2010-11-05 11:43:00,143.07
2010-11-05 11:49:00,541.69
2010-11-05 12:00:00,282.5
2010-11-05 12:06:00,282.96
2010-11-05 12:09:00,644.9300000000001
2010-11-05 12:10:00,2496.96
2010-11-05 12:13:00,43.75
2010-11-05 12:38:00,374.98
2010-11-05 12:39:00,342.95
2010-11-05 12:42:00,1028.5800000000002
2010-11-05 12:43:00,149.38
2010-11-05 12:51:00,103.0
2010-11-05 12:53:00,40.0
2010-11-05 12:57:00,202.2
2010-11-05 13:03:00,1376.1
2010-11-05 13:13:00,175.3
2010-11-05 13:18:00,174.5
2010-11-05 13:20:00,180.3
2010-11-05 13:30:00,17.700000000000003
2010-11-05 13:31:00,299.5
2010-11-05 13:42:00,1300.15
2010-11-05 13:55:00,429.01
2010-11-05 13:56:00,345.75
2010-11-05 14:09:00,2390.6800000000003
2010-11-05 14:11:00,57.900000000000006
2010-11-05 14:21:00,307.95
2010-11-05 14:40:00,355.0
2010-11-05 15:07:00,492.38
2010-11-05 15:08:00,719.1700000000001
2010-11-05 15:21:00,1090.98
2010-11-05 15:25:00,5321.16
2010-11-05 15:32:00,620.0
2010-11-05 15:52:00,34.55
2010-11-05 16:00:00,611.86
2010-11-05 16:07:00,347.95
2010-11-05 16:24:00,695.22
2010-11-05 16:27:00,236.3
2010-11-05 16:42:00,346.41
2010-11-05 16:52:00,136.68
2010-11-07 10:14:00,113.32000000000001
2010-11-07 10:15:00,40.2
2010-11-07 10:22:00,728.76
2010-11-07 10:34:00,193.35
2010-11-07 10:43:00,566.9
2010-11-07 10:44:00,164.3
2010-11-07 10:46:00,298.44
2010-11-07 10:48:00,179.4
2010-11-07 10:53:00,260.4
2010-11-07 10:56:00,53.65
2010-11-07 10:57:00,539.1800000000001
2010-11-07 10:59:00,632.89
2010-11-07 11:01:00,192.45000000000002
2010-11-07 11:06:00,819.75
2010-11-07 11:11:00,185.01
2010-11-07 11:12:00,50.4
2010-11-07 11:13:00,389.74
2010-11-07 11:15:00,1160.8999999999999
2010-11-07 11:20:00,466.0
2010-11-07 11:27:00,218.89000000000001
2010-11-07 11:37:00,372.23
2010-11-07 11:44:00,463.53
2010-11-07 11:45:00,569.8
2010-11-07 11:52:00,782.32
2010-11-07 11:54:00,306.90000000000003
2010-11-07 11:55:00,172.45000000000002
2010-11-07 12:03:00,205.32
2010-11-07 12:04:00,332.13
2010-11-07 12:13:00,504.54
2010-11-07 12:21:00,88.06
2010-11-07 12:28:00,200.4
2010-11-07 12:31:00,299.39
2010-11-07 12:35:00,242.73
2010-11-07 12:36:00,152.09
2010-11-07 12:37:00,930.7
2010-11-07 12:38:00,111.6
2010-11-07 12:47:00,161.43
2010-11-07 12:51:00,322.52
2010-11-07 12:55:00,302.65000000000003
2010-11-07 12:56:00,363.3
2010-11-07 13:08:00,955.89
2010-11-07 13:10:00,258.18
2010-11-07 13:14:00,208.8
2010-11-07 13:15:00,387.70000000000005
2010-11-07 13:21:00,67.07
2010-11-07 13:24:00,216.95000000000002
2010-11-07 13:30:00,101.14999999999999
2010-11-07 13:31:00,1067.4
2010-11-07 13:35:00,339.34
2010-11-07 13:45:00,731.97
2010-11-07 13:47:00,386.11
2010-11-07 13:50:00,862.87
2010-11-07 13:52:00,175.0
2010-11-07 14:04:00,326.37
2010-11-07 14:12:00,750.58
2010-11-07 14:17:00,705.15
2010-11-07 14:26:00,178.55
2010-11-07 14:28:00,170.01
2010-11-07 14:32:00,137.45
2010-11-07 14:50:00,141.25
2010-11-07 14:51:00,357.73
2010-11-07 14:52:00,804.95
2010-11-07 14:56:00,331.35
2010-11-07 15:00:00,265.66
2010-11-07 15:01:00,192.5
2010-11-07 15:30:00,319.23
2010-11-07 15:31:00,919.56
2010-11-07 15:34:00,951.82
2010-11-07 15:49:00,353.82
2010-11-07 15:50:00,596.7
2010-11-07 15:52:00,303.21
2010-11-07 15:56:00,640.0
2010-11-07 15:57:00,579.48
2010-11-07 15:58:00,604.8199999999999
2010-11-07 16:03:00,378.57
2010-11-07 16:19:00,197.8
2010-11-07 16:21:00,3.75
2010-11-07 16:29:00,1239.03
2010-11-08 08:58:00,476.83
2010-11-08 09:35:00,90.0
2010-11-08 09:42:00,321.36
2010-11-08 09:51:00,263.38
2010-11-08 09:56:00,503.58000000000004
2010-11-08 10:07:00,2520.84
2010-11-08 10:21:00,252.55
2010-11-08 10:24:00,587.19
2010-11-08 10:44:00,406.79
2010-11-08 10:45:00,102.0
2010-11-08 10:49:00,407.55
2010-11-08 10:51:00,397.44
2010-11-08 10:57:00,138.28
2010-11-08 11:45:00,311.62
2010-11-08 11:49:00,210.14000000000001
2010-11-08 11:54:00,668.861
2010-11-08 12:06:00,351.66
2010-11-08 12:17:00,512.3
2010-11-08 12:20:00,737.56
2010-11-08 12:21:00,438.8
2010-11-08 12:22:00,247.96
2010-11-08 12:28:00,303.97
2010-11-08 12:30:00,308.2
2010-11-08 12:31:00,356.8
2010-11-08 12:35:00,161.5
2010-11-08 12:36:00,151.82
2010-11-08 12:37:00,133.45000000000002
2010-11-08 12:56:00,378.35
2010-11-08 13:05:00,136.82
2010-11-08 13:16:00,168.08
2010-11-08 13:24:00,85.6
2010-11-08 13:28:00,303.54
2010-11-08 13:31:00,383.95000000000005
2010-11-08 13:35:00,214.58
2010-11-08 13:39:00,302.1
2010-11-08 13:50:00,143.61
2010-11-08 13:53:00,655.92
2010-11-08 13:55:00,573.96
2010-11-08 13:57:00,817.6800000000001
2010-11-08 13:58:00,522.2
2010-11-08 14:00:00,674.04
2010-11-08 14:05:00,301.25
2010-11-08 14:06:00,0.95
2010-11-08 14:13:00,907.5600000000001
2010-11-08 14:14:00,405.36
2010-11-08 14:19:00,1237.62
2010-11-08 14:20:00,2253.22
2010-11-08 14:24:00,320.1
2010-11-08 14:25:00,80.7
2010-11-08 14:29:00,270.05
2010-11-08 14:37:00,264.95
2010-11-08 14:48:00,408.75
2010-11-08 14:51:00,533.86
2010-11-08 14:53:00,127.34
2010-11-08 14:57:00,109.8
2010-11-08 15:00:00,51.0
2010-11-08 15:09:00,318.9
2010-11-08 15:11:00,528.96
2010-11-08 15:12:00,620.83
2010-11-08 15:15:00,75.0
2010-11-08 15:19:00,381.77000000000004
2010-11-08 15:23:00,434.78000000000003
2010-11-08 15:34:00,1293.59
2010-11-08 15:36:00,93.45
2010-11-08 15:42:00,1041.98
2010-11-08 15:45:00,340.02
2010-11-08 15:50:00,363.40000000000003
2010-11-08 16:07:00,105.30000000000001
2010-11-08 16:19:00,183.9
2010-11-08 16:31:00,527.94
2010-11-08 16:44:00,1786.02
2010-11-08 17:34:00,212.78
2010-11-09 07:56:00,2807.9
2010-11-09 08:24:00,443.64
2010-11-09 08:58:00,100.35
2010-11-09 09:02:00,126.72
2010-11-09 09:06:00,1.1
2010-11-09 09:13:00,138.8
2010-11-09 09:16:00,410.9
2010-11-09 09:23:00,317.95
2010-11-09 09:34:00,382.5
2010-11-09 09:56:00,43.5
2010-11-09 10:01:00,405.44
2010-11-09 10:07:00,1115.46
2010-11-09 10:08:00,131.09
2010-11-09 10:09:00,4098.96
2010-11-09 10:13:00,307.67
2010-11-09 10:21:00,229.5
2010-11-09 10:29:00,304.56
2010-11-09 10:31:00,1177.75
2010-11-09 10:35:00,227.4
2010-11-09 10:38:00,314.75
2010-11-09 10:42:00,696.0
2010-11-09 10:44:00,204.0
2010-11-09 10:46:00,366.0
2010-11-09 10:48:00,576.0
2010-11-09 10:50:00,712.32
2010-11-09 10:58:00,10.9
2010-11-09 10:59:00,356.07
2010-11-09 11:06:00,748.73
2010-11-09 11:10:00,269.92
2010-11-09 11:11:00,677.96
2010-11-09 11:31:00,1060.2
2010-11-09 11:41:00,385.9
2010-11-09 12:04:00,192.55
2010-11-09 12:06:00,465.4
2010-11-09 12:07:00,958.89
2010-11-09 12:08:00,180.48
2010-11-09 12:10:00,288.39
2010-11-09 12:15:00,667.54
2010-11-09 12:26:00,714.82
2010-11-09 12:27:00,1964.93
2010-11-09 12:28:00,49.95
2010-11-09 12:29:00,443.1
2010-11-09 12:36:00,141.7
2010-11-09 12:39:00,158.32
2010-11-09 12:44:00,162.38
2010-11-09 12:47:00,31.5
2010-11-09 12:48:00,1119.16
2010-11-09 12:50:00,111.15
2010-11-09 12:58:00,2018.0
2010-11-09 13:00:00,229.4
2010-11-09 13:02:00,229.9
2010-11-09 13:03:00,329.6
2010-11-09 13:06:00,280.28
2010-11-09 13:14:00,193.38
2010-11-09 13:17:00,135.7
2010-11-09 13:23:00,109.8
2010-11-09 13:24:00,61.910000000000004
2010-11-09 13:34:00,226.91
2010-11-09 13:36:00,830.8000000000001
2010-11-09 13:37:00,93.45
2010-11-09 13:40:00,894.38
2010-11-09 13:50:00,969.48
2010-11-09 13:52:00,30.0
2010-11-09 13:59:00,341.0
2010-11-09 14:04:00,424.13
2010-11-09 14:06:00,148.87
2010-11-09 14:11:00,260.61
2010-11-09 14:13:00,273.85
2010-11-09 14:24:00,440.02
2010-11-09 14:33:00,266.38
2010-11-09 14:38:00,756.76
2010-11-09 14:41:00,1036.2
2010-11-09 14:42:00,1379.68
2010-11-09 14:43:00,297.0
2010-11-09 14:45:00,180.6
2010-11-09 14:46:00,246.44
2010-11-09 14:48:00,338.59
2010-11-09 14:49:00,499.45000000000005
2010-11-09 15:07:00,306.9
2010-11-09 15:11:00,916.0500000000001
2010-11-09 15:20:00,1331.38
2010-11-09 15:39:00,3119.0
2010-11-09 15:45:00,654.66
2010-11-09 15:49:00,29.700000000000003
2010-11-09 16:01:00,115.66
2010-11-09 16:03:00,476.74
2010-11-09 16:08:00,249.84
2010-11-09 16:10:00,125.05
2010-11-09 16:21:00,136.25
2010-11-09 16:27:00,653.1
2010-11-09 16:39:00,267.59
2010-11-09 16:48:00,18.9
2010-11-09 16:51:00,201.42999999999998
2010-11-09 16:53:00,319.92
2010-11-09 17:05:00,339.94
2010-11-09 17:11:00,197.64
2010-11-09 17:14:00,231.34
2010-11-09 17:37:00,351.90000000000003
2010-11-09 17:41:00,831.36
2010-11-09 17:59:00,217.39999999999998
2010-11-09 18:03:00,432.02
2010-11-09 18:06:00,88.0
2010-11-09 18:29:00,548.4
2010-11-09 18:30:00,167.4
2010-11-09 18:58:00,221.75
2010-11-09 19:21:00,141.12
2010-11-10 08:50:00,167.85
2010-11-10 08:56:00,3525.52
2010-11-10 08:57:00,497.0
2010-11-10 08:58:00,1402.8000000000002
2010-11-10 08:59:00,1196.48
2010-11-10 09:19:00,942.8
2010-11-10 09:35:00,397.59999999999997
2010-11-10 09:43:00,308.5
2010-11-10 09:52:00,310.18
2010-11-10 10:00:00,338.5
2010-11-10 10:02:00,197.31
2010-11-10 10:13:00,113.15
2010-11-10 10:15:00,237.6
2010-11-10 10:17:00,19.95
2010-11-10 10:18:00,500.41
2010-11-10 10:45:00,2287.2599999999998
2010-11-10 10:50:00,172.6
2010-11-10 11:12:00,195.0
2010-11-10 11:25:00,201.3
2010-11-10 11:28:00,18122.17
2010-11-10 11:30:00,1061.8400000000001
2010-11-10 11:32:00,154.95
2010-11-10 11:36:00,892.1500000000001
2010-11-10 11:37:00,1963.1999999999998
2010-11-10 11:38:00,360.0
2010-11-10 11:47:00,330.35
2010-11-10 11:55:00,264.0
2010-11-10 12:01:00,467.8
2010-11-10 12:02:00,63.6
2010-11-10 12:03:00,886.4300000000001
2010-11-10 12:06:00,1003.61
2010-11-10 12:07:00,80.28
2010-11-10 12:08:00,57.4
2010-11-10 12:09:00,695.3
2010-11-10 12:13:00,518.6500000000001
2010-11-10 12:16:00,810.4300000000001
2010-11-10 12:19:00,948.65
2010-11-10 12:20:00,765.0
2010-11-10 12:21:00,978.23
2010-11-10 12:22:00,382.5
2010-11-10 12:24:00,1121.14
2010-11-10 12:26:00,75.0
2010-11-10 12:27:00,117.0
2010-11-10 12:32:00,809.58
2010-11-10 12:38:00,688.25
2010-11-10 12:42:00,476.44
2010-11-10 12:44:00,61.800000000000004
2010-11-10 12:45:00,159.9
2010-11-10 12:46:00,27.0
2010-11-10 12:54:00,175.9
2010-11-10 12:56:00,39.45
2010-11-10 13:03:00,431.85
2010-11-10 13:08:00,815.6
2010-11-10 13:09:00,239.08
2010-11-10 13:11:00,346.41
2010-11-10 13:13:00,197.28
2010-11-10 13:17:00,364.74
2010-11-10 13:19:00,369.95
2010-11-10 13:21:00,183.6
2010-11-10 13:23:00,392.61
2010-11-10 13:25:00,400.8
2010-11-10 13:28:00,260.42
2010-11-10 13:31:00,234.74
2010-11-10 13:36:00,134.25
2010-11-10 13:40:00,210.15
2010-11-10 13:47:00,345.0
2010-11-10 13:49:00,502.08000000000004
2010-11-10 13:51:00,24.849999999999998
2010-11-10 14:03:00,430.16
2010-11-10 14:04:00,32.8
2010-11-10 14:05:00,289.37
2010-11-10 14:06:00,566.4000000000001
2010-11-10 14:08:00,419.7000000000001
2010-11-10 14:11:00,849.72
2010-11-10 14:12:00,562.3199999999999
2010-11-10 14:14:00,243.3
2010-11-10 14:16:00,609.58
2010-11-10 14:20:00,481.84000000000003
2010-11-10 14:22:00,329.64
2010-11-10 14:24:00,580.0
2010-11-10 14:26:00,821.06
2010-11-10 14:27:00,1445.69
2010-11-10 14:32:00,152.41
2010-11-10 14:34:00,339.0
2010-11-10 14:37:00,514.86
2010-11-10 14:44:00,556.8000000000001
2010-11-10 14:54:00,183.47
2010-11-10 14:58:00,7.95
2010-11-10 15:00:00,635.13
2010-11-10 15:09:00,115.95
2010-11-10 15:13:00,9.95
2010-11-10 15:16:00,1400.44
2010-11-10 15:17:00,70.80000000000001
2010-11-10 15:20:00,1063.94
2010-11-10 15:32:00,1169.15
2010-11-10 15:34:00,358.25
2010-11-10 15:38:00,246.21
2010-11-10 15:39:00,381.09000000000003
2010-11-10 15:41:00,321.7
2010-11-10 15:51:00,307.55
2010-11-10 15:52:00,275.8
2010-11-10 16:00:00,52.4
2010-11-10 16:05:00,265.27
2010-11-10 16:06:00,106.77
2010-11-10 16:07:00,5.95
2010-11-10 16:14:00,1.95
2010-11-10 16:15:00,526.19
2010-11-10 16:21:00,323.8
2010-11-10 16:24:00,166.6
2010-11-10 16:25:00,309.75
2010-11-10 16:26:00,508.63
2010-11-10 16:31:00,722.03
2010-11-10 16:38:00,16.95
2010-11-10 16:40:00,1248.42
2010-11-10 16:56:00,151.05
2010-11-10 17:39:00,374.92
2010-11-11 08:25:00,51.84
2010-11-11 08:26:00,595.5
2010-11-11 08:27:00,89.69999999999999
2010-11-11 08:29:00,308.8
2010-11-11 09:02:00,392.88
2010-11-11 09:16:00,502.52
2010-11-11 09:32:00,135.3
2010-11-11 09:41:00,308.24
2010-11-11 09:55:00,634.74
2010-11-11 10:02:00,250.2
2010-11-11 10:19:00,291.3
2010-11-11 10:21:00,408.13
2010-11-11 10:25:00,271.1
2010-11-11 10:41:00,609.16
2010-11-11 10:50:00,414.25
2010-11-11 11:14:00,303.45
2010-11-11 11:31:00,4027.5
2010-11-11 11:32:00,1195.0
2010-11-11 11:44:00,448.55
2010-11-11 11:52:00,115.57000000000001
2010-11-11 11:55:00,786.7
2010-11-11 12:01:00,341.35
2010-11-11 12:03:00,262.36
2010-11-11 12:04:00,285.94
2010-11-11 12:06:00,330.41
2010-11-11 12:11:00,851.76
2010-11-11 12:13:00,232.93
2010-11-11 12:14:00,334.08
2010-11-11 12:18:00,492.48
2010-11-11 12:19:00,2611.99
2010-11-11 12:20:00,443.88
2010-11-11 12:21:00,225.6
2010-11-11 12:23:00,52.8
2010-11-11 12:26:00,420.54
2010-11-11 12:38:00,394.97
2010-11-11 12:40:00,483.72999999999996
2010-11-11 12:41:00,123.4
2010-11-11 12:44:00,360.0
2010-11-11 12:45:00,2318.95
2010-11-11 12:47:00,329.3
2010-11-11 12:54:00,356.14
2010-11-11 13:07:00,115.17
2010-11-11 13:08:00,1508.35
2010-11-11 13:13:00,88.05
2010-11-11 13:19:00,931.12
2010-11-11 13:23:00,350.4
2010-11-11 13:24:00,332.89
2010-11-11 13:26:00,1072.3600000000001
2010-11-11 13:27:00,205.8
2010-11-11 13:30:00,226.0
2010-11-11 13:33:00,68.81
2010-11-11 13:46:00,204.25
2010-11-11 13:48:00,3465.0
2010-11-11 13:50:00,1206.75
2010-11-11 13:52:00,334.63
2010-11-11 13:53:00,321.56
2010-11-11 13:57:00,244.79999999999998
2010-11-11 14:04:00,24.05
2010-11-11 14:08:00,376.25
2010-11-11 14:10:00,10.5
2010-11-11 14:23:00,2301.96
2010-11-11 14:29:00,504.54
2010-11-11 14:30:00,560.93
2010-11-11 14:31:00,385.65
2010-11-11 14:32:00,49.9
2010-11-11 14:36:00,259.17
2010-11-11 14:39:00,591.96
2010-11-11 14:42:00,201.27
2010-11-11 14:54:00,741.59
2010-11-11 14:57:00,1092.81
2010-11-11 15:07:00,609.95
2010-11-11 15:09:00,309.77
2010-11-11 15:21:00,157.32
2010-11-11 15:25:00,728.87
2010-11-11 15:29:00,290.65000000000003
2010-11-11 15:37:00,121.65
2010-11-11 15:47:00,302.8
2010-11-11 15:49:00,263.54
2010-11-11 15:51:00,337.66
2010-11-11 15:55:00,192.60000000000002
2010-11-11 15:56:00,471.84
2010-11-11 16:07:00,139.64999999999998
2010-11-11 16:08:00,76.5
2010-11-11 16:13:00,1311.6
2010-11-11 16:15:00,81.65
2010-11-11 16:18:00,376.23
2010-11-11 16:23:00,128.07
2010-11-11 16:27:00,513.08
2010-11-11 16:29:00,600.05
2010-11-11 16:30:00,7.95
2010-11-11 16:40:00,1312.0
2010-11-11 16:45:00,216.0
2010-11-11 16:55:00,200.75
2010-11-11 17:05:00,4176.0
2010-11-11 17:07:00,25.8
2010-11-11 17:21:00,173.05
2010-11-11 17:28:00,654.6600000000001
2010-11-11 17:41:00,393.15000000000003
2010-11-11 17:55:00,1538.1200000000001
2010-11-11 17:56:00,32.8
2010-11-11 18:06:00,295.6
2010-11-11 18:24:00,1215.15
2010-11-11 18:34:00,610.0600000000001
2010-11-11 18:58:00,200.47
2010-11-11 19:14:00,454.11
2010-11-11 19:43:00,23.9
2010-11-12 08:18:00,176.5
2010-11-12 09:10:00,543.6
2010-11-12 09:30:00,228.59
2010-11-12 09:31:00,80.69999999999999
2010-11-12 09:39:00,962.97
2010-11-12 09:44:00,303.26
2010-11-12 09:50:00,155.65
2010-11-12 10:05:00,301.05
2010-11-12 10:08:00,225.35000000000002
2010-11-12 10:11:00,330.83000000000004
2010-11-12 10:13:00,250.85
2010-11-12 10:14:00,230.68
2010-11-12 10:20:00,143.75
2010-11-12 10:24:00,72.5
2010-11-12 10:28:00,529.2
2010-11-12 10:34:00,76.32000000000001
2010-11-12 10:36:00,171.45000000000002
2010-11-12 10:51:00,209.92
2010-11-12 10:53:00,115.8
2010-11-12 11:08:00,215.22
2010-11-12 11:21:00,182.08
2010-11-12 11:30:00,170.3
2010-11-12 11:31:00,878.09
2010-11-12 11:33:00,1336.35
2010-11-12 11:34:00,23.6
2010-11-12 11:41:00,665.7
2010-11-12 11:42:00,50.4
2010-11-12 11:43:00,79.86
2010-11-12 11:44:00,59.92
2010-11-12 11:45:00,453.1
2010-11-12 11:47:00,231.10999999999999
2010-11-12 11:57:00,284.3
2010-11-12 12:07:00,100.8
2010-11-12 12:08:00,285.0
2010-11-12 12:10:00,313.18
2010-11-12 12:11:00,376.33000000000004
2010-11-12 12:12:00,12.6
2010-11-12 12:15:00,251.72
2010-11-12 12:17:00,118.65
2010-11-12 12:24:00,12.6
2010-11-12 12:26:00,499.98
2010-11-12 12:28:00,317.4
2010-11-12 12:32:00,460.65999999999997
2010-11-12 12:38:00,305.0
2010-11-12 12:44:00,271.27
2010-11-12 12:49:00,559.93
2010-11-12 12:51:00,340.1
2010-11-12 12:55:00,472.5
2010-11-12 12:56:00,534.0
2010-11-12 13:05:00,161.6
2010-11-12 13:13:00,101.4
2010-11-12 13:15:00,379.6
2010-11-12 13:17:00,442.59000000000003
2010-11-12 13:18:00,637.9399999999999
2010-11-12 13:23:00,298.85
2010-11-12 13:26:00,130.35
2010-11-12 13:28:00,104.12
2010-11-12 13:34:00,285.85
2010-11-12 13:43:00,414.48
2010-11-12 13:49:00,159.86
2010-11-12 13:51:00,291.79
2010-11-12 13:53:00,184.66
2010-11-12 13:55:00,15.3
2010-11-12 14:05:00,312.76
2010-11-12 14:13:00,231.99
2010-11-12 14:18:00,144.6
2010-11-12 14:21:00,359.24
2010-11-12 14:24:00,5398.24
2010-11-12 14:26:00,280.32
2010-11-12 14:28:00,1374.2
2010-11-12 14:30:00,90.0
2010-11-12 14:32:00,444.5
2010-11-12 14:34:00,202.5
2010-11-12 14:37:00,732.0
2010-11-12 14:39:00,135.0
2010-11-12 14:40:00,538.4
2010-11-12 14:50:00,308.70000000000005
2010-11-12 14:51:00,180.51
2010-11-12 14:55:00,458.22999999999996
2010-11-12 15:03:00,395.32
2010-11-12 15:05:00,761.6
2010-11-12 15:07:00,300.22
2010-11-12 15:16:00,96.45
2010-11-12 15:20:00,284.24
2010-11-12 15:33:00,549.87
2010-11-12 15:35:00,643.71
2010-11-12 15:40:00,1568.18
2010-11-12 15:46:00,509.9
2010-11-12 16:18:00,15.0
2010-11-12 16:24:00,158.96
2010-11-12 16:42:00,338.68
2010-11-12 16:59:00,162.82
2010-11-12 17:01:00,612.0
2010-11-14 10:10:00,100.45
2010-11-14 10:11:00,284.5
2010-11-14 10:14:00,264.0
2010-11-14 10:21:00,17.9
2010-11-14 10:39:00,311.87
2010-11-14 10:46:00,273.27
2010-11-14 10:51:00,318.04
2010-11-14 10:56:00,237.84
2010-11-14 11:01:00,307.43
2010-11-14 11:10:00,372.0
2010-11-14 11:12:00,163.2
2010-11-14 11:18:00,279.44
2010-11-14 11:19:00,395.17
2010-11-14 11:27:00,246.75
2010-11-14 11:30:00,367.05
2010-11-14 11:32:00,1343.9
2010-11-14 11:34:00,132.82999999999998
2010-11-14 11:37:00,241.3
2010-11-14 11:39:00,173.35
2010-11-14 11:41:00,164.87
2010-11-14 11:45:00,176.1
2010-11-14 11:46:00,157.63
2010-11-14 11:50:00,899.36
2010-11-14 11:51:00,172.25
2010-11-14 12:07:00,1253.3700000000001
2010-11-14 12:14:00,344.0
2010-11-14 12:17:00,301.11
2010-11-14 12:31:00,611.29
2010-11-14 12:36:00,177.25
2010-11-14 12:39:00,171.58
2010-11-14 12:47:00,154.5
2010-11-14 12:50:00,207.71
2010-11-14 12:55:00,269.1
2010-11-14 12:58:00,815.12
2010-11-14 12:59:00,690.49
2010-11-14 13:03:00,280.94
2010-11-14 13:04:00,511.0
2010-11-14 13:11:00,112.45
2010-11-14 13:13:00,588.11
2010-11-14 13:16:00,171.4
2010-11-14 13:19:00,252.5
2010-11-14 13:24:00,1703.46
2010-11-14 13:25:00,50.400000000000006
2010-11-14 13:27:00,327.99
2010-11-14 13:28:00,144.0
2010-11-14 13:33:00,237.9
2010-11-14 13:38:00,431.81
2010-11-14 13:39:00,839.36
2010-11-14 13:42:00,604.3
2010-11-14 13:48:00,242.05
2010-11-14 13:53:00,54.6
2010-11-14 13:54:00,244.19
2010-11-14 13:55:00,421.8
2010-11-14 14:00:00,138.81
2010-11-14 14:07:00,228.52
2010-11-14 14:17:00,82.65
2010-11-14 14:32:00,201.15
2010-11-14 14:37:00,307.45
2010-11-14 14:47:00,705.62
2010-11-14 14:49:00,279.0
2010-11-14 14:54:00,834.51
2010-11-14 14:56:00,119.57
2010-11-14 14:57:00,166.6
2010-11-14 15:05:00,252.44
2010-11-14 15:08:00,72.6
2010-11-14 15:14:00,180.78
2010-11-14 15:17:00,496.5
2010-11-14 15:19:00,298.04
2010-11-14 15:22:00,243.89000000000001
2010-11-14 15:23:00,402.32
2010-11-14 15:27:00,308.67
2010-11-14 15:30:00,25.42
2010-11-14 15:46:00,383.33
2010-11-14 15:57:00,233.37
2010-11-14 16:05:00,75.6
2010-11-14 16:12:00,321.91
2010-11-14 16:16:00,835.52
2010-11-14 16:18:00,43.44
2010-11-14 16:19:00,504.58
2010-11-14 16:32:00,578.14
2010-11-15 08:34:00,1122.48
2010-11-15 09:02:00,2716.34
2010-11-15 09:14:00,268.5
2010-11-15 09:16:00,66.15
2010-11-15 09:34:00,79.14
2010-11-15 09:49:00,159.94
2010-11-15 09:54:00,3092.4
2010-11-15 10:12:00,241.7
2010-11-15 10:32:00,269.15000000000003
2010-11-15 10:46:00,678.7
2010-11-15 10:47:00,6.75
2010-11-15 10:51:00,2442.0
2010-11-15 11:01:00,128.6
2010-11-15 11:16:00,246.9
2010-11-15 11:34:00,488.99
2010-11-15 11:39:00,684.4200000000001
2010-11-15 11:49:00,274.29
2010-11-15 12:06:00,669.25
2010-11-15 12:14:00,329.62
2010-11-15 12:15:00,153.6
2010-11-15 12:18:00,49.0
2010-11-15 12:19:00,2325.33
2010-11-15 12:20:00,140.75
2010-11-15 12:21:00,306.82
2010-11-15 12:30:00,121.68
2010-11-15 12:31:00,1452.3
2010-11-15 12:34:00,68.0
2010-11-15 12:35:00,344.16
2010-11-15 12:43:00,1008.34
2010-11-15 12:50:00,326.22
2010-11-15 12:52:00,213.2
2010-11-15 12:55:00,320.01
2010-11-15 13:04:00,252.88
2010-11-15 13:06:00,166.05
2010-11-15 13:07:00,153.05
2010-11-15 13:13:00,156.62
2010-11-15 13:15:00,144.9
2010-11-15 13:24:00,404.15
2010-11-15 13:27:00,216.23
2010-11-15 13:32:00,258.65
2010-11-15 13:39:00,207.09
2010-11-15 13:43:00,607.79
2010-11-15 13:49:00,110.5
2010-11-15 13:54:00,924.07
2010-11-15 13:55:00,152.2
2010-11-15 13:56:00,402.6
2010-11-15 13:58:00,250.20000000000002
2010-11-15 14:07:00,33.8
2010-11-15 14:09:00,462.97
2010-11-15 14:11:00,481.58000000000004
2010-11-15 14:15:00,282.12
2010-11-15 14:22:00,83.85
2010-11-15 14:26:00,3751.7
2010-11-15 14:30:00,357.15000000000003
2010-11-15 14:36:00,293.27
2010-11-15 14:41:00,81.5
2010-11-15 14:44:00,504.0
2010-11-15 14:48:00,286.72
2010-11-15 14:49:00,322.81
2010-11-15 14:55:00,364.4
2010-11-15 15:03:00,617.73
2010-11-15 15:08:00,98.1
2010-11-15 15:10:00,195.70000000000002
2010-11-15 15:11:00,50.9
2010-11-15 15:18:00,3.9
2010-11-15 15:30:00,1779.25
2010-11-15 15:44:00,398.5
2010-11-15 15:51:00,150.6
2010-11-15 15:54:00,134.43
2010-11-15 15:55:00,326.61
2010-11-15 16:00:00,271.77
2010-11-15 16:05:00,1089.93
2010-11-15 16:13:00,156.75
2010-11-15 16:15:00,132.12
2010-11-15 16:20:00,1089.24
2010-11-15 16:22:00,641.4
2010-11-15 16:23:00,72.48
2010-11-15 16:33:00,75.60000000000001
2010-11-15 16:44:00,512.04
2010-11-15 16:56:00,218.1
2010-11-15 17:01:00,479.09
2010-11-15 17:11:00,243.35
2010-11-15 17:14:00,911.12
2010-11-15 17:37:00,715.88
2010-11-15 17:41:00,30.0
2010-11-15 17:43:00,35.62
2010-11-15 17:44:00,26.25
2010-11-16 07:52:00,2561.94
2010-11-16 08:09:00,616.25
2010-11-16 08:10:00,141.6
2010-11-16 08:11:00,142.9
2010-11-16 09:08:00,765.9
2010-11-16 09:13:00,235.25
2010-11-16 09:28:00,849.07
2010-11-16 09:49:00,143.55
2010-11-16 09:50:00,749.8
2010-11-16 09:51:00,171.06
2010-11-16 09:56:00,111.89
2010-11-16 10:00:00,96.9
2010-11-16 10:04:00,204.0
2010-11-16 10:05:00,11274.89
2010-11-16 10:24:00,408.25
2010-11-16 10:35:00,629.7
2010-11-16 10:36:00,548.64
2010-11-16 10:42:00,164.39
2010-11-16 10:56:00,666.57
2010-11-16 11:02:00,288.8
2010-11-16 11:14:00,403.8
2010-11-16 11:31:00,271.0
2010-11-16 11:35:00,192.27
2010-11-16 11:36:00,192.9
2010-11-16 11:38:00,417.8
2010-11-16 11:53:00,128.85000000000002
2010-11-16 11:54:00,598.95
2010-11-16 12:00:00,175.2
2010-11-16 12:14:00,177.1
2010-11-16 12:19:00,163.11
2010-11-16 12:22:00,419.21999999999997
2010-11-16 12:28:00,412.54
2010-11-16 12:32:00,4604.38
2010-11-16 12:40:00,247.86
2010-11-16 12:46:00,355.15000000000003
2010-11-16 12:48:00,370.79
2010-11-16 12:49:00,267.38
2010-11-16 12:50:00,410.24
2010-11-16 12:51:00,825.94
2010-11-16 12:52:00,1832.16
2010-11-16 12:58:00,72.37
2010-11-16 13:01:00,439.59999999999997
2010-11-16 13:03:00,76.03999999999999
2010-11-16 13:04:00,404.55
2010-11-16 13:07:00,62.79
2010-11-16 13:22:00,151.08
2010-11-16 13:28:00,1055.0
2010-11-16 13:33:00,389.3
2010-11-16 13:36:00,281.7
2010-11-16 13:39:00,197.20000000000002
2010-11-16 13:43:00,647.84
2010-11-16 13:57:00,327.78
2010-11-16 14:01:00,1322.33
2010-11-16 14:02:00,188.25
2010-11-16 14:05:00,298.18
2010-11-16 14:09:00,499.9
2010-11-16 14:15:00,525.97
2010-11-16 14:29:00,850.0
2010-11-16 14:38:00,87.92
2010-11-16 14:45:00,500.28000000000003
2010-11-16 14:46:00,301.45
2010-11-16 14:53:00,112.8
2010-11-16 14:54:00,553.2
2010-11-16 15:11:00,306.0
2010-11-16 15:13:00,302.40000000000003
2010-11-16 15:14:00,127.96
2010-11-16 15:24:00,418.62
2010-11-16 15:27:00,3924.42
2010-11-16 15:31:00,239.46
2010-11-16 15:34:00,700.89
2010-11-16 15:44:00,325.0
2010-11-16 15:46:00,818.89
2010-11-16 15:55:00,394.75
2010-11-16 15:57:00,804.1
2010-11-16 15:58:00,309.68
2010-11-16 16:01:00,1547.52
2010-11-16 16:08:00,119.92
2010-11-16 16:37:00,398.34
2010-11-16 16:38:00,488.88
2010-11-16 16:46:00,1267.53
2010-11-16 16:50:00,359.1
2010-11-16 17:03:00,221.88
2010-11-16 17:10:00,598.64
2010-11-16 17:12:00,307.12
2010-11-16 17:17:00,450.14
2010-11-16 17:21:00,876.36
2010-11-16 17:23:00,718.44
2010-11-16 17:25:00,214.35
2010-11-16 17:40:00,572.02
2010-11-16 17:44:00,293.74
2010-11-16 17:52:00,65.70000000000002
2010-11-16 17:58:00,418.24
2010-11-16 18:07:00,477.5
2010-11-16 18:10:00,1552.23
2010-11-16 18:11:00,316.1
2010-11-16 18:20:00,314.40000000000003
2010-11-16 18:30:00,288.65000000000003
2010-11-16 18:47:00,305.04
2010-11-16 19:29:00,361.31
2010-11-17 08:42:00,75.6
2010-11-17 08:53:00,110.69999999999999
2010-11-17 09:36:00,60.67999999999999
2010-11-17 09:41:00,107.42
2010-11-17 09:53:00,303.18
2010-11-17 10:01:00,646.0
2010-11-17 10:02:00,369.90000000000003
2010-11-17 10:03:00,7707.22
2010-11-17 10:04:00,55.800000000000004
2010-11-17 10:06:00,304.55
2010-11-17 10:07:00,643.0
2010-11-17 10:08:00,5.9
2010-11-17 10:09:00,2.95
2010-11-17 10:10:00,694.6
2010-11-17 10:23:00,234.18
2010-11-17 10:26:00,385.02
2010-11-17 10:30:00,1109.24
2010-11-17 10:31:00,932.5
2010-11-17 10:32:00,452.68
2010-11-17 10:34:00,1355.6100000000001
2010-11-17 10:39:00,943.6
2010-11-17 10:44:00,111.97
2010-11-17 10:54:00,223.22
2010-11-17 10:55:00,524.65
2010-11-17 11:10:00,278.7
2010-11-17 11:12:00,43.2
2010-11-17 11:14:00,25.200000000000003
2010-11-17 11:19:00,765.59
2010-11-17 11:33:00,464.28000000000003
2010-11-17 11:38:00,75.9
2010-11-17 11:40:00,559.95
2010-11-17 11:41:00,457.88
2010-11-17 11:45:00,165.57
2010-11-17 11:48:00,767.8
2010-11-17 12:01:00,190.4
2010-11-17 12:03:00,231.42
2010-11-17 12:04:00,813.5
2010-11-17 12:11:00,725.88
2010-11-17 12:14:00,645.88
2010-11-17 12:15:00,252.79
2010-11-17 12:17:00,87.6
2010-11-17 12:20:00,883.54
2010-11-17 12:24:00,27.0
2010-11-17 12:36:00,195.04
2010-11-17 12:41:00,160.0
2010-11-17 12:44:00,765.36
2010-11-17 12:47:00,300.24
2010-11-17 12:49:00,214.9
2010-11-17 12:50:00,142.8
2010-11-17 12:53:00,371.0
2010-11-17 12:57:00,129.05
2010-11-17 12:58:00,156.34
2010-11-17 13:01:00,180.0
2010-11-17 13:04:00,11.65
2010-11-17 13:05:00,237.98000000000002
2010-11-17 13:06:00,496.69
2010-11-17 13:09:00,1581.8600000000001
2010-11-17 13:10:00,194.20000000000002
2010-11-17 13:11:00,456.40000000000003
2010-11-17 13:12:00,301.3
2010-11-17 13:14:00,518.74
2010-11-17 13:16:00,48.79
2010-11-17 13:25:00,115.55
2010-11-17 13:39:00,171.81
2010-11-17 13:42:00,847.6600000000001
2010-11-17 13:46:00,287.25
2010-11-17 13:49:00,163.3
2010-11-17 13:50:00,890.9
2010-11-17 13:53:00,133.25
2010-11-17 14:05:00,98.05
2010-11-17 14:06:00,231.25
2010-11-17 14:20:00,354.96000000000004
2010-11-17 14:23:00,405.0
2010-11-17 14:25:00,751.15
2010-11-17 14:31:00,424.14
2010-11-17 14:53:00,2318.27
2010-11-17 14:55:00,188.22
2010-11-17 15:03:00,101.16
2010-11-17 15:08:00,500.19100000000003
2010-11-17 15:14:00,312.75
2010-11-17 15:20:00,437.41
2010-11-17 15:21:00,100.8
2010-11-17 15:24:00,254.51999999999998
2010-11-17 15:28:00,315.0
2010-11-17 15:31:00,104.49000000000001
2010-11-17 15:42:00,208.20000000000002
2010-11-17 15:43:00,197.5
2010-11-17 15:47:00,351.2
2010-11-17 15:54:00,399.9
2010-11-17 16:00:00,260.1
2010-11-17 16:01:00,198.59
2010-11-17 16:11:00,38.95
2010-11-17 16:22:00,538.3499999999999
2010-11-17 16:46:00,299.82
2010-11-17 16:48:00,1006.36
2010-11-17 16:59:00,445.51
2010-11-17 17:01:00,333.13
2010-11-17 17:08:00,190.53
2010-11-17 17:14:00,114.15
2010-11-17 17:16:00,352.78000000000003
2010-11-18 07:59:00,386.4
2010-11-18 08:28:00,516.6
2010-11-18 08:31:00,170.70000000000002
2010-11-18 09:22:00,285.37
2010-11-18 10:05:00,228.7
2010-11-18 10:06:00,655.64
2010-11-18 10:08:00,501.3
2010-11-18 10:19:00,29.85
2010-11-18 10:32:00,346.07
2010-11-18 10:33:00,240.48
2010-11-18 10:37:00,377.06
2010-11-18 10:43:00,175.8
2010-11-18 10:44:00,448.04
2010-11-18 10:45:00,837.62
2010-11-18 10:51:00,117.6
2010-11-18 11:00:00,146.01
2010-11-18 11:02:00,695.17
2010-11-18 11:08:00,1422.95
2010-11-18 11:09:00,174.9
2010-11-18 11:23:00,513.16
2010-11-18 11:28:00,244.51
2010-11-18 11:29:00,179.05
2010-11-18 11:37:00,11.9
2010-11-18 11:40:00,195.0
2010-11-18 11:44:00,230.12
2010-11-18 11:48:00,190.20000000000002
2010-11-18 11:49:00,153.4
2010-11-18 11:55:00,1106.04
2010-11-18 11:59:00,403.92
2010-11-18 12:08:00,189.93
2010-11-18 12:11:00,382.2
2010-11-18 12:14:00,1193.44
2010-11-18 12:19:00,360.0
2010-11-18 12:21:00,467.94
2010-11-18 12:22:00,111.5
2010-11-18 12:25:00,200.5
2010-11-18 12:50:00,1218.52
2010-11-18 13:00:00,158.69
2010-11-18 13:01:00,264.85
2010-11-18 13:04:00,295.13
2010-11-18 13:06:00,458.28
2010-11-18 13:10:00,123.2
2010-11-18 13:14:00,312.01
2010-11-18 13:18:00,273.31
2010-11-18 13:21:00,558.0
2010-11-18 13:25:00,347.0
2010-11-18 13:27:00,933.77
2010-11-18 13:30:00,487.59000000000003
2010-11-18 13:33:00,120.4
2010-11-18 13:34:00,660.71
2010-11-18 13:49:00,129.04
2010-11-18 13:51:00,108.84
2010-11-18 13:56:00,127.0
2010-11-18 14:04:00,304.56
2010-11-18 14:07:00,833.33
2010-11-18 14:17:00,1050.47
2010-11-18 14:20:00,565.03
2010-11-18 14:25:00,246.48000000000002
2010-11-18 14:28:00,71.65
2010-11-18 14:31:00,1331.04
2010-11-18 14:45:00,688.4
2010-11-18 14:49:00,116.4
2010-11-18 14:52:00,519.46
2010-11-18 14:55:00,800.1
2010-11-18 14:57:00,339.6
2010-11-18 15:17:00,176.40000000000003
2010-11-18 15:19:00,1128.0
2010-11-18 15:29:00,1034.76
2010-11-18 15:33:00,128.45
2010-11-18 15:34:00,283.39
2010-11-18 16:10:00,123.3
2010-11-18 16:22:00,432.94
2010-11-18 16:27:00,403.38
2010-11-18 16:28:00,479.51
2010-11-18 16:33:00,365.82
2010-11-18 16:52:00,164.28
2010-11-18 16:57:00,1030.49
2010-11-18 17:10:00,143.95000000000002
2010-11-18 17:35:00,314.3
2010-11-18 17:50:00,365.3
2010-11-18 17:56:00,169.23
2010-11-18 18:14:00,191.19
2010-11-18 18:16:00,163.18
2010-11-18 18:23:00,370.0
2010-11-18 18:55:00,227.15
2010-11-18 19:06:00,350.3
2010-11-18 19:08:00,339.75
2010-11-18 19:14:00,686.79
2010-11-18 19:22:00,160.93
2010-11-18 19:55:00,510.25
2010-11-19 08:13:00,65.34
2010-11-19 08:18:00,78.75
2010-11-19 08:53:00,314.2
2010-11-19 09:16:00,302.6
2010-11-19 09:18:00,853.86
2010-11-19 09:23:00,405.58000000000004
2010-11-19 09:34:00,2977.73
2010-11-19 09:35:00,759.1800000000001
2010-11-19 09:40:00,539.4
2010-11-19 09:42:00,268.0
2010-11-19 10:00:00,34.0
2010-11-19 10:04:00,180.1
2010-11-19 10:05:00,538.64
2010-11-19 10:06:00,423.0
2010-11-19 10:11:00,135.78
2010-11-19 10:30:00,12.6
2010-11-19 10:31:00,340.75
2010-11-19 10:43:00,88.5
2010-11-19 10:51:00,241.6
2010-11-19 10:55:00,421.2
2010-11-19 10:57:00,159.7
2010-11-19 10:58:00,44.55
2010-11-19 11:12:00,491.81
2010-11-19 11:21:00,112.65
2010-11-19 11:27:00,551.5
2010-11-19 11:32:00,920.53
2010-11-19 11:37:00,970.64
2010-11-19 11:40:00,454.20000000000005
2010-11-19 11:42:00,126.52
2010-11-19 11:48:00,1122.43
2010-11-19 11:54:00,286.39
2010-11-19 11:55:00,186.9
2010-11-19 11:58:00,149.15
2010-11-19 12:00:00,210.44
2010-11-19 12:04:00,114.71000000000001
2010-11-19 12:09:00,323.45
2010-11-19 12:18:00,378.48
2010-11-19 12:35:00,76.15
2010-11-19 12:42:00,1992.88
2010-11-19 12:43:00,1050.76
2010-11-19 12:45:00,481.49
2010-11-19 12:50:00,238.11
2010-11-19 12:51:00,234.19
2010-11-19 12:56:00,1040.0
2010-11-19 13:01:00,645.13
2010-11-19 13:04:00,9.58
2010-11-19 13:09:00,346.94
2010-11-19 13:14:00,227.43
2010-11-19 13:16:00,237.19
2010-11-19 13:19:00,14.75
2010-11-19 13:21:00,1734.07
2010-11-19 13:24:00,608.74
2010-11-19 13:31:00,285.55
2010-11-19 13:35:00,740.0
2010-11-19 13:37:00,266.8
2010-11-19 13:40:00,126.35000000000001
2010-11-19 13:42:00,540.0400000000001
2010-11-19 13:43:00,540.0
2010-11-19 13:46:00,6.3
2010-11-19 13:49:00,306.0
2010-11-19 13:52:00,280.76
2010-11-19 13:54:00,170.20000000000002
2010-11-19 13:56:00,29.7
2010-11-19 13:58:00,822.5699999999999
2010-11-19 14:00:00,30.0
2010-11-19 14:14:00,1563.65
2010-11-19 14:20:00,437.37
2010-11-19 14:26:00,461.73
2010-11-19 14:27:00,717.63
2010-11-19 14:29:00,556.36
2010-11-19 14:30:00,622.56
2010-11-19 14:40:00,107.01
2010-11-19 14:54:00,212.70000000000002
2010-11-19 15:09:00,416.52000000000004
2010-11-19 15:13:00,605.4
2010-11-19 15:23:00,459.15999999999997
2010-11-19 15:41:00,616.02
2010-11-19 15:50:00,885.33
2010-11-19 15:51:00,672.0
2010-11-19 15:55:00,224.51
2010-11-19 16:33:00,79.2
2010-11-19 16:38:00,22.5
2010-11-19 16:41:00,418.87
2010-11-19 16:52:00,2.1
2010-11-19 16:57:00,100.91
2010-11-19 17:01:00,124.86999999999999
2010-11-19 17:18:00,1190.3999999999999
2010-11-19 17:21:00,836.08
2010-11-21 10:08:00,332.61
2010-11-21 10:17:00,353.23
2010-11-21 10:27:00,28.0
2010-11-21 10:35:00,116.15
2010-11-21 10:38:00,494.40000000000003
2010-11-21 10:40:00,653.4000000000001
2010-11-21 10:42:00,302.58000000000004
2010-11-21 10:47:00,125.30000000000001
2010-11-21 10:49:00,229.55
2010-11-21 10:51:00,236.0
2010-11-21 11:03:00,1504.97
2010-11-21 11:06:00,224.5
2010-11-21 11:18:00,222.4
2010-11-21 11:28:00,371.57
2010-11-21 11:30:00,119.34
2010-11-21 11:34:00,233.84
2010-11-21 11:35:00,68.55
2010-11-21 11:37:00,412.35
2010-11-21 11:39:00,378.5
2010-11-21 11:40:00,127.5
2010-11-21 11:47:00,121.65
2010-11-21 11:52:00,540.6
2010-11-21 11:58:00,358.56
2010-11-21 12:09:00,527.8
2010-11-21 12:10:00,130.8
2010-11-21 12:11:00,925.51
2010-11-21 12:21:00,737.04
2010-11-21 12:29:00,454.58
2010-11-21 12:31:00,292.2
2010-11-21 12:38:00,322.53000000000003
2010-11-21 12:39:00,230.88
2010-11-21 12:40:00,299.64
2010-11-21 12:55:00,147.27
2010-11-21 12:59:00,690.82
2010-11-21 13:00:00,317.01
2010-11-21 13:13:00,941.08
2010-11-21 13:15:00,490.49
2010-11-21 13:23:00,897.36
2010-11-21 13:26:00,426.65
2010-11-21 13:29:00,644.9
2010-11-21 13:30:00,1113.3799999999999
2010-11-21 13:31:00,87.0
2010-11-21 13:35:00,126.11
2010-11-21 13:36:00,167.85
2010-11-21 13:42:00,108.9
2010-11-21 13:46:00,434.04
2010-11-21 13:48:00,311.14
2010-11-21 13:51:00,225.61
2010-11-21 13:53:00,346.4
2010-11-21 13:57:00,194.45
2010-11-21 13:58:00,248.75
2010-11-21 13:59:00,579.4
2010-11-21 14:04:00,382.90999999999997
2010-11-21 14:06:00,186.1
2010-11-21 14:10:00,1191.23
2010-11-21 14:13:00,716.32
2010-11-21 14:19:00,3.75
2010-11-21 14:21:00,330.35
2010-11-21 14:26:00,176.9
2010-11-21 14:34:00,85.9
2010-11-21 14:35:00,197.5
2010-11-21 14:36:00,271.77
2010-11-21 14:49:00,268.2
2010-11-21 14:52:00,306.7
2010-11-21 15:10:00,163.45
2010-11-21 15:14:00,431.95000000000005
2010-11-21 15:24:00,342.55
2010-11-21 15:27:00,233.0
2010-11-21 15:28:00,175.9
2010-11-21 15:30:00,311.1
2010-11-21 15:38:00,170.32
2010-11-21 15:47:00,88.5
2010-11-21 15:55:00,2146.31
2010-11-21 15:56:00,772.82
2010-11-21 15:58:00,367.04
2010-11-21 16:02:00,347.20000000000005
2010-11-21 16:04:00,156.53
2010-11-21 16:08:00,390.56
2010-11-21 16:10:00,680.8
2010-11-21 16:11:00,233.97
2010-11-21 16:13:00,353.48
2010-11-21 16:14:00,222.88
2010-11-21 16:15:00,374.92
2010-11-22 08:09:00,842.0
2010-11-22 08:11:00,199.3
2010-11-22 08:54:00,303.15000000000003
2010-11-22 08:55:00,303.45
2010-11-22 09:22:00,529.1
2010-11-22 09:39:00,147.45
2010-11-22 09:55:00,94.2
2010-11-22 09:57:00,263.22
2010-11-22 10:03:00,641.52
2010-11-22 10:06:00,225.20000000000002
2010-11-22 10:22:00,222.39999999999998
2010-11-22 10:28:00,439.33000000000004
2010-11-22 10:34:00,154.9
2010-11-22 10:38:00,166.2
2010-11-22 10:41:00,515.83
2010-11-22 10:42:00,619.59
2010-11-22 10:46:00,165.0
2010-11-22 10:59:00,472.05
2010-11-22 11:09:00,202.85
2010-11-22 11:15:00,37.5
2010-11-22 11:22:00,360.48
2010-11-22 11:24:00,309.5
2010-11-22 11:32:00,45.0
2010-11-22 11:37:00,807.85
2010-11-22 11:39:00,241.42
2010-11-22 11:51:00,381.5
2010-11-22 11:52:00,389.27
2010-11-22 11:57:00,765.01
2010-11-22 11:58:00,1876.51
2010-11-22 11:59:00,525.24
2010-11-22 12:10:00,155.85
2010-11-22 12:26:00,721.8
2010-11-22 12:27:00,172.2
2010-11-22 12:31:00,96.79
2010-11-22 12:33:00,861.41
2010-11-22 12:36:00,368.07
2010-11-22 12:38:00,140.62
2010-11-22 12:39:00,30.0
2010-11-22 12:44:00,321.57
2010-11-22 12:53:00,360.31
2010-11-22 12:55:00,616.35
2010-11-22 12:57:00,495.74
2010-11-22 12:59:00,209.17
2010-11-22 13:04:00,213.05
2010-11-22 13:09:00,1386.63
2010-11-22 13:12:00,864.0
2010-11-22 13:15:00,2005.68
2010-11-22 13:22:00,665.17
2010-11-22 13:25:00,135.0
2010-11-22 13:30:00,313.0
2010-11-22 13:31:00,92.75
2010-11-22 13:42:00,420.75
2010-11-22 13:48:00,327.21000000000004
2010-11-22 13:59:00,737.04
2010-11-22 14:08:00,298.81
2010-11-22 14:17:00,238.72000000000003
2010-11-22 14:21:00,39.95
2010-11-22 14:27:00,172.6
2010-11-22 14:33:00,164.96
2010-11-22 14:36:00,1109.75
2010-11-22 14:39:00,205.3
2010-11-22 14:44:00,262.35
2010-11-22 14:47:00,302.1
2010-11-22 14:49:00,167.64
2010-11-22 15:01:00,163.15
2010-11-22 15:08:00,165.22
2010-11-22 15:11:00,100.57000000000001
2010-11-22 15:16:00,305.7
2010-11-22 15:19:00,319.91
2010-11-22 15:24:00,314.96
2010-11-22 15:29:00,344.1
2010-11-22 15:30:00,32.199999999999996
2010-11-22 15:38:00,284.21
2010-11-22 15:45:00,733.85
2010-11-22 15:50:00,114.75
2010-11-22 15:52:00,260.31
2010-11-22 16:10:00,513.05
2010-11-22 16:27:00,497.8
2010-11-22 16:34:00,86.25
2010-11-22 16:50:00,273.95
2010-11-22 17:11:00,23.8
2010-11-22 17:33:00,272.74
2010-11-23 07:12:00,408.0
2010-11-23 07:13:00,139.2
2010-11-23 08:38:00,318.59999999999997
2010-11-23 09:13:00,150.00000000000003
2010-11-23 09:16:00,100.80000000000001
2010-11-23 09:44:00,132.65
2010-11-23 10:02:00,186.3
2010-11-23 10:04:00,113.35
2010-11-23 10:05:00,628.51
2010-11-23 10:06:00,68.4
2010-11-23 10:15:00,1720.8
2010-11-23 10:22:00,196.70000000000002
2010-11-23 10:24:00,292.82
2010-11-23 10:27:00,109.67
2010-11-23 10:41:00,317.5
2010-11-23 10:44:00,171.6
2010-11-23 10:50:00,302.95
2010-11-23 11:00:00,312.0
2010-11-23 11:12:00,186.05
2010-11-23 11:13:00,392.31
2010-11-23 11:26:00,1755.39
2010-11-23 11:35:00,713.85
2010-11-23 11:39:00,887.3999999999999
2010-11-23 11:41:00,728.32
2010-11-23 11:43:00,744.53
2010-11-23 11:44:00,33.9
2010-11-23 11:45:00,574.15
2010-11-23 11:47:00,547.9
2010-11-23 11:51:00,372.54
2010-11-23 11:52:00,224.75
2010-11-23 11:56:00,100.0
2010-11-23 12:00:00,129.57
2010-11-23 12:01:00,972.3000000000001
2010-11-23 12:02:00,235.87
2010-11-23 12:03:00,31.1
2010-11-23 12:04:00,1108.88
2010-11-23 12:05:00,236.95000000000002
2010-11-23 12:13:00,147.9
2010-11-23 12:14:00,137.70000000000002
2010-11-23 12:22:00,761.3
2010-11-23 12:25:00,112.57
2010-11-23 12:27:00,443.6
2010-11-23 12:32:00,241.35
2010-11-23 12:33:00,438.75
2010-11-23 12:42:00,247.47
2010-11-23 12:48:00,396.44
2010-11-23 12:54:00,151.96
2010-11-23 12:57:00,314.29
2010-11-23 13:01:00,1064.1299999999999
2010-11-23 13:02:00,2646.7000000000003
2010-11-23 13:04:00,52.199999999999996
2010-11-23 13:07:00,398.28000000000003
2010-11-23 13:11:00,11.8
2010-11-23 13:14:00,659.46
2010-11-23 13:15:00,215.65
2010-11-23 13:21:00,179.56
2010-11-23 13:24:00,132.55
2010-11-23 13:26:00,298.96
2010-11-23 13:29:00,193.60000000000002
2010-11-23 13:35:00,426.71
2010-11-23 13:36:00,1538.05
2010-11-23 13:38:00,297.29
2010-11-23 13:46:00,348.99
2010-11-23 13:47:00,469.1
2010-11-23 13:49:00,82.5
2010-11-23 13:52:00,420.91999999999996
2010-11-23 13:57:00,339.44
2010-11-23 13:59:00,577.14
2010-11-23 14:06:00,73.25
2010-11-23 14:17:00,252.11
2010-11-23 14:23:00,120.6
2010-11-23 14:28:00,129.26
2010-11-23 14:29:00,47.5
2010-11-23 14:36:00,40.8
2010-11-23 14:42:00,609.95
2010-11-23 14:46:00,270.1
2010-11-23 14:50:00,443.11
2010-11-23 14:53:00,19.8
2010-11-23 14:59:00,124.6
2010-11-23 15:02:00,244.44
2010-11-23 15:05:00,359.69
2010-11-23 15:07:00,379.52
2010-11-23 15:17:00,306.0
2010-11-23 15:18:00,165.39
2010-11-23 15:24:00,515.7
2010-11-23 15:33:00,154.44
2010-11-23 15:49:00,154.48000000000002
2010-11-23 15:55:00,609.19
2010-11-23 15:59:00,20.4
2010-11-23 16:08:00,1747.92
2010-11-23 16:17:00,30.300000000000004
2010-11-23 16:18:00,200.19
2010-11-23 16:30:00,969.1600000000001
2010-11-23 16:40:00,661.2
2010-11-23 16:41:00,534.0999999999999
2010-11-23 16:49:00,694.12
2010-11-23 16:59:00,183.9
2010-11-23 17:10:00,583.39
2010-11-23 17:13:00,514.55
2010-11-23 17:21:00,296.35
2010-11-23 17:31:00,333.97
2010-11-23 17:43:00,3422.98
2010-11-23 17:48:00,319.75
2010-11-23 17:51:00,1519.28
2010-11-23 17:53:00,188.6
2010-11-23 18:11:00,223.6
2010-11-23 18:12:00,308.49
2010-11-23 18:14:00,259.35
2010-11-23 18:20:00,304.95
2010-11-23 18:41:00,175.2
2010-11-23 18:47:00,447.24
2010-11-23 18:52:00,209.49
2010-11-23 19:20:00,657.73
2010-11-23 19:24:00,587.24
2010-11-24 08:35:00,356.1
2010-11-24 09:14:00,159.72
2010-11-24 09:29:00,390.0
2010-11-24 09:34:00,326.74
2010-11-24 09:37:00,112.05000000000001
2010-11-24 09:46:00,411.63
2010-11-24 09:47:00,85.0
2010-11-24 09:49:00,443.28
2010-11-24 09:51:00,167.66
2010-11-24 09:57:00,361.09000000000003
2010-11-24 10:07:00,417.6
2010-11-24 10:09:00,883.2
2010-11-24 10:10:00,463.95
2010-11-24 10:20:00,302.8
2010-11-24 10:21:00,2766.66
2010-11-24 10:25:00,172.1
2010-11-24 10:27:00,135.65
2010-11-24 10:30:00,395.1
2010-11-24 10:31:00,645.4000000000001
2010-11-24 10:34:00,367.27
2010-11-24 10:35:00,92.6
2010-11-24 10:50:00,498.75
2010-11-24 10:51:00,17.4
2010-11-24 11:03:00,300.96
2010-11-24 11:06:00,300.65
2010-11-24 11:07:00,325.44
2010-11-24 11:08:00,350.4
2010-11-24 11:13:00,63.35
2010-11-24 11:15:00,0.95
2010-11-24 11:18:00,2.5
2010-11-24 11:21:00,214.49
2010-11-24 11:25:00,387.5
2010-11-24 11:42:00,2514.7200000000003
2010-11-24 11:47:00,353.69
2010-11-24 11:51:00,147.19
2010-11-24 12:01:00,305.45
2010-11-24 12:04:00,520.1
2010-11-24 12:06:00,747.26
2010-11-24 12:13:00,408.0
2010-11-24 12:24:00,347.9
2010-11-24 12:25:00,279.44
2010-11-24 12:32:00,262.42
2010-11-24 12:36:00,169.99
2010-11-24 12:40:00,1551.25
2010-11-24 12:42:00,260.40000000000003
2010-11-24 12:43:00,228.07
2010-11-24 12:44:00,534.1
2010-11-24 12:45:00,133.46
2010-11-24 12:49:00,413.64
2010-11-24 12:52:00,121.1
2010-11-24 12:53:00,436.52000000000004
2010-11-24 12:54:00,600.66
2010-11-24 13:01:00,670.9
2010-11-24 13:03:00,307.87
2010-11-24 13:08:00,381.72
2010-11-24 13:13:00,239.31
2010-11-24 13:15:00,134.9
2010-11-24 13:16:00,525.67
2010-11-24 13:21:00,245.3
2010-11-24 13:25:00,248.54999999999998
2010-11-24 13:32:00,515.87
2010-11-24 13:34:00,919.62
2010-11-24 13:36:00,206.18
2010-11-24 13:41:00,579.89
2010-11-24 13:49:00,233.36
2010-11-24 13:53:00,229.20000000000002
2010-11-24 13:55:00,128.0
2010-11-24 13:57:00,239.9
2010-11-24 14:02:00,151.49
2010-11-24 14:08:00,433.36
2010-11-24 14:13:00,619.57
2010-11-24 14:14:00,149.93
2010-11-24 14:21:00,114.14999999999999
2010-11-24 14:29:00,1177.87
2010-11-24 14:35:00,295.8
2010-11-24 14:36:00,74.0
2010-11-24 14:38:00,106.72
2010-11-24 14:39:00,568.28
2010-11-24 14:40:00,193.04999999999998
2010-11-24 14:44:00,111.60000000000001
2010-11-24 14:47:00,731.1
2010-11-24 14:48:00,152.41
2010-11-24 14:55:00,246.99
2010-11-24 14:56:00,154.36
2010-11-24 14:57:00,108.3
2010-11-24 15:03:00,321.26
2010-11-24 15:05:00,216.04
2010-11-24 15:08:00,395.45
2010-11-24 15:09:00,163.47
2010-11-24 15:17:00,12.6
2010-11-24 15:23:00,1210.6
2010-11-24 15:26:00,277.9
2010-11-24 15:31:00,457.9
2010-11-24 15:32:00,197.41
2010-11-24 15:34:00,111.4
2010-11-24 15:35:00,309.18
2010-11-24 15:42:00,66.8
2010-11-24 16:00:00,388.20000000000005
2010-11-24 16:16:00,1608.54
2010-11-24 16:18:00,154.8
2010-11-24 16:41:00,985.2
2010-11-24 16:56:00,335.02000000000004
2010-11-24 16:57:00,145.01
2010-11-24 17:11:00,185.2
2010-11-24 17:15:00,148.05
2010-11-25 08:20:00,334.75
2010-11-25 08:21:00,77.8
2010-11-25 08:32:00,695.8000000000001
2010-11-25 09:19:00,211.8
2010-11-25 09:22:00,256.55
2010-11-25 09:46:00,388.36
2010-11-25 09:48:00,593.08
2010-11-25 09:50:00,130.65
2010-11-25 10:05:00,300.37
2010-11-25 10:08:00,575.6
2010-11-25 10:11:00,765.72
2010-11-25 10:20:00,974.6700000000001
2010-11-25 10:27:00,297.07
2010-11-25 10:29:00,186.1
2010-11-25 10:39:00,297.0
2010-11-25 10:41:00,560.72
2010-11-25 10:51:00,272.2
2010-11-25 10:54:00,200.4
2010-11-25 11:00:00,219.43
2010-11-25 11:03:00,324.45
2010-11-25 11:04:00,15190.22
2010-11-25 11:07:00,300.4
2010-11-25 11:17:00,1365.79
2010-11-25 11:19:00,310.42
2010-11-25 11:28:00,478.65
2010-11-25 11:34:00,735.9000000000001
2010-11-25 11:38:00,1429.9
2010-11-25 11:40:00,167.13
2010-11-25 11:55:00,595.6
2010-11-25 11:58:00,767.3399999999999
2010-11-25 12:00:00,439.59999999999997
2010-11-25 12:02:00,279.6
2010-11-25 12:03:00,384.62
2010-11-25 12:04:00,25.200000000000003
2010-11-25 12:13:00,61.2
2010-11-25 12:18:00,203.16
2010-11-25 12:21:00,402.58
2010-11-25 12:23:00,489.6
2010-11-25 12:24:00,1275.0
2010-11-25 12:25:00,550.75
2010-11-25 12:27:00,500.18
2010-11-25 12:28:00,934.65
2010-11-25 12:33:00,137.65
2010-11-25 12:34:00,221.47
2010-11-25 12:35:00,218.48
2010-11-25 12:36:00,876.0
2010-11-25 12:37:00,40.5
2010-11-25 12:39:00,160.8
2010-11-25 12:40:00,439.65
2010-11-25 12:46:00,579.2
2010-11-25 12:47:00,102.03
2010-11-25 12:56:00,103.22
2010-11-25 13:03:00,722.28
2010-11-25 13:05:00,756.36
2010-11-25 13:08:00,318.96000000000004
2010-11-25 13:10:00,178.04
2010-11-25 13:13:00,700.9200000000001
2010-11-25 13:14:00,306.6
2010-11-25 13:18:00,290.02
2010-11-25 13:20:00,232.15
2010-11-25 13:21:00,577.62
2010-11-25 13:25:00,444.72
2010-11-25 13:29:00,498.36
2010-11-25 13:30:00,643.89
2010-11-25 13:32:00,359.40999999999997
2010-11-25 13:36:00,100.79
2010-11-25 13:38:00,1084.66
2010-11-25 13:41:00,587.35
2010-11-25 13:42:00,246.9
2010-11-25 13:46:00,246.5
2010-11-25 13:49:00,207.33
2010-11-25 13:51:00,973.9300000000001
2010-11-25 13:53:00,321.8
2010-11-25 14:02:00,72.0
2010-11-25 14:03:00,126.66
2010-11-25 14:17:00,265.05
2010-11-25 14:18:00,662.77
2010-11-25 14:25:00,314.58
2010-11-25 14:27:00,327.3
2010-11-25 14:35:00,155.7
2010-11-25 14:40:00,135.86
2010-11-25 14:44:00,900.5000000000001
2010-11-25 14:47:00,104.82
2010-11-25 14:50:00,1301.76
2010-11-25 14:51:00,129.19
2010-11-25 14:53:00,379.95
2010-11-25 14:54:00,302.45
2010-11-25 14:56:00,190.95000000000002
2010-11-25 14:57:00,234.05
2010-11-25 15:00:00,178.9
2010-11-25 15:01:00,173.25
2010-11-25 15:02:00,990.37
2010-11-25 15:07:00,206.8
2010-11-25 15:14:00,1938.4
2010-11-25 15:26:00,410.46
2010-11-25 15:36:00,198.74
2010-11-25 15:40:00,26.4
2010-11-25 15:52:00,413.0
2010-11-25 15:54:00,238.2
2010-11-25 15:55:00,352.91
2010-11-25 15:59:00,451.28999999999996
2010-11-25 16:12:00,449.81
2010-11-25 16:16:00,265.59
2010-11-25 16:31:00,387.3
2010-11-25 16:32:00,462.75
2010-11-25 16:33:00,208.75
2010-11-25 16:36:00,192.85
2010-11-25 16:39:00,111.17
2010-11-25 16:44:00,211.99
2010-11-25 16:46:00,422.78000000000003
2010-11-25 16:52:00,560.05
2010-11-25 16:54:00,482.27000000000004
2010-11-25 16:55:00,11.6
2010-11-25 17:00:00,219.67000000000002
2010-11-25 17:33:00,121.1
2010-11-25 17:42:00,332.85
2010-11-25 17:47:00,584.4
2010-11-25 17:55:00,131.2
2010-11-25 18:04:00,266.6
2010-11-25 18:08:00,324.94000000000005
2010-11-25 18:14:00,349.9
2010-11-25 18:16:00,73.8
2010-11-25 18:21:00,335.79
2010-11-25 18:24:00,313.3
2010-11-25 18:49:00,561.1
2010-11-25 18:50:00,23.4
2010-11-25 18:56:00,281.05
2010-11-25 19:06:00,294.1
2010-11-25 19:16:00,271.03000000000003
2010-11-25 19:24:00,282.75
2010-11-25 19:32:00,204.77
2010-11-25 19:36:00,391.19
2010-11-25 19:41:00,331.2
2010-11-26 09:09:00,543.09
2010-11-26 09:49:00,236.1
2010-11-26 09:51:00,662.01
2010-11-26 10:14:00,749.6500000000001
2010-11-26 10:19:00,101.95
2010-11-26 10:24:00,594.1500000000001
2010-11-26 10:25:00,389.7
2010-11-26 10:36:00,315.66
2010-11-26 10:43:00,617.05
2010-11-26 10:44:00,302.40000000000003
2010-11-26 11:00:00,451.3
2010-11-26 11:01:00,312.40000000000003
2010-11-26 11:08:00,433.76
2010-11-26 11:14:00,22.5
2010-11-26 11:24:00,1188.8600000000001
2010-11-26 11:28:00,159.05
2010-11-26 11:36:00,590.47
2010-11-26 11:40:00,172.15
2010-11-26 11:45:00,364.55
2010-11-26 11:47:00,374.43
2010-11-26 11:48:00,1172.38
2010-11-26 11:50:00,765.0799999999999
2010-11-26 11:52:00,582.0
2010-11-26 11:53:00,188.46
2010-11-26 11:58:00,99.3
2010-11-26 12:00:00,175.55
2010-11-26 12:03:00,322.87
2010-11-26 12:05:00,293.96
2010-11-26 12:13:00,321.84000000000003
2010-11-26 12:17:00,295.20000000000005
2010-11-26 12:19:00,452.58000000000004
2010-11-26 12:35:00,320.0
2010-11-26 12:41:00,406.16
2010-11-26 12:44:00,1018.56
2010-11-26 12:50:00,182.62
2010-11-26 12:56:00,183.4
2010-11-26 13:02:00,276.5
2010-11-26 13:16:00,148.07
2010-11-26 13:22:00,1361.4
2010-11-26 13:26:00,82.25
2010-11-26 13:36:00,88.19999999999999
2010-11-26 13:49:00,381.25
2010-11-26 13:50:00,871.58
2010-11-26 13:54:00,111.3
2010-11-26 13:56:00,15.0
2010-11-26 14:09:00,128.15
2010-11-26 14:16:00,567.21
2010-11-26 14:22:00,112.47
2010-11-26 14:51:00,405.66
2010-11-26 14:53:00,431.95
2010-11-26 14:54:00,150.8
2010-11-26 15:16:00,720.64
2010-11-26 15:17:00,253.5
2010-11-26 15:19:00,141.48000000000002
2010-11-26 15:33:00,1192.8600000000001
2010-11-26 15:36:00,474.23
2010-11-26 15:37:00,712.09
2010-11-26 15:43:00,10.5
2010-11-26 15:47:00,124.65
2010-11-26 15:49:00,149.05
2010-11-26 15:51:00,355.0
2010-11-26 15:53:00,738.86
2010-11-26 15:57:00,99.25
2010-11-26 16:09:00,198.79
2010-11-26 16:10:00,7.2
2010-11-26 16:20:00,333.8
2010-11-26 16:22:00,338.4
2010-11-26 16:31:00,505.53000000000003
2010-11-26 16:38:00,739.77
2010-11-26 16:44:00,94.8
2010-11-26 17:00:00,962.0200000000001
2010-11-26 17:25:00,182.64
2010-11-28 10:18:00,329.91
2010-11-28 10:23:00,507.59999999999997
2010-11-28 10:24:00,94.17000000000002
2010-11-28 10:33:00,199.95
2010-11-28 10:41:00,172.95
2010-11-28 10:42:00,421.15
2010-11-28 10:45:00,106.47999999999999
2010-11-28 11:00:00,148.9
2010-11-28 11:02:00,185.58
2010-11-28 11:04:00,25.2
2010-11-28 11:08:00,167.89000000000001
2010-11-28 11:14:00,202.93
2010-11-28 11:19:00,173.06
2010-11-28 11:20:00,13.98
2010-11-28 11:24:00,169.70000000000002
2010-11-28 11:26:00,323.52
2010-11-28 11:27:00,215.0
2010-11-28 11:33:00,490.62
2010-11-28 11:37:00,662.2
2010-11-28 11:45:00,360.0
2010-11-28 11:49:00,441.7
2010-11-28 11:52:00,1428.21
2010-11-28 11:57:00,229.21
2010-11-28 11:59:00,168.98
2010-11-28 12:03:00,935.89
2010-11-28 12:05:00,45.650000000000006
2010-11-28 12:07:00,619.4000000000001
2010-11-28 12:08:00,306.26
2010-11-28 12:12:00,420.24
2010-11-28 12:14:00,236.51
2010-11-28 12:15:00,449.69
2010-11-28 12:23:00,543.33
2010-11-28 12:25:00,368.08
2010-11-28 12:32:00,144.34
2010-11-28 12:37:00,296.65
2010-11-28 12:38:00,81.6
2010-11-28 12:49:00,215.4
2010-11-28 12:54:00,407.69
2010-11-28 13:05:00,161.25
2010-11-28 13:09:00,127.60000000000001
2010-11-28 13:11:00,333.81
2010-11-28 13:21:00,526.76
2010-11-28 13:26:00,173.7
2010-11-28 13:31:00,104.4
2010-11-28 13:40:00,598.12
2010-11-28 13:43:00,641.46
2010-11-28 13:51:00,313.59000000000003
2010-11-28 13:53:00,304.53000000000003
2010-11-28 13:56:00,334.63
2010-11-28 14:01:00,119.0
2010-11-28 14:08:00,121.2
2010-11-28 14:13:00,359.25
2010-11-28 14:14:00,314.90000000000003
2010-11-28 14:15:00,262.86
2010-11-28 14:18:00,440.04
2010-11-28 14:28:00,413.86
2010-11-28 14:33:00,838.86
2010-11-28 14:40:00,322.58
2010-11-28 14:41:00,164.20000000000002
2010-11-28 14:43:00,213.29000000000002
2010-11-28 14:49:00,756.7
2010-11-28 14:56:00,1166.37
2010-11-28 14:57:00,1583.29
2010-11-28 15:04:00,95.96
2010-11-28 15:06:00,458.78000000000003
2010-11-28 15:09:00,353.51
2010-11-28 15:12:00,8.25
2010-11-28 15:14:00,103.96000000000001
2010-11-28 15:18:00,336.3
2010-11-28 15:19:00,46.0
2010-11-28 15:24:00,258.5
2010-11-28 15:25:00,345.52
2010-11-28 15:31:00,100.78
2010-11-28 15:42:00,51.41
2010-11-28 15:45:00,335.25
2010-11-28 15:47:00,230.65
2010-11-28 15:52:00,126.60000000000001
2010-11-28 16:04:00,131.65
2010-11-28 16:08:00,97.2
2010-11-28 16:09:00,485.26
2010-11-28 16:21:00,553.71
2010-11-29 08:23:00,180.12
2010-11-29 09:22:00,144.1
2010-11-29 09:27:00,355.5
2010-11-29 09:38:00,949.82
2010-11-29 09:41:00,323.3
2010-11-29 09:44:00,1096.18
2010-11-29 09:55:00,816.47
2010-11-29 10:02:00,160.8
2010-11-29 10:07:00,200.05
2010-11-29 10:11:00,634.32
2010-11-29 10:19:00,92.85000000000001
2010-11-29 10:33:00,116.89
2010-11-29 10:35:00,102.0
2010-11-29 10:37:00,369.0
2010-11-29 10:39:00,350.52
2010-11-29 10:50:00,416.75
2010-11-29 10:56:00,1021.08
2010-11-29 10:57:00,68.1
2010-11-29 11:03:00,257.06
2010-11-29 11:10:00,247.38
2010-11-29 11:24:00,2340.34
2010-11-29 11:26:00,2277.48
2010-11-29 11:40:00,373.05
2010-11-29 11:45:00,1031.88
2010-11-29 11:48:00,287.0
2010-11-29 11:51:00,105.29
2010-11-29 11:53:00,436.45
2010-11-29 11:54:00,298.34000000000003
2010-11-29 12:02:00,441.05
2010-11-29 12:03:00,228.15
2010-11-29 12:13:00,838.36
2010-11-29 12:17:00,505.84000000000003
2010-11-29 12:20:00,244.16
2010-11-29 12:26:00,456.96
2010-11-29 12:33:00,679.9
2010-11-29 12:35:00,863.99
2010-11-29 12:36:00,470.26
2010-11-29 12:42:00,684.74
2010-11-29 12:43:00,17.4
2010-11-29 12:46:00,505.75
2010-11-29 12:49:00,259.83
2010-11-29 13:00:00,344.8
2010-11-29 13:03:00,117.29
2010-11-29 13:09:00,429.68
2010-11-29 13:10:00,122.35
2010-11-29 13:17:00,891.4
2010-11-29 13:18:00,121.68
2010-11-29 13:20:00,102.0
2010-11-29 13:21:00,3321.38
2010-11-29 13:25:00,1359.1200000000001
2010-11-29 13:27:00,871.2
2010-11-29 13:28:00,308.6
2010-11-29 13:35:00,659.1
2010-11-29 13:42:00,1184.95
2010-11-29 13:44:00,232.85
2010-11-29 13:50:00,208.95
2010-11-29 13:53:00,64.49
2010-11-29 13:55:00,310.03
2010-11-29 13:59:00,845.0600000000001
2010-11-29 14:13:00,426.62
2010-11-29 14:21:00,1225.1
2010-11-29 14:36:00,172.78
2010-11-29 14:38:00,263.82
2010-11-29 15:06:00,166.53
2010-11-29 15:07:00,16554.88
2010-11-29 15:18:00,463.7
2010-11-29 15:19:00,17.4
2010-11-29 15:23:00,300.93
2010-11-29 15:26:00,1105.12
2010-11-29 15:36:00,1251.63
2010-11-29 15:39:00,301.03
2010-11-29 15:48:00,67.03
2010-11-29 15:49:00,50.0
2010-11-29 15:53:00,1019.49
2010-11-29 15:54:00,424.42
2010-11-29 16:13:00,1098.1
2010-11-29 16:24:00,181.68
2010-11-29 16:25:00,361.71000000000004
2010-11-29 16:31:00,217.65
2010-11-29 16:32:00,434.85
2010-11-29 16:34:00,306.0
2010-11-29 16:41:00,1108.82
2010-11-29 16:56:00,725.2
2010-11-29 17:00:00,1202.65
2010-11-29 17:11:00,334.14
2010-11-29 17:19:00,141.15
2010-11-29 17:20:00,300.4
2010-11-29 17:25:00,57.8
2010-11-29 17:35:00,221.10999999999999
2010-11-30 08:24:00,286.48
2010-11-30 08:57:00,370.68
2010-11-30 08:58:00,304.2
2010-11-30 08:59:00,332.09999999999997
2010-11-30 09:44:00,1385.3
2010-11-30 09:46:00,862.23
2010-11-30 09:50:00,507.84999999999997
2010-11-30 09:52:00,410.82000000000005
2010-11-30 10:02:00,134.4
2010-11-30 10:10:00,180.0
2010-11-30 10:12:00,902.35
2010-11-30 10:22:00,683.6
2010-11-30 10:25:00,96.9
2010-11-30 10:32:00,450.95
2010-11-30 10:40:00,108.05000000000001
2010-11-30 10:43:00,543.4200000000001
2010-11-30 10:47:00,816.3299999999999
2010-11-30 10:48:00,1441.0
2010-11-30 10:49:00,75.6
2010-11-30 10:56:00,460.34000000000003
2010-11-30 11:00:00,917.34
2010-11-30 11:05:00,398.90000000000003
2010-11-30 11:07:00,151.5
2010-11-30 11:24:00,231.35000000000002
2010-11-30 11:30:00,387.01
2010-11-30 11:31:00,409.08
2010-11-30 11:37:00,423.52
2010-11-30 11:50:00,503.61
2010-11-30 11:51:00,330.81
2010-11-30 11:57:00,32.29
2010-11-30 12:05:00,303.82
2010-11-30 12:07:00,2945.38
2010-11-30 12:09:00,301.3
2010-11-30 12:14:00,319.05
2010-11-30 12:15:00,15.0
2010-11-30 12:19:00,230.70000000000002
2010-11-30 12:21:00,1581.0
2010-11-30 12:25:00,459.55
2010-11-30 12:28:00,2457.74
2010-11-30 12:29:00,325.54
2010-11-30 12:31:00,332.56
2010-11-30 12:33:00,341.85
2010-11-30 12:43:00,275.02
2010-11-30 12:46:00,313.28
2010-11-30 12:48:00,408.0
2010-11-30 13:01:00,311.1
2010-11-30 13:02:00,483.79
2010-11-30 13:07:00,170.71
2010-11-30 13:09:00,301.25
2010-11-30 13:16:00,316.98
2010-11-30 13:18:00,869.1800000000001
2010-11-30 13:20:00,300.54
2010-11-30 13:23:00,133.34
2010-11-30 13:24:00,9.12
2010-11-30 13:26:00,555.2
2010-11-30 13:31:00,301.49
2010-11-30 13:33:00,218.70000000000002
2010-11-30 13:34:00,129.04
2010-11-30 13:41:00,311.24
2010-11-30 13:42:00,10.9
2010-11-30 13:46:00,244.8
2010-11-30 13:49:00,30.6
2010-11-30 13:55:00,310.6
2010-11-30 14:07:00,347.20000000000005
2010-11-30 14:15:00,287.15
2010-11-30 14:21:00,158.06
2010-11-30 14:28:00,204.70000000000002
2010-11-30 14:30:00,1134.0
2010-11-30 14:33:00,154.95
2010-11-30 14:35:00,849.75
2010-11-30 14:42:00,315.18
2010-11-30 14:44:00,55.67999999999999
2010-11-30 14:45:00,442.08000000000004
2010-11-30 14:48:00,906.25
2010-11-30 14:49:00,922.13
2010-11-30 15:02:00,440.82000000000005
2010-11-30 15:09:00,153.0
2010-11-30 15:14:00,82.17
2010-11-30 15:21:00,292.86
2010-11-30 15:32:00,564.5
2010-11-30 15:33:00,433.14
2010-11-30 15:41:00,227.44000000000003
2010-11-30 15:46:00,115.80000000000001
2010-11-30 15:55:00,106.2
2010-11-30 15:57:00,37.2
2010-11-30 16:01:00,588.47
2010-11-30 16:06:00,74.6
2010-11-30 16:07:00,30.599999999999998
2010-11-30 16:17:00,52.00000000000001
2010-11-30 16:25:00,4881.15
2010-11-30 16:26:00,310.42
2010-11-30 16:27:00,25.0
2010-11-30 16:28:00,52.0
2010-11-30 16:29:00,154.72
2010-11-30 16:37:00,433.15
2010-11-30 17:43:00,1295.93
2010-11-30 17:45:00,249.01000000000002
2010-11-30 17:55:00,115.5
2010-11-30 17:56:00,162.0
2010-11-30 17:58:00,960.14
2010-11-30 18:05:00,70.80000000000001
2010-11-30 18:21:00,297.55
2010-11-30 18:46:00,10.95
2010-11-30 19:27:00,1582.07
2010-11-30 19:35:00,473.53000000000003
2010-12-01 08:26:00,139.12
2010-12-01 08:28:00,22.2
2010-12-01 08:34:00,348.78
2010-12-01 08:35:00,17.85
2010-12-01 08:45:00,855.86
2010-12-01 09:00:00,204.0
2010-12-01 09:01:00,22.2
2010-12-01 09:02:00,259.86
2010-12-01 09:09:00,350.4
2010-12-01 09:32:00,588.6600000000001
2010-12-01 09:34:00,22.2
2010-12-01 09:37:00,444.98
2010-12-01 09:41:00,484.78
2010-12-01 09:45:00,430.6
2010-12-01 09:53:00,489.6
2010-12-01 09:56:00,130.85
2010-12-01 09:57:00,508.20000000000005
2010-12-01 09:58:00,3193.92
2010-12-01 09:59:00,226.14000000000001
2010-12-01 10:03:00,358.25
2010-12-01 10:19:00,1825.74
2010-12-01 10:29:00,318.14
2010-12-01 10:37:00,79.6
2010-12-01 10:39:00,1024.68
2010-12-01 10:47:00,507.88
2010-12-01 10:51:00,655.36
2010-12-01 10:52:00,448.76
2010-12-01 10:53:00,17.4
2010-12-01 11:21:00,354.23
2010-12-01 11:22:00,357.0
2010-12-01 11:27:00,192.60000000000002
2010-12-01 11:29:00,471.3
2010-12-01 11:32:00,326.4
2010-12-01 11:33:00,353.14
2010-12-01 11:34:00,22.2
2010-12-01 11:41:00,783.11
2010-12-01 11:45:00,232.03
2010-12-01 11:49:00,453.46
2010-12-01 11:57:00,390.79
2010-12-01 11:58:00,225.7
2010-12-01 12:03:00,233.45
2010-12-01 12:08:00,666.35
2010-12-01 12:12:00,842.12
2010-12-01 12:15:00,430.99
2010-12-01 12:22:00,312.94
2010-12-01 12:23:00,308.0
2010-12-01 12:27:00,2474.7400000000002
2010-12-01 12:31:00,163.34
2010-12-01 12:35:00,223.9
2010-12-01 12:36:00,95.28999999999999
2010-12-01 12:38:00,155.52
2010-12-01 12:40:00,295.5
2010-12-01 12:43:00,313.49
2010-12-01 12:48:00,4.95
2010-12-01 12:49:00,188.56
2010-12-01 12:50:00,203.3
2010-12-01 12:51:00,70.80000000000001
2010-12-01 12:54:00,136.24
2010-12-01 12:58:00,301.24
2010-12-01 13:04:00,261.48
2010-12-01 13:17:00,274.93
2010-12-01 13:20:00,161.0
2010-12-01 13:21:00,200.5
2010-12-01 13:23:00,939.59
2010-12-01 13:24:00,1919.14
2010-12-01 13:31:00,156.1
2010-12-01 13:33:00,115.65
2010-12-01 13:38:00,194.85
2010-12-01 13:45:00,165.04999999999998
2010-12-01 13:51:00,369.5
2010-12-01 13:54:00,255.0
2010-12-01 14:03:00,487.75
2010-12-01 14:05:00,555.38
2010-12-01 14:11:00,787.4
2010-12-01 14:34:00,134.11
2010-12-01 14:38:00,101.55
2010-12-01 14:41:00,532.43
2010-12-01 14:54:00,204.95
2010-12-01 15:00:00,799.4
2010-12-01 15:06:00,322.40000000000003
2010-12-01 15:08:00,532.59
2010-12-01 15:21:00,116.25
2010-12-01 15:27:00,251.40000000000003
2010-12-01 15:28:00,5.04
2010-12-01 15:35:00,656.09
2010-12-01 15:37:00,294.62
2010-12-01 15:40:00,442.34999999999997
2010-12-01 15:45:00,143.12
2010-12-01 15:46:00,17.85
2010-12-01 16:01:00,1552.98
2010-12-01 16:11:00,2558.42
2010-12-01 16:13:00,497.0
2010-12-01 16:15:00,279.6
2010-12-01 16:16:00,315.96000000000004
2010-12-01 16:17:00,97.2
2010-12-01 16:19:00,330.0
2010-12-01 16:21:00,502.04
2010-12-01 16:22:00,1132.8000000000002
2010-12-01 16:24:00,19.9
2010-12-01 16:25:00,344.2
2010-12-01 16:33:00,311.81
2010-12-01 16:49:00,277.05
2010-12-01 16:52:00,205.86
2010-12-01 16:57:00,159.26
2010-12-01 16:58:00,39.06
2010-12-01 17:15:00,81.75
2010-12-01 17:22:00,79.5
2010-12-01 17:24:00,349.15000000000003
2010-12-01 17:35:00,102.78999999999999
2010-12-02 07:48:00,160.6
2010-12-02 07:49:00,306.4
2010-12-02 08:32:00,251.62
2010-12-02 08:33:00,22.2
2010-12-02 08:34:00,163.76
2010-12-02 08:40:00,22.2
2010-12-02 08:43:00,184.5
2010-12-02 08:52:00,272.65000000000003
2010-12-02 09:29:00,303.97
2010-12-02 09:37:00,38.1
2010-12-02 09:41:00,244.46
2010-12-02 09:42:00,22.2
2010-12-02 09:43:00,259.65000000000003
2010-12-02 09:44:00,437.93
2010-12-02 10:09:00,286.92
2010-12-02 10:10:00,244.08
2010-12-02 10:17:00,1875.24
2010-12-02 10:18:00,97.2
2010-12-02 10:27:00,485.25
2010-12-02 10:35:00,350.06
2010-12-02 10:39:00,768.38
2010-12-02 10:45:00,610.64
2010-12-02 10:46:00,12.6
2010-12-02 10:53:00,306.2
2010-12-02 10:54:00,230.56
2010-12-02 10:55:00,22.2
2010-12-02 10:56:00,244.46
2010-12-02 10:58:00,22.2
2010-12-02 11:02:00,312.8
2010-12-02 11:20:00,204.15
2010-12-02 11:21:00,193.78
2010-12-02 11:22:00,572.38
2010-12-02 11:23:00,106.2
2010-12-02 11:35:00,219.66
2010-12-02 11:41:00,1056.63
2010-12-02 11:45:00,288.5
2010-12-02 11:46:00,4.25
2010-12-02 11:57:00,223.7
2010-12-02 12:07:00,299.40000000000003
2010-12-02 12:09:00,420.5
2010-12-02 12:10:00,263.4
2010-12-02 12:11:00,339.84
2010-12-02 12:16:00,127.08
2010-12-02 12:18:00,207.5
2010-12-02 12:22:00,113.92
2010-12-02 12:23:00,380.46
2010-12-02 12:24:00,22.2
2010-12-02 12:25:00,331.26
2010-12-02 12:26:00,22.2
2010-12-02 12:28:00,326.0
2010-12-02 12:33:00,199.65
2010-12-02 12:47:00,354.54
2010-12-02 12:50:00,329.65
2010-12-02 12:58:00,211.2
2010-12-02 12:59:00,824.88
2010-12-02 13:06:00,98.18
2010-12-02 13:08:00,294.5
2010-12-02 13:11:00,202.12
2010-12-02 13:14:00,196.43
2010-12-02 13:32:00,261.76
2010-12-02 13:36:00,379.75
2010-12-02 13:38:00,341.90000000000003
2010-12-02 13:39:00,248.1
2010-12-02 13:44:00,100.2
2010-12-02 13:45:00,116.0
2010-12-02 13:49:00,321.79
2010-12-02 14:04:00,434.8
2010-12-02 14:05:00,22.2
2010-12-02 14:06:00,390.66
2010-12-02 14:07:00,22.2
2010-12-02 14:09:00,210.24
2010-12-02 14:26:00,311.25
2010-12-02 14:30:00,98.9
2010-12-02 14:40:00,307.68
2010-12-02 14:42:00,452.52
2010-12-02 14:47:00,668.4
2010-12-02 14:49:00,118.38
2010-12-02 15:00:00,138.1
2010-12-02 15:03:00,193.23
2010-12-02 15:08:00,15.0
2010-12-02 15:14:00,50.400000000000006
2010-12-02 15:18:00,517.95
2010-12-02 15:19:00,4076.48
2010-12-02 15:20:00,2170.9
2010-12-02 15:22:00,2730.96
2010-12-02 15:23:00,324.0
2010-12-02 15:24:00,192.46
2010-12-02 15:25:00,97.2
2010-12-02 15:26:00,532.01
2010-12-02 15:27:00,44.400000000000006
2010-12-02 15:28:00,30.0
2010-12-02 15:39:00,170.7
2010-12-02 15:40:00,656.52
2010-12-02 15:46:00,349.04
2010-12-02 15:49:00,130.8
2010-12-02 15:55:00,684.46
2010-12-02 16:00:00,183.3
2010-12-02 16:12:00,236.97
2010-12-02 16:29:00,197.3
2010-12-02 16:33:00,22.5
2010-12-02 16:34:00,1714.25
2010-12-02 16:38:00,406.56
2010-12-02 16:42:00,45.12
2010-12-02 16:46:00,247.8
2010-12-02 16:48:00,1003.2
2010-12-02 16:50:00,303.96
2010-12-02 16:51:00,527.85
2010-12-02 16:59:00,189.8
2010-12-02 17:12:00,308.28000000000003
2010-12-02 17:17:00,143.45000000000002
2010-12-02 17:22:00,50.550000000000004
2010-12-02 17:24:00,408.0
2010-12-02 17:38:00,2002.4
2010-12-02 17:40:00,569.4
2010-12-02 17:41:00,164.8
2010-12-02 17:48:00,438.1
2010-12-02 17:51:00,35.400000000000006
2010-12-02 18:06:00,295.0
2010-12-02 18:08:00,263.3
2010-12-02 18:15:00,308.68
2010-12-02 18:23:00,37.2
2010-12-02 18:25:00,623.73
2010-12-02 18:27:00,548.77
2010-12-02 18:45:00,263.62
2010-12-02 18:46:00,34.9
2010-12-02 18:49:00,189.3
2010-12-02 19:18:00,127.55
2010-12-02 19:59:00,402.0
2010-12-03 09:31:00,215.57999999999998
2010-12-03 09:39:00,534.0
2010-12-03 09:45:00,397.5
2010-12-03 09:49:00,1368.4
2010-12-03 09:51:00,89.14
2010-12-03 10:26:00,754.87
2010-12-03 10:33:00,128.03
2010-12-03 10:36:00,303.4
2010-12-03 10:43:00,548.65
2010-12-03 10:44:00,303.5
2010-12-03 11:19:00,112.27
2010-12-03 11:35:00,217.26
2010-12-03 11:42:00,39.75
2010-12-03 11:48:00,322.2
2010-12-03 12:05:00,1680.88
2010-12-03 12:11:00,187.51
2010-12-03 12:20:00,620.0
2010-12-03 12:24:00,294.01
2010-12-03 12:28:00,841.94
2010-12-03 12:29:00,686.4
2010-12-03 12:41:00,425.0
2010-12-03 12:43:00,1096.65
2010-12-03 12:48:00,225.65
2010-12-03 12:57:00,76.5
2010-12-03 13:09:00,534.0
2010-12-03 13:10:00,528.0
2010-12-03 13:12:00,1314.0
2010-12-03 13:40:00,248.16
2010-12-03 13:42:00,230.25
2010-12-03 13:43:00,736.28
2010-12-03 13:59:00,336.24
2010-12-03 14:04:00,1705.65
2010-12-03 14:18:00,258.58
2010-12-03 14:26:00,688.86
2010-12-03 14:30:00,175.53
2010-12-03 14:35:00,339.54
2010-12-03 14:40:00,458.44
2010-12-03 14:54:00,272.01
2010-12-03 15:05:00,254.39000000000001
2010-12-03 15:10:00,115.7
2010-12-03 15:14:00,131.8
2010-12-03 15:16:00,91.8
2010-12-03 15:19:00,110.35000000000001
2010-12-03 15:25:00,98.5
2010-12-03 15:45:00,427.8
2010-12-03 16:02:00,122.15
2010-12-03 16:35:00,346.1
2010-12-03 16:44:00,246.3
2010-12-03 16:45:00,135.0
2010-12-03 17:20:00,2355.1800000000003
2010-12-03 17:21:00,11.6
2010-12-03 17:28:00,135.32999999999998
2010-12-05 10:03:00,256.90000000000003
2010-12-05 10:12:00,535.75
2010-12-05 10:27:00,734.3999999999999
2010-12-05 10:36:00,155.64000000000001
2010-12-05 10:45:00,230.66
2010-12-05 10:52:00,431.45
2010-12-05 10:54:00,118.88
2010-12-05 10:58:00,277.45
2010-12-05 11:02:00,326.59999999999997
2010-12-05 11:03:00,5.9
2010-12-05 11:04:00,277.65000000000003
2010-12-05 11:10:00,555.84
2010-12-05 11:12:00,317.29
2010-12-05 11:15:00,552.24
2010-12-05 11:38:00,275.8
2010-12-05 11:40:00,152.05
2010-12-05 11:45:00,273.29
2010-12-05 11:49:00,274.67
2010-12-05 11:51:00,351.43
2010-12-05 11:54:00,125.43
2010-12-05 11:57:00,1554.3700000000001
2010-12-05 11:59:00,179.64000000000001
2010-12-05 12:00:00,1145.06
2010-12-05 12:01:00,438.0
2010-12-05 12:02:00,15.0
2010-12-05 12:08:00,177.89
2010-12-05 12:09:00,204.0
2010-12-05 12:13:00,880.11
2010-12-05 12:15:00,512.86
2010-12-05 12:23:00,114.65
2010-12-05 12:26:00,529.4
2010-12-05 12:29:00,186.88
2010-12-05 12:34:00,163.49
2010-12-05 12:35:00,722.36
2010-12-05 12:42:00,267.46
2010-12-05 12:43:00,535.6
2010-12-05 12:44:00,273.3
2010-12-05 12:47:00,33.15
2010-12-05 12:53:00,65.57
2010-12-05 12:57:00,559.1
2010-12-05 13:00:00,329.03
2010-12-05 13:03:00,606.0500000000001
2010-12-05 13:05:00,1026.77
2010-12-05 13:08:00,236.25
2010-12-05 13:10:00,184.8
2010-12-05 13:17:00,292.95
2010-12-05 13:18:00,283.15
2010-12-05 13:21:00,384.71999999999997
2010-12-05 13:26:00,128.55
2010-12-05 13:29:00,806.28
2010-12-05 13:42:00,205.65
2010-12-05 13:49:00,429.40000000000003
2010-12-05 13:53:00,271.2
2010-12-05 13:55:00,1018.21
2010-12-05 14:02:00,286.5
2010-12-05 14:03:00,85.5
2010-12-05 14:06:00,151.44
2010-12-05 14:17:00,111.65
2010-12-05 14:19:00,1631.3
2010-12-05 14:25:00,257.0
2010-12-05 14:45:00,198.43
2010-12-05 14:52:00,165.86
2010-12-05 15:02:00,85.55000000000001
2010-12-05 15:06:00,188.77
2010-12-05 15:12:00,464.75
2010-12-05 15:15:00,207.74
2010-12-05 15:18:00,355.75
2010-12-05 15:21:00,473.39
2010-12-05 15:26:00,8.65
2010-12-05 15:35:00,1668.2
2010-12-05 15:38:00,358.56
2010-12-05 15:40:00,736.7
2010-12-05 15:46:00,320.08
2010-12-05 15:47:00,423.52
2010-12-05 15:54:00,37.35
2010-12-05 16:00:00,129.23
2010-12-05 16:10:00,164.7
2010-12-05 16:24:00,1369.06
2010-12-05 16:41:00,491.38
2010-12-06 08:34:00,113.48
2010-12-06 08:42:00,922.4
2010-12-06 08:43:00,25.200000000000003
2010-12-06 08:44:00,17.4
2010-12-06 09:21:00,308.8
2010-12-06 09:37:00,353.0
2010-12-06 09:45:00,2567.6400000000003
2010-12-06 09:52:00,375.69000000000005
2010-12-06 10:03:00,164.2
2010-12-06 10:05:00,210.19
2010-12-06 10:18:00,364.92
2010-12-06 10:19:00,462.62
2010-12-06 10:20:00,300.66
2010-12-06 10:24:00,58.2
2010-12-06 10:27:00,129.4
2010-12-06 10:34:00,223.68
2010-12-06 10:36:00,56.25
2010-12-06 10:38:00,33.0
2010-12-06 10:43:00,196.44
2010-12-06 11:01:00,377.64
2010-12-06 11:03:00,303.5
2010-12-06 11:06:00,2263.8
2010-12-06 11:10:00,142.5
2010-12-06 11:16:00,142.25
2010-12-06 11:26:00,799.49
2010-12-06 11:37:00,153.5
2010-12-06 11:38:00,102.66
2010-12-06 11:42:00,434.39000000000004
2010-12-06 11:58:00,322.8
2010-12-06 12:06:00,430.73
2010-12-06 12:15:00,98.7
2010-12-06 12:21:00,673.37
2010-12-06 12:23:00,664.21
2010-12-06 12:30:00,184.10000000000002
2010-12-06 12:31:00,76.32000000000001
2010-12-06 12:34:00,390.97
2010-12-06 12:38:00,449.95000000000005
2010-12-06 12:39:00,333.25
2010-12-06 12:40:00,377.5
2010-12-06 12:41:00,226.45000000000002
2010-12-06 12:44:00,379.7
2010-12-06 12:47:00,185.97
2010-12-06 12:52:00,198.35
2010-12-06 12:55:00,726.77
2010-12-06 12:59:00,480.68
2010-12-06 13:01:00,270.52
2010-12-06 13:06:00,784.15
2010-12-06 13:12:00,100.80000000000001
2010-12-06 13:13:00,881.98
2010-12-06 13:21:00,122.7
2010-12-06 13:22:00,125.10000000000001
2010-12-06 13:32:00,20.85
2010-12-06 13:34:00,222.18
2010-12-06 13:35:00,391.5
2010-12-06 13:41:00,149.0
2010-12-06 13:47:00,123.24
2010-12-06 13:53:00,554.66
2010-12-06 13:58:00,166.15
2010-12-06 13:59:00,2415.04
2010-12-06 14:00:00,81.17999999999999
2010-12-06 14:05:00,143.12
2010-12-06 14:08:00,292.84000000000003
2010-12-06 14:19:00,244.20000000000002
2010-12-06 14:31:00,402.36
2010-12-06 14:36:00,422.81
2010-12-06 14:43:00,30.45
2010-12-06 14:46:00,56.85
2010-12-06 14:51:00,406.69
2010-12-06 14:55:00,192.7
2010-12-06 15:00:00,406.16
2010-12-06 15:03:00,151.20000000000002
2010-12-06 15:06:00,177.60000000000002
2010-12-06 15:09:00,227.4
2010-12-06 15:13:00,135.01
2010-12-06 15:14:00,510.95
2010-12-06 15:18:00,335.3
2010-12-06 15:25:00,287.54
2010-12-06 15:27:00,193.29999999999998
2010-12-06 15:34:00,166.0
2010-12-06 15:35:00,92.55000000000001
2010-12-06 15:38:00,450.92
2010-12-06 15:54:00,82.12
2010-12-06 16:36:00,417.62
2010-12-06 16:58:00,221.5
2010-12-06 17:16:00,214.32
2010-12-06 17:26:00,536.0500000000001
2010-12-07 09:13:00,569.03
2010-12-07 09:21:00,151.3
2010-12-07 09:23:00,39.6
2010-12-07 09:43:00,1989.2400000000002
2010-12-07 09:51:00,1644.94
2010-12-07 09:55:00,293.45000000000005
2010-12-07 09:57:00,178.4
2010-12-07 10:04:00,326.4
2010-12-07 10:06:00,682.65
2010-12-07 10:08:00,1033.52
2010-12-07 10:14:00,618.07
2010-12-07 10:32:00,454.6
2010-12-07 10:36:00,533.71
2010-12-07 10:43:00,102.0
2010-12-07 10:47:00,111.25
2010-12-07 10:51:00,17.85
2010-12-07 11:11:00,111.54
2010-12-07 11:26:00,957.5
2010-12-07 11:30:00,1830.02
2010-12-07 11:33:00,511.8
2010-12-07 11:41:00,532.8000000000001
2010-12-07 11:45:00,159.55
2010-12-07 11:49:00,311.65
2010-12-07 11:59:00,180.7
2010-12-07 12:18:00,327.4
2010-12-07 12:21:00,571.0
2010-12-07 12:28:00,596.8
2010-12-07 12:29:00,109.82000000000001
2010-12-07 12:37:00,338.90000000000003
2010-12-07 12:43:00,108.78
2010-12-07 12:49:00,373.49
2010-12-07 13:01:00,1381.92
2010-12-07 13:13:00,166.74
2010-12-07 13:16:00,631.65
2010-12-07 13:18:00,156.19
2010-12-07 13:20:00,444.42
2010-12-07 13:22:00,617.12
2010-12-07 13:28:00,322.3
2010-12-07 13:29:00,322.8
2010-12-07 13:30:00,154.9
2010-12-07 13:45:00,177.26
2010-12-07 13:50:00,2022.16
2010-12-07 13:53:00,230.4
2010-12-07 14:00:00,97.8
2010-12-07 14:30:00,165.94
2010-12-07 14:31:00,383.93
2010-12-07 14:41:00,295.11
2010-12-07 14:57:00,799.29
2010-12-07 14:58:00,713.88
2010-12-07 15:02:00,378.75
2010-12-07 15:03:00,356.87
2010-12-07 15:04:00,17.4
2010-12-07 15:15:00,231.9
2010-12-07 15:18:00,68.1
2010-12-07 15:20:00,172.0
2010-12-07 15:39:00,384.3
2010-12-07 15:48:00,804.5600000000001
2010-12-07 15:54:00,247.33
2010-12-07 16:20:00,111.15
2010-12-07 16:42:00,9639.12
2010-12-07 16:43:00,16281.25
2010-12-07 17:05:00,46.8
2010-12-07 17:19:00,139.86
2010-12-08 08:12:00,326.4
2010-12-08 08:43:00,48.800000000000004
2010-12-08 08:58:00,164.25
2010-12-08 09:07:00,514.39
2010-12-08 09:20:00,328.45
2010-12-08 09:30:00,328.01
2010-12-08 09:49:00,522.7
2010-12-08 09:51:00,319.18
2010-12-08 09:53:00,258.90000000000003
2010-12-08 09:56:00,356.91
2010-12-08 10:11:00,557.4399999999999
2010-12-08 10:13:00,99.6
2010-12-08 10:14:00,365.4
2010-12-08 10:21:00,429.87
2010-12-08 10:35:00,702.1
2010-12-08 10:36:00,301.52
2010-12-08 10:38:00,329.36
2010-12-08 10:39:00,310.57
2010-12-08 10:40:00,671.21
2010-12-08 10:45:00,173.55
2010-12-08 10:46:00,158.25
2010-12-08 10:51:00,777.6800000000001
2010-12-08 10:53:00,303.86
2010-12-08 11:02:00,439.03000000000003
2010-12-08 11:04:00,38.8
2010-12-08 11:16:00,157.6
2010-12-08 11:31:00,411.44
2010-12-08 11:38:00,314.1
2010-12-08 11:41:00,105.72
2010-12-08 11:42:00,511.46000000000004
2010-12-08 11:43:00,19.8
2010-12-08 12:01:00,569.4
2010-12-08 12:06:00,145.93
2010-12-08 12:08:00,867.48
2010-12-08 12:09:00,350.4
2010-12-08 12:11:00,39.0
2010-12-08 12:17:00,198.09
2010-12-08 12:24:00,295.66
2010-12-08 12:29:00,450.92
2010-12-08 12:35:00,287.91
2010-12-08 12:36:00,363.02
2010-12-08 12:40:00,281.0
2010-12-08 12:41:00,910.14
2010-12-08 12:45:00,127.05000000000001
2010-12-08 12:46:00,416.61
2010-12-08 12:49:00,623.4200000000001
2010-12-08 12:51:00,147.39999999999998
2010-12-08 12:56:00,147.20000000000002
2010-12-08 12:57:00,2746.75
2010-12-08 13:01:00,414.43
2010-12-08 13:03:00,718.0600000000001
2010-12-08 13:07:00,142.95
2010-12-08 13:08:00,473.03999999999996
2010-12-08 13:11:00,692.94
2010-12-08 13:14:00,89.5
2010-12-08 13:17:00,130.64
2010-12-08 13:21:00,372.96999999999997
2010-12-08 13:23:00,251.09
2010-12-08 13:28:00,118.3
2010-12-08 13:30:00,292.71000000000004
2010-12-08 13:38:00,376.3
2010-12-08 13:49:00,300.7
2010-12-08 13:51:00,129.75
2010-12-08 13:53:00,1317.89
2010-12-08 13:55:00,397.6
2010-12-08 14:22:00,566.95
2010-12-08 14:36:00,222.5
2010-12-08 14:38:00,272.34000000000003
2010-12-08 14:43:00,541.89
2010-12-08 14:46:00,723.6
2010-12-08 14:50:00,106.77000000000001
2010-12-08 14:53:00,590.0
2010-12-08 14:58:00,103.68
2010-12-08 14:59:00,313.72
2010-12-08 15:03:00,305.45
2010-12-08 15:10:00,320.0
2010-12-08 15:12:00,158.26
2010-12-08 15:16:00,171.15
2010-12-08 15:17:00,190.34
2010-12-08 15:23:00,71.4
2010-12-08 15:25:00,201.60000000000002
2010-12-08 15:33:00,180.4
2010-12-08 15:35:00,255.0
2010-12-08 15:38:00,318.84
2010-12-08 15:39:00,356.4
2010-12-08 15:56:00,2671.27
2010-12-08 15:58:00,154.8
2010-12-08 15:59:00,263.25
2010-12-08 16:11:00,670.55
2010-12-08 16:18:00,120.65
2010-12-08 16:21:00,111.53
2010-12-08 16:29:00,5.95
2010-12-08 16:34:00,574.89
2010-12-08 16:45:00,676.1
2010-12-08 16:48:00,307.25
2010-12-08 16:49:00,1867.98
2010-12-08 17:20:00,167.09
2010-12-09 08:34:00,213.3
2010-12-09 09:14:00,365.8
2010-12-09 09:23:00,956.5
2010-12-09 09:25:00,141.95
2010-12-09 09:27:00,63.0
2010-12-09 09:30:00,525.93
2010-12-09 09:34:00,258.75
2010-12-09 09:49:00,209.3
2010-12-09 10:00:00,1485.72
2010-12-09 10:04:00,1295.03
2010-12-09 10:05:00,88.8
2010-12-09 10:13:00,159.38
2010-12-09 10:16:00,464.61
2010-12-09 10:30:00,429.24
2010-12-09 10:33:00,258.95
2010-12-09 10:37:00,213.88
2010-12-09 10:42:00,364.4
2010-12-09 10:44:00,3794.4
2010-12-09 10:45:00,382.66
2010-12-09 10:48:00,309.4
2010-12-09 10:55:00,254.03
2010-12-09 11:28:00,364.2
2010-12-09 11:30:00,308.28000000000003
2010-12-09 11:31:00,57.6
2010-12-09 11:35:00,1335.2
2010-12-09 11:39:00,295.1
2010-12-09 11:44:00,101.9
2010-12-09 11:48:00,363.53
2010-12-09 12:05:00,1281.5
2010-12-09 12:12:00,832.8
2010-12-09 12:13:00,163.2
2010-12-09 12:16:00,174.4
2010-12-09 12:17:00,1794.75
2010-12-09 12:20:00,226.79999999999998
2010-12-09 12:24:00,257.22
2010-12-09 12:32:00,224.38
2010-12-09 12:37:00,109.75
2010-12-09 12:49:00,880.77
2010-12-09 12:59:00,174.4
2010-12-09 13:03:00,367.14
2010-12-09 13:05:00,112.6
2010-12-09 13:08:00,325.76
2010-12-09 13:14:00,181.0
2010-12-09 13:21:00,18.4
2010-12-09 13:22:00,15.9
2010-12-09 13:24:00,201.45
2010-12-09 13:34:00,1820.97
2010-12-09 13:38:00,316.82
2010-12-09 13:44:00,1914.24
2010-12-09 13:47:00,111.75
2010-12-09 13:57:00,428.6
2010-12-09 13:59:00,165.65
2010-12-09 14:05:00,300.91999999999996
2010-12-09 14:08:00,518.58
2010-12-09 14:10:00,16.21
2010-12-09 14:15:00,272.36
2010-12-09 14:19:00,686.15
2010-12-09 14:25:00,374.25
2010-12-09 14:27:00,394.18
2010-12-09 14:28:00,251.0
2010-12-09 14:44:00,438.53
2010-12-09 14:49:00,739.05
2010-12-09 14:50:00,186.03
2010-12-09 14:55:00,174.72
2010-12-09 14:56:00,315.0
2010-12-09 15:01:00,230.1
2010-12-09 15:16:00,190.35
2010-12-09 15:20:00,72.82000000000001
2010-12-09 15:21:00,155.0
2010-12-09 15:23:00,249.86
2010-12-09 15:29:00,289.85
2010-12-09 15:32:00,685.0
2010-12-09 15:33:00,60.0
2010-12-09 15:35:00,144.5
2010-12-09 15:46:00,30.0
2010-12-09 15:50:00,218.4
2010-12-09 16:08:00,383.07
2010-12-09 16:10:00,402.32
2010-12-09 16:11:00,15.0
2010-12-09 16:28:00,441.6
2010-12-09 16:52:00,179.92000000000002
2010-12-09 16:53:00,620.35
2010-12-09 16:57:00,119.65
2010-12-09 17:27:00,257.95
2010-12-09 17:34:00,185.82
2010-12-09 18:09:00,113.2
2010-12-09 18:58:00,298.95
2010-12-09 19:23:00,310.45
2010-12-09 19:28:00,93.45
2010-12-09 19:32:00,317.59000000000003
2010-12-09 20:01:00,300.64
2010-12-10 09:33:00,370.8
2010-12-10 09:35:00,1947.01
2010-12-10 09:48:00,780.0
2010-12-10 09:51:00,157.9
2010-12-10 09:52:00,17.700000000000003
2010-12-10 09:53:00,369.1
2010-12-10 10:08:00,151.5
2010-12-10 10:18:00,114.24000000000001
2010-12-10 10:21:00,1110.75
2010-12-10 10:22:00,188.98
2010-12-10 10:26:00,201.75
2010-12-10 10:27:00,218.10000000000002
2010-12-10 10:47:00,127.9
2010-12-10 10:49:00,5375.28
2010-12-10 10:50:00,135.0
2010-12-10 10:51:00,67.5
2010-12-10 10:52:00,338.45
2010-12-10 10:56:00,1196.0
2010-12-10 11:01:00,919.8
2010-12-10 11:02:00,182.25
2010-12-10 11:11:00,94.3
2010-12-10 11:12:00,190.70000000000002
2010-12-10 11:19:00,254.57
2010-12-10 11:21:00,186.60000000000002
2010-12-10 11:23:00,428.76
2010-12-10 11:24:00,327.66
2010-12-10 11:31:00,236.92
2010-12-10 11:33:00,270.22
2010-12-10 11:39:00,111.8
2010-12-10 11:42:00,185.06
2010-12-10 11:44:00,523.86
2010-12-10 11:47:00,239.7
2010-12-10 11:51:00,254.4
2010-12-10 12:00:00,247.56
2010-12-10 12:14:00,139.68
2010-12-10 12:20:00,132.65
2010-12-10 12:29:00,219.1
2010-12-10 12:33:00,1156.05
2010-12-10 12:42:00,300.65000000000003
2010-12-10 12:44:00,228.12
2010-12-10 12:45:00,116.89999999999999
2010-12-10 12:48:00,686.1600000000001
2010-12-10 12:50:00,612.1
2010-12-10 12:56:00,10.29
2010-12-10 12:58:00,1.9
2010-12-10 13:06:00,309.40000000000003
2010-12-10 13:24:00,202.5
2010-12-10 13:27:00,207.36
2010-12-10 13:29:00,363.24
2010-12-10 13:32:00,114.44999999999999
2010-12-10 13:44:00,25.799999999999997
2010-12-10 13:48:00,568.27
2010-12-10 13:50:00,1076.3200000000002
2010-12-10 13:58:00,401.92
2010-12-10 14:04:00,39.95
2010-12-10 14:29:00,385.58000000000004
2010-12-10 14:45:00,106.4
2010-12-10 14:53:00,756.45
2010-12-10 14:54:00,317.5
2010-12-10 15:21:00,173.7
2010-12-10 15:31:00,3762.66
2010-12-10 15:45:00,2157.64
2010-12-10 15:49:00,9.9
2010-12-10 15:56:00,966.62
2010-12-10 16:36:00,158.0
2010-12-10 17:14:00,156.65
2010-12-10 17:26:00,102.35000000000001
2010-12-12 10:11:00,326.7
2010-12-12 10:47:00,275.3
2010-12-12 10:48:00,664.01
2010-12-12 10:57:00,141.04
2010-12-12 11:06:00,820.33
2010-12-12 11:07:00,333.54
2010-12-12 11:17:00,189.92
2010-12-12 11:26:00,548.85
2010-12-12 11:37:00,214.24
2010-12-12 11:44:00,3590.59
2010-12-12 11:46:00,324.22
2010-12-12 11:49:00,126.28
2010-12-12 11:54:00,106.75
2010-12-12 12:00:00,168.46
2010-12-12 12:01:00,167.09
2010-12-12 12:03:00,293.76000000000005
2010-12-12 12:08:00,107.16
2010-12-12 12:18:00,110.1
2010-12-12 12:24:00,448.74
2010-12-12 12:26:00,330.92
2010-12-12 12:34:00,11.6
2010-12-12 12:35:00,177.66
2010-12-12 12:41:00,210.13
2010-12-12 12:44:00,168.35999999999999
2010-12-12 12:46:00,388.65
2010-12-12 12:51:00,11.9
2010-12-12 12:56:00,513.64
2010-12-12 13:01:00,160.65
2010-12-12 13:26:00,767.37
2010-12-12 13:32:00,863.39
2010-12-12 13:37:00,121.05
2010-12-12 13:47:00,157.92
2010-12-12 13:56:00,214.74
2010-12-12 14:03:00,135.4
2010-12-12 14:21:00,179.1
2010-12-12 14:27:00,786.35
2010-12-12 14:43:00,1393.56
2010-12-12 14:49:00,204.0
2010-12-12 16:05:00,278.98
2010-12-12 16:14:00,1038.6
2010-12-12 16:20:00,31.3
2010-12-13 09:02:00,339.4
2010-12-13 09:09:00,539.2
2010-12-13 09:29:00,384.55
2010-12-13 09:39:00,881.01
2010-12-13 09:49:00,1206.72
2010-12-13 09:52:00,418.92
2010-12-13 09:57:00,103.5
2010-12-13 10:24:00,777.5600000000001
2010-12-13 10:31:00,676.46
2010-12-13 10:36:00,40.8
2010-12-13 10:39:00,127.0
2010-12-13 10:41:00,347.71
2010-12-13 10:46:00,540.95
2010-12-13 10:52:00,27.8
2010-12-13 10:58:00,309.71999999999997
2010-12-13 11:11:00,1.9
2010-12-13 11:23:00,302.1
2010-12-13 11:29:00,166.22
2010-12-13 11:44:00,310.8
2010-12-13 11:47:00,230.1
2010-12-13 11:51:00,476.76
2010-12-13 11:57:00,218.1
2010-12-13 12:10:00,168.0
2010-12-13 12:26:00,171.04000000000002
2010-12-13 12:50:00,1101.77
2010-12-13 12:57:00,767.6
2010-12-13 13:10:00,223.48
2010-12-13 13:25:00,1167.41
2010-12-13 13:27:00,689.04
2010-12-13 13:28:00,596.0600000000001
2010-12-13 13:32:00,250.04
2010-12-13 13:50:00,676.54
2010-12-13 13:52:00,244.19
2010-12-13 14:16:00,232.01
2010-12-13 14:24:00,243.0
2010-12-13 14:32:00,145.0
2010-12-13 14:36:00,1485.78
2010-12-13 14:39:00,12.45
2010-12-13 14:52:00,310.74
2010-12-13 14:55:00,346.14
2010-12-13 14:56:00,760.32
2010-12-13 15:07:00,280.94
2010-12-13 15:12:00,1710.65
2010-12-13 15:13:00,91.9
2010-12-13 15:16:00,109.71000000000001
2010-12-13 15:20:00,92.14
2010-12-13 15:26:00,201.4
2010-12-13 15:34:00,125.2
2010-12-13 15:36:00,585.53
2010-12-13 15:37:00,1228.4
2010-12-13 15:42:00,309.05
2010-12-13 15:44:00,1822.88
2010-12-13 15:45:00,38.1
2010-12-13 15:46:00,1695.12
2010-12-13 15:56:00,177.35
2010-12-13 16:01:00,1.9
2010-12-13 16:17:00,110.7
2010-12-13 16:18:00,0.95
2010-12-13 16:38:00,365.55
2010-12-13 17:03:00,150.68
2010-12-13 17:40:00,462.3
2010-12-14 09:39:00,15.0
2010-12-14 09:50:00,798.46
2010-12-14 09:52:00,300.92
2010-12-14 10:18:00,102.0
2010-12-14 10:34:00,312.4
2010-12-14 10:38:00,167.01
2010-12-14 10:43:00,365.27
2010-12-14 10:46:00,147.06
2010-12-14 10:48:00,198.95000000000002
2010-12-14 11:01:00,275.45
2010-12-14 11:03:00,325.22
2010-12-14 11:04:00,17.4
2010-12-14 11:10:00,60.0
2010-12-14 11:11:00,11.8
2010-12-14 11:12:00,307.39
2010-12-14 11:26:00,195.8
2010-12-14 11:29:00,134.64999999999998
2010-12-14 11:38:00,976.7
2010-12-14 11:39:00,206.0
2010-12-14 11:42:00,293.85
2010-12-14 11:43:00,304.5
2010-12-14 11:44:00,10.5
2010-12-14 11:48:00,706.25
2010-12-14 11:51:00,531.88
2010-12-14 12:06:00,252.62
2010-12-14 12:11:00,632.52
2010-12-14 12:17:00,306.52
2010-12-14 12:18:00,120.95
2010-12-14 12:22:00,710.0
2010-12-14 12:25:00,74.25
2010-12-14 12:30:00,504.59000000000003
2010-12-14 12:35:00,479.35
2010-12-14 12:38:00,301.2
2010-12-14 12:58:00,1587.07
2010-12-14 12:59:00,2594.76
2010-12-14 13:00:00,558.24
2010-12-14 13:01:00,146.46
2010-12-14 13:02:00,337.6
2010-12-14 13:03:00,413.79
2010-12-14 13:09:00,234.85999999999999
2010-12-14 13:10:00,292.89
2010-12-14 13:11:00,170.55
2010-12-14 13:18:00,152.1
2010-12-14 13:19:00,1287.34
2010-12-14 13:22:00,11.0
2010-12-14 13:28:00,1188.0
2010-12-14 13:31:00,1000.03
2010-12-14 13:32:00,310.85
2010-12-14 13:33:00,198.07
2010-12-14 13:35:00,214.76999999999998
2010-12-14 13:44:00,357.1
2010-12-14 13:50:00,488.09000000000003
2010-12-14 13:51:00,293.4
2010-12-14 13:58:00,1101.99
2010-12-14 13:59:00,658.2
2010-12-14 14:02:00,115.35
2010-12-14 14:11:00,149.5
2010-12-14 14:15:00,341.65999999999997
2010-12-14 14:26:00,360.06
2010-12-14 14:37:00,91.15
2010-12-14 14:40:00,647.99
2010-12-14 14:42:00,824.02
2010-12-14 14:50:00,61.050000000000004
2010-12-14 14:54:00,85.75
2010-12-14 15:02:00,476.70000000000005
2010-12-14 15:13:00,304.90000000000003
2010-12-14 15:18:00,307.8
2010-12-14 15:43:00,267.0
2010-12-14 15:50:00,338.98
2010-12-14 16:07:00,411.40000000000003
2010-12-14 16:23:00,125.56
2010-12-14 16:39:00,362.79
2010-12-14 16:53:00,17.4
2010-12-14 17:22:00,202.45
2010-12-15 09:07:00,247.38
2010-12-15 09:09:00,302.78
2010-12-15 09:49:00,123.1
2010-12-15 09:51:00,366.77
2010-12-15 09:58:00,238.65
2010-12-15 10:04:00,306.18
2010-12-15 10:17:00,501.01
2010-12-15 10:31:00,303.15000000000003
2010-12-15 10:40:00,202.79999999999998
2010-12-15 10:41:00,346.8
2010-12-15 10:48:00,97.5
2010-12-15 10:54:00,165.85
2010-12-15 10:57:00,684.26
2010-12-15 11:08:00,186.64
2010-12-15 11:14:00,101.23
2010-12-15 11:15:00,253.20000000000002
2010-12-15 11:21:00,201.20000000000002
2010-12-15 11:22:00,1761.26
2010-12-15 11:26:00,201.84
2010-12-15 11:32:00,354.48
2010-12-15 11:34:00,303.57
2010-12-15 11:53:00,3240.4
2010-12-15 11:56:00,428.82
2010-12-15 12:01:00,101.2
2010-12-15 12:05:00,1608.56
2010-12-15 12:06:00,332.1
2010-12-15 12:08:00,2605.88
2010-12-15 12:09:00,1181.0
2010-12-15 12:27:00,185.45000000000002
2010-12-15 12:29:00,102.0
2010-12-15 12:30:00,269.31
2010-12-15 12:43:00,336.98
2010-12-15 12:47:00,20.4
2010-12-15 12:54:00,102.28
2010-12-15 13:00:00,105.88
2010-12-15 13:21:00,307.8
2010-12-15 13:24:00,746.07
2010-12-15 13:25:00,67.24
2010-12-15 13:26:00,1305.6
2010-12-15 13:37:00,343.26
2010-12-15 13:38:00,440.2
2010-12-15 13:49:00,571.48
2010-12-15 13:50:00,15.8
2010-12-15 14:00:00,283.53000000000003
2010-12-15 14:12:00,290.34
2010-12-15 14:25:00,829.7
2010-12-15 14:26:00,228.6
2010-12-15 14:29:00,209.65
2010-12-15 14:35:00,300.87
2010-12-15 14:45:00,308.37
2010-12-15 15:00:00,1256.32
2010-12-15 15:14:00,171.05
2010-12-15 15:34:00,231.22
2010-12-15 15:37:00,209.08
2010-12-15 15:45:00,392.34000000000003
2010-12-15 15:47:00,1516.95
2010-12-15 15:50:00,295.2
2010-12-15 16:03:00,219.6
2010-12-15 16:19:00,80.64
2010-12-15 16:21:00,1244.53
2010-12-15 16:24:00,14.85
2010-12-15 16:26:00,17.700000000000003
2010-12-15 16:32:00,196.85
2010-12-15 16:38:00,1.45
2010-12-15 16:50:00,58.7
2010-12-15 17:28:00,226.57
2010-12-16 08:03:00,391.0
2010-12-16 08:05:00,314.55
2010-12-16 08:10:00,379.68
2010-12-16 08:39:00,271.05
2010-12-16 08:41:00,404.82
2010-12-16 09:22:00,205.8
2010-12-16 09:23:00,32.25
2010-12-16 09:31:00,190.35000000000002
2010-12-16 09:35:00,562.6
2010-12-16 09:44:00,1168.2
2010-12-16 09:45:00,1827.91
2010-12-16 09:46:00,186.0
2010-12-16 09:52:00,163.8
2010-12-16 10:08:00,351.84000000000003
2010-12-16 10:10:00,196.60000000000002
2010-12-16 10:12:00,157.35
2010-12-16 10:18:00,300.46
2010-12-16 10:19:00,313.2
2010-12-16 10:28:00,395.16
2010-12-16 10:30:00,403.61
2010-12-16 10:35:00,6930.0
2010-12-16 10:37:00,1431.6
2010-12-16 10:38:00,933.32
2010-12-16 10:43:00,212.33
2010-12-16 10:51:00,920.52
2010-12-16 10:52:00,211.2
2010-12-16 11:03:00,204.0
2010-12-16 11:07:00,1491.0
2010-12-16 11:11:00,217.2
2010-12-16 11:15:00,328.77
2010-12-16 11:24:00,4.949999999999999
2010-12-16 11:27:00,270.19
2010-12-16 11:35:00,211.05
2010-12-16 11:36:00,889.32
2010-12-16 11:43:00,311.64
2010-12-16 11:51:00,131.96
2010-12-16 11:53:00,216.34
2010-12-16 12:09:00,750.64
2010-12-16 12:11:00,322.01
2010-12-16 12:15:00,430.28000000000003
2010-12-16 12:20:00,298.25
2010-12-16 12:23:00,150.06
2010-12-16 12:31:00,141.3
2010-12-16 12:42:00,226.9
2010-12-16 12:46:00,587.66
2010-12-16 12:48:00,3.75
2010-12-16 12:55:00,114.0
2010-12-16 13:00:00,305.7
2010-12-16 13:02:00,1491.46
2010-12-16 13:05:00,147.75
2010-12-16 13:15:00,843.78
2010-12-16 13:21:00,172.2
2010-12-16 13:33:00,466.54
2010-12-16 13:43:00,314.1
2010-12-16 13:44:00,1085.46
2010-12-16 14:17:00,377.52
2010-12-16 14:25:00,243.12
2010-12-16 14:26:00,308.22
2010-12-16 14:27:00,468.07
2010-12-16 14:29:00,1722.9
2010-12-16 14:32:00,301.44
2010-12-16 14:34:00,424.49
2010-12-16 14:35:00,351.3
2010-12-16 14:36:00,332.18
2010-12-16 15:02:00,310.48
2010-12-16 15:07:00,131.3
2010-12-16 15:23:00,253.5
2010-12-16 15:24:00,29.7
2010-12-16 15:27:00,46.85
2010-12-16 15:29:00,97.24000000000001
2010-12-16 15:34:00,403.79999999999995
2010-12-16 15:40:00,76.55
2010-12-16 15:45:00,607.75
2010-12-16 15:47:00,250.65
2010-12-16 15:59:00,105.54
2010-12-16 16:05:00,252.20000000000002
2010-12-16 16:28:00,5.5
2010-12-16 16:36:00,133.22
2010-12-16 16:42:00,806.59
2010-12-16 16:45:00,353.8
2010-12-16 16:54:00,348.8
2010-12-16 17:01:00,75.78
2010-12-16 17:20:00,147.9
2010-12-16 17:29:00,136.25
2010-12-16 17:30:00,218.85
2010-12-16 17:34:00,436.86
2010-12-16 17:36:00,302.40000000000003
2010-12-16 17:37:00,320.15
2010-12-16 17:38:00,112.15
2010-12-16 17:43:00,2054.92
2010-12-16 17:48:00,250.46
2010-12-16 17:49:00,279.85
2010-12-16 17:51:00,15.0
2010-12-16 17:53:00,357.94
2010-12-16 18:01:00,556.5
2010-12-16 18:18:00,312.98
2010-12-16 18:20:00,540.45
2010-12-16 18:23:00,230.70000000000002
2010-12-16 18:38:00,97.3
2010-12-16 19:04:00,271.77
2010-12-16 19:09:00,892.8
2010-12-16 19:10:00,292.5
2010-12-16 19:16:00,707.0600000000001
2010-12-16 19:19:00,208.46
2010-12-16 19:22:00,126.9
2010-12-16 19:51:00,119.77
2010-12-17 08:20:00,357.01
2010-12-17 09:22:00,408.16999999999996
2010-12-17 09:24:00,198.3
2010-12-17 09:37:00,300.04
2010-12-17 09:38:00,277.2
2010-12-17 09:39:00,216.0
2010-12-17 09:45:00,144.0
2010-12-17 09:52:00,311.19
2010-12-17 10:12:00,25.95
2010-12-17 10:32:00,320.1
2010-12-17 10:34:00,115.9
2010-12-17 10:54:00,2646.3
2010-12-17 11:23:00,168.0
2010-12-17 11:30:00,463.5
2010-12-17 11:40:00,347.01
2010-12-17 11:43:00,177.15
2010-12-17 11:51:00,291.34
2010-12-17 11:52:00,1484.25
2010-12-17 11:53:00,29.700000000000003
2010-12-17 12:00:00,53.400000000000006
2010-12-17 12:02:00,792.99
2010-12-17 12:21:00,224.8
2010-12-17 12:24:00,108.92
2010-12-17 12:38:00,919.04
2010-12-17 12:43:00,214.2
2010-12-17 12:56:00,354.02
2010-12-17 13:17:00,102.0
2010-12-17 13:29:00,258.7
2010-12-17 13:45:00,212.61
2010-12-17 13:49:00,316.58
2010-12-17 13:56:00,29.43
2010-12-17 13:57:00,72.0
2010-12-17 13:58:00,135.12
2010-12-17 14:10:00,348.2
2010-12-17 14:15:00,158.16
2010-12-17 14:21:00,753.74
2010-12-17 14:23:00,190.55
2010-12-17 14:24:00,148.95
2010-12-17 14:46:00,180.0
2010-12-17 15:14:00,323.62
2010-12-17 15:15:00,250.0
2010-12-17 15:39:00,311.15000000000003
2010-12-17 15:52:00,1910.31
2010-12-17 15:57:00,323.38
2010-12-17 15:58:00,858.0
2010-12-17 16:00:00,333.82
2010-12-17 16:53:00,196.75
2010-12-17 17:06:00,741.22
2010-12-17 17:12:00,196.78
2010-12-17 17:17:00,121.02
2010-12-17 17:23:00,177.95
2010-12-17 17:33:00,334.84000000000003
2010-12-17 18:07:00,33.0
2010-12-19 10:21:00,244.55
2010-12-19 11:19:00,507.02000000000004
2010-12-19 11:35:00,218.05
2010-12-19 11:38:00,2062.44
2010-12-19 12:46:00,469.87
2010-12-19 13:31:00,663.8000000000001
2010-12-19 13:59:00,283.52
2010-12-19 14:03:00,246.38
2010-12-19 14:16:00,241.66000000000003
2010-12-19 14:23:00,29.52
2010-12-19 14:24:00,411.1
2010-12-19 14:27:00,12.8
2010-12-19 14:41:00,351.13
2010-12-19 14:58:00,365.73
2010-12-19 15:07:00,193.64
2010-12-19 15:31:00,99.5
2010-12-19 15:44:00,892.24
2010-12-20 09:22:00,215.01
2010-12-20 09:37:00,1001.52
2010-12-20 09:41:00,311.7
2010-12-20 10:00:00,306.15000000000003
2010-12-20 10:09:00,70.96000000000001
2010-12-20 10:38:00,269.5
2010-12-20 10:41:00,286.95
2010-12-20 10:48:00,290.51
2010-12-20 11:08:00,287.45
2010-12-20 11:14:00,383.52
2010-12-20 11:38:00,286.6
2010-12-20 11:41:00,339.72
2010-12-20 11:45:00,756.12
2010-12-20 11:58:00,101.76
2010-12-20 12:05:00,327.6
2010-12-20 12:06:00,15.9
2010-12-20 12:14:00,433.5
2010-12-20 12:45:00,1440.0
2010-12-20 12:51:00,1089.45
2010-12-20 13:08:00,962.24
2010-12-20 13:10:00,754.16
2010-12-20 13:11:00,138.85
2010-12-20 13:21:00,832.08
2010-12-20 13:24:00,237.6
2010-12-20 13:27:00,14.85
2010-12-20 13:31:00,1016.35
2010-12-20 13:52:00,61.2
2010-12-20 14:06:00,102.0
2010-12-20 14:10:00,1084.5900000000001
2010-12-20 14:15:00,221.4
2010-12-20 14:33:00,109.88
2010-12-20 14:49:00,182.52
2010-12-20 14:51:00,239.9
2010-12-20 14:59:00,751.0
2010-12-20 15:09:00,73.80000000000001
2010-12-20 15:12:00,144.5
2010-12-20 15:14:00,728.0400000000001
2010-12-20 15:15:00,631.96
2010-12-20 15:22:00,112.68
2010-12-20 15:26:00,37.67
2010-12-20 15:30:00,134.14
2010-12-20 15:35:00,242.92000000000002
2010-12-20 16:03:00,0.95
2010-12-20 16:04:00,28.5
2010-12-20 16:08:00,214.26
2010-12-20 16:50:00,637.98
2010-12-20 17:05:00,1689.1200000000001
2010-12-21 09:34:00,302.95
2010-12-21 09:47:00,820.4
2010-12-21 09:48:00,9.2
2010-12-21 10:18:00,117.60000000000001
2010-12-21 10:26:00,396.85
2010-12-21 10:30:00,25.200000000000003
2010-12-21 10:41:00,479.4
2010-12-21 10:51:00,114.60000000000001
2010-12-21 10:54:00,237.93
2010-12-21 11:00:00,150.0
2010-12-21 12:57:00,148.0
2010-12-21 13:03:00,65.4
2010-12-21 13:22:00,97.84
2010-12-21 13:34:00,324.0
2010-12-21 13:45:00,762.3000000000001
2010-12-21 13:49:00,434.0
2010-12-21 13:53:00,382.5
2010-12-21 13:58:00,182.19
2010-12-21 14:26:00,1212.52
2010-12-21 14:54:00,193.15
2010-12-21 15:05:00,8520.92
2010-12-21 15:09:00,29.700000000000003
2010-12-21 15:43:00,383.7
2010-12-21 16:06:00,69.29
2010-12-21 16:08:00,45.35
2010-12-21 17:16:00,424.17
2010-12-22 10:29:00,1162.9
2010-12-22 11:07:00,433.5
2010-12-22 11:11:00,351.08
2010-12-22 12:39:00,615.6
2010-12-22 12:44:00,23.8
2010-12-22 12:47:00,110.39999999999999
2010-12-22 13:17:00,108.63000000000001
2010-12-22 13:39:00,318.75
2010-12-22 13:46:00,135.34
2010-12-22 13:48:00,222.6
2010-12-22 14:28:00,600.72
2010-12-22 16:19:00,610.8
2010-12-22 16:23:00,192.4
2010-12-23 09:55:00,134.55
2010-12-23 09:59:00,344.88
2010-12-23 10:38:00,172.25
2010-12-23 11:06:00,390.95
2010-12-23 11:09:00,20.3
2010-12-23 11:24:00,529.59
2010-12-23 11:46:00,128.7
2010-12-23 12:03:00,12.35
2010-12-23 12:04:00,121.62
2010-12-23 12:58:00,1262.85
2010-12-23 14:06:00,354.64
2010-12-23 14:35:00,300.42
2010-12-23 14:40:00,256.61
2010-12-23 14:58:00,289.85
2010-12-23 15:16:00,968.77
2010-12-23 15:32:00,6.95
2010-12-23 16:06:00,349.49
2011-01-04 10:00:00,307.3
2011-01-04 10:22:00,474.66
2011-01-04 10:23:00,310.28
2011-01-04 10:37:00,445.12
2011-01-04 10:38:00,189.61
2011-01-04 11:30:00,299.6
2011-01-04 11:34:00,338.83
2011-01-04 11:40:00,510.89
2011-01-04 11:42:00,168.3
2011-01-04 11:48:00,215.41
2011-01-04 12:18:00,413.68
2011-01-04 12:45:00,109.30000000000001
2011-01-04 12:51:00,514.02
2011-01-04 12:57:00,388.72
2011-01-04 12:58:00,791.61
2011-01-04 13:03:00,23.8
2011-01-04 13:22:00,323.04
2011-01-04 13:30:00,363.66
2011-01-04 13:38:00,284.6
2011-01-04 13:47:00,90.0
2011-01-04 13:50:00,731.8000000000001
2011-01-04 14:12:00,871.48
2011-01-04 14:20:00,547.56
2011-01-04 14:21:00,168.44
2011-01-04 14:33:00,385.8
2011-01-04 14:40:00,203.10000000000002
2011-01-04 14:47:00,644.13
2011-01-04 15:24:00,106.35000000000001
2011-01-04 15:33:00,312.95
2011-01-04 15:40:00,201.94
2011-01-04 15:43:00,476.48
2011-01-04 15:50:00,158.73
2011-01-04 16:41:00,733.9200000000001
2011-01-05 09:11:00,323.87
2011-01-05 09:44:00,243.4
2011-01-05 09:51:00,112.65
2011-01-05 10:08:00,969.36
2011-01-05 10:35:00,366.06
2011-01-05 10:39:00,1179.6
2011-01-05 10:45:00,1209.1
2011-01-05 10:46:00,393.9
2011-01-05 10:51:00,261.5
2011-01-05 10:58:00,364.8
2011-01-05 11:00:00,481.7
2011-01-05 11:25:00,331.6
2011-01-05 11:41:00,1145.33
2011-01-05 11:47:00,72.0
2011-01-05 11:50:00,2574.48
2011-01-05 11:52:00,1207.03
2011-01-05 12:09:00,660.0
2011-01-05 12:13:00,125.86
2011-01-05 12:15:00,445.22
2011-01-05 12:20:00,229.75
2011-01-05 12:21:00,170.4
2011-01-05 12:29:00,138.98000000000002
2011-01-05 12:32:00,116.0
2011-01-05 12:35:00,102.0
2011-01-05 12:37:00,1910.4
2011-01-05 12:40:00,3862.14
2011-01-05 12:42:00,556.07
2011-01-05 12:54:00,481.14
2011-01-05 13:05:00,107.89
2011-01-05 13:09:00,199.44
2011-01-05 13:29:00,229.56
2011-01-05 13:37:00,1220.4
2011-01-05 13:40:00,331.45
2011-01-05 13:41:00,132.66
2011-01-05 13:53:00,653.86
2011-01-05 13:57:00,296.66
2011-01-05 14:48:00,835.11
2011-01-05 15:09:00,417.81
2011-01-05 15:30:00,511.95
2011-01-05 15:42:00,379.44
2011-01-05 15:56:00,1044.65
2011-01-05 15:57:00,583.45
2011-01-05 16:00:00,305.74
2011-01-05 16:06:00,12.75
2011-01-05 16:28:00,1263.72
2011-01-05 17:33:00,238.55
2011-01-06 08:52:00,682.8
2011-01-06 09:00:00,417.3
2011-01-06 09:40:00,771.29
2011-01-06 09:57:00,730.88
2011-01-06 10:01:00,242.55
2011-01-06 10:03:00,169.8
2011-01-06 10:20:00,432.0
2011-01-06 10:46:00,253.1
2011-01-06 11:12:00,7011.38
2011-01-06 11:25:00,1489.18
2011-01-06 11:39:00,186.0
2011-01-06 11:57:00,563.15
2011-01-06 11:59:00,211.8
2011-01-06 12:11:00,1520.1100000000001
2011-01-06 12:16:00,1520.11
2011-01-06 12:18:00,3120.2200000000003
2011-01-06 12:31:00,433.04
2011-01-06 12:32:00,35.400000000000006
2011-01-06 12:37:00,143.0
2011-01-06 12:45:00,785.65
2011-01-06 13:00:00,464.82
2011-01-06 13:19:00,621.9
2011-01-06 13:56:00,224.11
2011-01-06 14:07:00,660.15
2011-01-06 14:14:00,108.45
2011-01-06 14:26:00,319.77
2011-01-06 14:53:00,499.89
2011-01-06 14:58:00,623.68
2011-01-06 15:14:00,1374.46
2011-01-06 15:25:00,369.14
2011-01-06 15:29:00,377.7
2011-01-06 15:41:00,304.2
2011-01-06 15:42:00,162.70000000000002
2011-01-06 15:54:00,185.1
2011-01-06 16:03:00,317.06
2011-01-06 16:12:00,479.25
2011-01-06 16:25:00,76.32000000000001
2011-01-06 16:35:00,309.55
2011-01-06 16:41:00,3527.64
2011-01-06 17:10:00,290.95
2011-01-06 17:19:00,303.36
2011-01-06 17:47:00,406.77000000000004
2011-01-06 17:58:00,175.15
2011-01-06 18:24:00,237.65
2011-01-06 18:33:00,969.24
2011-01-06 18:57:00,236.02
2011-01-07 09:23:00,9.3
2011-01-07 09:31:00,1355.1599999999999
2011-01-07 09:40:00,301.66
2011-01-07 09:50:00,582.0
2011-01-07 09:53:00,495.0
2011-01-07 09:55:00,1064.97
2011-01-07 10:00:00,504.25
2011-01-07 10:04:00,387.40000000000003
2011-01-07 10:24:00,311.07
2011-01-07 10:27:00,303.0
2011-01-07 10:29:00,331.55
2011-01-07 10:32:00,603.09
2011-01-07 10:47:00,523.05
2011-01-07 10:55:00,149.41
2011-01-07 11:13:00,207.25
2011-01-07 11:49:00,325.44
2011-01-07 11:54:00,302.45
2011-01-07 11:57:00,368.52
2011-01-07 12:07:00,730.16
2011-01-07 12:14:00,188.0
2011-01-07 12:26:00,102.5
2011-01-07 12:28:00,2169.39
2011-01-07 12:35:00,479.1
2011-01-07 12:44:00,226.86
2011-01-07 12:45:00,434.95
2011-01-07 13:13:00,334.93
2011-01-07 13:17:00,1429.9
2011-01-07 13:30:00,83.7
2011-01-07 13:34:00,306.0
2011-01-07 13:39:00,300.54
2011-01-07 14:04:00,1138.67
2011-01-07 14:21:00,688.45
2011-01-07 14:22:00,335.8
2011-01-07 14:31:00,716.11
2011-01-07 14:43:00,141.48000000000002
2011-01-07 14:49:00,304.24
2011-01-07 14:53:00,2970.0
2011-01-07 15:19:00,135.9
2011-01-07 15:27:00,816.25
2011-01-07 15:42:00,165.88
2011-01-07 15:48:00,285.28000000000003
2011-01-07 16:32:00,559.85
2011-01-07 16:34:00,300.74
2011-01-07 17:18:00,328.54
2011-01-09 10:06:00,268.8
2011-01-09 10:21:00,348.2
2011-01-09 10:26:00,390.29999999999995
2011-01-09 10:43:00,753.26
2011-01-09 10:50:00,625.04
2011-01-09 11:02:00,208.56
2011-01-09 11:05:00,313.15
2011-01-09 11:12:00,274.35
2011-01-09 11:20:00,2079.75
2011-01-09 11:27:00,533.79
2011-01-09 11:32:00,104.25
2011-01-09 11:34:00,299.89
2011-01-09 11:39:00,140.59
2011-01-09 11:41:00,422.4
2011-01-09 11:43:00,406.27000000000004
2011-01-09 11:54:00,182.78
2011-01-09 12:01:00,265.75
2011-01-09 12:02:00,157.09
2011-01-09 12:03:00,97.5
2011-01-09 12:12:00,413.68
2011-01-09 12:31:00,195.45
2011-01-09 12:46:00,114.0
2011-01-09 12:50:00,301.28
2011-01-09 12:51:00,340.94
2011-01-09 12:53:00,607.21
2011-01-09 13:02:00,309.48
2011-01-09 13:41:00,229.48
2011-01-09 13:50:00,615.05
2011-01-09 14:02:00,488.46
2011-01-09 14:03:00,119.49000000000001
2011-01-09 14:11:00,221.7
2011-01-09 14:12:00,141.05
2011-01-09 14:17:00,25.2
2011-01-09 14:21:00,145.5
2011-01-09 14:28:00,110.17999999999999
2011-01-09 14:36:00,279.02
2011-01-09 14:42:00,557.07
2011-01-09 15:10:00,169.35
2011-01-09 15:13:00,320.22
2011-01-09 15:18:00,78.2
2011-01-09 15:23:00,380.68
2011-01-09 15:32:00,73.5
2011-01-09 15:35:00,359.19
2011-01-09 15:56:00,686.48
2011-01-09 16:07:00,258.0
2011-01-09 16:11:00,179.1
2011-01-10 09:11:00,1715.85
2011-01-10 09:44:00,376.7
2011-01-10 09:48:00,344.93999999999994
2011-01-10 09:55:00,240.45000000000002
2011-01-10 09:58:00,81.6
2011-01-10 10:32:00,326.78
2011-01-10 10:35:00,512.59
2011-01-10 10:44:00,102.0
2011-01-10 10:58:00,185.97
2011-01-10 11:09:00,332.41
2011-01-10 11:22:00,646.54
2011-01-10 11:35:00,326.82
2011-01-10 11:38:00,311.71
2011-01-10 11:59:00,217.75
2011-01-10 12:03:00,456.97
2011-01-10 12:04:00,212.0
2011-01-10 12:28:00,566.84
2011-01-10 12:36:00,167.6
2011-01-10 13:20:00,279.3
2011-01-10 13:22:00,1238.06
2011-01-10 14:16:00,827.1800000000001
2011-01-10 14:20:00,402.65999999999997
2011-01-10 14:57:00,1232.32
2011-01-10 14:58:00,969.87
2011-01-10 14:59:00,404.12
2011-01-10 15:07:00,250.0
2011-01-10 15:16:00,500.48
2011-01-10 15:18:00,263.0
2011-01-10 15:35:00,322.53000000000003
2011-01-10 15:51:00,780.42
2011-01-10 16:24:00,434.03999999999996
2011-01-10 16:29:00,64.14
2011-01-10 17:18:00,237.19
2011-01-11 07:57:00,234.0
2011-01-11 08:43:00,12797.52
2011-01-11 08:45:00,241.26
2011-01-11 08:50:00,1508.66
2011-01-11 09:12:00,352.51
2011-01-11 09:20:00,369.0
2011-01-11 09:24:00,4314.02
2011-01-11 09:47:00,462.5
2011-01-11 09:48:00,602.44
2011-01-11 09:58:00,651.9499999999999
2011-01-11 10:04:00,302.57
2011-01-11 10:19:00,144.12
2011-01-11 10:26:00,153.9
2011-01-11 10:31:00,69.7
2011-01-11 10:38:00,815.0600000000001
2011-01-11 10:40:00,145.75
2011-01-11 11:15:00,110.95
2011-01-11 11:18:00,252.42000000000002
2011-01-11 11:32:00,184.2
2011-01-11 11:39:00,3417.1200000000003
2011-01-11 11:48:00,871.1999999999999
2011-01-11 11:54:00,153.6
2011-01-11 12:00:00,355.8
2011-01-11 12:05:00,8.5
2011-01-11 12:11:00,727.36
2011-01-11 12:12:00,15.299999999999997
2011-01-11 12:20:00,302.36
2011-01-11 12:25:00,1147.1799999999998
2011-01-11 12:29:00,418.48
2011-01-11 12:30:00,421.95
2011-01-11 12:37:00,374.75
2011-01-11 12:41:00,415.55
2011-01-11 12:55:00,15514.11
2011-01-11 12:56:00,347.95000000000005
2011-01-11 12:57:00,7837.5
2011-01-11 13:06:00,23.85
2011-01-11 13:25:00,24.95
2011-01-11 13:26:00,288.5
2011-01-11 13:31:00,252.54000000000002
2011-01-11 13:54:00,62.13
2011-01-11 14:00:00,447.28000000000003
2011-01-11 14:15:00,344.14
2011-01-11 14:38:00,113.64
2011-01-11 14:50:00,1578.31
2011-01-11 15:00:00,154.9
2011-01-11 15:13:00,425.1
2011-01-11 15:42:00,355.65
2011-01-11 16:16:00,60.0
2011-01-11 16:24:00,71.5
2011-01-12 09:33:00,492.65000000000003
2011-01-12 09:43:00,102.95
2011-01-12 10:14:00,445.6
2011-01-12 10:16:00,812.25
2011-01-12 10:20:00,314.0
2011-01-12 10:49:00,92.4
2011-01-12 10:58:00,438.67
2011-01-12 11:18:00,202.35
2011-01-12 11:21:00,575.18
2011-01-12 11:46:00,250.65
2011-01-12 11:51:00,366.12
2011-01-12 11:52:00,1358.29
2011-01-12 11:53:00,721.9200000000001
2011-01-12 12:00:00,311.67
2011-01-12 12:10:00,2.46
2011-01-12 12:12:00,214.18
2011-01-12 12:31:00,220.32999999999998
2011-01-12 12:41:00,0.85
2011-01-12 12:43:00,1294.56
2011-01-12 13:10:00,676.6
2011-01-12 13:16:00,208.05
2011-01-12 13:19:00,174.15
2011-01-12 13:27:00,137.95
2011-01-12 13:30:00,342.46000000000004
2011-01-12 13:40:00,770.75
2011-01-12 13:52:00,197.65
2011-01-12 14:10:00,651.16
2011-01-12 14:13:00,392.69999999999993
2011-01-12 14:43:00,112.08
2011-01-12 14:57:00,289.7
2011-01-12 15:00:00,919.98
2011-01-12 15:06:00,554.75
2011-01-12 15:22:00,255.25
2011-01-12 15:25:00,287.46000000000004
2011-01-12 15:36:00,1289.5
2011-01-12 15:44:00,148.35
2011-01-12 15:48:00,105.54
2011-01-12 16:14:00,408.29
2011-01-12 16:51:00,258.41
2011-01-12 16:52:00,307.05
2011-01-12 16:57:00,419.83
2011-01-13 09:23:00,201.19
2011-01-13 09:29:00,704.59
2011-01-13 09:40:00,104.0
2011-01-13 09:55:00,130.85
2011-01-13 10:04:00,289.5
2011-01-13 10:08:00,1431.28
2011-01-13 10:28:00,165.0
2011-01-13 10:33:00,188.69
2011-01-13 10:35:00,472.57
2011-01-13 10:39:00,200.25
2011-01-13 10:43:00,323.15000000000003
2011-01-13 10:48:00,72.26
2011-01-13 11:05:00,195.13
2011-01-13 11:26:00,155.17000000000002
2011-01-13 11:48:00,271.09
2011-01-13 11:54:00,620.76
2011-01-13 11:57:00,226.37
2011-01-13 12:03:00,1200.81
2011-01-13 12:10:00,551.14
2011-01-13 12:32:00,353.7
2011-01-13 12:37:00,205.75
2011-01-13 12:41:00,692.8199999999999
2011-01-13 12:53:00,342.15
2011-01-13 13:21:00,753.4499999999999
2011-01-13 13:36:00,332.17
2011-01-13 14:24:00,596.0600000000001
2011-01-13 14:34:00,660.0
2011-01-13 14:50:00,259.2
2011-01-13 14:55:00,328.92
2011-01-13 15:01:00,76.32000000000001
2011-01-13 15:10:00,14.95
2011-01-13 15:11:00,342.61
2011-01-13 15:13:00,353.5
2011-01-13 15:17:00,386.05
2011-01-13 15:18:00,174.14999999999998
2011-01-13 15:19:00,175.2
2011-01-13 15:34:00,1608.66
2011-01-14 08:16:00,127.80000000000001
2011-01-14 09:13:00,864.22
2011-01-14 09:20:00,225.9
2011-01-14 09:23:00,284.62
2011-01-14 09:52:00,534.57
2011-01-14 09:54:00,131.39999999999998
2011-01-14 10:06:00,47.5
2011-01-14 10:10:00,281.88
2011-01-14 10:20:00,643.6
2011-01-14 10:31:00,179.10000000000002
2011-01-14 10:39:00,692.54
2011-01-14 10:42:00,700.31
2011-01-14 11:05:00,313.2
2011-01-14 11:36:00,177.00000000000003
2011-01-14 11:47:00,345.84999999999997
2011-01-14 11:50:00,100.2
2011-01-14 12:09:00,448.95
2011-01-14 12:21:00,302.76
2011-01-14 12:22:00,322.58
2011-01-14 12:23:00,421.9
2011-01-14 12:24:00,10389.06
2011-01-14 12:27:00,361.5
2011-01-14 12:29:00,272.64
2011-01-14 13:28:00,556.55
2011-01-14 13:41:00,487.70000000000005
2011-01-14 13:42:00,1547.58
2011-01-14 13:52:00,416.53999999999996
2011-01-14 13:59:00,111.9
2011-01-14 14:02:00,142.82
2011-01-14 14:11:00,16774.72
2011-01-14 14:39:00,254.54
2011-01-14 14:45:00,201.9
2011-01-14 14:47:00,234.62
2011-01-14 15:04:00,214.20000000000002
2011-01-14 15:29:00,349.2
2011-01-14 16:29:00,45.0
2011-01-14 17:16:00,3.35
2011-01-16 10:42:00,380.4
2011-01-16 10:56:00,487.90000000000003
2011-01-16 11:07:00,161.3
2011-01-16 11:08:00,191.94
2011-01-16 11:49:00,58.190000000000005
2011-01-16 12:11:00,69.6
2011-01-16 12:35:00,236.84
2011-01-16 12:41:00,22.200000000000003
2011-01-16 12:44:00,810.0
2011-01-16 13:04:00,6.869999999999999
2011-01-16 13:18:00,109.28
2011-01-16 13:19:00,30.240000000000002
2011-01-16 13:25:00,218.64999999999998
2011-01-16 13:41:00,203.3
2011-01-16 13:51:00,276.53999999999996
2011-01-16 13:54:00,4.25
2011-01-16 14:36:00,477.61
2011-01-16 15:30:00,334.2
2011-01-16 15:38:00,261.85
2011-01-16 15:44:00,141.25
2011-01-16 15:50:00,287.11
2011-01-16 16:10:00,903.01
2011-01-16 16:23:00,423.6
2011-01-16 16:25:00,880.26
2011-01-17 10:37:00,613.22
2011-01-17 10:52:00,221.44
2011-01-17 11:01:00,1096.0
2011-01-17 11:09:00,155.95
2011-01-17 11:12:00,431.3
2011-01-17 11:17:00,110.45
2011-01-17 11:21:00,189.5
2011-01-17 11:24:00,493.45
2011-01-17 11:28:00,121.20000000000002
2011-01-17 11:34:00,165.0
2011-01-17 11:46:00,220.9
2011-01-17 11:53:00,167.4
2011-01-17 11:55:00,635.8000000000001
2011-01-17 11:57:00,1199.33
2011-01-17 11:59:00,64.99000000000001
2011-01-17 12:31:00,882.75
2011-01-17 12:34:00,170.46
2011-01-17 12:45:00,805.45
2011-01-17 13:08:00,475.2
2011-01-17 13:09:00,751.6
2011-01-17 13:21:00,264.65
2011-01-17 13:23:00,208.32
2011-01-17 13:25:00,384.17
2011-01-17 13:30:00,375.15
2011-01-17 13:39:00,394.57
2011-01-17 13:59:00,157.2
2011-01-17 14:18:00,304.02
2011-01-17 14:27:00,111.35
2011-01-17 14:40:00,146.85
2011-01-17 14:49:00,311.48
2011-01-17 14:51:00,609.88
2011-01-17 15:05:00,7.800000000000001
2011-01-17 15:11:00,412.85
2011-01-17 15:17:00,732.14
2011-01-17 15:19:00,416.08
2011-01-17 15:31:00,152.64
2011-01-17 15:42:00,316.5
2011-01-17 15:50:00,347.04
2011-01-17 16:06:00,1207.13
2011-01-17 16:07:00,9.75
2011-01-17 16:14:00,417.23
2011-01-17 16:23:00,262.96
2011-01-17 17:08:00,5.9
2011-01-18 08:43:00,79.2
2011-01-18 08:44:00,440.0
2011-01-18 08:46:00,405.0
2011-01-18 08:53:00,138.35
2011-01-18 09:44:00,302.22
2011-01-18 09:50:00,2271.62
2011-01-18 10:01:00,77183.6
2011-01-18 10:15:00,158.95
2011-01-18 10:22:00,465.58000000000004
2011-01-18 10:28:00,155.93
2011-01-18 10:41:00,315.0
2011-01-18 10:58:00,69.6
2011-01-18 11:30:00,305.52
2011-01-18 11:51:00,390.0
2011-01-18 11:54:00,707.88
2011-01-18 12:05:00,132.52
2011-01-18 12:09:00,293.63
2011-01-18 12:40:00,107.45
2011-01-18 12:46:00,193.09
2011-01-18 13:05:00,289.55
2011-01-18 13:15:00,129.51
2011-01-18 13:34:00,780.5
2011-01-18 13:38:00,554.95
2011-01-18 13:40:00,129.95
2011-01-18 14:04:00,681.05
2011-01-18 15:25:00,145.23
2011-01-18 15:37:00,233.05
2011-01-18 15:58:00,15.0
2011-01-18 16:31:00,141.66
2011-01-18 16:39:00,203.55
2011-01-18 16:45:00,125.07
2011-01-18 16:52:00,15.0
2011-01-19 08:34:00,63.0
2011-01-19 09:05:00,2919.5099999999998
2011-01-19 09:13:00,238.5
2011-01-19 09:45:00,169.74
2011-01-19 09:54:00,330.2
2011-01-19 10:09:00,106.85
2011-01-19 10:49:00,594.7
2011-01-19 10:51:00,76.32000000000001
2011-01-19 10:56:00,523.98
2011-01-19 11:15:00,739.29
2011-01-19 11:38:00,192.26
2011-01-19 11:48:00,172.15
2011-01-19 11:50:00,833.44
2011-01-19 11:51:00,752.75
2011-01-19 12:07:00,305.6
2011-01-19 12:14:00,685.12
2011-01-19 12:34:00,7722.04
2011-01-19 12:38:00,149.82999999999998
2011-01-19 12:52:00,212.72
2011-01-19 13:21:00,577.02
2011-01-19 13:32:00,112.92
2011-01-19 14:22:00,275.5
2011-01-19 14:39:00,202.93
2011-01-19 14:43:00,487.45000000000005
2011-01-19 14:50:00,410.18
2011-01-19 14:52:00,309.94
2011-01-19 15:20:00,321.4
2011-01-19 15:30:00,295.05
2011-01-19 16:08:00,101.06
2011-01-19 16:18:00,185.92000000000002
2011-01-19 16:19:00,1037.4
2011-01-19 17:17:00,150.98
2011-01-19 17:23:00,331.03
2011-01-20 09:03:00,114.60000000000001
2011-01-20 09:25:00,114.68
2011-01-20 09:54:00,305.28
2011-01-20 10:11:00,74.9
2011-01-20 10:18:00,957.63
2011-01-20 10:43:00,149.42000000000002
2011-01-20 10:47:00,581.55
2011-01-20 10:48:00,935.13
2011-01-20 11:15:00,337.7
2011-01-20 11:39:00,167.39000000000001
2011-01-20 12:04:00,262.55
2011-01-20 12:11:00,87.75
2011-01-20 12:16:00,428.38
2011-01-20 12:20:00,482.26
2011-01-20 12:23:00,330.9
2011-01-20 12:29:00,331.76
2011-01-20 12:34:00,2756.84
2011-01-20 13:01:00,398.6
2011-01-20 13:02:00,255.6
2011-01-20 13:49:00,225.60000000000002
2011-01-20 14:01:00,833.52
2011-01-20 14:13:00,115.8
2011-01-20 14:17:00,55.5
2011-01-20 14:18:00,1652.27
2011-01-20 14:24:00,229.47
2011-01-20 15:00:00,278.6
2011-01-20 15:01:00,330.48
2011-01-20 15:22:00,1761.18
2011-01-20 15:42:00,377.3
2011-01-20 16:17:00,42.2
2011-01-20 19:16:00,222.24
2011-01-21 09:03:00,301.96
2011-01-21 09:06:00,135.75
2011-01-21 09:52:00,341.0
2011-01-21 10:35:00,304.02
2011-01-21 11:08:00,19.5
2011-01-21 11:09:00,441.15
2011-01-21 11:18:00,8060.3
2011-01-21 11:19:00,123.88
2011-01-21 11:34:00,94.36
2011-01-21 11:42:00,661.58
2011-01-21 11:50:00,8.5
2011-01-21 11:55:00,728.16
2011-01-21 12:37:00,717.02
2011-01-21 12:40:00,85.6
2011-01-21 13:05:00,307.6
2011-01-21 13:07:00,7646.16
2011-01-21 13:09:00,302.0
2011-01-21 13:13:00,345.24
2011-01-21 13:21:00,138.55
2011-01-21 13:47:00,259.6
2011-01-21 13:55:00,318.5
2011-01-21 14:04:00,17.2
2011-01-21 14:17:00,387.87
2011-01-21 14:21:00,6.6
2011-01-21 14:38:00,169.75
2011-01-21 14:39:00,91.8
2011-01-21 14:51:00,10.0
2011-01-21 15:25:00,357.12
2011-01-21 15:36:00,424.32
2011-01-21 15:41:00,748.94
2011-01-21 15:45:00,8.25
2011-01-21 15:56:00,491.94
2011-01-21 15:57:00,122.44
2011-01-21 17:14:00,99.35
2011-01-23 10:15:00,161.8
2011-01-23 10:29:00,394.04999999999995
2011-01-23 10:32:00,153.0
2011-01-23 10:43:00,807.05
2011-01-23 11:15:00,370.41
2011-01-23 11:48:00,2.95
2011-01-23 11:53:00,161.03
2011-01-23 12:07:00,181.35
2011-01-23 12:08:00,1035.2
2011-01-23 12:19:00,215.16
2011-01-23 12:41:00,158.8
2011-01-23 12:43:00,323.09000000000003
2011-01-23 13:25:00,437.71
2011-01-23 13:31:00,487.58
2011-01-23 13:33:00,0.85
2011-01-23 13:34:00,145.09
2011-01-23 13:58:00,244.3
2011-01-23 14:20:00,105.34
2011-01-23 14:29:00,224.75
2011-01-23 14:58:00,105.3
2011-01-23 14:59:00,456.98
2011-01-23 15:16:00,402.41999999999996
2011-01-23 15:17:00,514.5
2011-01-23 15:34:00,460.44
2011-01-23 15:45:00,115.67999999999999
2011-01-23 16:02:00,265.85
2011-01-23 16:17:00,2375.42
2011-01-24 08:20:00,165.0
2011-01-24 09:25:00,417.31
2011-01-24 09:28:00,163.5
2011-01-24 09:52:00,448.74
2011-01-24 10:01:00,1271.88
2011-01-24 10:05:00,117.4
2011-01-24 10:12:00,486.11
2011-01-24 10:38:00,408.3
2011-01-24 10:43:00,66.93
2011-01-24 10:56:00,904.66
2011-01-24 11:12:00,200.10000000000002
2011-01-24 11:21:00,461.91
2011-01-24 11:31:00,91.8
2011-01-24 11:34:00,241.86
2011-01-24 11:35:00,352.42
2011-01-24 11:39:00,2661.24
2011-01-24 11:50:00,309.43
2011-01-24 11:56:00,301.53
2011-01-24 12:00:00,206.98
2011-01-24 12:08:00,288.99
2011-01-24 12:13:00,523.34
2011-01-24 12:44:00,282.6
2011-01-24 12:58:00,162.05
2011-01-24 13:06:00,172.85
2011-01-24 13:27:00,1716.6200000000001
2011-01-24 13:35:00,304.1
2011-01-24 13:37:00,387.27000000000004
2011-01-24 13:48:00,1285.6200000000001
2011-01-24 13:58:00,431.63
2011-01-24 14:01:00,187.01999999999998
2011-01-24 14:16:00,163.04
2011-01-24 14:39:00,127.70000000000002
2011-01-24 14:44:00,379.7
2011-01-24 14:46:00,91.80000000000001
2011-01-24 14:54:00,282.44
2011-01-24 15:09:00,157.45
2011-01-24 15:32:00,190.2
2011-01-24 15:47:00,15.0
2011-01-24 15:48:00,111.78
2011-01-24 15:52:00,207.73000000000002
2011-01-24 15:59:00,374.93
2011-01-24 16:05:00,480.91
2011-01-25 08:03:00,585.0
2011-01-25 08:21:00,417.69
2011-01-25 09:01:00,214.4
2011-01-25 09:11:00,323.44
2011-01-25 09:31:00,431.76
2011-01-25 09:58:00,256.40999999999997
2011-01-25 10:20:00,333.08000000000004
2011-01-25 10:38:00,315.13
2011-01-25 10:42:00,227.44
2011-01-25 10:49:00,620.14
2011-01-25 10:56:00,723.6
2011-01-25 10:57:00,621.6
2011-01-25 11:07:00,1368.38
2011-01-25 11:08:00,88.80000000000001
2011-01-25 11:18:00,337.3
2011-01-25 11:20:00,581.66
2011-01-25 11:41:00,473.45
2011-01-25 11:57:00,161.9
2011-01-25 11:59:00,568.47
2011-01-25 12:03:00,90.9
2011-01-25 12:15:00,157.4
2011-01-25 12:16:00,1012.01
2011-01-25 12:21:00,15.15
2011-01-25 12:26:00,130.81
2011-01-25 12:31:00,1081.3
2011-01-25 12:33:00,355.12
2011-01-25 12:35:00,459.84000000000003
2011-01-25 12:39:00,241.89
2011-01-25 12:46:00,500.1
2011-01-25 12:52:00,199.32999999999998
2011-01-25 13:04:00,146.1
2011-01-25 13:10:00,99.5
2011-01-25 13:15:00,257.9
2011-01-25 13:26:00,2853.26
2011-01-25 13:35:00,389.9
2011-01-25 13:37:00,1086.9
2011-01-25 13:38:00,773.55
2011-01-25 13:43:00,133.5
2011-01-25 13:46:00,274.74
2011-01-25 13:55:00,957.96
2011-01-25 14:00:00,451.03
2011-01-25 14:33:00,231.48
2011-01-25 14:36:00,636.94
2011-01-25 14:44:00,339.6
2011-01-25 14:45:00,302.58
2011-01-25 14:47:00,233.08
2011-01-25 14:53:00,564.39
2011-01-25 15:13:00,287.93
2011-01-25 15:18:00,120.95
2011-01-25 15:36:00,146.1
2011-01-25 15:55:00,323.71
2011-01-25 15:59:00,36.0
2011-01-25 16:33:00,153.78000000000003
2011-01-25 16:36:00,300.0
2011-01-26 08:38:00,326.4
2011-01-26 09:04:00,174.6
2011-01-26 09:23:00,561.3
2011-01-26 09:26:00,419.4
2011-01-26 09:27:00,160.05
2011-01-26 10:02:00,683.9300000000001
2011-01-26 10:10:00,252.10000000000002
2011-01-26 10:17:00,108.55000000000001
2011-01-26 10:30:00,187.85
2011-01-26 10:33:00,347.15
2011-01-26 10:49:00,102.0
2011-01-26 10:51:00,285.6
2011-01-26 11:14:00,307.85
2011-01-26 11:27:00,1028.08
2011-01-26 11:34:00,396.72
2011-01-26 11:35:00,944.34
2011-01-26 12:12:00,244.8
2011-01-26 12:15:00,109.05
2011-01-26 12:19:00,157.02
2011-01-26 12:27:00,825.36
2011-01-26 12:29:00,802.56
2011-01-26 12:35:00,7.800000000000001
2011-01-26 12:36:00,752.54
2011-01-26 12:38:00,211.35
2011-01-26 12:40:00,379.28000000000003
2011-01-26 12:42:00,237.6
2011-01-26 12:43:00,100.85
2011-01-26 12:45:00,82.64999999999999
2011-01-26 13:20:00,188.86
2011-01-26 13:33:00,328.4
2011-01-26 13:37:00,372.29
2011-01-26 13:38:00,577.8
2011-01-26 13:40:00,1104.11
2011-01-26 13:46:00,658.75
2011-01-26 13:56:00,193.79999999999998
2011-01-26 14:19:00,187.6
2011-01-26 14:30:00,475.39
2011-01-26 14:35:00,556.2
2011-01-26 14:45:00,249.0
2011-01-26 14:51:00,271.56
2011-01-26 14:58:00,156.0
2011-01-26 15:00:00,181.65
2011-01-26 15:31:00,318.23
2011-01-26 15:49:00,305.55
2011-01-26 16:41:00,511.69
2011-01-26 17:08:00,162.4
2011-01-26 17:27:00,142.71
2011-01-26 17:37:00,275.78
2011-01-26 17:43:00,9.9
2011-01-27 08:30:00,490.88
2011-01-27 09:33:00,675.58
2011-01-27 09:42:00,736.7
2011-01-27 10:02:00,339.6
2011-01-27 10:18:00,702.4
2011-01-27 10:19:00,1693.88
2011-01-27 10:30:00,529.01
2011-01-27 10:43:00,564.05
2011-01-27 10:56:00,556.46
2011-01-27 11:05:00,1715.85
2011-01-27 11:15:00,203.25
2011-01-27 11:55:00,149.49
2011-01-27 12:06:00,329.38
2011-01-27 12:10:00,328.74
2011-01-27 12:11:00,74.42
2011-01-27 12:13:00,152.25
2011-01-27 12:19:00,916.3100000000001
2011-01-27 12:23:00,337.5
2011-01-27 12:40:00,384.65
2011-01-27 13:08:00,369.3
2011-01-27 13:23:00,318.59999999999997
2011-01-27 13:29:00,220.59
2011-01-27 13:37:00,408.78000000000003
2011-01-27 13:38:00,1866.02
2011-01-27 13:40:00,264.26
2011-01-27 13:42:00,178.10000000000002
2011-01-27 13:53:00,157.4
2011-01-27 14:07:00,321.1
2011-01-27 14:10:00,204.77
2011-01-27 14:31:00,177.35
2011-01-27 14:35:00,268.8
2011-01-27 14:45:00,159.60000000000002
2011-01-27 14:46:00,182.45000000000002
2011-01-27 14:48:00,317.15
2011-01-27 15:02:00,545.22
2011-01-27 15:22:00,1308.48
2011-01-27 15:36:00,665.0
2011-01-27 15:38:00,930.3000000000001
2011-01-27 15:51:00,307.91
2011-01-27 16:11:00,31.8
2011-01-27 16:13:00,133.45000000000002
2011-01-27 16:17:00,283.74
2011-01-27 16:29:00,392.01
2011-01-27 16:30:00,303.55
2011-01-27 16:43:00,242.42000000000002
2011-01-27 16:49:00,116.4
2011-01-27 17:41:00,96.95
2011-01-27 18:05:00,245.44
2011-01-27 19:33:00,153.15
2011-01-28 09:09:00,1131.0
2011-01-28 09:20:00,218.45000000000002
2011-01-28 10:00:00,2938.7599999999998
2011-01-28 10:08:00,335.82
2011-01-28 10:10:00,313.70000000000005
2011-01-28 10:28:00,427.40000000000003
2011-01-28 10:40:00,166.8
2011-01-28 10:45:00,401.58
2011-01-28 10:47:00,316.06
2011-01-28 11:27:00,318.0
2011-01-28 11:58:00,622.62
2011-01-28 12:06:00,743.9
2011-01-28 12:07:00,358.9
2011-01-28 12:11:00,1521.1
2011-01-28 12:19:00,564.5
2011-01-28 12:21:00,238.67
2011-01-28 12:28:00,150.88
2011-01-28 12:43:00,593.17
2011-01-28 12:48:00,522.08
2011-01-28 13:04:00,215.52
2011-01-28 13:08:00,208.61
2011-01-28 13:18:00,100.8
2011-01-28 13:27:00,583.41
2011-01-28 13:37:00,459.8
2011-01-28 13:54:00,367.29
2011-01-28 14:37:00,384.68
2011-01-28 14:42:00,309.05
2011-01-28 14:45:00,19.8
2011-01-28 14:53:00,160.05
2011-01-28 14:57:00,454.3
2011-01-28 15:09:00,483.90000000000003
2011-01-28 15:21:00,162.2
2011-01-28 15:29:00,243.36
2011-01-28 15:45:00,626.6
2011-01-28 15:53:00,304.74
2011-01-28 16:18:00,159.85
2011-01-28 16:42:00,119.85
2011-01-30 10:19:00,421.1
2011-01-30 10:27:00,182.8
2011-01-30 10:33:00,159.43
2011-01-30 10:43:00,109.25
2011-01-30 11:01:00,102.64
2011-01-30 11:11:00,310.61
2011-01-30 11:52:00,213.03
2011-01-30 12:09:00,535.59
2011-01-30 12:42:00,225.1
2011-01-30 13:36:00,163.8
2011-01-30 13:48:00,392.8
2011-01-30 13:51:00,265.55
2011-01-30 14:03:00,112.75
2011-01-30 14:05:00,351.56
2011-01-30 14:13:00,559.61
2011-01-30 14:19:00,165.9
2011-01-30 14:36:00,403.3
2011-01-30 14:37:00,197.25000000000003
2011-01-30 15:22:00,14.95
2011-01-30 15:40:00,249.67000000000002
2011-01-30 15:48:00,691.46
2011-01-30 15:52:00,152.07
2011-01-30 15:54:00,562.39
2011-01-31 08:56:00,343.55
2011-01-31 09:05:00,493.53
2011-01-31 09:41:00,382.5
2011-01-31 09:51:00,848.12
2011-01-31 09:55:00,132.35
2011-01-31 09:57:00,3174.4300000000003
2011-01-31 10:08:00,60.48
2011-01-31 10:09:00,123.95
2011-01-31 10:13:00,460.5
2011-01-31 10:42:00,494.64
2011-01-31 10:44:00,56.1
2011-01-31 11:25:00,203.8
2011-01-31 11:42:00,320.0
2011-01-31 11:46:00,1134.01
2011-01-31 12:09:00,305.07
2011-01-31 12:10:00,609.01
2011-01-31 12:16:00,453.7
2011-01-31 12:18:00,101.8
2011-01-31 12:21:00,205.60000000000002
2011-01-31 12:33:00,378.0
2011-01-31 12:34:00,631.36
2011-01-31 12:35:00,131.7
2011-01-31 12:37:00,318.0
2011-01-31 12:50:00,205.3
2011-01-31 13:07:00,662.38
2011-01-31 13:17:00,936.68
2011-01-31 13:19:00,93.60000000000001
2011-01-31 13:27:00,1337.78
2011-01-31 13:39:00,177.5
2011-01-31 14:02:00,263.24
2011-01-31 14:07:00,121.17
2011-01-31 14:13:00,192.2
2011-01-31 14:18:00,214.37
2011-01-31 14:35:00,134.48
2011-01-31 14:38:00,261.6
2011-01-31 14:53:00,127.9
2011-01-31 14:59:00,265.05
2011-01-31 15:05:00,14.750000000000002
2011-01-31 15:09:00,136.24
2011-01-31 15:11:00,304.44
2011-01-31 15:17:00,315.57
2011-01-31 15:27:00,219.52
2011-01-31 15:35:00,120.52
2011-01-31 15:36:00,417.54
2011-01-31 15:37:00,0.55
2011-01-31 15:52:00,171.3
2011-01-31 15:57:00,212.99999999999997
2011-01-31 16:02:00,176.66
2011-01-31 16:26:00,14.750000000000002
2011-01-31 16:47:00,339.29
2011-01-31 16:48:00,1.9
2011-01-31 16:59:00,4.95
2011-02-01 08:23:00,312.90000000000003
2011-02-01 08:31:00,797.77
2011-02-01 09:01:00,234.47
2011-02-01 09:36:00,409.5
2011-02-01 09:38:00,698.6
2011-02-01 10:00:00,314.15000000000003
2011-02-01 10:14:00,1025.34
2011-02-01 10:15:00,362.40000000000003
2011-02-01 10:37:00,450.06
2011-02-01 10:38:00,4726.93
2011-02-01 10:47:00,439.3
2011-02-01 10:59:00,336.91
2011-02-01 11:07:00,178.22
2011-02-01 11:08:00,268.02
2011-02-01 11:16:00,3.67
2011-02-01 11:19:00,47.7
2011-02-01 11:20:00,798.99
2011-02-01 11:21:00,325.75
2011-02-01 11:30:00,184.5
2011-02-01 11:31:00,239.29999999999998
2011-02-01 11:40:00,123.42999999999999
2011-02-01 11:42:00,70.02
2011-02-01 11:51:00,159.95
2011-02-01 11:58:00,316.26000000000005
2011-02-01 12:03:00,969.74
2011-02-01 12:08:00,117.85
2011-02-01 12:25:00,252.66
2011-02-01 12:27:00,259.51
2011-02-01 12:29:00,211.94
2011-02-01 12:42:00,354.24000000000007
2011-02-01 12:54:00,150.2
2011-02-01 13:09:00,319.86
2011-02-01 13:10:00,364.6
2011-02-01 13:15:00,379.1
2011-02-01 13:20:00,241.2
2011-02-01 13:25:00,1003.23
2011-02-01 13:26:00,2489.11
2011-02-01 13:28:00,155.51999999999998
2011-02-01 13:36:00,485.73
2011-02-01 13:45:00,214.45
2011-02-01 13:47:00,289.24
2011-02-01 13:50:00,270.0
2011-02-01 13:55:00,303.0
2011-02-01 14:01:00,404.0
2011-02-01 14:12:00,105.85
2011-02-01 14:24:00,134.1
2011-02-01 14:29:00,88.3
2011-02-01 14:43:00,231.0
2011-02-01 14:46:00,40.8
2011-02-01 14:58:00,510.85
2011-02-01 15:11:00,288.98
2011-02-01 15:15:00,313.85
2011-02-01 15:24:00,271.55
2011-02-01 15:35:00,734.4000000000001
2011-02-01 15:41:00,509.5
2011-02-01 16:03:00,272.4
2011-02-01 16:18:00,35.8
2011-02-01 16:47:00,762.0
2011-02-02 07:51:00,765.0
2011-02-02 07:58:00,277.5
2011-02-02 09:06:00,490.89
2011-02-02 09:08:00,394.40000000000003
2011-02-02 09:39:00,113.64
2011-02-02 09:49:00,75.60000000000001
2011-02-02 10:06:00,303.56
2011-02-02 10:22:00,505.98
2011-02-02 10:34:00,289.3
2011-02-02 10:41:00,530.1
2011-02-02 10:46:00,184.95
2011-02-02 10:54:00,1341.96
2011-02-02 10:56:00,1063.0
2011-02-02 11:01:00,991.98
2011-02-02 11:14:00,162.1
2011-02-02 11:41:00,154.41
2011-02-02 11:43:00,141.3
2011-02-02 11:55:00,30.0
2011-02-02 12:02:00,303.84000000000003
2011-02-02 12:03:00,675.0
2011-02-02 12:09:00,158.58
2011-02-02 12:10:00,227.71
2011-02-02 12:26:00,314.63
2011-02-02 12:36:00,117.09
2011-02-02 12:38:00,126.82000000000001
2011-02-02 12:42:00,144.2
2011-02-02 12:53:00,325.40999999999997
2011-02-02 12:54:00,160.85
2011-02-02 13:07:00,442.88
2011-02-02 13:11:00,128.68
2011-02-02 13:16:00,349.27
2011-02-02 13:25:00,375.40000000000003
2011-02-02 13:28:00,7.2
2011-02-02 13:46:00,398.0
2011-02-02 13:57:00,165.0
2011-02-02 14:17:00,15.0
2011-02-02 14:25:00,21.6
2011-02-02 14:29:00,203.58
2011-02-02 14:36:00,295.06
2011-02-02 14:37:00,650.76
2011-02-02 14:38:00,307.3
2011-02-02 14:39:00,345.02000000000004
2011-02-02 14:40:00,68.1
2011-02-02 14:51:00,153.76
2011-02-02 15:09:00,304.9
2011-02-02 15:13:00,349.89
2011-02-02 15:22:00,150.5
2011-02-02 15:26:00,75.68
2011-02-02 15:39:00,97.5
2011-02-02 15:48:00,206.79000000000002
2011-02-02 15:57:00,124.05
2011-02-02 16:01:00,334.40000000000003
2011-02-02 16:15:00,110.45
2011-02-02 17:06:00,989.38
2011-02-02 17:08:00,6.85
2011-02-02 17:15:00,44.35
2011-02-03 08:18:00,308.55
2011-02-03 09:04:00,207.22
2011-02-03 09:37:00,121.45
2011-02-03 09:42:00,1866.3
2011-02-03 09:58:00,427.94
2011-02-03 10:26:00,150.0
2011-02-03 10:39:00,313.76
2011-02-03 10:41:00,617.25
2011-02-03 10:47:00,947.4
2011-02-03 10:50:00,989.52
2011-02-03 11:28:00,331.24
2011-02-03 11:30:00,170.70000000000002
2011-02-03 11:39:00,170.44
2011-02-03 11:49:00,255.76
2011-02-03 12:00:00,6549.12
2011-02-03 12:12:00,270.20000000000005
2011-02-03 12:27:00,558.32
2011-02-03 12:37:00,241.72
2011-02-03 12:44:00,426.01
2011-02-03 13:06:00,458.9
2011-02-03 13:26:00,788.0600000000001
2011-02-03 13:27:00,120.75
2011-02-03 13:29:00,1177.84
2011-02-03 13:30:00,213.89999999999998
2011-02-03 13:31:00,293.96
2011-02-03 13:53:00,231.4
2011-02-03 13:58:00,336.70000000000005
2011-02-03 14:01:00,307.0
2011-02-03 14:08:00,333.3
2011-02-03 14:15:00,610.16
2011-02-03 14:41:00,250.5
2011-02-03 14:51:00,130.8
2011-02-03 14:54:00,64.0
2011-02-03 15:02:00,195.9
2011-02-03 15:17:00,78.0
2011-02-03 15:23:00,164.1
2011-02-03 15:27:00,244.20000000000002
2011-02-03 15:28:00,15.0
2011-02-03 17:01:00,475.37
2011-02-03 18:08:00,340.56
2011-02-03 18:45:00,118.8
2011-02-03 19:32:00,168.45
2011-02-03 19:58:00,131.35
2011-02-04 08:27:00,655.55
2011-02-04 08:56:00,331.26
2011-02-04 08:58:00,693.48
2011-02-04 08:59:00,376.32
2011-02-04 09:03:00,296.52000000000004
2011-02-04 09:30:00,456.05
2011-02-04 09:34:00,267.6
2011-02-04 09:56:00,323.5
2011-02-04 10:31:00,251.24
2011-02-04 10:32:00,23.93
2011-02-04 10:38:00,625.33
2011-02-04 10:39:00,68.0
2011-02-04 11:13:00,46.7
2011-02-04 11:14:00,303.58000000000004
2011-02-04 11:40:00,196.2
2011-02-04 11:43:00,334.05
2011-02-04 11:45:00,1236.73
2011-02-04 11:48:00,153.94
2011-02-04 11:52:00,393.49
2011-02-04 11:54:00,206.63
2011-02-04 11:55:00,1987.62
2011-02-04 12:18:00,947.65
2011-02-04 12:29:00,390.71
2011-02-04 12:36:00,310.73
2011-02-04 12:37:00,315.0
2011-02-04 12:40:00,195.06
2011-02-04 13:04:00,550.8000000000001
2011-02-04 13:19:00,337.2
2011-02-04 13:28:00,755.05
2011-02-04 13:30:00,318.92
2011-02-04 13:47:00,15.8
2011-02-04 14:03:00,381.32
2011-02-04 14:04:00,353.1
2011-02-04 14:08:00,121.22999999999999
2011-02-04 14:14:00,103.25
2011-02-04 14:23:00,585.0
2011-02-04 14:25:00,791.52
2011-02-04 14:43:00,182.15
2011-02-04 14:46:00,335.53
2011-02-04 14:51:00,516.95
2011-02-04 14:58:00,361.7
2011-02-04 15:32:00,310.0
2011-02-04 15:43:00,303.33
2011-02-04 15:54:00,123.21
2011-02-04 16:34:00,255.03
2011-02-06 11:11:00,136.65
2011-02-06 11:29:00,449.09000000000003
2011-02-06 12:48:00,145.5
2011-02-06 12:49:00,142.4
2011-02-06 13:57:00,974.62
2011-02-06 14:33:00,735.9
2011-02-06 14:43:00,203.82
2011-02-06 14:46:00,319.4
2011-02-06 14:56:00,131.9
2011-02-06 15:34:00,92.32000000000001
2011-02-06 16:08:00,108.07
2011-02-07 09:15:00,83.35
2011-02-07 09:36:00,137.65
2011-02-07 09:48:00,393.33000000000004
2011-02-07 09:50:00,972.72
2011-02-07 10:03:00,620.37
2011-02-07 10:14:00,182.85
2011-02-07 10:50:00,143.92000000000002
2011-02-07 11:15:00,295.45
2011-02-07 11:20:00,586.8
2011-02-07 11:39:00,127.35000000000001
2011-02-07 11:42:00,1637.19
2011-02-07 11:56:00,336.78
2011-02-07 12:05:00,240.84
2011-02-07 12:22:00,110.7
2011-02-07 12:24:00,205.1
2011-02-07 12:27:00,424.41
2011-02-07 12:46:00,290.0
2011-02-07 13:13:00,219.99
2011-02-07 13:15:00,155.05
2011-02-07 13:18:00,165.0
2011-02-07 13:32:00,29.65
2011-02-07 13:50:00,1027.62
2011-02-07 13:59:00,124.05000000000001
2011-02-07 14:16:00,122.3
2011-02-07 14:33:00,438.82
2011-02-07 14:49:00,219.36
2011-02-07 14:51:00,1838.9099999999999
2011-02-07 14:53:00,409.93
2011-02-07 15:01:00,67.95
2011-02-07 15:04:00,181.44
2011-02-07 15:05:00,319.35
2011-02-07 15:10:00,67.95
2011-02-07 15:14:00,220.98000000000002
2011-02-07 15:34:00,4379.76
2011-02-07 15:37:00,6155.72
2011-02-07 15:47:00,143.1
2011-02-07 16:21:00,307.23
2011-02-08 09:41:00,1306.28
2011-02-08 09:56:00,150.26000000000002
2011-02-08 10:12:00,306.55
2011-02-08 10:15:00,602.72
2011-02-08 10:17:00,1674.8000000000002
2011-02-08 10:28:00,313.66
2011-02-08 10:32:00,141.92
2011-02-08 10:47:00,199.8
2011-02-08 11:27:00,213.15
2011-02-08 11:31:00,266.85
2011-02-08 11:32:00,244.79999999999998
2011-02-08 11:36:00,449.98
2011-02-08 12:01:00,948.85
2011-02-08 12:12:00,336.0
2011-02-08 12:14:00,303.00000000000006
2011-02-08 12:20:00,140.55
2011-02-08 12:38:00,326.4
2011-02-08 12:41:00,79.2
2011-02-08 12:47:00,603.44
2011-02-08 13:28:00,354.73
2011-02-08 13:39:00,313.90000000000003
2011-02-08 14:06:00,694.27
2011-02-08 14:15:00,364.32
2011-02-08 14:34:00,459.36
2011-02-08 14:45:00,262.85
2011-02-08 14:58:00,1053.79
2011-02-08 15:09:00,495.83
2011-02-08 15:24:00,303.24
2011-02-08 15:30:00,15.0
2011-02-08 15:38:00,849.04
2011-02-08 15:42:00,90.0
2011-02-08 15:48:00,52.35
2011-02-08 16:25:00,103.1
2011-02-08 17:16:00,133.35
2011-02-09 09:10:00,78.62
2011-02-09 10:11:00,455.02
2011-02-09 10:19:00,118.95
2011-02-09 10:24:00,510.07
2011-02-09 10:25:00,197.0
2011-02-09 10:41:00,168.9
2011-02-09 10:49:00,371.6
2011-02-09 11:21:00,5735.24
2011-02-09 11:38:00,691.36
2011-02-09 11:43:00,29.700000000000003
2011-02-09 12:07:00,38.1
2011-02-09 12:08:00,314.09999999999997
2011-02-09 12:16:00,178.15
2011-02-09 13:25:00,309.06
2011-02-09 13:37:00,620.75
2011-02-09 13:50:00,84.3
2011-02-09 13:57:00,401.5
2011-02-09 14:18:00,148.4
2011-02-09 14:44:00,903.47
2011-02-09 15:25:00,231.91
2011-02-09 15:33:00,205.48
2011-02-09 16:57:00,119.15
2011-02-10 09:21:00,330.79
2011-02-10 09:29:00,1045.44
2011-02-10 09:43:00,113.10000000000001
2011-02-10 10:08:00,209.25
2011-02-10 10:17:00,493.5
2011-02-10 10:18:00,1592.61
2011-02-10 10:40:00,470.36
2011-02-10 11:16:00,198.8
2011-02-10 11:39:00,238.85
2011-02-10 11:40:00,1127.52
2011-02-10 11:41:00,191.0
2011-02-10 11:44:00,216.57999999999998
2011-02-10 11:46:00,310.5
2011-02-10 11:57:00,263.8
2011-02-10 12:13:00,597.3
2011-02-10 12:15:00,852.9200000000001
2011-02-10 12:19:00,320.52
2011-02-10 12:21:00,168.35
2011-02-10 12:32:00,801.6
2011-02-10 13:06:00,464.82
2011-02-10 13:19:00,184.45
2011-02-10 13:27:00,62.6
2011-02-10 13:34:00,116.85
2011-02-10 13:54:00,264.03
2011-02-10 14:30:00,302.7
2011-02-10 14:46:00,384.6
2011-02-10 14:49:00,160.15
2011-02-10 14:51:00,520.5699999999999
2011-02-10 14:59:00,10.5
2011-02-10 15:24:00,160.4
2011-02-10 15:38:00,321.56
2011-02-10 15:40:00,343.92
2011-02-10 16:01:00,120.03
2011-02-10 16:17:00,498.1
2011-02-10 16:52:00,93.84
2011-02-10 17:19:00,186.34
2011-02-10 17:40:00,85.86
2011-02-10 17:54:00,107.65
2011-02-10 19:44:00,116.80000000000001
2011-02-10 19:49:00,106.8
2011-02-11 08:45:00,259.05
2011-02-11 09:11:00,610.2
2011-02-11 09:17:00,790.8
2011-02-11 10:06:00,335.3
2011-02-11 10:15:00,479.48
2011-02-11 10:26:00,352.46
2011-02-11 10:38:00,758.25
2011-02-11 10:57:00,136.3
2011-02-11 11:17:00,133.0
2011-02-11 11:22:00,2256.0
2011-02-11 11:23:00,468.0
2011-02-11 11:25:00,306.0
2011-02-11 11:28:00,1806.6
2011-02-11 11:31:00,382.5
2011-02-11 11:36:00,330.8
2011-02-11 11:38:00,223.2
2011-02-11 11:40:00,128.8
2011-02-11 11:57:00,706.9
2011-02-11 12:16:00,231.51
2011-02-11 12:22:00,494.51000000000005
2011-02-11 12:32:00,514.56
2011-02-11 12:36:00,610.5500000000001
2011-02-11 12:45:00,2355.9500000000003
2011-02-11 12:48:00,76.32000000000001
2011-02-11 12:49:00,137.9
2011-02-11 13:36:00,350.82
2011-02-11 13:50:00,324.25
2011-02-11 13:53:00,124.26
2011-02-11 13:54:00,313.8
2011-02-11 14:26:00,530.15
2011-02-11 15:12:00,377.48
2011-02-11 15:39:00,340.65
2011-02-11 15:56:00,1078.9
2011-02-11 16:19:00,9.25
2011-02-11 16:20:00,243.04
2011-02-11 17:06:00,2.42
2011-02-13 10:24:00,278.65
2011-02-13 11:13:00,178.75
2011-02-13 11:22:00,119.76
2011-02-13 11:36:00,723.9
2011-02-13 11:52:00,210.7
2011-02-13 12:03:00,522.15
2011-02-13 12:05:00,299.72
2011-02-13 12:17:00,393.5
2011-02-13 12:41:00,130.15
2011-02-13 12:48:00,233.96
2011-02-13 13:15:00,121.25
2011-02-13 13:22:00,132.25
2011-02-13 13:52:00,230.81
2011-02-13 14:16:00,140.35
2011-02-13 14:40:00,248.71
2011-02-13 15:02:00,76.75
2011-02-13 15:17:00,964.2
2011-02-13 15:18:00,108.25999999999999
2011-02-13 15:26:00,95.47999999999999
2011-02-13 16:05:00,436.18
2011-02-14 09:24:00,1374.21
2011-02-14 09:27:00,540.0
2011-02-14 09:31:00,309.5
2011-02-14 09:33:00,421.8
2011-02-14 09:45:00,2024.57
2011-02-14 09:47:00,3376.08
2011-02-14 09:57:00,3257.4
2011-02-14 10:10:00,416.11
2011-02-14 10:24:00,160.2
2011-02-14 10:52:00,321.05
2011-02-14 11:08:00,103.7
2011-02-14 11:22:00,1119.36
2011-02-14 11:57:00,1165.96
2011-02-14 12:11:00,642.29
2011-02-14 12:13:00,115.0
2011-02-14 12:16:00,102.62
2011-02-14 12:28:00,405.30000000000007
2011-02-14 12:36:00,317.12
2011-02-14 12:46:00,889.24
2011-02-14 12:53:00,379.74
2011-02-14 13:11:00,151.68
2011-02-14 13:19:00,109.5
2011-02-14 13:21:00,298.05
2011-02-14 14:03:00,197.82
2011-02-14 14:13:00,223.74
2011-02-14 14:14:00,288.95000000000005
2011-02-14 14:29:00,102.9
2011-02-14 14:39:00,901.6
2011-02-14 15:15:00,282.7
2011-02-14 15:23:00,316.89
2011-02-14 15:26:00,1380.4
2011-02-14 15:35:00,710.31
2011-02-14 15:37:00,424.15999999999997
2011-02-14 15:43:00,169.44
2011-02-15 08:18:00,367.76
2011-02-15 08:21:00,281.8
2011-02-15 09:20:00,347.15
2011-02-15 09:35:00,549.04
2011-02-15 09:46:00,3.75
2011-02-15 09:49:00,383.59999999999997
2011-02-15 09:50:00,17.700000000000003
2011-02-15 09:52:00,14022.92
2011-02-15 09:59:00,397.04
2011-02-15 10:17:00,615.0
2011-02-15 10:40:00,305.46
2011-02-15 10:41:00,1696.4
2011-02-15 10:45:00,793.5
2011-02-15 10:46:00,458.53000000000003
2011-02-15 10:49:00,160.15
2011-02-15 10:52:00,264.6
2011-02-15 11:30:00,1009.8
2011-02-15 11:31:00,920.33
2011-02-15 11:33:00,211.0
2011-02-15 11:40:00,254.17000000000002
2011-02-15 11:50:00,375.56
2011-02-15 11:52:00,91.2
2011-02-15 11:58:00,12.75
2011-02-15 12:05:00,181.8
2011-02-15 12:12:00,1023.8400000000001
2011-02-15 12:40:00,433.0
2011-02-15 12:48:00,589.34
2011-02-15 12:56:00,230.15
2011-02-15 13:00:00,120.16
2011-02-15 13:08:00,156.0
2011-02-15 13:12:00,66.0
2011-02-15 13:19:00,784.74
2011-02-15 13:50:00,127.95
2011-02-15 13:52:00,262.44
2011-02-15 13:53:00,181.5
2011-02-15 14:02:00,269.59
2011-02-15 14:08:00,65.01
2011-02-15 14:17:00,255.60000000000002
2011-02-15 14:19:00,570.02
2011-02-15 14:30:00,570.76
2011-02-15 14:44:00,1784.71
2011-02-15 14:49:00,841.26
2011-02-15 14:50:00,3506.2400000000002
2011-02-15 15:00:00,75.0
2011-02-15 15:04:00,235.44
2011-02-15 15:41:00,122.4
2011-02-15 15:44:00,165.0
2011-02-15 15:49:00,856.0
2011-02-15 15:51:00,303.57
2011-02-15 16:27:00,89.2
2011-02-15 17:02:00,344.69
2011-02-16 08:15:00,210.2
2011-02-16 08:37:00,175.5
2011-02-16 09:03:00,77.5
2011-02-16 09:08:00,363.36
2011-02-16 09:11:00,377.32
2011-02-16 09:25:00,363.70000000000005
2011-02-16 09:45:00,142.4
2011-02-16 09:56:00,1683.9
2011-02-16 10:04:00,1129.35
2011-02-16 10:25:00,254.44
2011-02-16 10:32:00,398.51
2011-02-16 10:33:00,20.38
2011-02-16 10:34:00,81.6
2011-02-16 10:38:00,424.85
2011-02-16 10:47:00,662.86
2011-02-16 10:50:00,173.05
2011-02-16 10:53:00,779.1
2011-02-16 10:56:00,112.45
2011-02-16 11:03:00,184.18
2011-02-16 11:18:00,891.35
2011-02-16 11:37:00,369.18
2011-02-16 11:45:00,919.66
2011-02-16 11:53:00,285.24
2011-02-16 11:54:00,434.6
2011-02-16 11:58:00,87.8
2011-02-16 11:59:00,129.97
2011-02-16 12:02:00,189.37
2011-02-16 12:10:00,144.0
2011-02-16 12:11:00,251.29000000000002
2011-02-16 12:13:00,390.0
2011-02-16 12:15:00,306.0
2011-02-16 12:33:00,296.5
2011-02-16 12:46:00,399.22
2011-02-16 12:47:00,132.60000000000002
2011-02-16 12:48:00,621.69
2011-02-16 12:49:00,826.53
2011-02-16 12:59:00,398.79
2011-02-16 13:00:00,178.66
2011-02-16 13:02:00,639.44
2011-02-16 13:11:00,308.78000000000003
2011-02-16 13:14:00,843.52
2011-02-16 13:16:00,314.4
2011-02-16 13:44:00,348.57
2011-02-16 14:01:00,76.32000000000001
2011-02-16 14:18:00,94.31
2011-02-16 14:27:00,1820.67
2011-02-16 14:40:00,388.05
2011-02-16 14:44:00,321.25
2011-02-16 14:48:00,233.42000000000002
2011-02-16 14:56:00,519.08
2011-02-16 15:13:00,328.4
2011-02-16 15:43:00,786.84
2011-02-16 15:51:00,149.46
2011-02-16 16:31:00,257.85
2011-02-16 16:40:00,133.0
2011-02-16 16:56:00,193.01
2011-02-16 16:57:00,772.8000000000001
2011-02-16 16:58:00,17.700000000000003
2011-02-17 08:23:00,640.1
2011-02-17 08:40:00,597.58
2011-02-17 08:58:00,152.7
2011-02-17 09:47:00,202.9
2011-02-17 09:52:00,105.5
2011-02-17 09:53:00,84.0
2011-02-17 10:04:00,244.68
2011-02-17 10:08:00,250.0
2011-02-17 10:30:00,479.1
2011-02-17 10:51:00,235.79
2011-02-17 11:01:00,281.12
2011-02-17 11:05:00,331.2
2011-02-17 11:46:00,304.65999999999997
2011-02-17 11:58:00,114.05000000000001
2011-02-17 12:01:00,1019.42
2011-02-17 12:21:00,228.27
2011-02-17 12:23:00,373.98
2011-02-17 12:24:00,655.28
2011-02-17 12:27:00,1131.46
2011-02-17 12:29:00,1257.8700000000001
2011-02-17 12:33:00,296.15
2011-02-17 12:42:00,896.42
2011-02-17 12:43:00,1097.58
2011-02-17 12:47:00,55.44
2011-02-17 12:48:00,46.2
2011-02-17 12:51:00,790.86
2011-02-17 12:55:00,414.0
2011-02-17 12:59:00,147.33
2011-02-17 13:16:00,166.6
2011-02-17 13:28:00,161.95
2011-02-17 13:47:00,175.75
2011-02-17 13:54:00,205.5
2011-02-17 13:57:00,278.1
2011-02-17 14:04:00,161.28
2011-02-17 14:11:00,347.1
2011-02-17 14:17:00,928.58
2011-02-17 14:19:00,175.04
2011-02-17 14:26:00,8.25
2011-02-17 14:36:00,200.59
2011-02-17 14:42:00,301.76
2011-02-17 14:49:00,640.14
2011-02-17 14:51:00,152.65
2011-02-17 15:03:00,110.98
2011-02-17 15:40:00,57.6
2011-02-17 15:50:00,145.2
2011-02-17 16:35:00,100.5
2011-02-17 16:43:00,53.4
2011-02-17 16:59:00,147.2
2011-02-17 17:05:00,15.0
2011-02-17 17:34:00,333.0
2011-02-17 19:16:00,118.8
2011-02-17 19:21:00,101.25
2011-02-17 19:36:00,139.78
2011-02-18 08:34:00,401.57
2011-02-18 08:47:00,311.55
2011-02-18 09:04:00,904.85
2011-02-18 09:41:00,152.4
2011-02-18 09:43:00,377.27000000000004
2011-02-18 10:03:00,398.22
2011-02-18 10:07:00,96.9
2011-02-18 10:11:00,825.0
2011-02-18 10:16:00,298.73
2011-02-18 10:32:00,359.79999999999995
2011-02-18 10:42:00,77.28
2011-02-18 10:53:00,968.3
2011-02-18 11:18:00,201.12
2011-02-18 11:27:00,617.48
2011-02-18 11:36:00,162.7
2011-02-18 11:53:00,314.68
2011-02-18 11:54:00,2807.31
2011-02-18 11:56:00,214.04999999999998
2011-02-18 12:02:00,307.4
2011-02-18 12:13:00,301.85
2011-02-18 12:27:00,518.2
2011-02-18 12:28:00,256.0
2011-02-18 12:31:00,1092.43
2011-02-18 12:56:00,177.9
2011-02-18 13:10:00,179.6
2011-02-18 13:26:00,412.29
2011-02-18 13:29:00,58.9
2011-02-18 13:32:00,799.38
2011-02-18 14:18:00,341.7
2011-02-18 14:21:00,245.91
2011-02-18 15:21:00,212.56
2011-02-18 15:23:00,6.3
2011-02-18 15:41:00,34.0
2011-02-18 15:45:00,5.1
2011-02-20 10:16:00,358.8
2011-02-20 10:28:00,645.56
2011-02-20 10:29:00,94.89999999999999
2011-02-20 10:43:00,136.0
2011-02-20 10:51:00,383.95
2011-02-20 10:56:00,553.3
2011-02-20 11:28:00,42.0
2011-02-20 11:39:00,109.12
2011-02-20 12:01:00,111.88
2011-02-20 12:14:00,138.83
2011-02-20 12:23:00,1242.95
2011-02-20 12:32:00,177.68
2011-02-20 13:06:00,149.55
2011-02-20 13:13:00,173.91
2011-02-20 13:18:00,587.01
2011-02-20 13:21:00,542.15
2011-02-20 13:46:00,333.6
2011-02-20 13:52:00,752.14
2011-02-20 14:01:00,302.37
2011-02-20 14:08:00,817.32
2011-02-20 14:21:00,530.79
2011-02-20 14:31:00,505.82
2011-02-20 14:38:00,141.69
2011-02-20 15:06:00,199.3
2011-02-20 15:43:00,113.85
2011-02-20 15:51:00,293.33
2011-02-21 08:38:00,603.42
2011-02-21 08:50:00,504.72
2011-02-21 09:09:00,355.40000000000003
2011-02-21 09:45:00,305.15999999999997
2011-02-21 09:52:00,192.31
2011-02-21 09:55:00,45.0
2011-02-21 09:58:00,328.88
2011-02-21 10:07:00,567.8399999999999
2011-02-21 10:11:00,399.6
2011-02-21 10:28:00,11956.1
2011-02-21 10:32:00,6323.38
2011-02-21 10:36:00,113.93
2011-02-21 10:41:00,659.28
2011-02-21 10:53:00,525.34
2011-02-21 11:10:00,1159.47
2011-02-21 11:35:00,146.8
2011-02-21 11:42:00,973.6500000000001
2011-02-21 12:29:00,185.4
2011-02-21 12:53:00,306.0
2011-02-21 12:54:00,773.66
2011-02-21 12:58:00,681.86
2011-02-21 13:07:00,834.22
2011-02-21 13:21:00,558.59
2011-02-21 13:40:00,892.95
2011-02-21 13:51:00,320.69
2011-02-21 14:04:00,320.69
2011-02-21 14:38:00,250.24
2011-02-21 14:58:00,143.4
2011-02-21 15:04:00,1100.25
2011-02-21 15:20:00,560.47
2011-02-21 15:30:00,171.04999999999998
2011-02-21 17:35:00,211.0
2011-02-21 17:42:00,253.63
2011-02-22 08:24:00,108.15
2011-02-22 09:00:00,528.27
2011-02-22 09:01:00,437.9
2011-02-22 09:10:00,634.1999999999999
2011-02-22 09:11:00,364.32
2011-02-22 09:13:00,79.2
2011-02-22 09:15:00,165.0
2011-02-22 10:00:00,253.75
2011-02-22 10:09:00,360.54
2011-02-22 10:43:00,3202.92
2011-02-22 10:59:00,131.8
2011-02-22 11:02:00,305.3
2011-02-22 11:05:00,35.400000000000006
2011-02-22 11:20:00,487.75
2011-02-22 11:33:00,325.42
2011-02-22 11:41:00,139.8
2011-02-22 11:43:00,395.1
2011-02-22 11:46:00,513.06
2011-02-22 11:58:00,1240.4
2011-02-22 12:06:00,373.74
2011-02-22 12:13:00,402.66
2011-02-22 12:24:00,324.05
2011-02-22 12:40:00,53.5
2011-02-22 12:51:00,1972.7
2011-02-22 12:53:00,479.76
2011-02-22 12:56:00,113.44
2011-02-22 13:02:00,440.83
2011-02-22 13:08:00,2346.34
2011-02-22 13:18:00,425.91999999999996
2011-02-22 13:20:00,220.1
2011-02-22 13:47:00,590.03
2011-02-22 13:59:00,574.02
2011-02-22 14:10:00,65.09
2011-02-22 14:43:00,426.6
2011-02-22 14:55:00,664.45
2011-02-22 15:00:00,229.83
2011-02-22 15:09:00,1980.82
2011-02-22 15:10:00,1355.94
2011-02-22 15:14:00,292.63
2011-02-22 15:22:00,181.13
2011-02-22 15:45:00,3211.7
2011-02-22 15:46:00,825.04
2011-02-22 15:59:00,116.09
2011-02-22 16:03:00,141.48
2011-02-22 16:13:00,450.78
2011-02-22 16:15:00,252.87
2011-02-22 16:19:00,9.6
2011-02-22 17:13:00,666.89
2011-02-22 17:20:00,7.8
2011-02-22 17:25:00,212.52
2011-02-23 08:29:00,312.55
2011-02-23 08:46:00,432.9
2011-02-23 08:48:00,1480.2
2011-02-23 09:09:00,723.63
2011-02-23 09:14:00,622.88
2011-02-23 09:25:00,94.0
2011-02-23 09:30:00,411.02
2011-02-23 09:38:00,341.2
2011-02-23 09:44:00,185.0
2011-02-23 09:53:00,259.2
2011-02-23 09:54:00,172.79999999999998
2011-02-23 10:10:00,241.68
2011-02-23 10:27:00,903.86
2011-02-23 10:44:00,649.02
2011-02-23 10:46:00,182.75
2011-02-23 10:57:00,151.55
2011-02-23 10:58:00,312.41
2011-02-23 11:11:00,417.96
2011-02-23 11:32:00,220.53000000000003
2011-02-23 12:00:00,726.83
2011-02-23 12:03:00,450.81
2011-02-23 12:04:00,123.30000000000001
2011-02-23 12:18:00,354.56
2011-02-23 12:25:00,499.70000000000005
2011-02-23 12:27:00,757.68
2011-02-23 12:33:00,322.24
2011-02-23 12:37:00,1329.3600000000001
2011-02-23 12:41:00,218.88
2011-02-23 12:50:00,385.46000000000004
2011-02-23 13:21:00,432.29
2011-02-23 13:37:00,497.59000000000003
2011-02-23 13:43:00,158.4
2011-02-23 13:44:00,187.65
2011-02-23 13:45:00,431.66999999999996
2011-02-23 13:48:00,310.08000000000004
2011-02-23 13:57:00,376.74
2011-02-23 14:29:00,114.07
2011-02-23 14:40:00,346.28
2011-02-23 14:50:00,419.43
2011-02-23 15:03:00,229.5
2011-02-23 15:11:00,171.85
2011-02-23 15:41:00,8.5
2011-02-23 15:53:00,1023.71
2011-02-23 16:23:00,104.95
2011-02-23 16:37:00,224.91
2011-02-23 16:41:00,485.03999999999996
2011-02-23 16:44:00,344.0
2011-02-23 16:45:00,95.76
2011-02-23 17:15:00,69.59
2011-02-24 09:05:00,109.0
2011-02-24 09:08:00,291.0
2011-02-24 09:28:00,900.02
2011-02-24 09:32:00,2945.08
2011-02-24 09:36:00,18.75
2011-02-24 10:10:00,769.24
2011-02-24 10:15:00,188.5
2011-02-24 10:25:00,310.71000000000004
2011-02-24 10:29:00,161.41
2011-02-24 10:34:00,145.92000000000002
2011-02-24 10:50:00,596.79
2011-02-24 11:11:00,169.32999999999998
2011-02-24 11:15:00,101.19
2011-02-24 11:38:00,339.4
2011-02-24 11:42:00,205.16
2011-02-24 11:54:00,504.56
2011-02-24 11:55:00,308.95
2011-02-24 12:00:00,77.95
2011-02-24 12:01:00,596.24
2011-02-24 12:09:00,553.76
2011-02-24 12:22:00,214.71
2011-02-24 12:25:00,25.5
2011-02-24 12:27:00,129.2
2011-02-24 12:32:00,190.93
2011-02-24 12:41:00,295.15
2011-02-24 13:43:00,405.03000000000003
2011-02-24 13:46:00,311.25
2011-02-24 13:54:00,116.2
2011-02-24 14:13:00,528.32
2011-02-24 14:15:00,462.95
2011-02-24 14:27:00,363.65
2011-02-24 14:32:00,2575.58
2011-02-24 15:01:00,392.12
2011-02-24 15:12:00,303.22
2011-02-24 15:26:00,127.86
2011-02-24 15:39:00,314.36
2011-02-24 15:41:00,179.04
2011-02-24 15:42:00,132.17000000000002
2011-02-24 15:56:00,296.25
2011-02-24 16:30:00,836.24
2011-02-24 16:31:00,884.25
2011-02-24 16:35:00,400.8
2011-02-24 16:46:00,180.68
2011-02-24 17:14:00,79.2
2011-02-24 17:18:00,246.32000000000002
2011-02-24 17:28:00,234.0
2011-02-24 17:50:00,89.30000000000001
2011-02-24 17:51:00,15.9
2011-02-24 18:14:00,310.92
2011-02-24 18:26:00,189.56
2011-02-24 18:59:00,1340.32
2011-02-25 08:14:00,307.2
2011-02-25 08:44:00,1012.8199999999999
2011-02-25 09:01:00,389.5
2011-02-25 09:09:00,544.03
2011-02-25 09:37:00,1295.4
2011-02-25 10:09:00,351.56
2011-02-25 10:10:00,141.79999999999998
2011-02-25 10:19:00,455.28
2011-02-25 10:25:00,169.94
2011-02-25 10:29:00,365.1
2011-02-25 10:39:00,929.22
2011-02-25 10:46:00,292.40000000000003
2011-02-25 10:53:00,847.38
2011-02-25 11:30:00,676.9200000000001
2011-02-25 11:32:00,299.8
2011-02-25 11:33:00,812.7
2011-02-25 11:53:00,287.58000000000004
2011-02-25 11:56:00,297.64
2011-02-25 12:28:00,381.6
2011-02-25 12:37:00,234.15
2011-02-25 12:40:00,317.38
2011-02-25 12:43:00,278.28
2011-02-25 12:48:00,741.26
2011-02-25 13:05:00,43.650000000000006
2011-02-25 13:08:00,20.4
2011-02-25 13:09:00,467.52
2011-02-25 13:15:00,502.85
2011-02-25 13:40:00,176.05
2011-02-25 13:51:00,258.3
2011-02-25 13:53:00,302.86
2011-02-25 13:56:00,759.08
2011-02-25 14:03:00,74.60000000000001
2011-02-25 14:11:00,371.39
2011-02-25 14:24:00,522.75
2011-02-25 14:25:00,678.15
2011-02-25 14:51:00,247.8
2011-02-25 15:21:00,264.7
2011-02-25 15:27:00,69.0
2011-02-25 15:32:00,532.72
2011-02-25 15:35:00,401.37
2011-02-25 15:37:00,476.8
2011-02-25 16:42:00,179.35
2011-02-25 17:03:00,430.26
2011-02-25 17:25:00,168.6
2011-02-27 10:02:00,386.90000000000003
2011-02-27 10:13:00,65.13
2011-02-27 10:22:00,344.05
2011-02-27 10:30:00,524.95
2011-02-27 10:41:00,845.1
2011-02-27 11:05:00,197.15
2011-02-27 11:31:00,333.92
2011-02-27 11:40:00,592.5500000000001
2011-02-27 11:42:00,327.85
2011-02-27 11:48:00,180.65
2011-02-27 11:53:00,109.85
2011-02-27 11:57:00,375.17
2011-02-27 11:58:00,110.6
2011-02-27 12:27:00,333.48
2011-02-27 12:41:00,715.95
2011-02-27 12:45:00,6.6
2011-02-27 12:48:00,486.65000000000003
2011-02-27 12:49:00,299.14
2011-02-27 13:03:00,317.87
2011-02-27 13:04:00,269.18
2011-02-27 13:47:00,392.84000000000003
2011-02-27 13:52:00,14.95
2011-02-27 14:07:00,267.2
2011-02-27 14:26:00,134.72
2011-02-27 14:29:00,154.5
2011-02-27 14:43:00,412.55
2011-02-27 14:44:00,234.12
2011-02-27 14:49:00,258.4
2011-02-27 15:25:00,240.60000000000002
2011-02-27 15:42:00,240.0
2011-02-27 15:59:00,210.09
2011-02-28 08:43:00,549.26
2011-02-28 09:26:00,626.65
2011-02-28 09:28:00,306.70000000000005
2011-02-28 09:33:00,319.9
2011-02-28 09:43:00,147.9
2011-02-28 10:07:00,10.08
2011-02-28 10:30:00,100.94999999999999
2011-02-28 10:33:00,301.91
2011-02-28 10:35:00,683.98
2011-02-28 10:37:00,421.6
2011-02-28 10:40:00,103.65
2011-02-28 10:55:00,441.92
2011-02-28 11:19:00,891.83
2011-02-28 11:43:00,353.43
2011-02-28 11:46:00,513.45
2011-02-28 11:57:00,11.9
2011-02-28 11:58:00,720.86
2011-02-28 12:08:00,149.95
2011-02-28 12:14:00,308.44
2011-02-28 12:19:00,251.9
2011-02-28 12:27:00,736.7
2011-02-28 12:46:00,50.76
2011-02-28 12:47:00,306.84000000000003
2011-02-28 12:57:00,200.4
2011-02-28 13:09:00,425.5
2011-02-28 13:25:00,122.0
2011-02-28 13:27:00,414.7
2011-02-28 13:28:00,584.35
2011-02-28 13:31:00,13.05
2011-02-28 13:34:00,195.0
2011-02-28 13:35:00,480.90000000000003
2011-02-28 13:39:00,216.04999999999998
2011-02-28 13:40:00,173.70000000000002
2011-02-28 13:41:00,94.05
2011-02-28 14:03:00,232.43
2011-02-28 14:15:00,170.04999999999998
2011-02-28 14:42:00,200.72
2011-02-28 14:45:00,176.5
2011-02-28 14:48:00,154.99
2011-02-28 14:59:00,314.90000000000003
2011-02-28 15:00:00,249.57
2011-02-28 15:04:00,79.2
2011-02-28 15:05:00,229.9
2011-02-28 15:18:00,109.8
2011-02-28 15:19:00,582.37
2011-02-28 15:32:00,242.95000000000002
2011-02-28 15:39:00,240.25
2011-02-28 16:36:00,190.7
2011-02-28 16:39:00,158.68
2011-02-28 17:01:00,463.40999999999997
2011-03-01 08:30:00,235.35
2011-03-01 08:35:00,521.1
2011-03-01 08:49:00,200.10000000000002
2011-03-01 08:58:00,34.0
2011-03-01 09:03:00,182.7
2011-03-01 09:22:00,161.8
2011-03-01 09:33:00,1943.4
2011-03-01 09:35:00,2474.62
2011-03-01 09:47:00,79.2
2011-03-01 09:52:00,54.300000000000004
2011-03-01 10:08:00,307.62
2011-03-01 10:19:00,897.8
2011-03-01 10:25:00,72.12
2011-03-01 10:26:00,256.85
2011-03-01 10:31:00,352.2
2011-03-01 10:38:00,133.25
2011-03-01 11:02:00,395.33
2011-03-01 11:30:00,110.75
2011-03-01 11:36:00,122.5
2011-03-01 11:42:00,117.0
2011-03-01 11:48:00,1390.06
2011-03-01 11:55:00,470.88
2011-03-01 12:01:00,209.05
2011-03-01 12:07:00,313.58
2011-03-01 12:09:00,762.5
2011-03-01 12:24:00,323.16
2011-03-01 12:26:00,794.0600000000001
2011-03-01 12:46:00,297.16
2011-03-01 12:48:00,204.5
2011-03-01 12:51:00,498.15000000000003
2011-03-01 12:58:00,317.15
2011-03-01 13:04:00,13.2
2011-03-01 13:19:00,133.11
2011-03-01 13:40:00,138.15
2011-03-01 13:45:00,172.67
2011-03-01 13:51:00,185.7
2011-03-01 13:55:00,242.03
2011-03-01 14:11:00,559.12
2011-03-01 14:26:00,556.32
2011-03-01 14:42:00,412.32
2011-03-01 14:47:00,2541.15
2011-03-01 14:53:00,310.78
2011-03-01 14:56:00,580.57
2011-03-01 14:57:00,144.35
2011-03-01 14:58:00,268.6
2011-03-01 15:01:00,329.34
2011-03-01 15:12:00,34.75
2011-03-01 15:16:00,417.2
2011-03-01 15:47:00,119.65
2011-03-01 15:49:00,2.5
2011-03-01 15:52:00,840.3
2011-03-01 16:34:00,270.4
2011-03-01 16:53:00,551.2
2011-03-01 17:28:00,227.6
2011-03-01 17:32:00,338.34
2011-03-02 08:26:00,463.0
2011-03-02 08:41:00,1375.24
2011-03-02 09:03:00,1642.5
2011-03-02 09:04:00,194.55
2011-03-02 09:05:00,162.3
2011-03-02 09:24:00,312.18
2011-03-02 09:33:00,382.1
2011-03-02 09:49:00,312.38
2011-03-02 10:20:00,76.32000000000001
2011-03-02 10:49:00,134.97
2011-03-02 11:07:00,172.6
2011-03-02 11:32:00,122.07
2011-03-02 11:43:00,1463.47
2011-03-02 11:48:00,828.84
2011-03-02 12:03:00,501.99
2011-03-02 12:10:00,848.05
2011-03-02 12:18:00,615.33
2011-03-02 12:21:00,388.3
2011-03-02 12:24:00,852.8100000000001
2011-03-02 12:43:00,838.8000000000001
2011-03-02 13:03:00,453.79
2011-03-02 13:35:00,603.17
2011-03-02 13:42:00,576.0
2011-03-02 13:56:00,85.0
2011-03-02 14:16:00,374.64
2011-03-02 14:34:00,337.1
2011-03-02 14:39:00,100.42999999999999
2011-03-02 14:41:00,286.61
2011-03-02 14:43:00,430.5
2011-03-02 14:46:00,150.83
2011-03-02 14:50:00,306.7
2011-03-02 14:58:00,374.0
2011-03-02 15:15:00,207.50000000000003
2011-03-02 15:28:00,183.0
2011-03-02 16:17:00,108.32000000000001
2011-03-02 16:26:00,779.9200000000001
2011-03-02 16:34:00,1193.88
2011-03-02 16:35:00,15.3
2011-03-02 17:21:00,136.12
2011-03-02 17:32:00,1.9
2011-03-02 17:33:00,273.63
2011-03-03 08:24:00,936.83
2011-03-03 08:36:00,96.75
2011-03-03 09:25:00,114.84
2011-03-03 09:26:00,1396.0
2011-03-03 09:39:00,105.45
2011-03-03 09:41:00,436.68
2011-03-03 10:09:00,345.85
2011-03-03 10:26:00,137.1
2011-03-03 10:34:00,306.94
2011-03-03 10:55:00,1120.53
2011-03-03 10:59:00,16726.84
2011-03-03 11:07:00,134.5
2011-03-03 11:34:00,183.65
2011-03-03 11:40:00,482.81
2011-03-03 12:00:00,124.68
2011-03-03 12:06:00,757.41
2011-03-03 12:20:00,38.4
2011-03-03 12:24:00,289.22
2011-03-03 12:27:00,348.2
2011-03-03 12:30:00,76.1
2011-03-03 12:35:00,303.03000000000003
2011-03-03 12:41:00,194.6
2011-03-03 12:53:00,191.95
2011-03-03 13:14:00,225.9
2011-03-03 13:45:00,2114.71
2011-03-03 14:04:00,475.44
2011-03-03 14:05:00,222.3
2011-03-03 14:09:00,73.92
2011-03-03 14:12:00,410.0
2011-03-03 14:43:00,727.6
2011-03-03 14:56:00,294.33
2011-03-03 15:02:00,187.11
2011-03-03 15:11:00,148.49
2011-03-03 15:17:00,137.62
2011-03-03 15:30:00,249.83999999999997
2011-03-03 15:31:00,773.0
2011-03-03 16:28:00,166.04000000000002
2011-03-03 16:34:00,602.61
2011-03-03 16:58:00,124.10000000000001
2011-03-03 18:16:00,122.7
2011-03-03 18:28:00,515.38
2011-03-03 18:46:00,99.75
2011-03-03 19:18:00,161.5
2011-03-03 19:21:00,137.49
2011-03-04 08:10:00,387.31
2011-03-04 08:43:00,378.21000000000004
2011-03-04 09:05:00,3547.34
2011-03-04 09:08:00,317.25
2011-03-04 09:32:00,312.4
2011-03-04 09:46:00,281.49
2011-03-04 10:03:00,222.99
2011-03-04 10:21:00,333.2
2011-03-04 10:24:00,316.11
2011-03-04 10:28:00,356.9
2011-03-04 10:30:00,369.95
2011-03-04 10:31:00,102.4
2011-03-04 10:39:00,167.91
2011-03-04 10:49:00,265.0
2011-03-04 10:58:00,50.15
2011-03-04 11:49:00,299.26
2011-03-04 12:06:00,332.4
2011-03-04 12:12:00,308.18
2011-03-04 12:14:00,240.68
2011-03-04 12:15:00,416.69
2011-03-04 12:16:00,292.03
2011-03-04 12:26:00,235.91
2011-03-04 12:37:00,1920.48
2011-03-04 12:42:00,55.55
2011-03-04 12:46:00,159.4
2011-03-04 13:09:00,96.8
2011-03-04 13:14:00,119.31
2011-03-04 13:27:00,50.8
2011-03-04 13:39:00,935.54
2011-03-04 13:46:00,345.68
2011-03-04 13:58:00,195.24
2011-03-04 14:02:00,877.31
2011-03-04 14:13:00,296.62
2011-03-04 14:21:00,45.0
2011-03-04 14:28:00,310.77
2011-03-04 14:41:00,829.85
2011-03-04 14:42:00,208.2
2011-03-04 14:52:00,162.07999999999998
2011-03-04 15:15:00,463.63
2011-03-04 15:20:00,164.4
2011-03-04 17:02:00,532.13
2011-03-06 10:05:00,177.60000000000002
2011-03-06 10:07:00,292.75
2011-03-06 10:26:00,261.76
2011-03-06 11:27:00,346.1
2011-03-06 11:28:00,655.03
2011-03-06 11:39:00,253.79
2011-03-06 11:50:00,529.88
2011-03-06 11:52:00,279.8
2011-03-06 11:55:00,122.87
2011-03-06 12:09:00,137.9
2011-03-06 12:20:00,506.35
2011-03-06 12:42:00,630.22
2011-03-06 12:46:00,427.03000000000003
2011-03-06 12:52:00,263.04
2011-03-06 12:58:00,510.7
2011-03-06 14:09:00,796.86
2011-03-06 14:10:00,120.0
2011-03-06 14:15:00,826.37
2011-03-06 14:21:00,222.05
2011-03-06 14:38:00,147.23
2011-03-06 14:44:00,225.14
2011-03-06 14:50:00,220.77
2011-03-06 14:57:00,166.45
2011-03-06 15:17:00,1695.21
2011-03-06 15:21:00,136.77
2011-03-07 08:30:00,215.55
2011-03-07 09:00:00,217.2
2011-03-07 09:10:00,219.3
2011-03-07 09:35:00,673.9
2011-03-07 09:39:00,142.28
2011-03-07 09:49:00,282.66
2011-03-07 09:52:00,430.5
2011-03-07 10:22:00,315.6
2011-03-07 10:28:00,1656.15
2011-03-07 10:52:00,590.5
2011-03-07 11:06:00,475.2000000000001
2011-03-07 11:32:00,162.85
2011-03-07 11:44:00,75.6
2011-03-07 11:52:00,1588.68
2011-03-07 11:54:00,431.28
2011-03-07 11:56:00,806.05
2011-03-07 12:00:00,294.17
2011-03-07 12:12:00,17.0
2011-03-07 12:17:00,326.91
2011-03-07 12:26:00,967.45
2011-03-07 12:31:00,102.0
2011-03-07 12:46:00,40.2
2011-03-07 12:50:00,591.02
2011-03-07 12:53:00,17.9
2011-03-07 13:03:00,318.24
2011-03-07 13:10:00,451.66
2011-03-07 13:17:00,117.55
2011-03-07 13:33:00,100.97
2011-03-07 13:37:00,557.0
2011-03-07 13:38:00,16.05
2011-03-07 13:45:00,108.97999999999999
2011-03-07 13:50:00,162.70000000000002
2011-03-07 13:51:00,580.79
2011-03-07 13:52:00,246.3
2011-03-07 13:54:00,89.70000000000002
2011-03-07 14:10:00,593.9200000000001
2011-03-07 14:17:00,2597.4
2011-03-07 14:33:00,145.70000000000002
2011-03-07 14:45:00,211.75
2011-03-07 14:51:00,514.15
2011-03-07 14:54:00,110.2
2011-03-07 15:02:00,79.4
2011-03-07 15:40:00,147.95000000000002
2011-03-07 16:14:00,461.22
2011-03-07 16:39:00,92.80000000000001
2011-03-07 17:04:00,211.36
2011-03-07 17:19:00,61.589999999999996
2011-03-07 17:23:00,88.05000000000001
2011-03-07 17:30:00,74.7
2011-03-07 17:42:00,195.0
2011-03-07 17:52:00,1022.77
2011-03-07 17:55:00,250.0
2011-03-08 08:52:00,126.65
2011-03-08 08:53:00,197.0
2011-03-08 09:23:00,1120.93
2011-03-08 09:24:00,300.36
2011-03-08 09:26:00,461.25
2011-03-08 09:45:00,639.64
2011-03-08 10:04:00,237.35999999999999
2011-03-08 10:12:00,181.44
2011-03-08 10:33:00,325.1
2011-03-08 10:39:00,431.58
2011-03-08 11:39:00,3678.0299999999997
2011-03-08 11:44:00,329.08
2011-03-08 11:46:00,278.13
2011-03-08 11:55:00,391.52
2011-03-08 11:59:00,357.18
2011-03-08 12:04:00,496.0
2011-03-08 12:05:00,1570.19
2011-03-08 12:07:00,122.61
2011-03-08 12:19:00,671.16
2011-03-08 12:30:00,111.0
2011-03-08 12:49:00,250.87
2011-03-08 12:51:00,105.53999999999999
2011-03-08 12:52:00,301.4
2011-03-08 12:57:00,301.4
2011-03-08 13:12:00,896.71
2011-03-08 13:21:00,123.35
2011-03-08 13:23:00,421.09000000000003
2011-03-08 13:50:00,305.1
2011-03-08 13:54:00,759.44
2011-03-08 14:12:00,983.16
2011-03-08 14:35:00,987.7
2011-03-08 14:44:00,1195.95
2011-03-08 14:47:00,72.0
2011-03-08 15:03:00,329.36
2011-03-08 15:07:00,366.57
2011-03-08 15:17:00,794.41
2011-03-08 15:22:00,108.5
2011-03-08 15:45:00,328.37
2011-03-08 16:31:00,367.20000000000005
2011-03-08 16:38:00,238.01
2011-03-08 16:39:00,8.5
2011-03-08 16:48:00,534.4200000000001
2011-03-08 17:23:00,339.36
2011-03-08 17:25:00,39.49
2011-03-09 08:09:00,444.8
2011-03-09 08:33:00,924.54
2011-03-09 08:59:00,136.2
2011-03-09 09:11:00,286.65
2011-03-09 09:12:00,15.9
2011-03-09 09:44:00,309.64
2011-03-09 09:50:00,229.8
2011-03-09 09:52:00,240.10000000000002
2011-03-09 10:00:00,247.4
2011-03-09 10:19:00,588.6700000000001
2011-03-09 10:51:00,148.63
2011-03-09 10:58:00,2099.7
2011-03-09 11:05:00,188.25
2011-03-09 11:25:00,221.4
2011-03-09 11:27:00,38.98
2011-03-09 11:28:00,617.1
2011-03-09 11:35:00,84.36
2011-03-09 11:44:00,498.85
2011-03-09 11:48:00,660.34
2011-03-09 11:53:00,1576.3600000000001
2011-03-09 11:54:00,380.5
2011-03-09 11:59:00,1711.06
2011-03-09 12:04:00,342.58
2011-03-09 12:12:00,206.33999999999997
2011-03-09 12:14:00,304.5
2011-03-09 12:19:00,98.7
2011-03-09 12:21:00,260.03
2011-03-09 12:33:00,227.32
2011-03-09 12:35:00,381.21
2011-03-09 12:38:00,261.6
2011-03-09 12:39:00,120.44
2011-03-09 12:44:00,330.0
2011-03-09 13:18:00,146.18
2011-03-09 13:50:00,371.84000000000003
2011-03-09 13:53:00,764.58
2011-03-09 13:56:00,704.33
2011-03-09 14:14:00,846.45
2011-03-09 14:22:00,308.98
2011-03-09 14:23:00,79.92
2011-03-09 14:30:00,155.45
2011-03-09 14:32:00,91.54
2011-03-09 14:49:00,264.27
2011-03-09 14:57:00,411.18000000000006
2011-03-09 15:17:00,358.5
2011-03-09 15:20:00,984.88
2011-03-09 15:35:00,439.28
2011-03-09 15:47:00,210.9
2011-03-10 07:42:00,337.5
2011-03-10 07:43:00,500.0
2011-03-10 08:29:00,394.63
2011-03-10 08:31:00,232.6
2011-03-10 08:40:00,74.56
2011-03-10 09:30:00,298.5
2011-03-10 09:41:00,223.95000000000002
2011-03-10 09:49:00,3277.24
2011-03-10 09:52:00,122.4
2011-03-10 10:03:00,146.23000000000002
2011-03-10 10:04:00,547.35
2011-03-10 10:08:00,312.8
2011-03-10 10:10:00,270.4
2011-03-10 10:27:00,660.0
2011-03-10 10:31:00,130.56
2011-03-10 10:32:00,585.32
2011-03-10 10:53:00,366.53000000000003
2011-03-10 10:56:00,300.53999999999996
2011-03-10 10:57:00,199.2
2011-03-10 11:33:00,3500.5
2011-03-10 11:37:00,1614.6
2011-03-10 11:52:00,124.94999999999999
2011-03-10 11:56:00,853.48
2011-03-10 12:11:00,144.9
2011-03-10 12:16:00,541.1
2011-03-10 12:22:00,462.28000000000003
2011-03-10 12:26:00,397.55
2011-03-10 12:42:00,115.57000000000001
2011-03-10 12:48:00,938.39
2011-03-10 12:50:00,333.08
2011-03-10 12:59:00,185.15
2011-03-10 13:07:00,360.78000000000003
2011-03-10 13:08:00,310.47
2011-03-10 13:28:00,789.9
2011-03-10 13:34:00,101.34
2011-03-10 13:46:00,214.5
2011-03-10 13:58:00,99.95
2011-03-10 14:14:00,282.93
2011-03-10 14:37:00,576.1
2011-03-10 14:42:00,1104.13
2011-03-10 14:44:00,130.26
2011-03-10 14:45:00,268.58
2011-03-10 14:56:00,245.52
2011-03-10 15:01:00,599.44
2011-03-10 15:06:00,209.94
2011-03-10 15:08:00,4.25
2011-03-10 15:21:00,93.18
2011-03-10 15:52:00,117.11
2011-03-10 16:16:00,232.43
2011-03-10 16:26:00,330.59999999999997
2011-03-10 19:05:00,166.5
2011-03-11 08:31:00,365.18
2011-03-11 08:59:00,182.7
2011-03-11 09:07:00,314.96
2011-03-11 09:20:00,255.0
2011-03-11 09:23:00,345.6
2011-03-11 09:39:00,310.0
2011-03-11 09:42:00,191.39999999999998
2011-03-11 09:54:00,307.44
2011-03-11 10:15:00,583.3
2011-03-11 10:19:00,1687.17
2011-03-11 10:22:00,1687.17
2011-03-11 10:30:00,141.45
2011-03-11 10:31:00,57.449999999999996
2011-03-11 11:35:00,987.42
2011-03-11 11:37:00,106.11
2011-03-11 11:38:00,1726.6000000000001
2011-03-11 11:41:00,67.5
2011-03-11 11:47:00,349.2
2011-03-11 12:00:00,712.85
2011-03-11 12:05:00,10.0
2011-03-11 12:11:00,311.07
2011-03-11 12:13:00,121.17000000000002
2011-03-11 12:17:00,578.02
2011-03-11 12:26:00,13.0
2011-03-11 12:29:00,19.740000000000002
2011-03-11 12:44:00,227.78
2011-03-11 12:54:00,312.93
2011-03-11 13:03:00,826.07
2011-03-11 13:13:00,1588.16
2011-03-11 13:31:00,157.65
2011-03-11 13:34:00,572.8
2011-03-11 13:56:00,751.9
2011-03-11 14:03:00,14.4
2011-03-11 14:06:00,103.65
2011-03-11 14:15:00,201.57
2011-03-11 14:26:00,627.13
2011-03-11 14:35:00,108.21000000000001
2011-03-11 14:37:00,153.75
2011-03-11 14:52:00,516.42
2011-03-11 14:58:00,231.3
2011-03-11 15:14:00,21.9
2011-03-11 15:22:00,729.4
2011-03-11 15:42:00,127.2
2011-03-11 16:05:00,198.6
2011-03-11 16:43:00,1919.04
2011-03-11 16:50:00,70.28999999999999
2011-03-11 16:54:00,3.0999999999999996
2011-03-13 10:25:00,183.25
2011-03-13 10:27:00,488.06
2011-03-13 10:48:00,629.25
2011-03-13 10:57:00,109.58
2011-03-13 11:06:00,153.41
2011-03-13 11:18:00,129.46
2011-03-13 11:21:00,301.04
2011-03-13 11:38:00,281.21
2011-03-13 12:39:00,220.47
2011-03-13 12:51:00,118.02
2011-03-13 13:36:00,263.59000000000003
2011-03-13 13:46:00,285.33
2011-03-13 14:29:00,103.89
2011-03-13 14:55:00,343.29
2011-03-13 15:25:00,365.37
2011-03-13 15:55:00,142.0
2011-03-14 08:05:00,414.3
2011-03-14 08:21:00,227.0
2011-03-14 08:37:00,117.92999999999999
2011-03-14 08:41:00,357.07
2011-03-14 09:37:00,356.19
2011-03-14 09:42:00,126.7
2011-03-14 09:46:00,371.23
2011-03-14 09:59:00,3840.88
2011-03-14 10:31:00,535.02
2011-03-14 10:36:00,446.8
2011-03-14 10:38:00,207.3
2011-03-14 10:41:00,349.8
2011-03-14 10:55:00,208.8
2011-03-14 10:57:00,1094.68
2011-03-14 11:04:00,368.03
2011-03-14 11:38:00,774.4
2011-03-14 11:41:00,377.88
2011-03-14 11:44:00,514.91
2011-03-14 11:46:00,154.92000000000002
2011-03-14 12:11:00,184.5
2011-03-14 12:15:00,522.6
2011-03-14 12:17:00,175.72
2011-03-14 12:28:00,706.6
2011-03-14 12:34:00,679.5
2011-03-14 12:41:00,373.84000000000003
2011-03-14 12:42:00,52.2
2011-03-14 12:51:00,110.84
2011-03-14 12:58:00,619.6
2011-03-14 12:59:00,285.0
2011-03-14 13:00:00,149.4
2011-03-14 13:04:00,2329.15
2011-03-14 13:25:00,4400.28
2011-03-14 13:35:00,391.8
2011-03-14 13:36:00,140.0
2011-03-14 13:53:00,140.54
2011-03-14 13:56:00,571.0600000000001
2011-03-14 14:32:00,181.44
2011-03-14 14:51:00,582.35
2011-03-14 15:05:00,512.28
2011-03-14 15:11:00,596.05
2011-03-14 15:13:00,305.99
2011-03-14 15:40:00,174.85999999999999
2011-03-14 15:41:00,454.08000000000004
2011-03-14 15:48:00,118.05
2011-03-14 16:46:00,258.41
2011-03-14 16:54:00,6.35
2011-03-15 08:18:00,271.5
2011-03-15 08:52:00,158.23000000000002
2011-03-15 09:13:00,251.56
2011-03-15 09:22:00,696.85
2011-03-15 09:32:00,309.02000000000004
2011-03-15 10:26:00,62.5
2011-03-15 10:34:00,533.9
2011-03-15 10:45:00,317.56
2011-03-15 10:49:00,343.62
2011-03-15 10:53:00,1477.56
2011-03-15 11:09:00,870.59
2011-03-15 11:30:00,107.25
2011-03-15 11:38:00,422.54
2011-03-15 11:45:00,170.75
2011-03-15 12:03:00,300.0
2011-03-15 12:05:00,76.32000000000001
2011-03-15 12:06:00,163.2
2011-03-15 12:10:00,78.04
2011-03-15 12:11:00,217.89000000000001
2011-03-15 12:19:00,137.9
2011-03-15 12:37:00,292.3
2011-03-15 12:52:00,410.7
2011-03-15 12:54:00,309.34
2011-03-15 12:56:00,238.20000000000002
2011-03-15 13:13:00,317.78
2011-03-15 13:23:00,542.97
2011-03-15 13:28:00,339.34000000000003
2011-03-15 13:49:00,138.28
2011-03-15 14:20:00,5.1
2011-03-15 14:21:00,501.25
2011-03-15 14:25:00,242.40000000000003
2011-03-15 14:32:00,1041.45
2011-03-15 14:36:00,95.0
2011-03-15 15:06:00,215.49
2011-03-15 15:31:00,236.1
2011-03-15 15:33:00,218.10000000000002
2011-03-15 15:36:00,965.9
2011-03-15 15:37:00,607.13
2011-03-15 16:29:00,363.4
2011-03-15 16:39:00,565.54
2011-03-15 16:47:00,283.73
2011-03-16 08:29:00,301.9
2011-03-16 08:31:00,352.6
2011-03-16 09:38:00,248.27
2011-03-16 09:47:00,1829.04
2011-03-16 09:52:00,670.09
2011-03-16 09:58:00,422.43
2011-03-16 10:17:00,175.3
2011-03-16 10:24:00,680.4
2011-03-16 10:25:00,148.5
2011-03-16 10:45:00,306.64
2011-03-16 11:02:00,6.7
2011-03-16 11:09:00,290.0
2011-03-16 11:36:00,233.75
2011-03-16 11:39:00,912.8100000000001
2011-03-16 11:41:00,139.35000000000002
2011-03-16 11:47:00,705.6
2011-03-16 11:49:00,705.6
2011-03-16 11:52:00,853.75
2011-03-16 11:57:00,853.08
2011-03-16 12:12:00,3018.34
2011-03-16 12:22:00,99.0
2011-03-16 12:26:00,668.85
2011-03-16 12:42:00,370.48
2011-03-16 12:43:00,328.6
2011-03-16 12:44:00,15.0
2011-03-16 12:45:00,311.66
2011-03-16 12:55:00,142.5
2011-03-16 13:00:00,309.46
2011-03-16 13:13:00,384.0
2011-03-16 13:29:00,702.8
2011-03-16 13:44:00,282.3
2011-03-16 13:58:00,300.7
2011-03-16 14:00:00,516.15
2011-03-16 14:02:00,432.2
2011-03-16 14:12:00,28.18
2011-03-16 14:31:00,300.98
2011-03-16 14:37:00,147.70999999999998
2011-03-16 14:49:00,52.8
2011-03-16 14:51:00,77.16
2011-03-16 14:54:00,584.76
2011-03-16 14:57:00,859.01
2011-03-16 15:17:00,115.09
2011-03-16 15:19:00,200.7
2011-03-16 15:34:00,152.76
2011-03-16 15:45:00,560.74
2011-03-16 15:58:00,152.64
2011-03-16 16:08:00,138.88
2011-03-16 16:38:00,625.85
2011-03-17 07:40:00,3978.9900000000002
2011-03-17 09:03:00,473.82
2011-03-17 09:13:00,232.4
2011-03-17 09:49:00,633.1
2011-03-17 09:56:00,302.52
2011-03-17 09:57:00,239.0
2011-03-17 10:01:00,398.98
2011-03-17 10:02:00,209.85
2011-03-17 10:17:00,10065.0
2011-03-17 10:26:00,136.57
2011-03-17 10:38:00,665.46
2011-03-17 10:52:00,622.5
2011-03-17 11:56:00,71.4
2011-03-17 12:00:00,62.85
2011-03-17 12:10:00,449.87
2011-03-17 12:15:00,606.84
2011-03-17 12:18:00,333.74
2011-03-17 12:37:00,372.12
2011-03-17 12:40:00,592.1800000000001
2011-03-17 12:47:00,126.78999999999999
2011-03-17 12:51:00,437.40000000000003
2011-03-17 12:53:00,18.15
2011-03-17 13:13:00,88.6
2011-03-17 13:20:00,648.53
2011-03-17 13:23:00,771.02
2011-03-17 13:27:00,111.96000000000001
2011-03-17 13:34:00,73.5
2011-03-17 13:58:00,218.83
2011-03-17 14:12:00,372.64
2011-03-17 14:19:00,217.43
2011-03-17 14:47:00,316.82
2011-03-17 15:03:00,381.78
2011-03-17 15:34:00,914.9300000000001
2011-03-17 15:41:00,676.2
2011-03-17 15:47:00,223.54000000000002
2011-03-17 16:00:00,120.33000000000001
2011-03-17 16:10:00,300.0
2011-03-17 16:11:00,16.0
2011-03-17 16:23:00,326.04
2011-03-17 16:33:00,251.51999999999998
2011-03-17 16:38:00,1017.6800000000001
2011-03-17 16:58:00,142.4
2011-03-17 17:13:00,80.0
2011-03-17 17:26:00,401.31
2011-03-17 18:03:00,223.0
2011-03-17 18:18:00,320.42
2011-03-17 18:27:00,955.0
2011-03-17 18:28:00,25.200000000000003
2011-03-17 18:30:00,33.2
2011-03-17 18:59:00,299.0
2011-03-17 19:01:00,220.6
2011-03-17 19:46:00,145.55
2011-03-17 19:47:00,337.71000000000004
2011-03-17 20:12:00,467.95
2011-03-17 20:18:00,248.29
2011-03-18 08:12:00,177.15
2011-03-18 08:31:00,359.73
2011-03-18 08:32:00,50.25000000000001
2011-03-18 09:17:00,743.71
2011-03-18 09:19:00,309.4
2011-03-18 09:55:00,1086.76
2011-03-18 09:57:00,33.0
2011-03-18 09:59:00,904.26
2011-03-18 10:03:00,166.8
2011-03-18 10:06:00,183.6
2011-03-18 10:09:00,464.7
2011-03-18 10:11:00,108.5
2011-03-18 10:15:00,1175.44
2011-03-18 10:16:00,326.5
2011-03-18 10:34:00,555.3
2011-03-18 11:13:00,567.44
2011-03-18 11:24:00,330.35
2011-03-18 11:30:00,343.49
2011-03-18 11:39:00,302.6
2011-03-18 12:18:00,1214.63
2011-03-18 12:21:00,152.55
2011-03-18 12:26:00,110.95
2011-03-18 12:27:00,795.75
2011-03-18 12:35:00,252.81
2011-03-18 12:41:00,111.95
2011-03-18 12:55:00,213.98000000000002
2011-03-18 12:56:00,566.37
2011-03-18 12:57:00,282.12
2011-03-18 12:59:00,530.4
2011-03-18 13:08:00,167.43
2011-03-18 13:18:00,4666.4400000000005
2011-03-18 13:19:00,278.07
2011-03-18 13:20:00,152.64
2011-03-18 13:25:00,141.41
2011-03-18 13:27:00,234.24
2011-03-18 13:32:00,177.84
2011-03-18 13:47:00,683.4200000000001
2011-03-18 13:51:00,323.3
2011-03-18 13:52:00,357.12
2011-03-18 14:02:00,315.18
2011-03-18 14:13:00,118.75
2011-03-18 14:14:00,321.75
2011-03-18 14:20:00,806.47
2011-03-18 14:51:00,113.35
2011-03-18 14:53:00,174.6
2011-03-18 14:54:00,115.78
2011-03-18 15:42:00,368.36
2011-03-18 15:43:00,197.72
2011-03-18 15:44:00,22.240000000000002
2011-03-18 15:54:00,833.1
2011-03-18 17:07:00,344.90000000000003
2011-03-20 10:13:00,422.3
2011-03-20 10:17:00,776.8
2011-03-20 10:24:00,662.62
2011-03-20 10:28:00,168.7
2011-03-20 10:30:00,361.4
2011-03-20 10:33:00,282.28000000000003
2011-03-20 10:35:00,380.4
2011-03-20 10:37:00,1224.6
2011-03-20 10:51:00,308.1
2011-03-20 10:53:00,62.7
2011-03-20 10:56:00,300.0
2011-03-20 11:33:00,225.4
2011-03-20 11:37:00,585.12
2011-03-20 11:43:00,146.87
2011-03-20 11:46:00,982.08
2011-03-20 11:52:00,197.8
2011-03-20 11:56:00,318.7
2011-03-20 12:02:00,155.69
2011-03-20 12:06:00,138.68
2011-03-20 12:07:00,171.75
2011-03-20 12:08:00,499.84000000000003
2011-03-20 12:14:00,119.08
2011-03-20 12:25:00,87.8
2011-03-20 12:28:00,130.05
2011-03-20 12:44:00,693.1800000000001
2011-03-20 12:50:00,172.9
2011-03-20 12:57:00,135.44
2011-03-20 13:21:00,226.29999999999998
2011-03-20 13:28:00,224.49
2011-03-20 13:33:00,2309.15
2011-03-20 13:38:00,506.47
2011-03-20 13:41:00,562.63
2011-03-20 13:43:00,501.24
2011-03-20 13:48:00,393.0
2011-03-20 13:52:00,238.24
2011-03-20 13:58:00,200.53
2011-03-20 13:59:00,239.85
2011-03-20 14:01:00,76.72
2011-03-20 14:23:00,345.82000000000005
2011-03-20 14:35:00,1163.09
2011-03-20 14:37:00,446.15
2011-03-20 14:38:00,93.4
2011-03-20 14:41:00,350.8
2011-03-20 15:02:00,267.18
2011-03-20 15:06:00,113.5
2011-03-20 15:07:00,222.9
2011-03-20 15:21:00,237.0
2011-03-20 15:24:00,94.65
2011-03-20 15:41:00,124.08000000000001
2011-03-20 15:46:00,409.2
2011-03-20 15:58:00,316.02
2011-03-20 16:02:00,304.9
2011-03-20 16:12:00,203.4
2011-03-21 08:18:00,226.21
2011-03-21 08:20:00,300.52
2011-03-21 08:39:00,922.1
2011-03-21 09:03:00,332.6
2011-03-21 09:13:00,198.8
2011-03-21 09:33:00,259.35
2011-03-21 10:13:00,409.1
2011-03-21 10:30:00,158.95000000000002
2011-03-21 10:31:00,536.78
2011-03-21 10:34:00,585.0
2011-03-21 10:41:00,1005.1
2011-03-21 10:54:00,527.85
2011-03-21 11:20:00,305.52
2011-03-21 11:24:00,614.85
2011-03-21 11:34:00,174.16000000000003
2011-03-21 11:36:00,227.92000000000002
2011-03-21 11:46:00,347.35
2011-03-21 11:49:00,164.34
2011-03-21 11:52:00,298.11
2011-03-21 11:57:00,153.83
2011-03-21 12:06:00,600.0
2011-03-21 12:10:00,15.6
2011-03-21 12:13:00,151.45000000000002
2011-03-21 12:32:00,95.8
2011-03-21 12:42:00,985.5500000000001
2011-03-21 12:44:00,4.63
2011-03-21 12:45:00,108.42
2011-03-21 12:53:00,131.5
2011-03-21 13:01:00,188.73000000000002
2011-03-21 13:35:00,489.12
2011-03-21 13:38:00,248.20000000000002
2011-03-21 13:51:00,265.63
2011-03-21 13:58:00,90.8
2011-03-21 14:00:00,313.55
2011-03-21 14:18:00,151.9
2011-03-21 14:25:00,15.0
2011-03-21 14:44:00,2340.05
2011-03-21 15:02:00,154.4
2011-03-21 15:06:00,200.29
2011-03-21 15:07:00,175.1
2011-03-21 15:10:00,491.19
2011-03-21 15:33:00,110.65
2011-03-21 15:40:00,147.6
2011-03-21 16:20:00,315.9
2011-03-21 16:32:00,103.72
2011-03-21 16:59:00,245.62
2011-03-21 17:10:00,131.26
2011-03-22 08:49:00,114.56
2011-03-22 08:54:00,596.4
2011-03-22 09:01:00,440.28999999999996
2011-03-22 09:43:00,398.22
2011-03-22 10:13:00,357.58000000000004
2011-03-22 10:44:00,687.15
2011-03-22 11:05:00,420.25
2011-03-22 11:27:00,317.8
2011-03-22 11:28:00,523.98
2011-03-22 11:43:00,346.7
2011-03-22 11:53:00,362.0
2011-03-22 12:02:00,313.77
2011-03-22 12:05:00,657.68
2011-03-22 12:15:00,493.11
2011-03-22 12:25:00,912.03
2011-03-22 12:27:00,326.8
2011-03-22 12:30:00,517.55
2011-03-22 12:31:00,365.36
2011-03-22 12:33:00,3221.88
2011-03-22 12:36:00,235.71
2011-03-22 13:02:00,215.05
2011-03-22 13:11:00,200.16
2011-03-22 13:32:00,200.52
2011-03-22 13:38:00,314.6
2011-03-22 13:46:00,154.2
2011-03-22 13:52:00,450.5
2011-03-22 13:54:00,274.18
2011-03-22 14:24:00,512.13
2011-03-22 14:43:00,401.35
2011-03-22 14:56:00,905.1
2011-03-22 15:13:00,498.32
2011-03-22 15:20:00,214.28
2011-03-22 15:25:00,201.39
2011-03-22 15:31:00,237.07
2011-03-22 15:42:00,803.66
2011-03-22 15:46:00,18.0
2011-03-22 16:00:00,1085.99
2011-03-22 16:08:00,452.8
2011-03-22 16:32:00,70.80000000000001
2011-03-22 17:00:00,198.02
2011-03-23 08:22:00,114.0
2011-03-23 08:26:00,170.94
2011-03-23 08:54:00,21.25
2011-03-23 09:42:00,288.05
2011-03-23 09:43:00,589.4
2011-03-23 09:54:00,216.95000000000002
2011-03-23 10:08:00,25.5
2011-03-23 10:15:00,382.6
2011-03-23 10:25:00,698.65
2011-03-23 10:27:00,1649.58
2011-03-23 10:43:00,345.92
2011-03-23 10:51:00,327.25
2011-03-23 10:55:00,247.6
2011-03-23 11:16:00,366.02
2011-03-23 11:18:00,330.24
2011-03-23 11:30:00,270.15
2011-03-23 11:44:00,99.15
2011-03-23 11:48:00,265.02
2011-03-23 12:05:00,133.49
2011-03-23 12:06:00,1720.58
2011-03-23 12:08:00,207.8
2011-03-23 12:13:00,261.68
2011-03-23 12:15:00,776.23
2011-03-23 12:24:00,188.7
2011-03-23 12:39:00,524.8199999999999
2011-03-23 12:41:00,59.400000000000006
2011-03-23 12:44:00,77.3
2011-03-23 13:33:00,877.88
2011-03-23 13:39:00,637.8399999999999
2011-03-23 13:42:00,1562.28
2011-03-23 13:44:00,285.58
2011-03-23 13:46:00,584.5
2011-03-23 13:59:00,313.45
2011-03-23 14:00:00,396.87
2011-03-23 14:02:00,330.52
2011-03-23 14:04:00,385.79999999999995
2011-03-23 14:33:00,326.5
2011-03-23 14:39:00,1320.0
2011-03-23 14:46:00,320.0
2011-03-23 14:55:00,456.90000000000003
2011-03-23 15:00:00,197.05
2011-03-23 15:07:00,163.3
2011-03-23 15:16:00,249.5
2011-03-23 15:17:00,264.8
2011-03-23 15:19:00,193.6
2011-03-23 15:22:00,495.0
2011-03-23 15:26:00,291.84
2011-03-23 15:37:00,202.22
2011-03-23 15:40:00,283.03000000000003
2011-03-23 15:41:00,335.72
2011-03-23 16:00:00,36.4
2011-03-23 16:22:00,79.6
2011-03-23 16:35:00,307.92
2011-03-23 16:45:00,162.65
2011-03-23 17:25:00,147.0
2011-03-24 08:44:00,358.90000000000003
2011-03-24 08:47:00,851.4000000000001
2011-03-24 08:56:00,227.32
2011-03-24 09:21:00,774.8100000000001
2011-03-24 09:42:00,27.0
2011-03-24 09:44:00,442.47
2011-03-24 09:50:00,1470.14
2011-03-24 09:52:00,432.3
2011-03-24 10:03:00,251.21
2011-03-24 10:04:00,157.16
2011-03-24 10:37:00,609.6
2011-03-24 10:38:00,485.89000000000004
2011-03-24 10:40:00,120.0
2011-03-24 10:48:00,713.95
2011-03-24 11:07:00,562.3199999999999
2011-03-24 11:29:00,543.22
2011-03-24 11:34:00,154.95
2011-03-24 11:38:00,418.18
2011-03-24 11:40:00,197.9
2011-03-24 11:43:00,232.9
2011-03-24 11:44:00,37.5
2011-03-24 12:02:00,368.92
2011-03-24 12:08:00,446.3
2011-03-24 12:11:00,381.52
2011-03-24 12:15:00,236.07
2011-03-24 12:21:00,510.8
2011-03-24 12:32:00,73.77
2011-03-24 12:52:00,418.18
2011-03-24 12:53:00,217.56
2011-03-24 12:58:00,401.3
2011-03-24 13:04:00,357.53
2011-03-24 13:05:00,286.25
2011-03-24 13:12:00,150.34
2011-03-24 13:16:00,871.93
2011-03-24 13:17:00,445.20000000000005
2011-03-24 13:23:00,850.3100000000001
2011-03-24 13:25:00,483.3
2011-03-24 13:28:00,131.41
2011-03-24 13:37:00,163.46
2011-03-24 13:41:00,361.54
2011-03-24 13:45:00,62.379999999999995
2011-03-24 13:54:00,264.24
2011-03-24 13:59:00,187.2
2011-03-24 14:46:00,762.89
2011-03-24 14:47:00,74.7
2011-03-24 14:49:00,310.40000000000003
2011-03-24 14:52:00,356.3
2011-03-24 14:54:00,137.4
2011-03-24 14:55:00,304.05
2011-03-24 14:56:00,186.12
2011-03-24 15:02:00,364.84000000000003
2011-03-24 15:12:00,40.5
2011-03-24 15:15:00,176.38
2011-03-24 16:23:00,409.57
2011-03-24 16:30:00,51.0
2011-03-24 16:45:00,415.45
2011-03-24 17:10:00,1140.76
2011-03-24 18:20:00,204.59
2011-03-24 18:25:00,2278.8
2011-03-24 18:28:00,585.0
2011-03-24 18:34:00,11343.199999999999
2011-03-24 18:43:00,266.98
2011-03-24 19:31:00,349.23
2011-03-25 08:41:00,157.7
2011-03-25 08:43:00,427.0
2011-03-25 08:50:00,246.54
2011-03-25 08:52:00,344.41
2011-03-25 08:53:00,17.4
2011-03-25 09:39:00,57.6
2011-03-25 10:05:00,307.5
2011-03-25 10:08:00,420.6
2011-03-25 10:14:00,256.78000000000003
2011-03-25 10:19:00,357.91
2011-03-25 10:42:00,102.69999999999999
2011-03-25 10:49:00,465.84000000000003
2011-03-25 10:50:00,878.16
2011-03-25 10:51:00,146.88
2011-03-25 10:52:00,366.18
2011-03-25 11:01:00,349.51
2011-03-25 11:31:00,83.14
2011-03-25 11:34:00,221.77
2011-03-25 11:41:00,878.02
2011-03-25 11:44:00,173.26
2011-03-25 11:57:00,409.5
2011-03-25 12:04:00,1378.52
2011-03-25 12:07:00,9.9
2011-03-25 12:10:00,654.75
2011-03-25 12:13:00,207.21
2011-03-25 12:21:00,170.95
2011-03-25 12:34:00,1407.8600000000001
2011-03-25 12:48:00,708.66
2011-03-25 12:55:00,134.56
2011-03-25 12:57:00,554.18
2011-03-25 13:23:00,227.7
2011-03-25 13:30:00,6.8
2011-03-25 13:35:00,474.05
2011-03-25 13:54:00,171.1
2011-03-25 14:01:00,194.92000000000002
2011-03-25 14:06:00,5513.32
2011-03-25 14:19:00,785.78
2011-03-25 14:30:00,25.25
2011-03-25 14:34:00,17.549999999999997
2011-03-25 14:39:00,76.2
2011-03-25 14:45:00,94.19
2011-03-25 14:46:00,141.72
2011-03-25 14:50:00,960.0
2011-03-25 14:53:00,1444.8000000000002
2011-03-25 15:01:00,155.65
2011-03-25 15:08:00,197.94
2011-03-25 15:18:00,354.66
2011-03-25 15:24:00,410.53
2011-03-25 16:25:00,3962.06
2011-03-25 17:34:00,161.89
2011-03-27 10:16:00,633.6
2011-03-27 10:18:00,485.45
2011-03-27 10:26:00,266.55
2011-03-27 10:54:00,649.78
2011-03-27 10:56:00,324.70000000000005
2011-03-27 11:02:00,520.13
2011-03-27 11:14:00,343.03000000000003
2011-03-27 11:22:00,51.0
2011-03-27 11:44:00,388.9
2011-03-27 11:51:00,121.95
2011-03-27 11:59:00,194.05
2011-03-27 12:06:00,311.57
2011-03-27 12:21:00,542.03
2011-03-27 12:36:00,353.3
2011-03-27 12:54:00,190.5
2011-03-27 13:07:00,164.05
2011-03-27 13:10:00,115.26
2011-03-27 13:21:00,197.89
2011-03-27 13:56:00,609.4
2011-03-27 14:18:00,173.77
2011-03-27 14:28:00,277.43
2011-03-27 14:34:00,173.52
2011-03-27 15:33:00,218.34
2011-03-27 15:39:00,193.0
2011-03-27 15:40:00,612.38
2011-03-27 15:41:00,254.0
2011-03-27 15:46:00,165.83
2011-03-27 16:01:00,131.3
2011-03-27 16:03:00,83.16000000000001
2011-03-27 16:05:00,251.56
2011-03-27 16:08:00,192.34
2011-03-28 07:53:00,539.0
2011-03-28 08:40:00,307.76
2011-03-28 09:07:00,665.28
2011-03-28 09:16:00,220.8
2011-03-28 09:21:00,329.44
2011-03-28 09:30:00,453.98
2011-03-28 09:59:00,588.0
2011-03-28 10:03:00,223.9
2011-03-28 10:14:00,302.21999999999997
2011-03-28 10:15:00,1136.3
2011-03-28 10:25:00,191.25
2011-03-28 10:26:00,277.8
2011-03-28 10:52:00,113.14
2011-03-28 11:34:00,246.61
2011-03-28 11:36:00,400.54
2011-03-28 11:49:00,374.7
2011-03-28 11:51:00,148.8
2011-03-28 11:58:00,121.25
2011-03-28 11:59:00,407.09
2011-03-28 12:13:00,210.27
2011-03-28 12:18:00,88.2
2011-03-28 12:22:00,179.73
2011-03-28 12:23:00,455.28000000000003
2011-03-28 12:25:00,137.6
2011-03-28 12:27:00,174.8
2011-03-28 12:35:00,297.5
2011-03-28 12:49:00,1001.82
2011-03-28 12:52:00,251.5
2011-03-28 13:28:00,628.66
2011-03-28 13:32:00,183.9
2011-03-28 13:35:00,82.55000000000001
2011-03-28 13:39:00,369.01
2011-03-28 13:57:00,602.86
2011-03-28 13:59:00,229.48
2011-03-28 14:01:00,28.0
2011-03-28 14:07:00,257.2
2011-03-28 14:19:00,240.35
2011-03-28 14:23:00,56.05
2011-03-28 14:27:00,239.95999999999998
2011-03-28 14:33:00,433.9
2011-03-28 14:42:00,127.5
2011-03-28 14:43:00,430.23
2011-03-28 14:46:00,1267.5
2011-03-28 14:57:00,106.5
2011-03-28 14:59:00,429.48
2011-03-28 15:03:00,2188.5
2011-03-28 15:10:00,198.9
2011-03-28 15:27:00,184.57
2011-03-28 15:38:00,330.51
2011-03-28 15:42:00,250.42000000000002
2011-03-28 15:47:00,63.42
2011-03-28 16:27:00,245.66
2011-03-28 16:28:00,4.95
2011-03-28 16:37:00,119.55
2011-03-28 16:41:00,817.5
2011-03-29 08:43:00,413.7
2011-03-29 08:46:00,169.05
2011-03-29 09:11:00,444.52
2011-03-29 09:53:00,263.58
2011-03-29 09:54:00,30.0
2011-03-29 10:39:00,289.25
2011-03-29 10:49:00,305.54
2011-03-29 10:50:00,428.05
2011-03-29 10:51:00,300.75
2011-03-29 11:04:00,2527.94
2011-03-29 11:14:00,15719.56
2011-03-29 11:15:00,317.56
2011-03-29 11:25:00,65.16000000000001
2011-03-29 11:29:00,579.83
2011-03-29 11:39:00,35.04
2011-03-29 11:42:00,357.25
2011-03-29 12:01:00,356.84000000000003
2011-03-29 12:03:00,317.9
2011-03-29 12:29:00,328.2
2011-03-29 12:31:00,297.2
2011-03-29 12:55:00,142.28
2011-03-29 12:57:00,277.07
2011-03-29 13:04:00,305.68
2011-03-29 13:05:00,304.4
2011-03-29 13:06:00,465.7
2011-03-29 13:22:00,108.2
2011-03-29 13:27:00,1518.0
2011-03-29 13:28:00,341.93
2011-03-29 13:32:00,69.4
2011-03-29 13:33:00,1700.4
2011-03-29 13:48:00,2106.46
2011-03-29 13:53:00,280.85
2011-03-29 13:58:00,963.01
2011-03-29 14:13:00,328.15
2011-03-29 14:20:00,283.71
2011-03-29 14:31:00,272.76
2011-03-29 14:35:00,504.61
2011-03-29 14:58:00,371.83000000000004
2011-03-29 15:02:00,539.3
2011-03-29 15:12:00,243.81
2011-03-29 15:15:00,141.41
2011-03-29 15:18:00,258.18
2011-03-29 15:22:00,247.45
2011-03-29 15:44:00,118.55
2011-03-29 15:53:00,113.30000000000001
2011-03-29 16:05:00,351.01
2011-03-29 16:12:00,287.04
2011-03-29 16:36:00,346.6
2011-03-29 17:12:00,314.1
2011-03-29 17:23:00,338.40999999999997
2011-03-30 09:06:00,1807.04
2011-03-30 09:12:00,940.1700000000001
2011-03-30 09:15:00,475.69
2011-03-30 09:17:00,266.2
2011-03-30 09:19:00,355.12
2011-03-30 09:27:00,91.8
2011-03-30 09:31:00,81.6
2011-03-30 09:36:00,301.48
2011-03-30 10:16:00,396.6
2011-03-30 10:18:00,152.64
2011-03-30 10:32:00,315.0
2011-03-30 10:34:00,216.3
2011-03-30 10:36:00,459.0
2011-03-30 10:46:00,383.07
2011-03-30 10:50:00,56.4
2011-03-30 10:54:00,2161.32
2011-03-30 11:04:00,662.3
2011-03-30 11:12:00,244.13
2011-03-30 11:18:00,176.21
2011-03-30 11:32:00,180.38
2011-03-30 11:39:00,481.2
2011-03-30 11:48:00,631.06
2011-03-30 11:51:00,1012.6
2011-03-30 12:00:00,415.8
2011-03-30 12:02:00,215.43
2011-03-30 12:05:00,183.0
2011-03-30 12:12:00,381.5
2011-03-30 12:15:00,458.47
2011-03-30 12:24:00,127.78999999999999
2011-03-30 12:34:00,303.32
2011-03-30 12:35:00,238.8
2011-03-30 12:43:00,270.26
2011-03-30 12:45:00,453.05
2011-03-30 12:48:00,245.2
2011-03-30 12:54:00,418.70000000000005
2011-03-30 13:00:00,193.5
2011-03-30 13:01:00,1935.98
2011-03-30 13:02:00,189.84
2011-03-30 13:05:00,294.47
2011-03-30 13:14:00,611.94
2011-03-30 13:26:00,136.99
2011-03-30 13:28:00,427.15000000000003
2011-03-30 13:39:00,331.8
2011-03-30 13:44:00,132.70000000000002
2011-03-30 13:56:00,271.0
2011-03-30 13:57:00,132.09
2011-03-30 14:06:00,719.6700000000001
2011-03-30 14:08:00,174.31
2011-03-30 14:23:00,306.39
2011-03-30 14:39:00,519.96
2011-03-30 14:51:00,850.82
2011-03-30 15:05:00,760.18
2011-03-30 15:06:00,600.0
2011-03-30 15:29:00,836.79
2011-03-30 15:31:00,493.92
2011-03-30 15:38:00,310.87
2011-03-30 15:48:00,558.4
2011-03-30 15:51:00,1337.78
2011-03-30 15:52:00,70.92
2011-03-30 16:14:00,229.33
2011-03-30 16:28:00,353.7
2011-03-30 16:34:00,116.45
2011-03-30 16:52:00,441.37
2011-03-30 17:33:00,626.9
2011-03-31 09:07:00,141.85
2011-03-31 09:36:00,16.95
2011-03-31 09:38:00,1169.95
2011-03-31 09:48:00,1015.83
2011-03-31 09:57:00,872.56
2011-03-31 10:07:00,306.6
2011-03-31 10:26:00,388.45000000000005
2011-03-31 10:27:00,1937.06
2011-03-31 10:29:00,413.4
2011-03-31 10:38:00,111.0
2011-03-31 10:53:00,205.75
2011-03-31 11:07:00,225.49
2011-03-31 11:08:00,168.4
2011-03-31 11:20:00,516.2900000000001
2011-03-31 11:25:00,541.05
2011-03-31 11:37:00,307.53000000000003
2011-03-31 11:49:00,152.16
2011-03-31 11:52:00,102.4
2011-03-31 11:53:00,300.6
2011-03-31 11:57:00,125.65
2011-03-31 12:08:00,142.51
2011-03-31 12:19:00,61.10000000000001
2011-03-31 12:28:00,118.25
2011-03-31 12:36:00,415.52000000000004
2011-03-31 12:43:00,145.27
2011-03-31 12:51:00,278.65
2011-03-31 13:10:00,205.98
2011-03-31 13:13:00,624.8
2011-03-31 13:14:00,1423.78
2011-03-31 13:33:00,1182.0
2011-03-31 13:40:00,3243.13
2011-03-31 13:43:00,1622.41
2011-03-31 13:46:00,301.6
2011-03-31 13:47:00,133.47
2011-03-31 13:49:00,204.78
2011-03-31 13:50:00,106.81
2011-03-31 14:42:00,3.9
2011-03-31 14:47:00,31.770000000000003
2011-03-31 15:00:00,296.2
2011-03-31 15:02:00,216.12
2011-03-31 15:43:00,276.94
2011-03-31 15:54:00,136.6
2011-03-31 16:40:00,320.16999999999996
2011-03-31 16:41:00,652.52
2011-03-31 16:56:00,490.99
2011-03-31 17:06:00,11.8
2011-03-31 17:12:00,1170.0
2011-03-31 17:17:00,980.41
2011-03-31 17:28:00,269.62
2011-03-31 17:59:00,58.49
2011-03-31 18:05:00,198.20000000000002
2011-03-31 18:49:00,293.45
2011-03-31 19:12:00,423.55
2011-03-31 19:20:00,111.6
2011-03-31 19:42:00,226.85
2011-03-31 19:54:00,102.0
2011-03-31 19:55:00,120.9
2011-04-01 08:22:00,244.79
2011-04-01 08:56:00,364.8
2011-04-01 09:06:00,239.75
2011-04-01 09:19:00,1026.95
2011-04-01 09:21:00,316.90000000000003
2011-04-01 09:25:00,237.89999999999998
2011-04-01 09:56:00,180.09
2011-04-01 10:05:00,257.23
2011-04-01 10:08:00,206.7
2011-04-01 10:10:00,297.12
2011-04-01 10:11:00,557.53
2011-04-01 10:21:00,125.63
2011-04-01 10:23:00,413.88
2011-04-01 10:27:00,127.3
2011-04-01 10:34:00,270.1
2011-04-01 10:43:00,252.61
2011-04-01 11:10:00,252.0
2011-04-01 11:20:00,151.5
2011-04-01 11:28:00,292.85
2011-04-01 11:31:00,386.22
2011-04-01 11:34:00,640.8100000000001
2011-04-01 11:46:00,35.28
2011-04-01 11:47:00,183.04
2011-04-01 11:48:00,307.6
2011-04-01 11:50:00,554.26
2011-04-01 11:51:00,9.96
2011-04-01 11:54:00,201.53
2011-04-01 12:09:00,249.6
2011-04-01 12:10:00,85.0
2011-04-01 12:19:00,1445.6000000000001
2011-04-01 12:21:00,355.20000000000005
2011-04-01 12:22:00,355.20000000000005
2011-04-01 12:24:00,117.4
2011-04-01 12:25:00,1333.79
2011-04-01 12:26:00,87.10000000000001
2011-04-01 12:27:00,538.72
2011-04-01 12:29:00,266.85
2011-04-01 12:41:00,47.7
2011-04-01 12:56:00,577.2
2011-04-01 13:00:00,145.24
2011-04-01 13:01:00,72.0
2011-04-01 13:02:00,396.0
2011-04-01 13:04:00,313.38
2011-04-01 13:20:00,1534.3
2011-04-01 13:21:00,210.0
2011-04-01 13:22:00,490.4
2011-04-01 13:33:00,444.75
2011-04-01 13:34:00,135.0
2011-04-01 13:47:00,661.26
2011-04-01 14:05:00,16.7
2011-04-01 14:07:00,8.8
2011-04-01 14:19:00,464.24
2011-04-01 14:24:00,505.2
2011-04-01 14:28:00,350.0
2011-04-01 14:45:00,1407.19
2011-04-01 14:53:00,193.08
2011-04-01 14:58:00,1260.15
2011-04-01 15:03:00,37.4
2011-04-01 15:13:00,136.8
2011-04-01 15:37:00,206.98
2011-04-01 16:18:00,291.44
2011-04-01 16:49:00,785.5
2011-04-01 16:50:00,828.4
2011-04-03 10:10:00,142.5
2011-04-03 10:49:00,713.8
2011-04-03 10:55:00,259.6
2011-04-03 11:11:00,146.99
2011-04-03 11:36:00,510.86
2011-04-03 11:37:00,163.55
2011-04-03 11:45:00,937.71
2011-04-03 11:47:00,189.12
2011-04-03 11:51:00,231.3
2011-04-03 12:08:00,127.84
2011-04-03 12:41:00,701.65
2011-04-03 12:46:00,280.56
2011-04-03 13:24:00,282.6
2011-04-03 14:24:00,197.69
2011-04-03 14:42:00,670.33
2011-04-03 15:07:00,459.5
2011-04-03 15:22:00,583.79
2011-04-03 15:50:00,273.14
2011-04-04 08:50:00,2183.82
2011-04-04 09:08:00,134.0
2011-04-04 09:38:00,367.74
2011-04-04 09:55:00,903.01
2011-04-04 10:11:00,475.5
2011-04-04 10:16:00,535.34
2011-04-04 10:29:00,583.87
2011-04-04 10:40:00,183.4
2011-04-04 10:52:00,435.56
2011-04-04 11:01:00,432.48
2011-04-04 11:18:00,585.55
2011-04-04 11:28:00,404.54
2011-04-04 11:34:00,599.84
2011-04-04 12:00:00,542.63
2011-04-04 12:05:00,500.35
2011-04-04 12:07:00,313.29
2011-04-04 12:10:00,624.29
2011-04-04 12:11:00,50.0
2011-04-04 12:17:00,300.85
2011-04-04 12:29:00,451.78000000000003
2011-04-04 12:31:00,357.5
2011-04-04 12:34:00,219.94
2011-04-04 12:37:00,483.65
2011-04-04 12:42:00,612.35
2011-04-04 12:44:00,375.45
2011-04-04 12:52:00,357.7
2011-04-04 12:54:00,2298.0
2011-04-04 12:55:00,375.0
2011-04-04 13:03:00,4037.77
2011-04-04 13:04:00,2053.07
2011-04-04 13:26:00,25.09
2011-04-04 13:29:00,264.3
2011-04-04 13:32:00,221.25
2011-04-04 13:38:00,406.4
2011-04-04 13:42:00,304.25
2011-04-04 13:47:00,12.75
2011-04-04 13:57:00,1713.74
2011-04-04 14:00:00,123.59
2011-04-04 14:09:00,328.2
2011-04-04 14:17:00,223.46
2011-04-04 14:28:00,556.77
2011-04-04 14:31:00,130.2
2011-04-04 14:41:00,129.18
2011-04-04 14:42:00,199.48
2011-04-04 15:10:00,214.2
2011-04-04 15:18:00,786.16
2011-04-04 15:35:00,124.15
2011-04-04 16:21:00,297.28000000000003
2011-04-04 16:28:00,158.87
2011-04-04 16:31:00,825.96
2011-04-04 16:36:00,174.46
2011-04-05 08:25:00,505.0
2011-04-05 08:43:00,705.84
2011-04-05 08:51:00,172.8
2011-04-05 09:09:00,155.19000000000003
2011-04-05 09:32:00,463.95
2011-04-05 09:45:00,1136.3
2011-04-05 10:07:00,422.34000000000003
2011-04-05 10:13:00,552.86
2011-04-05 10:18:00,649.32
2011-04-05 10:19:00,493.45
2011-04-05 10:31:00,81.6
2011-04-05 10:40:00,105.0
2011-04-05 10:46:00,427.63
2011-04-05 10:47:00,367.0
2011-04-05 10:58:00,2118.74
2011-04-05 11:01:00,1129.2
2011-04-05 11:03:00,1155.0
2011-04-05 11:29:00,184.84
2011-04-05 11:44:00,355.12
2011-04-05 11:47:00,689.36
2011-04-05 12:08:00,784.45
2011-04-05 12:12:00,382.82
2011-04-05 12:24:00,594.0
2011-04-05 12:30:00,112.69
2011-04-05 12:37:00,561.29
2011-04-05 12:46:00,105.0
2011-04-05 12:50:00,852.87
2011-04-05 13:07:00,346.5
2011-04-05 13:42:00,316.02
2011-04-05 13:48:00,112.49
2011-04-05 13:52:00,838.08
2011-04-05 13:56:00,3599.38
2011-04-05 14:38:00,304.13
2011-04-05 14:51:00,306.89
2011-04-05 15:00:00,226.06
2011-04-05 15:12:00,297.94
2011-04-05 15:20:00,457.63
2011-04-05 15:21:00,374.57
2011-04-05 15:36:00,282.88
2011-04-05 16:13:00,173.23999999999998
2011-04-05 16:23:00,83.4
2011-04-05 16:42:00,260.55
2011-04-05 17:02:00,5424.0
2011-04-06 09:11:00,345.35
2011-04-06 10:07:00,415.81
2011-04-06 10:14:00,113.1
2011-04-06 10:19:00,365.79
2011-04-06 10:20:00,305.78
2011-04-06 10:21:00,312.19
2011-04-06 10:33:00,203.4
2011-04-06 10:40:00,123.1
2011-04-06 10:46:00,198.91000000000003
2011-04-06 11:07:00,225.52
2011-04-06 11:34:00,450.87
2011-04-06 11:43:00,703.5400000000001
2011-04-06 12:05:00,117.6
2011-04-06 12:08:00,46.970000000000006
2011-04-06 12:41:00,1722.02
2011-04-06 12:49:00,554.38
2011-04-06 12:56:00,136.92
2011-04-06 13:18:00,955.99
2011-04-06 13:23:00,319.42
2011-04-06 13:28:00,178.4
2011-04-06 13:33:00,454.12
2011-04-06 14:02:00,301.48
2011-04-06 14:03:00,480.9
2011-04-06 14:13:00,206.21
2011-04-06 14:23:00,1096.33
2011-04-06 14:25:00,305.26
2011-04-06 14:53:00,265.40999999999997
2011-04-06 15:02:00,273.85
2011-04-06 15:07:00,75.9
2011-04-06 15:31:00,187.7
2011-04-06 15:47:00,871.6
2011-04-06 16:47:00,311.6
2011-04-06 17:25:00,72.9
2011-04-07 09:12:00,150.24
2011-04-07 09:16:00,144.95000000000002
2011-04-07 09:35:00,639.82
2011-04-07 09:39:00,270.0
2011-04-07 10:09:00,175.2
2011-04-07 10:10:00,308.12
2011-04-07 10:11:00,229.3
2011-04-07 10:13:00,229.39999999999998
2011-04-07 10:20:00,348.85
2011-04-07 10:24:00,415.7
2011-04-07 10:33:00,356.23
2011-04-07 10:38:00,104.4
2011-04-07 10:43:00,636.25
2011-04-07 10:54:00,326.4
2011-04-07 11:06:00,482.79
2011-04-07 11:12:00,299.48
2011-04-07 11:16:00,548.09
2011-04-07 11:29:00,179.31
2011-04-07 11:30:00,388.77
2011-04-07 11:37:00,364.35
2011-04-07 11:40:00,336.38
2011-04-07 11:41:00,227.18
2011-04-07 11:47:00,144.10000000000002
2011-04-07 11:59:00,117.51
2011-04-07 12:00:00,27.349999999999998
2011-04-07 12:02:00,1072.2
2011-04-07 12:04:00,587.48
2011-04-07 12:10:00,303.04
2011-04-07 12:16:00,189.67
2011-04-07 12:23:00,305.95000000000005
2011-04-07 12:24:00,91.8
2011-04-07 12:29:00,186.46
2011-04-07 12:30:00,329.1
2011-04-07 12:33:00,228.84
2011-04-07 12:34:00,107.07
2011-04-07 12:35:00,580.58
2011-04-07 12:38:00,254.68
2011-04-07 12:39:00,244.5
2011-04-07 12:59:00,358.25000000000006
2011-04-07 13:05:00,312.0
2011-04-07 13:07:00,366.2
2011-04-07 13:09:00,158.54000000000002
2011-04-07 13:11:00,364.8
2011-04-07 13:16:00,339.06
2011-04-07 13:18:00,429.9
2011-04-07 13:19:00,571.3
2011-04-07 13:24:00,192.5
2011-04-07 13:32:00,321.65
2011-04-07 13:37:00,365.4
2011-04-07 13:45:00,102.12
2011-04-07 18:03:00,78.25999999999999
2011-04-07 18:05:00,40.41
2011-04-07 18:09:00,188.13
2011-04-07 19:05:00,252.52
2011-04-07 19:10:00,91.09
2011-04-07 19:16:00,119.35
2011-04-07 19:27:00,197.29999999999998
2011-04-08 07:37:00,394.44
2011-04-08 07:49:00,213.8
2011-04-08 08:20:00,625.05
2011-04-08 08:21:00,768.83
2011-04-08 08:24:00,487.51
2011-04-08 08:25:00,449.64
2011-04-08 08:27:00,239.00000000000003
2011-04-08 08:39:00,301.53000000000003
2011-04-08 08:40:00,152.3
2011-04-08 08:48:00,148.74
2011-04-08 09:08:00,266.4
2011-04-08 09:13:00,136.36
2011-04-08 09:15:00,215.34
2011-04-08 09:20:00,190.82000000000002
2011-04-08 09:25:00,310.05
2011-04-08 09:26:00,112.8
2011-04-08 09:45:00,421.6
2011-04-08 09:54:00,1321.25
2011-04-08 09:58:00,484.95
2011-04-08 10:01:00,247.95
2011-04-08 10:09:00,129.45000000000002
2011-04-08 10:14:00,118.75
2011-04-08 10:19:00,373.27
2011-04-08 10:20:00,230.98000000000002
2011-04-08 10:26:00,320.28
2011-04-08 10:32:00,806.54
2011-04-08 11:21:00,117.6
2011-04-08 11:23:00,174.02
2011-04-08 11:26:00,109.95
2011-04-08 11:28:00,194.7
2011-04-08 11:33:00,483.0
2011-04-08 11:43:00,718.6
2011-04-08 11:44:00,79.80000000000001
2011-04-08 11:50:00,651.6
2011-04-08 11:54:00,337.67
2011-04-08 12:01:00,453.0
2011-04-08 12:06:00,313.5
2011-04-08 12:17:00,1163.75
2011-04-08 12:20:00,115.7
2011-04-08 12:28:00,149.9
2011-04-08 12:30:00,350.76
2011-04-08 12:33:00,481.46000000000004
2011-04-08 12:34:00,83.89
2011-04-08 12:42:00,776.52
2011-04-08 12:43:00,9.9
2011-04-08 12:56:00,435.84
2011-04-08 13:00:00,375.0
2011-04-08 13:01:00,270.0
2011-04-08 13:14:00,314.07
2011-04-08 13:20:00,138.24
2011-04-08 14:07:00,306.18
2011-04-08 14:12:00,304.33000000000004
2011-04-08 14:14:00,318.07
2011-04-08 14:26:00,194.75
2011-04-08 14:27:00,1867.86
2011-04-08 14:39:00,73.5
2011-04-08 15:19:00,817.44
2011-04-08 15:34:00,528.93
2011-04-08 15:35:00,32.65
2011-04-08 15:49:00,431.78000000000003
2011-04-08 17:25:00,32.32
2011-04-10 10:10:00,292.79999999999995
2011-04-10 10:16:00,138.24
2011-04-10 11:11:00,862.8199999999999
2011-04-10 11:14:00,196.25
2011-04-10 11:24:00,705.56
2011-04-10 11:33:00,423.4
2011-04-10 11:35:00,281.01
2011-04-10 11:45:00,157.6
2011-04-10 11:48:00,491.79
2011-04-10 11:58:00,110.97
2011-04-10 12:22:00,147.06
2011-04-10 12:36:00,480.34000000000003
2011-04-10 12:52:00,176.60999999999999
2011-04-10 12:53:00,212.12
2011-04-10 12:59:00,108.42
2011-04-10 13:21:00,167.55
2011-04-10 13:25:00,476.49
2011-04-10 13:26:00,91.74
2011-04-10 13:36:00,239.49
2011-04-10 13:48:00,117.43
2011-04-10 14:02:00,113.61999999999999
2011-04-10 14:16:00,112.55000000000001
2011-04-10 14:27:00,108.55
2011-04-10 15:07:00,259.24
2011-04-10 15:09:00,1456.42
2011-04-10 15:15:00,280.66
2011-04-10 15:19:00,156.22
2011-04-10 15:25:00,560.6700000000001
2011-04-10 15:32:00,191.86
2011-04-10 16:01:00,260.92
2011-04-10 16:02:00,329.05
2011-04-10 16:04:00,172.3
2011-04-11 08:14:00,476.37
2011-04-11 08:16:00,2050.08
2011-04-11 08:49:00,834.6800000000001
2011-04-11 09:18:00,225.61
2011-04-11 09:44:00,151.65
2011-04-11 09:46:00,514.9300000000001
2011-04-11 09:47:00,185.65
2011-04-11 09:54:00,158.4
2011-04-11 10:01:00,475.88
2011-04-11 10:04:00,658.16
2011-04-11 10:09:00,423.0
2011-04-11 10:10:00,841.4999999999999
2011-04-11 10:14:00,310.26
2011-04-11 10:18:00,162.5
2011-04-11 10:25:00,470.4
2011-04-11 10:59:00,903.87
2011-04-11 11:06:00,309.52000000000004
2011-04-11 11:23:00,403.34000000000003
2011-04-11 11:38:00,293.24
2011-04-11 11:40:00,666.32
2011-04-11 11:43:00,274.08
2011-04-11 11:45:00,375.96000000000004
2011-04-11 11:51:00,390.54
2011-04-11 12:13:00,148.0
2011-04-11 12:17:00,134.8
2011-04-11 12:20:00,744.41
2011-04-11 12:21:00,2.55
2011-04-11 12:45:00,141.20000000000002
2011-04-11 12:57:00,435.0
2011-04-11 12:59:00,60.0
2011-04-11 13:02:00,337.08000000000004
2011-04-11 13:19:00,309.88
2011-04-11 13:22:00,269.95
2011-04-11 13:24:00,112.80000000000001
2011-04-11 13:29:00,299.1
2011-04-11 13:40:00,22.650000000000002
2011-04-11 13:41:00,379.5
2011-04-11 13:42:00,183.5
2011-04-11 13:43:00,284.35
2011-04-11 13:45:00,36.2
2011-04-11 13:55:00,153.0
2011-04-11 14:00:00,145.26
2011-04-11 14:07:00,485.31
2011-04-11 14:11:00,282.4
2011-04-11 14:40:00,165.71
2011-04-11 14:43:00,331.58000000000004
2011-04-11 14:56:00,15.0
2011-04-11 15:03:00,252.53
2011-04-11 15:04:00,183.85
2011-04-11 15:25:00,142.84
2011-04-11 15:35:00,254.12
2011-04-11 15:59:00,118.45
2011-04-11 16:15:00,111.75999999999999
2011-04-11 16:17:00,263.41
2011-04-11 16:35:00,217.14
2011-04-11 16:47:00,758.92
2011-04-11 16:56:00,309.51
2011-04-11 17:12:00,532.0
2011-04-12 08:42:00,659.3000000000001
2011-04-12 09:02:00,173.01
2011-04-12 09:03:00,158.8
2011-04-12 09:35:00,308.82
2011-04-12 09:49:00,520.8
2011-04-12 09:53:00,383.65
2011-04-12 10:01:00,720.22
2011-04-12 10:05:00,392.40999999999997
2011-04-12 10:30:00,316.2
2011-04-12 10:33:00,356.75
2011-04-12 10:38:00,2846.02
2011-04-12 10:41:00,614.0
2011-04-12 10:42:00,497.82
2011-04-12 10:45:00,387.7
2011-04-12 10:48:00,113.25
2011-04-12 10:58:00,737.42
2011-04-12 11:01:00,50.0
2011-04-12 11:32:00,314.52
2011-04-12 11:34:00,394.56
2011-04-12 11:36:00,94.2
2011-04-12 11:43:00,421.74
2011-04-12 11:58:00,180.43
2011-04-12 12:00:00,611.91
2011-04-12 12:02:00,199.38
2011-04-12 12:16:00,135.19
2011-04-12 12:47:00,350.57
2011-04-12 12:53:00,440.5
2011-04-12 12:56:00,366.08000000000004
2011-04-12 13:01:00,117.83
2011-04-12 13:10:00,1120.59
2011-04-12 13:19:00,1015.14
2011-04-12 13:20:00,302.4
2011-04-12 13:24:00,1444.66
2011-04-12 13:32:00,180.85
2011-04-12 13:38:00,1311.9
2011-04-12 13:39:00,96.0
2011-04-12 13:45:00,101.8
2011-04-12 13:52:00,3.3
2011-04-12 13:55:00,162.70000000000002
2011-04-12 14:04:00,300.12
2011-04-12 14:17:00,420.46999999999997
2011-04-12 14:22:00,504.27
2011-04-12 14:43:00,362.26
2011-04-12 14:58:00,44.55
2011-04-12 15:08:00,477.91999999999996
2011-04-12 15:23:00,294.66
2011-04-12 15:30:00,614.5
2011-04-12 15:32:00,461.25
2011-04-12 16:17:00,616.0
2011-04-12 16:19:00,337.02
2011-04-12 16:20:00,49.01
2011-04-12 16:28:00,183.64
2011-04-12 16:30:00,313.8
2011-04-12 16:43:00,293.96
2011-04-12 17:12:00,112.75
2011-04-13 08:26:00,446.7
2011-04-13 09:32:00,722.25
2011-04-13 09:39:00,272.54
2011-04-13 09:42:00,145.87
2011-04-13 09:48:00,267.96
2011-04-13 09:52:00,123.2
2011-04-13 09:59:00,193.62
2011-04-13 10:10:00,112.2
2011-04-13 10:12:00,1119.36
2011-04-13 10:14:00,725.76
2011-04-13 10:19:00,3694.36
2011-04-13 10:20:00,324.0
2011-04-13 10:32:00,350.75
2011-04-13 10:40:00,124.8
2011-04-13 11:04:00,370.20000000000005
2011-04-13 11:05:00,110.10000000000001
2011-04-13 11:29:00,514.05
2011-04-13 11:40:00,328.55
2011-04-13 11:42:00,408.0
2011-04-13 11:46:00,334.2
2011-04-13 11:48:00,1357.63
2011-04-13 11:53:00,81.6
2011-04-13 12:04:00,136.20000000000002
2011-04-13 12:09:00,113.01
2011-04-13 12:23:00,240.0
2011-04-13 12:44:00,189.83999999999997
2011-04-13 12:47:00,451.58
2011-04-13 12:57:00,705.48
2011-04-13 13:15:00,1206.29
2011-04-13 13:25:00,172.09
2011-04-13 13:42:00,186.88
2011-04-13 13:45:00,151.55
2011-04-13 13:47:00,775.82
2011-04-13 13:51:00,25.5
2011-04-13 14:12:00,903.6700000000001
2011-04-13 14:17:00,784.94
2011-04-13 14:21:00,490.05
2011-04-13 14:24:00,381.0
2011-04-13 14:25:00,154.8
2011-04-13 14:27:00,408.9
2011-04-13 14:31:00,110.25
2011-04-13 14:38:00,272.86
2011-04-13 14:39:00,106.4
2011-04-13 14:54:00,171.06
2011-04-13 15:00:00,243.69
2011-04-13 15:06:00,31.0
2011-04-13 15:36:00,317.26
2011-04-13 15:49:00,278.76
2011-04-13 15:52:00,505.57
2011-04-13 15:55:00,152.69
2011-04-13 15:57:00,623.5
2011-04-13 15:58:00,1103.73
2011-04-13 16:43:00,431.65
2011-04-13 16:58:00,349.25
2011-04-13 17:31:00,147.3
2011-04-14 08:13:00,348.4
2011-04-14 08:14:00,516.0
2011-04-14 08:26:00,349.44
2011-04-14 08:27:00,41.6
2011-04-14 08:32:00,1056.3600000000001
2011-04-14 08:45:00,375.35999999999996
2011-04-14 08:46:00,183.60000000000002
2011-04-14 08:49:00,498.16
2011-04-14 09:09:00,770.65
2011-04-14 09:18:00,582.72
2011-04-14 09:28:00,387.29
2011-04-14 09:30:00,68.0
2011-04-14 09:43:00,127.07000000000001
2011-04-14 09:56:00,279.18
2011-04-14 09:58:00,310.0
2011-04-14 10:10:00,239.84
2011-04-14 10:13:00,527.0
2011-04-14 10:17:00,294.04
2011-04-14 10:54:00,1748.0600000000002
2011-04-14 11:07:00,569.2
2011-04-14 11:19:00,146.0
2011-04-14 11:28:00,42.9
2011-04-14 11:32:00,642.0
2011-04-14 11:39:00,56.86
2011-04-14 11:45:00,193.96
2011-04-14 11:48:00,1500.92
2011-04-14 12:00:00,593.65
2011-04-14 12:01:00,129.09
2011-04-14 12:12:00,437.56
2011-04-14 12:31:00,228.42
2011-04-14 12:35:00,278.5
2011-04-14 12:38:00,147.6
2011-04-14 12:39:00,1488.0
2011-04-14 12:41:00,328.1
2011-04-14 12:42:00,444.63
2011-04-14 12:43:00,129.5
2011-04-14 13:17:00,1137.8300000000002
2011-04-14 13:27:00,108.03999999999999
2011-04-14 13:33:00,224.73
2011-04-14 13:50:00,814.83
2011-04-14 13:52:00,1220.4
2011-04-14 13:56:00,301.8
2011-04-14 13:59:00,2221.02
2011-04-14 14:02:00,160.67000000000002
2011-04-14 14:14:00,297.16
2011-04-14 14:15:00,669.2
2011-04-14 14:36:00,205.8
2011-04-14 14:37:00,330.34
2011-04-14 14:39:00,59.400000000000006
2011-04-14 14:41:00,140.25
2011-04-14 14:43:00,162.23000000000002
2011-04-14 14:45:00,103.25
2011-04-14 14:54:00,183.3
2011-04-14 15:02:00,501.11999999999995
2011-04-14 15:26:00,128.25
2011-04-14 15:39:00,896.67
2011-04-14 15:46:00,1811.5800000000002
2011-04-14 15:58:00,419.74
2011-04-14 16:23:00,168.54000000000002
2011-04-14 16:26:00,925.88
2011-04-14 16:31:00,301.42
2011-04-14 16:38:00,328.15999999999997
2011-04-14 16:41:00,238.1
2011-04-14 16:58:00,186.5
2011-04-14 17:25:00,444.82
2011-04-14 17:29:00,195.68
2011-04-14 17:33:00,411.87
2011-04-14 17:44:00,331.28000000000003
2011-04-14 17:58:00,1266.23
2011-04-14 18:02:00,116.00999999999999
2011-04-14 18:22:00,579.0
2011-04-14 18:28:00,504.3
2011-04-14 18:40:00,258.75
2011-04-14 18:57:00,669.25
2011-04-14 19:15:00,233.12
2011-04-14 19:16:00,139.05
2011-04-14 19:59:00,227.5
2011-04-15 08:45:00,306.2
2011-04-15 09:27:00,2042.761
2011-04-15 09:43:00,300.25
2011-04-15 10:09:00,420.98
2011-04-15 10:14:00,39.6
2011-04-15 10:19:00,30.6
2011-04-15 10:20:00,397.5
2011-04-15 10:21:00,64.2
2011-04-15 10:25:00,1143.6
2011-04-15 10:27:00,760.1
2011-04-15 11:06:00,146.0
2011-04-15 11:15:00,354.84000000000003
2011-04-15 11:31:00,65.28
2011-04-15 11:36:00,224.14000000000001
2011-04-15 11:44:00,299.82
2011-04-15 11:47:00,190.98000000000002
2011-04-15 12:05:00,339.2
2011-04-15 12:10:00,81.4
2011-04-15 12:14:00,1612.83
2011-04-15 12:23:00,344.40000000000003
2011-04-15 12:35:00,278.22
2011-04-15 12:48:00,763.66
2011-04-15 13:16:00,721.5500000000001
2011-04-15 13:31:00,445.81
2011-04-15 13:48:00,219.0
2011-04-15 13:56:00,141.68
2011-04-15 14:05:00,639.48
2011-04-15 14:10:00,142.16
2011-04-15 14:14:00,668.6
2011-04-15 14:15:00,138.79000000000002
2011-04-15 14:21:00,167.55
2011-04-15 14:32:00,291.63
2011-04-15 14:45:00,328.15
2011-04-15 15:17:00,165.9
2011-04-15 15:31:00,58.85
2011-04-15 15:54:00,172.72
2011-04-15 15:58:00,321.83
2011-04-15 16:11:00,223.42000000000002
2011-04-15 16:46:00,2945.5
2011-04-17 10:15:00,323.25
2011-04-17 10:17:00,446.74
2011-04-17 10:21:00,232.48000000000002
2011-04-17 10:27:00,729.3100000000001
2011-04-17 10:56:00,308.64
2011-04-17 10:57:00,358.0
2011-04-17 10:59:00,83.4
2011-04-17 11:04:00,1002.02
2011-04-17 11:18:00,364.32
2011-04-17 11:21:00,545.57
2011-04-17 11:30:00,218.55
2011-04-17 11:44:00,314.84000000000003
2011-04-17 11:45:00,314.45
2011-04-17 11:56:00,346.4
2011-04-17 12:25:00,143.69
2011-04-17 12:37:00,488.01
2011-04-17 12:38:00,236.07
2011-04-17 12:49:00,121.63
2011-04-17 12:53:00,150.07
2011-04-17 12:57:00,856.63
2011-04-17 13:02:00,302.92
2011-04-17 13:04:00,302.85
2011-04-17 13:05:00,140.55
2011-04-17 13:07:00,539.8100000000001
2011-04-17 13:18:00,175.27
2011-04-17 13:20:00,303.49
2011-04-17 13:27:00,63.36
2011-04-17 13:43:00,281.46
2011-04-17 13:53:00,226.84
2011-04-17 14:05:00,258.85
2011-04-17 14:06:00,197.35000000000002
2011-04-17 14:09:00,459.18
2011-04-17 14:36:00,118.85
2011-04-17 14:55:00,246.74
2011-04-17 15:29:00,2.1
2011-04-17 15:33:00,84.65
2011-04-17 15:40:00,338.95
2011-04-17 15:53:00,436.78
2011-04-17 15:55:00,391.67
2011-04-17 15:56:00,174.6
2011-04-18 09:00:00,2949.12
2011-04-18 09:06:00,51.0
2011-04-18 09:31:00,308.20000000000005
2011-04-18 09:33:00,282.94
2011-04-18 09:38:00,406.48
2011-04-18 10:04:00,837.97
2011-04-18 10:20:00,184.48
2011-04-18 10:21:00,223.17000000000002
2011-04-18 10:28:00,222.75
2011-04-18 10:35:00,151.85
2011-04-18 10:41:00,366.48
2011-04-18 10:55:00,394.83000000000004
2011-04-18 11:10:00,840.24
2011-04-18 11:13:00,635.0
2011-04-18 11:29:00,152.2
2011-04-18 11:45:00,34.0
2011-04-18 11:53:00,207.24
2011-04-18 11:59:00,501.84000000000003
2011-04-18 12:14:00,192.33
2011-04-18 12:16:00,712.24
2011-04-18 12:17:00,458.25
2011-04-18 12:25:00,269.65999999999997
2011-04-18 12:36:00,899.37
2011-04-18 12:42:00,20.85
2011-04-18 12:45:00,304.05
2011-04-18 12:47:00,90.0
2011-04-18 12:56:00,169.47
2011-04-18 12:58:00,130.8
2011-04-18 13:12:00,1231.6000000000001
2011-04-18 13:17:00,185.74
2011-04-18 13:20:00,21535.9
2011-04-18 13:22:00,198.0
2011-04-18 13:30:00,484.25
2011-04-18 13:31:00,121.25000000000001
2011-04-18 13:36:00,247.39
2011-04-18 13:43:00,405.16
2011-04-18 13:46:00,178.41
2011-04-18 13:54:00,192.68
2011-04-18 14:00:00,122.03999999999999
2011-04-18 14:01:00,1683.58
2011-04-18 14:05:00,192.26
2011-04-18 14:08:00,164.75
2011-04-18 14:12:00,42.400000000000006
2011-04-18 14:21:00,200.32000000000002
2011-04-18 14:27:00,273.71
2011-04-18 14:32:00,298.3
2011-04-18 14:37:00,19.8
2011-04-18 14:44:00,187.75
2011-04-18 14:50:00,1025.76
2011-04-18 15:00:00,202.88
2011-04-18 15:08:00,408.0
2011-04-18 15:14:00,99.45
2011-04-18 15:31:00,311.42
2011-04-18 15:43:00,274.45
2011-04-18 16:31:00,386.9
2011-04-18 16:37:00,375.31
2011-04-18 16:49:00,320.58
2011-04-18 17:29:00,214.97
2011-04-18 17:32:00,89.55
2011-04-19 08:17:00,614.02
2011-04-19 08:55:00,360.65000000000003
2011-04-19 09:31:00,516.28
2011-04-19 09:43:00,309.56
2011-04-19 09:49:00,424.64
2011-04-19 10:04:00,429.57
2011-04-19 10:08:00,653.11
2011-04-19 10:19:00,480.27
2011-04-19 10:40:00,347.49
2011-04-19 10:48:00,1411.67
2011-04-19 10:49:00,188.87
2011-04-19 10:59:00,35.400000000000006
2011-04-19 11:02:00,117.14
2011-04-19 11:19:00,155.6
2011-04-19 11:27:00,144.35
2011-04-19 11:46:00,142.2
2011-04-19 11:52:00,319.48
2011-04-19 12:08:00,255.04000000000002
2011-04-19 12:17:00,232.22
2011-04-19 12:19:00,970.2
2011-04-19 12:22:00,89.55
2011-04-19 12:26:00,922.3
2011-04-19 12:41:00,293.92
2011-04-19 12:59:00,354.78000000000003
2011-04-19 13:03:00,376.0
2011-04-19 13:09:00,367.62
2011-04-19 13:21:00,150.3
2011-04-19 13:39:00,777.25
2011-04-19 13:41:00,167.21
2011-04-19 13:49:00,935.15
2011-04-19 13:56:00,132.9
2011-04-19 13:57:00,109.04
2011-04-19 14:02:00,425.68
2011-04-19 14:23:00,185.08
2011-04-19 14:36:00,447.52000000000004
2011-04-19 14:37:00,101.19
2011-04-19 14:48:00,169.36
2011-04-19 14:49:00,1507.67
2011-04-19 14:51:00,409.40000000000003
2011-04-19 14:56:00,121.36
2011-04-19 14:57:00,300.09000000000003
2011-04-19 15:02:00,27.299999999999997
2011-04-19 15:20:00,423.36
2011-04-19 15:39:00,397.14
2011-04-19 15:46:00,314.51
2011-04-19 16:14:00,32.8
2011-04-19 16:19:00,383.95
2011-04-19 16:30:00,11.25
2011-04-19 16:31:00,146.65
2011-04-19 16:37:00,25.5
2011-04-19 16:52:00,484.1
2011-04-19 17:19:00,113.5
2011-04-20 08:07:00,409.94
2011-04-20 08:24:00,302.56
2011-04-20 09:01:00,426.24
2011-04-20 09:02:00,347.17
2011-04-20 09:03:00,67.5
2011-04-20 09:20:00,541.2
2011-04-20 09:29:00,544.26
2011-04-20 09:30:00,36.0
2011-04-20 09:31:00,417.6
2011-04-20 09:35:00,469.19
2011-04-20 09:48:00,2016.0
2011-04-20 10:04:00,214.98000000000002
2011-04-20 10:10:00,179.0
2011-04-20 10:28:00,379.0
2011-04-20 10:29:00,244.8
2011-04-20 10:39:00,267.70000000000005
2011-04-20 10:48:00,308.55
2011-04-20 11:05:00,3108.64
2011-04-20 11:06:00,2047.66
2011-04-20 11:11:00,12.5
2011-04-20 11:12:00,478.2
2011-04-20 11:19:00,115.43
2011-04-20 11:45:00,351.45000000000005
2011-04-20 11:57:00,596.9999999999999
2011-04-20 12:01:00,103.3
2011-04-20 12:02:00,157.2
2011-04-20 12:26:00,103.15
2011-04-20 12:28:00,204.46
2011-04-20 12:30:00,234.25
2011-04-20 12:32:00,301.68
2011-04-20 12:44:00,712.64
2011-04-20 12:56:00,212.19
2011-04-20 13:13:00,74.7
2011-04-20 13:15:00,395.78999999999996
2011-04-20 13:18:00,1639.46
2011-04-20 13:19:00,140.85
2011-04-20 13:35:00,307.15999999999997
2011-04-20 13:36:00,1905.47
2011-04-20 13:43:00,460.94
2011-04-20 13:55:00,232.9
2011-04-20 13:58:00,454.24
2011-04-20 13:59:00,370.68
2011-04-20 14:02:00,267.03
2011-04-20 14:06:00,60.0
2011-04-20 14:38:00,128.41
2011-04-20 14:40:00,54.72
2011-04-20 14:41:00,290.4
2011-04-20 14:46:00,310.02
2011-04-20 15:04:00,212.5
2011-04-20 15:21:00,307.46
2011-04-20 15:25:00,224.5
2011-04-20 15:32:00,329.24
2011-04-20 15:38:00,548.4300000000001
2011-04-20 15:44:00,268.68
2011-04-20 16:04:00,119.1
2011-04-20 17:00:00,132.03
2011-04-20 17:10:00,141.49
2011-04-20 17:37:00,428.15999999999997
2011-04-21 08:43:00,341.58
2011-04-21 08:54:00,73.5
2011-04-21 09:26:00,1007.9
2011-04-21 09:36:00,2210.05
2011-04-21 10:00:00,8.25
2011-04-21 10:12:00,284.76
2011-04-21 10:16:00,633.05
2011-04-21 10:19:00,403.9
2011-04-21 10:29:00,345.35
2011-04-21 10:31:00,397.20000000000005
2011-04-21 10:48:00,24.75
2011-04-21 10:51:00,162.02
2011-04-21 10:52:00,790.02
2011-04-21 10:55:00,572.25
2011-04-21 11:03:00,199.75
2011-04-21 11:31:00,121.11
2011-04-21 11:59:00,335.0
2011-04-21 12:00:00,526.5
2011-04-21 12:07:00,1009.69
2011-04-21 12:11:00,682.38
2011-04-21 12:12:00,257.89
2011-04-21 12:34:00,1368.1599999999999
2011-04-21 12:35:00,306.5
2011-04-21 13:11:00,1079.4
2011-04-21 13:17:00,313.65
2011-04-21 13:22:00,302.55
2011-04-21 13:29:00,1701.5
2011-04-21 13:30:00,133.59
2011-04-21 13:39:00,139.35
2011-04-21 13:40:00,721.4399999999999
2011-04-21 14:03:00,335.5
2011-04-21 14:06:00,19.5
2011-04-21 14:07:00,110.10000000000001
2011-04-21 14:21:00,597.82
2011-04-21 14:30:00,147.45
2011-04-21 14:33:00,642.0
2011-04-21 14:37:00,237.25
2011-04-21 15:15:00,622.0000000000001
2011-04-21 15:16:00,333.48
2011-04-21 15:25:00,385.69000000000005
2011-04-21 15:26:00,615.0
2011-04-21 15:46:00,400.64
2011-04-21 15:51:00,289.1
2011-04-21 15:52:00,202.5
2011-04-21 16:01:00,8.97
2011-04-21 16:26:00,318.78000000000003
2011-04-21 16:37:00,613.14
2011-04-21 16:39:00,180.1
2011-04-21 16:48:00,504.9
2011-04-21 16:53:00,118.7
2011-04-21 16:58:00,47.4
2011-04-21 16:59:00,727.78
2011-04-21 17:03:00,184.64000000000001
2011-04-21 17:05:00,99.63
2011-04-21 17:06:00,875.79
2011-04-21 17:10:00,173.46
2011-04-21 17:31:00,305.43
2011-04-21 18:10:00,309.0
2011-04-21 18:22:00,251.79
2011-04-21 18:31:00,447.6
2011-04-21 18:59:00,153.84
2011-04-21 19:05:00,126.32
2011-04-21 19:51:00,476.8
2011-04-21 19:55:00,455.90000000000003
2011-04-26 08:33:00,451.6
2011-04-26 08:57:00,314.92
2011-04-26 09:04:00,488.01
2011-04-26 09:12:00,448.5
2011-04-26 09:15:00,159.2
2011-04-26 09:31:00,564.5
2011-04-26 09:37:00,413.46
2011-04-26 09:44:00,339.93
2011-04-26 10:23:00,187.05
2011-04-26 10:54:00,191.4
2011-04-26 11:04:00,1932.24
2011-04-26 11:09:00,765.85
2011-04-26 11:25:00,326.4
2011-04-26 11:30:00,308.73
2011-04-26 11:32:00,354.26
2011-04-26 11:34:00,632.74
2011-04-26 11:44:00,437.98
2011-04-26 11:51:00,765.73
2011-04-26 11:59:00,275.34000000000003
2011-04-26 12:07:00,110.52
2011-04-26 12:08:00,352.23
2011-04-26 12:12:00,2.1
2011-04-26 12:16:00,884.4
2011-04-26 12:29:00,535.97
2011-04-26 12:31:00,395.75
2011-04-26 12:47:00,640.23
2011-04-26 13:00:00,708.6000000000001
2011-04-26 13:02:00,604.73
2011-04-26 13:04:00,7.25
2011-04-26 13:05:00,671.87
2011-04-26 13:06:00,38.16
2011-04-26 13:12:00,22.5
2011-04-26 13:22:00,426.40000000000003
2011-04-26 13:25:00,103.3
2011-04-26 13:36:00,76.32000000000001
2011-04-26 13:37:00,107.1
2011-04-26 13:45:00,59.0
2011-04-26 14:07:00,305.46000000000004
2011-04-26 14:12:00,1265.4
2011-04-26 14:19:00,231.31
2011-04-26 14:37:00,159.1
2011-04-26 14:38:00,134.4
2011-04-26 14:47:00,362.61
2011-04-26 15:00:00,358.38
2011-04-26 15:02:00,147.6
2011-04-26 15:04:00,938.9200000000001
2011-04-26 15:26:00,319.27000000000004
2011-04-26 15:45:00,339.24
2011-04-26 15:52:00,160.54000000000002
2011-04-26 15:56:00,20.4
2011-04-26 15:58:00,81.6
2011-04-26 16:01:00,918.0
2011-04-26 16:40:00,301.8
2011-04-26 16:45:00,276.8
2011-04-26 16:53:00,111.76
2011-04-27 08:17:00,600.8999999999999
2011-04-27 08:43:00,107.28
2011-04-27 08:59:00,169.5
2011-04-27 09:03:00,305.28
2011-04-27 09:21:00,330.0
2011-04-27 10:01:00,25.2
2011-04-27 10:02:00,362.9
2011-04-27 10:03:00,312.6
2011-04-27 10:04:00,870.0
2011-04-27 10:52:00,816.0
2011-04-27 10:54:00,414.12
2011-04-27 11:05:00,228.15
2011-04-27 11:12:00,114.84
2011-04-27 11:26:00,514.08
2011-04-27 11:30:00,373.44
2011-04-27 11:32:00,13.500000000000002
2011-04-27 11:33:00,122.4
2011-04-27 11:40:00,443.25
2011-04-27 11:41:00,167.92
2011-04-27 11:47:00,476.4
2011-04-27 11:56:00,316.85
2011-04-27 12:00:00,261.24
2011-04-27 12:02:00,1209.8
2011-04-27 12:04:00,1642.5
2011-04-27 12:05:00,117.66
2011-04-27 12:08:00,201.19
2011-04-27 12:21:00,854.07
2011-04-27 12:35:00,511.68
2011-04-27 12:39:00,203.95
2011-04-27 12:49:00,29.880000000000003
2011-04-27 12:50:00,665.52
2011-04-27 12:57:00,414.24
2011-04-27 13:03:00,506.38
2011-04-27 13:06:00,628.16
2011-04-27 13:13:00,323.0
2011-04-27 13:19:00,172.79999999999998
2011-04-27 13:31:00,215.84
2011-04-27 13:44:00,223.33
2011-04-27 14:01:00,592.41
2011-04-27 14:05:00,253.94
2011-04-27 14:16:00,397.02
2011-04-27 14:17:00,47.2
2011-04-27 14:18:00,720.92
2011-04-27 14:25:00,207.50000000000003
2011-04-27 14:26:00,1502.78
2011-04-27 14:27:00,431.74
2011-04-27 14:28:00,428.64000000000004
2011-04-27 14:43:00,154.66
2011-04-27 14:48:00,15.0
2011-04-27 14:49:00,1007.4
2011-04-27 14:58:00,337.36
2011-04-27 15:07:00,1292.96
2011-04-27 15:08:00,304.16
2011-04-27 16:23:00,450.45000000000005
2011-04-27 16:39:00,5.9
2011-04-27 16:54:00,145.91
2011-04-27 17:03:00,5.11
2011-04-28 07:52:00,459.45000000000005
2011-04-28 08:34:00,318.3
2011-04-28 08:57:00,200.20000000000002
2011-04-28 09:02:00,433.70000000000005
2011-04-28 09:03:00,692.36
2011-04-28 09:12:00,495.24
2011-04-28 09:20:00,354.34999999999997
2011-04-28 10:03:00,371.4
2011-04-28 10:15:00,438.0
2011-04-28 10:20:00,4694.18
2011-04-28 10:54:00,119.9
2011-04-28 11:31:00,454.90000000000003
2011-04-28 11:38:00,390.85
2011-04-28 11:40:00,226.85000000000002
2011-04-28 11:45:00,209.10000000000002
2011-04-28 12:03:00,259.45
2011-04-28 12:06:00,385.2
2011-04-28 12:07:00,160.95
2011-04-28 12:22:00,654.6
2011-04-28 12:47:00,112.32000000000001
2011-04-28 12:49:00,430.38
2011-04-28 12:55:00,232.65000000000003
2011-04-28 13:09:00,436.3
2011-04-28 13:17:00,371.29
2011-04-28 13:18:00,593.16
2011-04-28 13:23:00,6.0
2011-04-28 13:31:00,207.05
2011-04-28 13:33:00,314.22
2011-04-28 13:35:00,1537.2
2011-04-28 13:36:00,78.6
2011-04-28 13:39:00,23.8
2011-04-28 13:41:00,547.27
2011-04-28 13:50:00,107.21
2011-04-28 13:51:00,400.0
2011-04-28 14:00:00,385.5
2011-04-28 14:04:00,82.5
2011-04-28 14:34:00,16.95
2011-04-28 14:39:00,440.0
2011-04-28 14:56:00,142.52
2011-04-28 14:59:00,305.56
2011-04-28 15:13:00,374.02
2011-04-28 15:23:00,453.2
2011-04-28 15:26:00,327.71999999999997
2011-04-28 15:29:00,171.98
2011-04-28 15:58:00,87.45
2011-04-28 16:11:00,331.18
2011-04-28 16:20:00,286.88
2011-04-28 16:23:00,15.27
2011-04-28 16:39:00,112.96000000000001
2011-04-28 16:40:00,272.17
2011-04-28 16:53:00,354.72
2011-04-28 18:11:00,340.72
2011-04-28 19:53:00,94.45
2011-05-01 10:51:00,320.88
2011-05-01 11:10:00,796.26
2011-05-01 11:14:00,204.24
2011-05-01 11:36:00,443.85
2011-05-01 11:50:00,383.45
2011-05-01 11:55:00,153.86
2011-05-01 12:09:00,53.1
2011-05-01 12:35:00,477.09
2011-05-01 12:37:00,439.85
2011-05-01 12:41:00,388.21000000000004
2011-05-01 12:54:00,116.09
2011-05-01 13:18:00,1094.33
2011-05-01 13:26:00,2.1
2011-05-01 13:45:00,642.37
2011-05-01 14:17:00,313.26
2011-05-01 14:58:00,164.86
2011-05-01 14:59:00,810.56
2011-05-01 15:33:00,153.75
2011-05-03 08:40:00,528.88
2011-05-03 09:05:00,306.5
2011-05-03 09:26:00,134.8
2011-05-03 09:33:00,692.84
2011-05-03 09:34:00,341.02
2011-05-03 09:44:00,446.62
2011-05-03 09:46:00,248.25
2011-05-03 09:47:00,40.35
2011-05-03 10:09:00,36.0
2011-05-03 10:25:00,108.87
2011-05-03 10:30:00,150.32
2011-05-03 10:41:00,315.51
2011-05-03 10:42:00,612.16
2011-05-03 10:43:00,820.74
2011-05-03 10:49:00,306.82
2011-05-03 10:51:00,159.36
2011-05-03 10:55:00,1102.86
2011-05-03 10:56:00,534.65
2011-05-03 11:11:00,609.5
2011-05-03 11:19:00,21.6
2011-05-03 11:22:00,450.52
2011-05-03 11:33:00,204.00000000000003
2011-05-03 11:34:00,780.19
2011-05-03 11:40:00,155.55
2011-05-03 11:41:00,489.6
2011-05-03 11:42:00,626.1
2011-05-03 11:44:00,214.15
2011-05-03 11:59:00,62.279999999999994
2011-05-03 12:02:00,1313.2
2011-05-03 12:03:00,691.44
2011-05-03 12:04:00,195.1
2011-05-03 12:07:00,115.95
2011-05-03 12:10:00,619.2
2011-05-03 12:12:00,545.01
2011-05-03 12:13:00,481.64
2011-05-03 12:16:00,106.66
2011-05-03 12:17:00,63.910000000000004
2011-05-03 12:24:00,311.13
2011-05-03 12:35:00,374.0
2011-05-03 12:53:00,463.66
2011-05-03 13:22:00,309.35
2011-05-03 13:31:00,299.81
2011-05-03 13:36:00,303.61
2011-05-03 13:39:00,797.26
2011-05-03 13:46:00,8142.75
2011-05-03 13:52:00,1132.95
2011-05-03 14:16:00,494.84999999999997
2011-05-03 15:12:00,275.93
2011-05-03 15:15:00,169.13
2011-05-03 15:23:00,337.38
2011-05-03 15:59:00,257.86
2011-05-03 16:35:00,76.65
2011-05-03 16:49:00,288.75
2011-05-03 17:12:00,209.99
2011-05-04 08:15:00,565.0
2011-05-04 08:17:00,593.52
2011-05-04 08:40:00,688.35
2011-05-04 08:51:00,133.6
2011-05-04 08:52:00,20.8
2011-05-04 09:52:00,306.36
2011-05-04 09:57:00,424.42
2011-05-04 10:15:00,779.61
2011-05-04 10:47:00,534.24
2011-05-04 10:58:00,139.84
2011-05-04 11:00:00,2805.2799999999997
2011-05-04 11:12:00,109.38
2011-05-04 11:21:00,775.0
2011-05-04 11:23:00,243.69
2011-05-04 11:26:00,476.29
2011-05-04 11:32:00,3797.4100000000003
2011-05-04 11:37:00,756.73
2011-05-04 11:39:00,319.74
2011-05-04 11:43:00,224.78000000000003
2011-05-04 11:45:00,95.8
2011-05-04 11:46:00,77.1
2011-05-04 11:50:00,435.9
2011-05-04 11:57:00,238.74
2011-05-04 11:58:00,364.18
2011-05-04 12:11:00,429.6
2011-05-04 12:20:00,270.02
2011-05-04 12:26:00,159.20000000000002
2011-05-04 12:29:00,261.95
2011-05-04 12:32:00,506.6
2011-05-04 12:33:00,8.4
2011-05-04 13:11:00,9.36
2011-05-04 13:12:00,500.09
2011-05-04 13:13:00,75.66
2011-05-04 13:17:00,411.54
2011-05-04 13:22:00,203.86999999999998
2011-05-04 13:34:00,453.02
2011-05-04 13:36:00,1030.7
2011-05-04 13:52:00,223.22
2011-05-04 13:57:00,252.1
2011-05-04 14:03:00,131.18
2011-05-04 14:11:00,419.0
2011-05-04 14:33:00,1334.93
2011-05-04 14:43:00,997.5
2011-05-04 14:52:00,278.40000000000003
2011-05-04 14:55:00,302.88
2011-05-04 15:08:00,814.71
2011-05-04 15:25:00,312.72
2011-05-04 15:33:00,454.91
2011-05-04 15:37:00,230.03
2011-05-04 15:41:00,110.64
2011-05-04 16:07:00,227.64999999999998
2011-05-04 16:29:00,1380.1100000000001
2011-05-04 16:36:00,413.16
2011-05-04 16:51:00,194.3
2011-05-04 17:19:00,206.6
2011-05-05 07:37:00,385.14
2011-05-05 08:16:00,484.12000000000006
2011-05-05 08:18:00,313.4
2011-05-05 08:30:00,179.0
2011-05-05 08:32:00,119.7
2011-05-05 08:33:00,311.29999999999995
2011-05-05 09:05:00,303.82
2011-05-05 09:11:00,346.08
2011-05-05 09:13:00,108.95
2011-05-05 09:15:00,306.72
2011-05-05 09:17:00,296.88
2011-05-05 09:18:00,378.24
2011-05-05 09:23:00,129.18
2011-05-05 09:29:00,287.0
2011-05-05 09:34:00,306.72
2011-05-05 09:44:00,134.7
2011-05-05 09:53:00,186.86
2011-05-05 10:07:00,464.3
2011-05-05 10:20:00,64.95
2011-05-05 10:22:00,89.4
2011-05-05 10:29:00,170.96
2011-05-05 10:31:00,81.10000000000001
2011-05-05 10:49:00,99.6
2011-05-05 10:51:00,116.95
2011-05-05 11:08:00,110.38
2011-05-05 11:09:00,15.0
2011-05-05 11:18:00,307.0
2011-05-05 11:38:00,361.82
2011-05-05 11:46:00,633.0
2011-05-05 11:47:00,494.7
2011-05-05 11:53:00,593.72
2011-05-05 12:13:00,425.4
2011-05-05 12:22:00,599.45
2011-05-05 12:24:00,303.54
2011-05-05 12:37:00,263.24
2011-05-05 12:38:00,579.34
2011-05-05 12:39:00,386.5
2011-05-05 12:40:00,123.75
2011-05-05 12:52:00,305.9
2011-05-05 13:14:00,364.47
2011-05-05 13:19:00,208.36
2011-05-05 13:29:00,809.4
2011-05-05 13:34:00,225.6
2011-05-05 13:43:00,292.11
2011-05-05 13:44:00,185.39999999999998
2011-05-05 13:46:00,109.25
2011-05-05 13:53:00,897.6
2011-05-05 13:56:00,1031.59
2011-05-05 14:32:00,562.29
2011-05-05 14:37:00,281.66
2011-05-05 14:38:00,149.97
2011-05-05 14:41:00,229.56
2011-05-05 14:55:00,250.47
2011-05-05 15:08:00,154.8
2011-05-05 15:12:00,265.2
2011-05-05 15:13:00,68.0
2011-05-05 15:29:00,89.4
2011-05-05 15:31:00,442.96000000000004
2011-05-05 15:39:00,99.21
2011-05-05 15:42:00,437.52000000000004
2011-05-05 15:44:00,352.26
2011-05-05 15:48:00,258.6
2011-05-05 16:31:00,147.44
2011-05-05 16:34:00,622.47
2011-05-05 16:56:00,310.78
2011-05-05 17:13:00,311.2
2011-05-05 17:26:00,292.42
2011-05-05 17:28:00,138.85
2011-05-05 17:34:00,2388.31
2011-05-05 17:42:00,217.8
2011-05-05 17:59:00,400.3
2011-05-05 18:04:00,378.95
2011-05-05 18:06:00,108.0
2011-05-05 18:09:00,64.06
2011-05-05 18:16:00,67.95
2011-05-05 18:36:00,214.56
2011-05-05 18:38:00,143.45999999999998
2011-05-05 19:16:00,211.15
2011-05-05 19:48:00,240.6
2011-05-06 08:08:00,3869.18
2011-05-06 08:10:00,4655.85
2011-05-06 08:19:00,522.6
2011-05-06 08:25:00,105.9
2011-05-06 09:00:00,1208.31
2011-05-06 09:14:00,449.42
2011-05-06 09:22:00,365.83
2011-05-06 09:44:00,370.77
2011-05-06 10:00:00,519.0
2011-05-06 10:10:00,415.02
2011-05-06 10:16:00,186.9
2011-05-06 10:19:00,353.06
2011-05-06 10:32:00,327.96000000000004
2011-05-06 10:33:00,356.40000000000003
2011-05-06 10:34:00,251.75
2011-05-06 10:36:00,647.75
2011-05-06 10:37:00,140.57999999999998
2011-05-06 10:39:00,76.32000000000001
2011-05-06 10:43:00,1264.0800000000002
2011-05-06 10:45:00,95.56
2011-05-06 11:05:00,118.3
2011-05-06 11:20:00,190.54
2011-05-06 11:26:00,300.4
2011-05-06 11:27:00,404.40000000000003
2011-05-06 11:36:00,289.82
2011-05-06 11:40:00,261.36
2011-05-06 11:47:00,59.9
2011-05-06 11:50:00,550.12
2011-05-06 11:51:00,19.92
2011-05-06 11:55:00,162.24
2011-05-06 12:00:00,700.6
2011-05-06 12:21:00,371.96
2011-05-06 12:23:00,93.75
2011-05-06 12:28:00,226.9
2011-05-06 12:44:00,115.15
2011-05-06 12:53:00,216.3
2011-05-06 13:01:00,1128.6
2011-05-06 13:03:00,640.0
2011-05-06 13:07:00,15.6
2011-05-06 13:25:00,127.38
2011-05-06 13:31:00,116.49000000000001
2011-05-06 13:35:00,430.46000000000004
2011-05-06 13:36:00,1484.4
2011-05-06 13:38:00,195.14999999999998
2011-05-06 13:43:00,336.08
2011-05-06 13:52:00,464.01
2011-05-06 13:53:00,483.02
2011-05-06 14:01:00,381.08
2011-05-06 14:04:00,10.08
2011-05-06 14:12:00,58.9
2011-05-06 14:16:00,315.66
2011-05-06 14:22:00,243.51999999999998
2011-05-06 14:25:00,204.29999999999998
2011-05-06 14:32:00,349.63
2011-05-06 14:47:00,90.12
2011-05-06 14:51:00,165.85000000000002
2011-05-06 15:01:00,246.07999999999998
2011-05-06 15:13:00,304.21
2011-05-06 15:47:00,628.85
2011-05-06 15:54:00,112.05
2011-05-06 16:17:00,313.3
2011-05-06 16:29:00,529.7
2011-05-06 16:48:00,185.31
2011-05-06 16:54:00,367.52
2011-05-06 17:04:00,199.85000000000002
2011-05-06 19:22:00,62.67999999999999
2011-05-06 19:37:00,84.07
2011-05-06 19:39:00,29.89
2011-05-06 19:42:00,108.87
2011-05-06 19:44:00,19.720000000000002
2011-05-06 19:48:00,21.39
2011-05-06 19:49:00,7.15
2011-05-06 19:53:00,35.97
2011-05-06 19:55:00,3.3
2011-05-06 20:00:00,19.19
2011-05-08 10:11:00,251.75
2011-05-08 10:20:00,187.98000000000002
2011-05-08 10:21:00,158.26
2011-05-08 10:33:00,187.16
2011-05-08 10:43:00,327.85
2011-05-08 11:08:00,386.72
2011-05-08 11:13:00,250.52
2011-05-08 11:21:00,480.46000000000004
2011-05-08 11:34:00,280.6
2011-05-08 11:37:00,862.53
2011-05-08 11:38:00,509.46999999999997
2011-05-08 11:41:00,834.28
2011-05-08 11:49:00,531.97
2011-05-08 11:52:00,285.94
2011-05-08 11:56:00,105.55
2011-05-08 12:00:00,150.35
2011-05-08 12:13:00,1128.94
2011-05-08 12:26:00,348.3
2011-05-08 12:30:00,236.10000000000002
2011-05-08 12:31:00,342.28
2011-05-08 12:34:00,312.28
2011-05-08 12:36:00,199.11
2011-05-08 12:38:00,312.4
2011-05-08 12:39:00,141.85999999999999
2011-05-08 12:42:00,938.85
2011-05-08 12:44:00,353.33
2011-05-08 12:48:00,431.7
2011-05-08 12:58:00,325.08
2011-05-08 13:07:00,202.07
2011-05-08 13:19:00,107.0
2011-05-08 13:20:00,302.44
2011-05-08 13:24:00,5.55
2011-05-08 13:32:00,363.97
2011-05-08 14:00:00,406.1
2011-05-08 14:02:00,38.2
2011-05-08 14:05:00,173.12
2011-05-08 14:06:00,193.35
2011-05-08 14:08:00,247.77
2011-05-08 14:09:00,355.22
2011-05-08 14:10:00,134.65
2011-05-08 14:18:00,236.46
2011-05-08 14:44:00,114.05
2011-05-08 14:59:00,97.09
2011-05-08 15:15:00,431.07
2011-05-08 15:16:00,119.75
2011-05-08 15:20:00,377.29
2011-05-08 15:21:00,302.4
2011-05-08 15:22:00,795.99
2011-05-08 15:58:00,214.5
2011-05-08 16:03:00,760.52
2011-05-08 16:06:00,90.6
2011-05-08 16:10:00,1092.43
2011-05-08 16:11:00,334.71
2011-05-08 16:13:00,374.06
2011-05-09 08:23:00,59.050000000000004
2011-05-09 08:26:00,247.8
2011-05-09 09:15:00,368.26
2011-05-09 09:16:00,289.0
2011-05-09 09:33:00,239.4
2011-05-09 09:46:00,681.5
2011-05-09 09:47:00,331.5
2011-05-09 10:02:00,309.19
2011-05-09 10:03:00,500.85
2011-05-09 10:06:00,315.3
2011-05-09 10:13:00,357.3
2011-05-09 10:24:00,335.11
2011-05-09 10:38:00,553.35
2011-05-09 11:26:00,399.15000000000003
2011-05-09 11:34:00,667.11
2011-05-09 12:04:00,417.0
2011-05-09 12:05:00,816.0
2011-05-09 12:07:00,738.0
2011-05-09 12:14:00,360.29
2011-05-09 12:16:00,227.62
2011-05-09 12:20:00,815.78
2011-05-09 12:25:00,676.66
2011-05-09 12:28:00,101.17999999999999
2011-05-09 12:29:00,301.15000000000003
2011-05-09 12:30:00,101.10000000000001
2011-05-09 12:39:00,305.02
2011-05-09 12:40:00,118.49
2011-05-09 12:42:00,331.7
2011-05-09 12:58:00,160.65
2011-05-09 13:03:00,334.48
2011-05-09 13:10:00,172.18
2011-05-09 13:27:00,667.61
2011-05-09 13:28:00,351.83
2011-05-09 13:43:00,37.5
2011-05-09 13:45:00,111.15
2011-05-09 13:49:00,459.40000000000003
2011-05-09 13:51:00,967.52
2011-05-09 13:59:00,352.54
2011-05-09 14:02:00,148.08
2011-05-09 14:10:00,723.9
2011-05-09 14:22:00,652.8
2011-05-09 14:40:00,711.94
2011-05-09 14:44:00,1051.6000000000001
2011-05-09 14:54:00,109.13000000000001
2011-05-09 15:12:00,223.4
2011-05-09 15:17:00,181.54
2011-05-09 15:21:00,443.66
2011-05-09 15:29:00,485.76
2011-05-09 15:33:00,360.18
2011-05-09 15:34:00,451.25
2011-05-09 15:48:00,251.6
2011-05-09 15:51:00,92.72
2011-05-09 16:01:00,300.29999999999995
2011-05-09 16:02:00,81.36
2011-05-09 16:35:00,71.82000000000001
2011-05-09 16:38:00,330.0
2011-05-09 16:42:00,147.15
2011-05-09 16:59:00,172.95
2011-05-09 17:24:00,38.3
2011-05-10 08:58:00,344.86
2011-05-10 09:35:00,298.43
2011-05-10 09:39:00,521.49
2011-05-10 09:41:00,456.55
2011-05-10 10:00:00,314.6
2011-05-10 10:11:00,125.97999999999999
2011-05-10 10:20:00,319.12
2011-05-10 10:22:00,480.9
2011-05-10 10:29:00,319.81
2011-05-10 10:30:00,188.8
2011-05-10 10:34:00,1077.4
2011-05-10 10:35:00,137.9
2011-05-10 10:39:00,334.71
2011-05-10 10:43:00,1560.3400000000001
2011-05-10 10:45:00,160.66
2011-05-10 11:04:00,319.51
2011-05-10 11:20:00,314.26
2011-05-10 11:31:00,404.7
2011-05-10 11:33:00,357.15000000000003
2011-05-10 11:44:00,313.93
2011-05-10 11:48:00,791.33
2011-05-10 11:49:00,44.55
2011-05-10 11:50:00,323.7
2011-05-10 11:54:00,2044.3700000000001
2011-05-10 11:55:00,314.55
2011-05-10 11:56:00,716.0
2011-05-10 12:00:00,77.2
2011-05-10 12:08:00,340.05
2011-05-10 12:11:00,2944.7
2011-05-10 12:12:00,37.8
2011-05-10 12:20:00,2764.29
2011-05-10 12:25:00,165.44
2011-05-10 12:26:00,41.6
2011-05-10 12:28:00,62.400000000000006
2011-05-10 12:51:00,562.54
2011-05-10 12:53:00,647.76
2011-05-10 12:55:00,489.1
2011-05-10 13:00:00,522.96
2011-05-10 13:18:00,129.35
2011-05-10 13:19:00,186.91
2011-05-10 13:20:00,653.98
2011-05-10 13:22:00,426.6
2011-05-10 13:24:00,155.35
2011-05-10 13:25:00,370.79999999999995
2011-05-10 13:26:00,124.80999999999999
2011-05-10 13:33:00,16.5
2011-05-10 13:40:00,195.0
2011-05-10 13:44:00,231.8
2011-05-10 14:09:00,492.7
2011-05-10 14:20:00,120.58
2011-05-10 14:22:00,195.13
2011-05-10 14:46:00,565.25
2011-05-10 14:51:00,256.15999999999997
2011-05-10 14:57:00,221.15
2011-05-10 15:04:00,300.1
2011-05-10 15:05:00,656.86
2011-05-10 15:10:00,304.44
2011-05-10 15:19:00,311.3
2011-05-10 15:22:00,21.6
2011-05-10 15:25:00,859.1
2011-05-10 15:31:00,852.6800000000001
2011-05-10 15:48:00,95.94
2011-05-10 15:49:00,54.6
2011-05-10 15:52:00,302.28
2011-05-10 16:00:00,249.19
2011-05-10 16:19:00,215.65000000000003
2011-05-11 07:35:00,1974.06
2011-05-11 08:32:00,361.32
2011-05-11 08:34:00,237.05
2011-05-11 09:28:00,316.09000000000003
2011-05-11 09:35:00,305.26
2011-05-11 09:36:00,24.9
2011-05-11 09:42:00,8.5
2011-05-11 09:55:00,439.6
2011-05-11 10:18:00,358.2
2011-05-11 10:29:00,879.92
2011-05-11 10:30:00,72.0
2011-05-11 10:31:00,405.53000000000003
2011-05-11 10:32:00,572.24
2011-05-11 10:35:00,765.4
2011-05-11 10:36:00,39.6
2011-05-11 10:42:00,519.6
2011-05-11 10:43:00,515.7
2011-05-11 10:47:00,590.95
2011-05-11 10:49:00,1520.71
2011-05-11 11:34:00,208.56
2011-05-11 11:47:00,166.66
2011-05-11 11:57:00,217.81
2011-05-11 12:13:00,194.63
2011-05-11 12:14:00,1024.8
2011-05-11 12:15:00,237.6
2011-05-11 12:23:00,166.94
2011-05-11 12:32:00,705.93
2011-05-11 12:36:00,85.0
2011-05-11 12:43:00,1798.33
2011-05-11 12:44:00,314.47
2011-05-11 12:45:00,71.9
2011-05-11 12:46:00,16.95
2011-05-11 12:47:00,832.86
2011-05-11 12:48:00,102.3
2011-05-11 12:50:00,1440.96
2011-05-11 12:53:00,722.41
2011-05-11 12:58:00,247.47
2011-05-11 12:59:00,428.69
2011-05-11 13:06:00,127.66
2011-05-11 13:16:00,508.63
2011-05-11 13:18:00,578.48
2011-05-11 13:20:00,1917.73
2011-05-11 13:23:00,288.74
2011-05-11 13:42:00,465.85999999999996
2011-05-11 13:49:00,431.6
2011-05-11 14:12:00,348.15000000000003
2011-05-11 14:14:00,931.5
2011-05-11 14:17:00,326.19
2011-05-11 14:24:00,296.06
2011-05-11 14:25:00,814.08
2011-05-11 14:29:00,56.65
2011-05-11 14:37:00,1311.07
2011-05-11 14:38:00,288.0
2011-05-11 14:42:00,182.45
2011-05-11 14:49:00,61.95000000000001
2011-05-11 14:54:00,61.95000000000001
2011-05-11 15:07:00,1381.3
2011-05-11 15:08:00,414.5
2011-05-11 15:13:00,66.14
2011-05-11 15:16:00,300.71
2011-05-11 15:17:00,514.08
2011-05-11 16:10:00,123.52000000000001
2011-05-11 16:26:00,102.02
2011-05-11 16:28:00,27.310000000000002
2011-05-11 17:13:00,1031.07
2011-05-12 08:36:00,1105.0
2011-05-12 08:39:00,5.04
2011-05-12 08:41:00,367.75
2011-05-12 08:42:00,123.5
2011-05-12 08:52:00,228.87
2011-05-12 09:09:00,766.9
2011-05-12 09:11:00,46.0
2011-05-12 09:40:00,918.4
2011-05-12 09:41:00,186.52
2011-05-12 09:49:00,310.56
2011-05-12 09:54:00,967.2
2011-05-12 09:55:00,738.6
2011-05-12 09:59:00,340.34000000000003
2011-05-12 10:03:00,161.04
2011-05-12 10:10:00,1792.72
2011-05-12 10:13:00,14415.74
2011-05-12 10:15:00,451.82
2011-05-12 10:18:00,466.12
2011-05-12 10:22:00,40.8
2011-05-12 10:23:00,2613.36
2011-05-12 10:45:00,722.1
2011-05-12 10:49:00,455.18
2011-05-12 10:53:00,108.94
2011-05-12 11:07:00,1177.0
2011-05-12 11:10:00,656.3000000000001
2011-05-12 11:44:00,171.92
2011-05-12 11:50:00,296.53
2011-05-12 11:57:00,172.1
2011-05-12 11:59:00,311.86
2011-05-12 12:01:00,1278.12
2011-05-12 12:05:00,334.54
2011-05-12 12:10:00,157.54000000000002
2011-05-12 12:11:00,561.81
2011-05-12 12:30:00,765.0600000000001
2011-05-12 12:34:00,475.16
2011-05-12 12:36:00,2557.88
2011-05-12 12:49:00,463.2
2011-05-12 12:53:00,827.3
2011-05-12 12:54:00,348.26
2011-05-12 12:56:00,719.15
2011-05-12 12:57:00,270.69
2011-05-12 13:05:00,305.21000000000004
2011-05-12 13:10:00,400.98
2011-05-12 13:12:00,101.4
2011-05-12 13:33:00,148.22
2011-05-12 13:37:00,302.8
2011-05-12 13:41:00,522.4200000000001
2011-05-12 13:43:00,224.54000000000002
2011-05-12 13:53:00,269.88
2011-05-12 13:54:00,77.24
2011-05-12 13:58:00,589.01
2011-05-12 14:13:00,234.47
2011-05-12 14:46:00,9341.26
2011-05-12 14:52:00,523.0
2011-05-12 15:17:00,581.0
2011-05-12 15:21:00,62.120000000000005
2011-05-12 15:23:00,317.6
2011-05-12 15:26:00,265.14
2011-05-12 15:32:00,7.800000000000001
2011-05-12 16:11:00,230.67000000000002
2011-05-12 16:29:00,415.47
2011-05-12 16:45:00,560.35
2011-05-12 16:50:00,635.66
2011-05-12 16:52:00,564.64
2011-05-12 17:03:00,309.05
2011-05-12 18:13:00,392.55
2011-05-12 18:49:00,623.16
2011-05-12 18:55:00,54.95
2011-05-12 18:58:00,7.5
2011-05-12 19:01:00,602.83
2011-05-12 19:02:00,557.72
2011-05-12 19:22:00,600.36
2011-05-12 19:23:00,59.8
2011-05-12 20:03:00,562.79
2011-05-12 20:13:00,499.23
2011-05-13 08:09:00,340.88
2011-05-13 08:10:00,774.5999999999999
2011-05-13 08:11:00,106.6
2011-05-13 08:21:00,600.63
2011-05-13 08:58:00,231.4
2011-05-13 09:01:00,304.58
2011-05-13 09:21:00,750.0
2011-05-13 09:24:00,495.98
2011-05-13 09:33:00,1351.45
2011-05-13 09:37:00,314.0
2011-05-13 09:38:00,19.8
2011-05-13 10:02:00,612.08
2011-05-13 10:03:00,16.5
2011-05-13 10:09:00,344.15000000000003
2011-05-13 10:11:00,19.5
2011-05-13 10:14:00,1249.7
2011-05-13 10:20:00,304.8
2011-05-13 10:22:00,157.77
2011-05-13 10:35:00,341.52000000000004
2011-05-13 10:37:00,16.95
2011-05-13 10:41:00,386.55
2011-05-13 10:44:00,971.1
2011-05-13 11:12:00,260.6
2011-05-13 11:25:00,821.0
2011-05-13 11:38:00,311.3
2011-05-13 11:39:00,51.4
2011-05-13 11:44:00,1110.51
2011-05-13 11:45:00,413.37
2011-05-13 11:53:00,1147.15
2011-05-13 11:54:00,976.34
2011-05-13 11:56:00,127.5
2011-05-13 11:58:00,892.62
2011-05-13 12:12:00,850.72
2011-05-13 12:13:00,507.14
2011-05-13 12:34:00,137.05
2011-05-13 12:41:00,222.77
2011-05-13 12:44:00,212.39999999999998
2011-05-13 12:50:00,568.6
2011-05-13 12:53:00,115.54
2011-05-13 13:01:00,223.07
2011-05-13 13:05:00,90.84
2011-05-13 13:15:00,89.25
2011-05-13 13:29:00,619.5
2011-05-13 13:50:00,309.6
2011-05-13 13:52:00,519.68
2011-05-13 14:16:00,726.1
2011-05-13 14:53:00,692.96
2011-05-13 14:55:00,375.45
2011-05-13 14:56:00,17.4
2011-05-13 14:57:00,418.0
2011-05-13 14:58:00,240.73
2011-05-13 15:24:00,689.4200000000001
2011-05-13 15:25:00,383.06
2011-05-13 15:26:00,85.36
2011-05-13 15:48:00,415.28000000000003
2011-05-13 16:12:00,166.48000000000002
2011-05-13 16:14:00,306.0
2011-05-13 16:24:00,308.3
2011-05-13 16:26:00,103.5
2011-05-13 16:57:00,223.44
2011-05-13 17:15:00,132.0
2011-05-13 17:34:00,243.75
2011-05-15 11:04:00,127.45
2011-05-15 11:22:00,112.80000000000001
2011-05-15 11:23:00,205.74
2011-05-15 11:29:00,120.27
2011-05-15 11:30:00,125.8
2011-05-15 11:35:00,212.4
2011-05-15 11:43:00,159.0
2011-05-15 12:21:00,2422.15
2011-05-15 12:31:00,305.45
2011-05-15 12:33:00,305.76
2011-05-15 12:35:00,537.49
2011-05-15 12:46:00,388.20000000000005
2011-05-15 12:53:00,128.8
2011-05-15 12:55:00,209.18
2011-05-15 13:14:00,614.13
2011-05-15 13:22:00,185.22
2011-05-15 13:27:00,1028.56
2011-05-15 13:31:00,136.9
2011-05-15 13:37:00,277.81
2011-05-15 13:45:00,151.4
2011-05-15 14:15:00,45.7
2011-05-15 14:32:00,63.440000000000005
2011-05-15 14:48:00,298.99
2011-05-15 15:13:00,176.71
2011-05-15 15:14:00,403.33
2011-05-15 15:31:00,25.75
2011-05-15 16:02:00,217.19
2011-05-15 16:10:00,603.78
2011-05-15 16:13:00,77.75
2011-05-16 08:13:00,533.26
2011-05-16 08:16:00,1543.0
2011-05-16 09:02:00,382.35
2011-05-16 09:10:00,586.74
2011-05-16 09:23:00,266.70000000000005
2011-05-16 09:40:00,1573.08
2011-05-16 09:42:00,104.16
2011-05-16 09:49:00,1100.74
2011-05-16 09:50:00,205.88
2011-05-16 09:52:00,438.8
2011-05-16 09:54:00,134.10000000000002
2011-05-16 09:57:00,1050.98
2011-05-16 09:58:00,327.0
2011-05-16 10:28:00,72.4
2011-05-16 10:40:00,208.2
2011-05-16 10:41:00,283.32
2011-05-16 10:43:00,124.7
2011-05-16 10:46:00,150.4
2011-05-16 10:48:00,448.34000000000003
2011-05-16 10:50:00,496.49
2011-05-16 11:13:00,345.42
2011-05-16 11:31:00,109.32000000000001
2011-05-16 12:03:00,1203.3200000000002
2011-05-16 12:04:00,483.32
2011-05-16 12:05:00,33.0
2011-05-16 12:19:00,1820.64
2011-05-16 12:20:00,1122.2
2011-05-16 12:25:00,307.88
2011-05-16 12:26:00,125.55000000000001
2011-05-16 12:35:00,307.73
2011-05-16 12:45:00,298.8
2011-05-16 12:53:00,533.7
2011-05-16 12:57:00,306.45
2011-05-16 12:59:00,560.27
2011-05-16 13:20:00,754.8100000000001
2011-05-16 13:32:00,132.0
2011-05-16 13:35:00,311.7
2011-05-16 13:41:00,239.48
2011-05-16 14:05:00,716.32
2011-05-16 14:17:00,30.0
2011-05-16 14:19:00,373.40000000000003
2011-05-16 14:24:00,8895.66
2011-05-16 14:30:00,474.85
2011-05-16 14:32:00,245.88
2011-05-16 14:51:00,463.38
2011-05-16 14:52:00,204.9
2011-05-16 14:53:00,979.32
2011-05-16 14:58:00,369.2
2011-05-16 15:28:00,368.76
2011-05-16 15:29:00,195.0
2011-05-16 15:34:00,207.66
2011-05-16 15:47:00,202.24
2011-05-16 15:48:00,403.26000000000005
2011-05-16 15:53:00,600.3
2011-05-16 16:22:00,655.24
2011-05-16 16:36:00,120.82000000000001
2011-05-16 16:41:00,466.28000000000003
2011-05-16 16:44:00,608.16
2011-05-16 17:13:00,99.84
2011-05-17 08:18:00,159.49
2011-05-17 08:34:00,392.88
2011-05-17 08:37:00,581.6
2011-05-17 08:38:00,77.5
2011-05-17 09:13:00,357.98
2011-05-17 09:24:00,125.28
2011-05-17 09:28:00,793.62
2011-05-17 09:40:00,61.5
2011-05-17 10:02:00,297.38
2011-05-17 10:04:00,422.28000000000003
2011-05-17 10:08:00,631.49
2011-05-17 10:10:00,520.35
2011-05-17 10:14:00,306.85
2011-05-17 10:23:00,139.8
2011-05-17 10:27:00,130.0
2011-05-17 10:28:00,186.17000000000002
2011-05-17 10:36:00,100.97999999999999
2011-05-17 10:57:00,1243.75
2011-05-17 11:02:00,927.45
2011-05-17 11:07:00,925.16
2011-05-17 11:09:00,116.0
2011-05-17 11:10:00,259.2
2011-05-17 11:11:00,159.0
2011-05-17 11:14:00,921.5999999999999
2011-05-17 11:15:00,905.76
2011-05-17 11:27:00,5410.0599999999995
2011-05-17 11:28:00,3510.61
2011-05-17 11:29:00,276.48
2011-05-17 11:31:00,866.4
2011-05-17 11:41:00,551.03
2011-05-17 11:46:00,319.21
2011-05-17 12:21:00,298.6
2011-05-17 12:25:00,320.23
2011-05-17 12:38:00,562.88
2011-05-17 12:40:00,133.68
2011-05-17 12:43:00,467.43
2011-05-17 12:44:00,283.43
2011-05-17 12:47:00,122.2
2011-05-17 12:49:00,75.8
2011-05-17 12:56:00,302.1
2011-05-17 12:57:00,210.35000000000002
2011-05-17 12:58:00,39.0
2011-05-17 12:59:00,9.9
2011-05-17 13:20:00,111.14
2011-05-17 13:26:00,407.47
2011-05-17 13:27:00,677.8
2011-05-17 13:29:00,38.6
2011-05-17 13:35:00,215.15
2011-05-17 13:44:00,194.38
2011-05-17 14:03:00,139.19
2011-05-17 14:32:00,100.08
2011-05-17 14:43:00,274.29
2011-05-17 14:46:00,247.29
2011-05-17 14:50:00,127.28999999999999
2011-05-17 14:54:00,131.0
2011-05-17 14:57:00,1069.47
2011-05-17 15:25:00,303.17
2011-05-17 15:26:00,140.31
2011-05-17 15:32:00,2649.52
2011-05-17 15:42:00,11924.800000000001
2011-05-17 15:48:00,760.28
2011-05-17 16:21:00,850.0
2011-05-17 16:23:00,539.8
2011-05-17 16:32:00,417.71000000000004
2011-05-17 16:48:00,165.39
2011-05-17 16:49:00,81.5
2011-05-17 17:12:00,293.0
2011-05-18 09:01:00,486.99
2011-05-18 09:09:00,389.01
2011-05-18 09:13:00,32.849999999999994
2011-05-18 09:23:00,399.21000000000004
2011-05-18 09:35:00,132.4
2011-05-18 09:37:00,591.65
2011-05-18 09:52:00,2.9
2011-05-18 09:59:00,1373.46
2011-05-18 10:08:00,427.97
2011-05-18 10:29:00,636.1
2011-05-18 10:34:00,368.2
2011-05-18 10:39:00,375.96000000000004
2011-05-18 10:41:00,306.91
2011-05-18 10:47:00,5176.12
2011-05-18 10:48:00,585.7
2011-05-18 10:50:00,822.5999999999999
2011-05-18 10:56:00,193.75
2011-05-18 11:02:00,123.36
2011-05-18 11:08:00,524.99
2011-05-18 11:14:00,114.7
2011-05-18 11:28:00,135.98
2011-05-18 11:42:00,554.4200000000001
2011-05-18 11:58:00,177.43
2011-05-18 11:59:00,1384.25
2011-05-18 12:07:00,224.47
2011-05-18 12:13:00,159.65
2011-05-18 12:15:00,99.0
2011-05-18 12:18:00,112.32000000000001
2011-05-18 12:21:00,391.75
2011-05-18 12:28:00,645.5
2011-05-18 12:37:00,527.8000000000001
2011-05-18 12:44:00,397.51
2011-05-18 12:46:00,585.39
2011-05-18 12:50:00,115.60000000000001
2011-05-18 12:52:00,205.84
2011-05-18 12:57:00,647.26
2011-05-18 12:58:00,162.0
2011-05-18 13:00:00,380.91
2011-05-18 13:09:00,710.14
2011-05-18 13:11:00,198.87
2011-05-18 13:13:00,152.17000000000002
2011-05-18 13:20:00,732.4
2011-05-18 13:50:00,285.1
2011-05-18 13:55:00,550.52
2011-05-18 13:56:00,799.38
2011-05-18 13:58:00,1414.3600000000001
2011-05-18 14:07:00,370.26
2011-05-18 14:08:00,978.9200000000001
2011-05-18 14:42:00,115.92000000000002
2011-05-18 14:50:00,167.64
2011-05-18 14:57:00,464.32
2011-05-18 15:23:00,302.64
2011-05-18 15:26:00,1026.27
2011-05-18 15:28:00,112.2
2011-05-18 15:29:00,454.34000000000003
2011-05-18 15:35:00,300.05
2011-05-18 15:39:00,538.18
2011-05-18 15:41:00,540.36
2011-05-18 15:47:00,325.4
2011-05-18 15:55:00,213.05
2011-05-18 16:26:00,236.0
2011-05-18 16:37:00,628.1899999999999
2011-05-18 16:50:00,439.39
2011-05-18 16:51:00,310.04
2011-05-18 16:52:00,259.32
2011-05-18 16:56:00,178.35
2011-05-19 07:49:00,555.46
2011-05-19 08:26:00,722.46
2011-05-19 08:27:00,134.82
2011-05-19 08:29:00,92.10000000000001
2011-05-19 08:31:00,147.54
2011-05-19 08:32:00,36.0
2011-05-19 08:33:00,60.0
2011-05-19 08:50:00,479.65
2011-05-19 08:55:00,305.36
2011-05-19 09:23:00,1073.09
2011-05-19 09:31:00,127.75
2011-05-19 09:37:00,463.6
2011-05-19 09:38:00,310.5
2011-05-19 09:47:00,294.73
2011-05-19 09:59:00,253.8
2011-05-19 10:16:00,755.08
2011-05-19 10:20:00,211.55
2011-05-19 10:22:00,259.20000000000005
2011-05-19 10:25:00,194.12
2011-05-19 10:32:00,367.2
2011-05-19 10:38:00,414.77
2011-05-19 10:43:00,171.45000000000002
2011-05-19 10:54:00,139.15
2011-05-19 11:24:00,862.89
2011-05-19 11:28:00,188.1
2011-05-19 11:32:00,155.9
2011-05-19 11:36:00,914.24
2011-05-19 11:38:00,384.58
2011-05-19 11:41:00,222.31
2011-05-19 11:47:00,696.1
2011-05-19 11:50:00,181.1
2011-05-19 12:08:00,566.1800000000001
2011-05-19 12:09:00,24.96
2011-05-19 12:10:00,561.66
2011-05-19 12:13:00,87.7
2011-05-19 12:24:00,400.88
2011-05-19 12:29:00,352.85
2011-05-19 12:36:00,437.94
2011-05-19 12:38:00,727.0
2011-05-19 12:40:00,299.45000000000005
2011-05-19 12:41:00,16.6
2011-05-19 12:50:00,284.76
2011-05-19 12:59:00,141.54000000000002
2011-05-19 13:05:00,448.83
2011-05-19 13:08:00,129.95000000000002
2011-05-19 13:16:00,310.5
2011-05-19 13:28:00,191.10999999999999
2011-05-19 13:35:00,595.7
2011-05-19 13:57:00,184.95
2011-05-19 13:58:00,314.03
2011-05-19 14:05:00,446.82
2011-05-19 14:08:00,136.78
2011-05-19 14:19:00,451.70000000000005
2011-05-19 14:24:00,189.6
2011-05-19 14:27:00,848.78
2011-05-19 14:29:00,267.55
2011-05-19 14:30:00,7.5
2011-05-19 14:35:00,343.08
2011-05-19 14:42:00,296.86
2011-05-19 14:44:00,16.5
2011-05-19 14:45:00,319.37
2011-05-19 14:56:00,347.26
2011-05-19 15:15:00,1223.24
2011-05-19 15:24:00,318.24
2011-05-19 15:30:00,249.3
2011-05-19 15:31:00,100.8
2011-05-19 15:36:00,202.26
2011-05-19 15:41:00,140.6
2011-05-19 15:53:00,340.5
2011-05-19 16:04:00,192.3
2011-05-19 16:09:00,300.79
2011-05-19 16:31:00,397.40000000000003
2011-05-19 16:47:00,682.4000000000001
2011-05-19 16:56:00,140.70000000000002
2011-05-19 17:13:00,323.95
2011-05-19 17:15:00,933.3
2011-05-19 17:18:00,116.5
2011-05-19 17:22:00,349.55
2011-05-19 17:23:00,409.06
2011-05-19 17:25:00,662.21
2011-05-19 17:47:00,89.0
2011-05-19 17:48:00,936.34
2011-05-19 18:02:00,121.09
2011-05-19 18:21:00,125.43
2011-05-19 18:28:00,311.3
2011-05-19 19:00:00,163.60000000000002
2011-05-19 19:02:00,191.67
2011-05-19 19:32:00,533.57
2011-05-19 19:47:00,456.57
2011-05-19 19:51:00,587.21
2011-05-20 08:18:00,127.59
2011-05-20 08:30:00,118.55
2011-05-20 08:39:00,273.44
2011-05-20 08:41:00,1005.7
2011-05-20 08:57:00,381.45000000000005
2011-05-20 09:08:00,394.0
2011-05-20 09:24:00,211.73000000000002
2011-05-20 09:30:00,279.02
2011-05-20 09:38:00,373.72
2011-05-20 09:47:00,17.0
2011-05-20 09:56:00,784.9200000000001
2011-05-20 10:02:00,392.4
2011-05-20 10:04:00,104.4
2011-05-20 10:22:00,392.4
2011-05-20 10:27:00,380.32
2011-05-20 10:29:00,124.8
2011-05-20 10:30:00,573.6600000000001
2011-05-20 10:31:00,38.2
2011-05-20 10:32:00,720.7
2011-05-20 10:33:00,171.29
2011-05-20 10:35:00,115.6
2011-05-20 10:36:00,419.8
2011-05-20 10:37:00,1338.95
2011-05-20 10:48:00,691.54
2011-05-20 10:50:00,59.8
2011-05-20 11:03:00,1692.0
2011-05-20 11:07:00,481.70000000000005
2011-05-20 11:33:00,346.4
2011-05-20 11:34:00,1118.4
2011-05-20 11:53:00,200.46
2011-05-20 12:17:00,504.0
2011-05-20 12:26:00,8.25
2011-05-20 12:31:00,131.7
2011-05-20 12:38:00,434.6
2011-05-20 13:13:00,909.35
2011-05-20 13:14:00,985.12
2011-05-20 13:15:00,79.3
2011-05-20 13:16:00,455.82000000000005
2011-05-20 13:34:00,648.72
2011-05-20 13:40:00,194.4
2011-05-20 13:43:00,809.9200000000001
2011-05-20 13:56:00,718.64
2011-05-20 13:58:00,144.38
2011-05-20 14:04:00,130.8
2011-05-20 14:06:00,686.66
2011-05-20 14:07:00,63.9
2011-05-20 14:11:00,288.98
2011-05-20 14:13:00,766.36
2011-05-20 14:23:00,294.72
2011-05-20 14:27:00,770.5
2011-05-20 14:35:00,362.19
2011-05-20 14:41:00,15.0
2011-05-20 14:47:00,232.48
2011-05-20 14:54:00,168.49
2011-05-20 14:56:00,118.8
2011-05-20 14:58:00,3.8
2011-05-20 15:08:00,143.6
2011-05-20 15:39:00,303.46000000000004
2011-05-20 15:52:00,578.5500000000001
2011-05-20 16:04:00,213.07
2011-05-20 16:25:00,458.94
2011-05-20 16:55:00,380.0
2011-05-20 16:56:00,17.0
2011-05-22 10:21:00,374.59999999999997
2011-05-22 10:27:00,300.0
2011-05-22 10:29:00,183.6
2011-05-22 10:39:00,765.28
2011-05-22 10:40:00,794.75
2011-05-22 10:47:00,227.57999999999998
2011-05-22 10:53:00,86.5
2011-05-22 10:57:00,508.11
2011-05-22 11:06:00,976.12
2011-05-22 11:17:00,1961.05
2011-05-22 11:24:00,613.9300000000001
2011-05-22 11:26:00,117.66
2011-05-22 11:28:00,184.55
2011-05-22 11:29:00,316.95
2011-05-22 11:30:00,369.76
2011-05-22 11:34:00,145.9
2011-05-22 11:38:00,40.56
2011-05-22 11:41:00,313.59000000000003
2011-05-22 11:42:00,230.60999999999999
2011-05-22 11:47:00,257.7
2011-05-22 11:49:00,219.96
2011-05-22 11:51:00,212.93
2011-05-22 11:52:00,624.92
2011-05-22 11:53:00,182.6
2011-05-22 11:54:00,134.5
2011-05-22 12:03:00,276.12
2011-05-22 12:12:00,488.43
2011-05-22 12:16:00,475.19
2011-05-22 12:22:00,117.93
2011-05-22 12:35:00,152.34
2011-05-22 12:41:00,306.13
2011-05-22 12:49:00,732.34
2011-05-22 12:51:00,923.8100000000001
2011-05-22 13:01:00,3159.32
2011-05-22 13:20:00,797.65
2011-05-22 13:29:00,223.70000000000002
2011-05-22 13:40:00,236.04000000000002
2011-05-22 13:51:00,379.40999999999997
2011-05-22 14:03:00,984.85
2011-05-22 14:04:00,211.81
2011-05-22 14:05:00,718.96
2011-05-22 14:09:00,205.7
2011-05-22 14:29:00,315.96000000000004
2011-05-22 14:33:00,205.5
2011-05-22 14:35:00,111.4
2011-05-22 14:40:00,114.60000000000001
2011-05-22 14:44:00,297.9
2011-05-22 14:53:00,403.23
2011-05-22 15:00:00,178.39
2011-05-22 15:03:00,92.7
2011-05-22 15:11:00,36.91
2011-05-22 15:12:00,1004.32
2011-05-22 15:26:00,238.98
2011-05-22 15:27:00,53.8
2011-05-22 15:28:00,57.3
2011-05-22 15:31:00,142.65
2011-05-22 15:37:00,143.1
2011-05-22 15:44:00,171.82
2011-05-23 08:31:00,860.12
2011-05-23 08:52:00,399.15000000000003
2011-05-23 09:14:00,472.09
2011-05-23 09:39:00,306.34000000000003
2011-05-23 09:42:00,204.0
2011-05-23 09:43:00,1808.6
2011-05-23 09:48:00,421.96000000000004
2011-05-23 09:58:00,92.92000000000002
2011-05-23 10:13:00,371.95
2011-05-23 10:21:00,35.400000000000006
2011-05-23 10:34:00,1059.1100000000001
2011-05-23 10:38:00,471.6
2011-05-23 10:45:00,156.6
2011-05-23 10:48:00,333.82
2011-05-23 11:07:00,1989.73
2011-05-23 11:26:00,1241.98
2011-05-23 11:28:00,366.0
2011-05-23 11:33:00,85.22
2011-05-23 11:44:00,465.43
2011-05-23 11:48:00,147.0
2011-05-23 11:49:00,351.19
2011-05-23 11:52:00,581.04
2011-05-23 11:58:00,398.05
2011-05-23 12:09:00,486.7
2011-05-23 12:14:00,182.26
2011-05-23 12:15:00,1.95
2011-05-23 12:32:00,591.18
2011-05-23 12:35:00,138.2
2011-05-23 12:59:00,638.24
2011-05-23 13:03:00,62.4
2011-05-23 13:05:00,439.52
2011-05-23 13:06:00,1733.8500000000001
2011-05-23 13:08:00,2843.6
2011-05-23 13:12:00,113.55
2011-05-23 13:17:00,686.47
2011-05-23 13:20:00,127.2
2011-05-23 13:25:00,374.15
2011-05-23 13:28:00,415.00000000000006
2011-05-23 13:35:00,529.5500000000001
2011-05-23 13:41:00,318.55
2011-05-23 14:01:00,1742.8
2011-05-23 14:11:00,1044.54
2011-05-23 14:14:00,12.64
2011-05-23 14:16:00,386.96000000000004
2011-05-23 14:18:00,306.96000000000004
2011-05-23 14:46:00,1241.98
2011-05-23 14:58:00,557.72
2011-05-23 14:59:00,1036.33
2011-05-23 15:00:00,241.20000000000002
2011-05-23 15:29:00,308.61
2011-05-23 15:33:00,430.32
2011-05-23 15:38:00,641.9
2011-05-23 16:32:00,339.6
2011-05-23 16:52:00,379.4
2011-05-23 17:25:00,259.90000000000003
2011-05-24 08:21:00,720.4
2011-05-24 08:49:00,1974.32
2011-05-24 08:51:00,106.75
2011-05-24 08:53:00,176.1
2011-05-24 09:10:00,1541.16
2011-05-24 09:12:00,39.9
2011-05-24 09:20:00,249.55
2011-05-24 09:25:00,393.34000000000003
2011-05-24 09:26:00,353.34000000000003
2011-05-24 09:32:00,2825.4
2011-05-24 09:56:00,301.55
2011-05-24 10:17:00,150.35
2011-05-24 10:19:00,293.25
2011-05-24 10:21:00,264.0
2011-05-24 10:22:00,688.0600000000001
2011-05-24 10:24:00,9705.63
2011-05-24 10:33:00,257.39
2011-05-24 10:34:00,9.96
2011-05-24 10:35:00,62.1
2011-05-24 10:42:00,595.29
2011-05-24 10:50:00,301.14
2011-05-24 11:29:00,245.92
2011-05-24 11:31:00,491.71999999999997
2011-05-24 11:35:00,339.7
2011-05-24 11:45:00,580.36
2011-05-24 11:46:00,133.8
2011-05-24 11:55:00,609.28
2011-05-24 12:04:00,211.5
2011-05-24 12:10:00,747.24
2011-05-24 12:12:00,164.02
2011-05-24 12:14:00,138.87
2011-05-24 12:22:00,320.48
2011-05-24 12:36:00,300.8
2011-05-24 12:57:00,593.25
2011-05-24 13:02:00,302.88
2011-05-24 13:22:00,37.45
2011-05-24 13:27:00,146.5
2011-05-24 13:46:00,751.76
2011-05-24 13:50:00,336.77
2011-05-24 13:56:00,131.43
2011-05-24 14:00:00,729.07
2011-05-24 14:18:00,3.75
2011-05-24 14:25:00,452.0
2011-05-24 14:38:00,537.5
2011-05-24 14:39:00,327.97
2011-05-24 14:47:00,124.68
2011-05-24 15:06:00,337.92
2011-05-24 15:13:00,304.4
2011-05-24 15:14:00,159.56
2011-05-24 15:22:00,15.18
2011-05-24 15:29:00,317.16
2011-05-24 15:33:00,94.80000000000001
2011-05-24 15:45:00,113.73
2011-05-24 15:51:00,336.6
2011-05-24 15:56:00,342.46
2011-05-24 16:25:00,135.93
2011-05-24 17:03:00,468.01
2011-05-24 17:18:00,17.4
2011-05-24 17:34:00,50.0
2011-05-25 08:32:00,499.08
2011-05-25 09:18:00,157.25
2011-05-25 09:35:00,219.78
2011-05-25 09:37:00,79.56
2011-05-25 09:57:00,328.35
2011-05-25 09:58:00,2044.8400000000001
2011-05-25 10:02:00,262.54999999999995
2011-05-25 10:08:00,267.12
2011-05-25 10:11:00,829.63
2011-05-25 10:12:00,525.36
2011-05-25 10:35:00,631.3
2011-05-25 10:53:00,152.35
2011-05-25 10:56:00,469.0
2011-05-25 11:01:00,326.52000000000004
2011-05-25 11:12:00,260.04
2011-05-25 11:14:00,219.76999999999998
2011-05-25 11:21:00,119.82
2011-05-25 11:26:00,659.35
2011-05-25 11:34:00,431.46
2011-05-25 11:35:00,9.9
2011-05-25 11:41:00,66.0
2011-05-25 11:44:00,17.28
2011-05-25 11:45:00,117.75000000000001
2011-05-25 11:52:00,611.8499999999999
2011-05-25 11:58:00,206.46
2011-05-25 11:59:00,196.9
2011-05-25 12:00:00,163.2
2011-05-25 12:06:00,1249.9
2011-05-25 12:19:00,1392.0
2011-05-25 12:28:00,792.62
2011-05-25 12:34:00,765.59
2011-05-25 12:39:00,303.25
2011-05-25 12:44:00,444.96000000000004
2011-05-25 12:46:00,79.19999999999999
2011-05-25 12:54:00,568.74
2011-05-25 12:55:00,752.21
2011-05-25 13:34:00,615.36
2011-05-25 13:35:00,367.28
2011-05-25 13:36:00,230.55
2011-05-25 14:18:00,306.88
2011-05-25 14:29:00,172.24
2011-05-25 14:40:00,76.8
2011-05-25 14:44:00,349.94
2011-05-25 14:54:00,371.3
2011-05-25 15:18:00,374.82000000000005
2011-05-25 15:19:00,317.6
2011-05-25 15:31:00,480.96
2011-05-25 15:47:00,392.22
2011-05-25 15:54:00,387.1
2011-05-25 16:01:00,278.63
2011-05-25 16:08:00,311.5
2011-05-25 16:28:00,182.99
2011-05-25 17:12:00,213.22
2011-05-25 17:31:00,220.38
2011-05-26 08:38:00,301.35
2011-05-26 09:17:00,501.83000000000004
2011-05-26 09:18:00,139.03
2011-05-26 09:33:00,144.8
2011-05-26 09:45:00,385.81
2011-05-26 10:03:00,48.1
2011-05-26 10:09:00,418.95
2011-05-26 10:12:00,364.38
2011-05-26 10:13:00,57.9
2011-05-26 10:15:00,1090.76
2011-05-26 10:25:00,291.0
2011-05-26 10:35:00,1086.0
2011-05-26 10:37:00,537.0
2011-05-26 10:41:00,123.05
2011-05-26 10:43:00,594.98
2011-05-26 11:16:00,137.77
2011-05-26 11:36:00,75.0
2011-05-26 11:37:00,320.5
2011-05-26 11:38:00,341.6
2011-05-26 11:40:00,482.44
2011-05-26 11:43:00,5.8
2011-05-26 11:51:00,107.67
2011-05-26 12:00:00,304.3
2011-05-26 12:07:00,426.96
2011-05-26 12:12:00,5.8
2011-05-26 12:38:00,48.4
2011-05-26 12:41:00,215.51999999999998
2011-05-26 12:46:00,316.8
2011-05-26 12:52:00,610.6
2011-05-26 13:01:00,329.01
2011-05-26 13:13:00,196.73000000000002
2011-05-26 13:16:00,271.85
2011-05-26 13:21:00,252.32999999999998
2011-05-26 13:26:00,103.21000000000001
2011-05-26 13:34:00,895.44
2011-05-26 13:46:00,589.78
2011-05-26 14:01:00,100.44
2011-05-26 14:08:00,302.8
2011-05-26 14:09:00,478.38
2011-05-26 14:17:00,210.8
2011-05-26 14:20:00,426.43
2011-05-26 14:21:00,401.82000000000005
2011-05-26 14:45:00,309.41
2011-05-26 14:53:00,232.5
2011-05-26 15:19:00,8980.880000000001
2011-05-26 15:30:00,282.86
2011-05-26 15:35:00,327.59999999999997
2011-05-26 16:11:00,201.97
2011-05-26 16:25:00,783.67
2011-05-26 16:30:00,362.27
2011-05-26 17:15:00,374.29
2011-05-26 17:16:00,398.0
2011-05-26 18:17:00,555.71
2011-05-26 19:13:00,330.42
2011-05-26 19:38:00,63.0
2011-05-26 19:49:00,5518.68
2011-05-27 09:15:00,388.18
2011-05-27 09:32:00,366.56
2011-05-27 09:39:00,354.45
2011-05-27 09:48:00,179.8
2011-05-27 10:15:00,222.18
2011-05-27 10:16:00,1063.84
2011-05-27 10:20:00,548.39
2011-05-27 10:29:00,716.73
2011-05-27 10:37:00,134.04
2011-05-27 10:41:00,493.27000000000004
2011-05-27 10:52:00,3096.0
2011-05-27 10:55:00,338.28000000000003
2011-05-27 11:41:00,670.61
2011-05-27 12:23:00,325.6
2011-05-27 12:26:00,82.79
2011-05-27 12:29:00,661.49
2011-05-27 12:38:00,537.0
2011-05-27 12:41:00,559.87
2011-05-27 12:44:00,411.59999999999997
2011-05-27 12:47:00,316.1
2011-05-27 12:48:00,89.7
2011-05-27 12:54:00,12.850000000000001
2011-05-27 13:00:00,191.4
2011-05-27 13:16:00,366.87
2011-05-27 13:17:00,252.0
2011-05-27 13:24:00,76.5
2011-05-27 13:26:00,251.71
2011-05-27 13:29:00,65.9
2011-05-27 13:30:00,680.17
2011-05-27 13:32:00,440.99
2011-05-27 13:34:00,726.43
2011-05-27 13:49:00,776.13
2011-05-27 13:53:00,127.19
2011-05-27 14:01:00,150.07999999999998
2011-05-27 14:10:00,556.3
2011-05-27 14:12:00,178.08
2011-05-27 14:22:00,379.82
2011-05-27 14:29:00,436.51
2011-05-27 14:44:00,327.66
2011-05-27 14:48:00,1085.98
2011-05-27 14:49:00,17.4
2011-05-27 14:50:00,179.67000000000002
2011-05-27 14:55:00,120.7
2011-05-27 15:32:00,314.1
2011-05-27 15:57:00,251.05
2011-05-27 16:00:00,67.15
2011-05-27 16:17:00,146.4
2011-05-27 16:24:00,94.41
2011-05-27 16:30:00,178.74
2011-05-27 17:14:00,1100.55
2011-05-29 10:40:00,843.06
2011-05-29 10:57:00,320.35
2011-05-29 11:03:00,121.0
2011-05-29 11:05:00,350.06
2011-05-29 11:34:00,161.58
2011-05-29 11:59:00,45.55
2011-05-29 12:06:00,410.09000000000003
2011-05-29 12:16:00,1155.6
2011-05-29 12:19:00,218.0
2011-05-29 12:26:00,582.73
2011-05-29 12:35:00,360.0
2011-05-29 12:48:00,68.65
2011-05-29 13:32:00,119.71000000000001
2011-05-29 13:50:00,88.88
2011-05-29 13:57:00,308.03999999999996
2011-05-29 14:03:00,142.0
2011-05-29 14:08:00,366.04
2011-05-29 14:13:00,240.89
2011-05-29 14:18:00,144.06
2011-05-29 14:23:00,161.71
2011-05-29 14:28:00,194.4
2011-05-29 15:35:00,529.11
2011-05-29 15:44:00,407.43
2011-05-31 08:03:00,263.13
2011-05-31 08:32:00,185.22000000000003
2011-05-31 08:50:00,350.12
2011-05-31 09:36:00,158.1
2011-05-31 09:37:00,105.35
2011-05-31 09:38:00,1093.44
2011-05-31 09:52:00,208.79999999999998
2011-05-31 10:24:00,382.70000000000005
2011-05-31 10:32:00,607.74
2011-05-31 10:38:00,213.12
2011-05-31 10:43:00,465.43
2011-05-31 10:45:00,613.54
2011-05-31 11:09:00,792.5
2011-05-31 11:14:00,213.05
2011-05-31 11:21:00,474.02
2011-05-31 11:22:00,49.5
2011-05-31 11:36:00,9.2
2011-05-31 11:39:00,129.32
2011-05-31 12:05:00,382.5
2011-05-31 12:11:00,374.87
2011-05-31 12:42:00,147.48
2011-05-31 12:50:00,165.86
2011-05-31 13:08:00,139.35
2011-05-31 13:15:00,74.96
2011-05-31 13:17:00,457.34000000000003
2011-05-31 13:32:00,1765.33
2011-05-31 13:38:00,177.60000000000002
2011-05-31 13:39:00,1154.8
2011-05-31 13:45:00,228.8
2011-05-31 13:50:00,84.72
2011-05-31 13:58:00,104.0
2011-05-31 14:02:00,816.0
2011-05-31 14:14:00,912.37
2011-05-31 14:18:00,659.52
2011-05-31 14:19:00,322.85
2011-05-31 14:34:00,190.21
2011-05-31 14:37:00,201.27
2011-05-31 14:48:00,427.47
2011-05-31 14:55:00,120.59
2011-05-31 15:16:00,317.3
2011-05-31 15:22:00,155.0
2011-05-31 15:26:00,854.69
2011-05-31 15:30:00,368.1
2011-05-31 15:32:00,309.54
2011-05-31 15:41:00,906.4000000000001
2011-06-01 07:37:00,39.45
2011-06-01 07:38:00,287.45
2011-06-01 08:38:00,1378.48
2011-06-01 09:06:00,90.75
2011-06-01 09:18:00,1799.6
2011-06-01 09:26:00,84.92
2011-06-01 10:15:00,661.69
2011-06-01 10:24:00,3623.2
2011-06-01 11:13:00,588.36
2011-06-01 11:27:00,416.28000000000003
2011-06-01 11:52:00,113.35
2011-06-01 12:05:00,371.98
2011-06-01 12:10:00,397.36
2011-06-01 12:11:00,110.55
2011-06-01 12:13:00,354.82
2011-06-01 12:19:00,421.73
2011-06-01 12:22:00,152.64000000000001
2011-06-01 12:33:00,165.1
2011-06-01 12:46:00,65.38
2011-06-01 12:54:00,340.25
2011-06-01 13:07:00,213.86
2011-06-01 13:32:00,302.45
2011-06-01 13:40:00,133.56
2011-06-01 13:52:00,153.3
2011-06-01 14:12:00,198.46
2011-06-01 14:42:00,325.8
2011-06-01 14:57:00,259.27
2011-06-01 15:12:00,346.98
2011-06-01 15:28:00,541.95
2011-06-01 15:31:00,90.6
2011-06-01 15:34:00,161.87
2011-06-01 15:47:00,422.99
2011-06-01 16:03:00,122.74000000000001
2011-06-01 16:12:00,100.6
2011-06-01 16:23:00,415.00000000000006
2011-06-01 17:42:00,127.62
2011-06-02 09:02:00,233.92000000000002
2011-06-02 09:03:00,47.75
2011-06-02 09:04:00,1289.56
2011-06-02 09:37:00,3056.7200000000003
2011-06-02 09:38:00,362.7
2011-06-02 09:40:00,51.0
2011-06-02 09:42:00,214.94
2011-06-02 10:00:00,345.7
2011-06-02 10:39:00,285.7
2011-06-02 11:33:00,1071.4
2011-06-02 11:42:00,192.23000000000002
2011-06-02 11:45:00,1541.98
2011-06-02 12:04:00,311.14
2011-06-02 12:06:00,235.23000000000002
2011-06-02 12:08:00,1106.05
2011-06-02 12:37:00,397.8
2011-06-02 12:46:00,2105.98
2011-06-02 13:22:00,156.2
2011-06-02 13:29:00,352.8
2011-06-02 14:04:00,109.82000000000001
2011-06-02 14:15:00,119.93
2011-06-02 14:28:00,79.8
2011-06-02 14:30:00,1440.9
2011-06-02 14:38:00,32.4
2011-06-02 14:46:00,1437.12
2011-06-02 15:13:00,749.7
2011-06-02 15:22:00,7.5
2011-06-02 15:48:00,305.85
2011-06-02 16:26:00,233.75
2011-06-02 16:59:00,30.0
2011-06-02 17:00:00,759.85
2011-06-02 17:03:00,126.44000000000001
2011-06-02 17:04:00,94.68
2011-06-02 17:23:00,455.25
2011-06-02 17:41:00,123.74999999999999
2011-06-02 17:50:00,5913.9
2011-06-02 17:51:00,1896.0300000000002
2011-06-02 18:06:00,121.55
2011-06-02 19:17:00,296.7
2011-06-02 19:50:00,385.19
2011-06-03 07:48:00,419.8
2011-06-03 08:54:00,390.09000000000003
2011-06-03 09:30:00,347.9
2011-06-03 09:46:00,61.3
2011-06-03 09:50:00,226.98
2011-06-03 10:06:00,266.1
2011-06-03 10:08:00,284.85
2011-06-03 10:15:00,376.15000000000003
2011-06-03 10:17:00,68.1
2011-06-03 10:19:00,1299.04
2011-06-03 10:20:00,17.0
2011-06-03 10:29:00,630.46
2011-06-03 10:37:00,25.0
2011-06-03 11:33:00,264.4
2011-06-03 11:42:00,232.21
2011-06-03 11:46:00,303.12
2011-06-03 11:59:00,819.55
2011-06-03 12:17:00,185.9
2011-06-03 12:26:00,1109.32
2011-06-03 12:28:00,1139.04
2011-06-03 12:35:00,229.26000000000002
2011-06-03 12:39:00,357.3
2011-06-03 13:05:00,387.47
2011-06-03 13:43:00,330.28000000000003
2011-06-03 13:48:00,259.2
2011-06-03 13:50:00,1314.0
2011-06-03 14:10:00,333.0
2011-06-03 14:24:00,319.02
2011-06-03 14:26:00,340.44
2011-06-03 14:33:00,204.85000000000002
2011-06-03 14:42:00,312.75
2011-06-03 14:44:00,349.1
2011-06-03 15:03:00,39.12
2011-06-03 15:07:00,107.65
2011-06-03 15:31:00,289.46000000000004
2011-06-03 15:32:00,114.68
2011-06-03 15:37:00,241.48
2011-06-03 15:43:00,15.0
2011-06-03 16:39:00,300.14
2011-06-03 16:45:00,269.88
2011-06-03 17:07:00,443.72
2011-06-05 10:12:00,156.48
2011-06-05 10:37:00,325.68
2011-06-05 10:38:00,892.62
2011-06-05 10:41:00,252.19
2011-06-05 10:47:00,838.23
2011-06-05 10:50:00,302.42
2011-06-05 10:54:00,324.90000000000003
2011-06-05 10:58:00,449.38
2011-06-05 11:02:00,525.5
2011-06-05 11:14:00,116.09
2011-06-05 11:21:00,389.61
2011-06-05 11:29:00,273.13
2011-06-05 11:36:00,508.95000000000005
2011-06-05 11:37:00,480.02
2011-06-05 11:40:00,332.9
2011-06-05 11:42:00,645.3
2011-06-05 11:44:00,724.07
2011-06-05 11:46:00,61.2
2011-06-05 11:53:00,1939.52
2011-06-05 12:12:00,466.45000000000005
2011-06-05 12:16:00,166.3
2011-06-05 12:28:00,239.46
2011-06-05 12:37:00,194.34
2011-06-05 12:39:00,148.96
2011-06-05 12:44:00,201.45000000000002
2011-06-05 12:48:00,302.81
2011-06-05 12:51:00,531.5
2011-06-05 12:59:00,627.04
2011-06-05 13:05:00,330.61
2011-06-05 13:08:00,873.85
2011-06-05 13:09:00,228.3
2011-06-05 13:13:00,709.91
2011-06-05 13:16:00,147.05
2011-06-05 13:24:00,262.25
2011-06-05 13:29:00,486.24
2011-06-05 13:32:00,298.79
2011-06-05 13:44:00,121.7
2011-06-05 13:45:00,493.68
2011-06-05 13:46:00,319.0
2011-06-05 13:48:00,110.55000000000001
2011-06-05 14:04:00,568.47
2011-06-05 14:06:00,515.43
2011-06-05 14:18:00,300.2
2011-06-05 14:20:00,146.15
2011-06-05 14:38:00,35.400000000000006
2011-06-05 14:45:00,371.51
2011-06-05 15:01:00,287.82
2011-06-05 15:06:00,538.76
2011-06-05 15:19:00,216.63
2011-06-05 15:25:00,1080.4
2011-06-05 15:29:00,793.08
2011-06-05 15:36:00,861.1
2011-06-05 15:37:00,858.9300000000001
2011-06-05 15:46:00,793.4
2011-06-05 15:47:00,310.05
2011-06-05 15:52:00,140.4
2011-06-05 15:53:00,557.85
2011-06-05 15:54:00,114.06
2011-06-05 16:02:00,125.19
2011-06-05 16:05:00,10.5
2011-06-06 08:04:00,159.22
2011-06-06 09:01:00,260.57
2011-06-06 09:03:00,304.28
2011-06-06 09:04:00,181.3
2011-06-06 09:12:00,922.79
2011-06-06 09:13:00,277.0
2011-06-06 09:16:00,124.57
2011-06-06 09:36:00,427.58
2011-06-06 09:39:00,75.0
2011-06-06 09:59:00,430.98
2011-06-06 10:04:00,176.16
2011-06-06 10:06:00,114.30000000000001
2011-06-06 10:09:00,312.94
2011-06-06 11:22:00,57.5
2011-06-06 11:26:00,320.83
2011-06-06 11:36:00,262.11
2011-06-06 11:37:00,428.85
2011-06-06 11:46:00,13.0
2011-06-06 11:55:00,270.8
2011-06-06 11:57:00,130.44
2011-06-06 11:59:00,387.88
2011-06-06 12:04:00,302.72
2011-06-06 12:06:00,191.60999999999999
2011-06-06 12:16:00,509.2
2011-06-06 12:22:00,144.97
2011-06-06 12:29:00,482.06
2011-06-06 12:47:00,371.45
2011-06-06 12:51:00,816.82
2011-06-06 13:06:00,315.62
2011-06-06 13:18:00,496.46000000000004
2011-06-06 13:24:00,423.65000000000003
2011-06-06 13:31:00,164.01
2011-06-06 13:32:00,320.2
2011-06-06 13:43:00,586.52
2011-06-06 13:46:00,205.18
2011-06-06 13:47:00,394.14
2011-06-06 13:48:00,958.12
2011-06-06 14:02:00,218.92
2011-06-06 14:12:00,287.19
2011-06-06 14:13:00,181.3
2011-06-06 14:31:00,444.45
2011-06-06 14:32:00,143.5
2011-06-06 14:34:00,147.02
2011-06-06 14:35:00,46.84
2011-06-06 15:06:00,817.08
2011-06-06 15:24:00,247.60999999999999
2011-06-06 15:31:00,512.8
2011-06-06 15:46:00,129.49
2011-06-06 16:01:00,45.0
2011-06-06 16:22:00,15.0
2011-06-06 16:23:00,374.99
2011-06-06 16:41:00,337.01
2011-06-07 07:49:00,418.45
2011-06-07 08:19:00,103.25
2011-06-07 08:21:00,745.83
2011-06-07 08:54:00,450.40000000000003
2011-06-07 09:13:00,586.01
2011-06-07 09:19:00,298.19
2011-06-07 09:44:00,318.7
2011-06-07 09:49:00,607.5500000000001
2011-06-07 09:51:00,387.42
2011-06-07 10:05:00,230.18
2011-06-07 10:34:00,388.0
2011-06-07 10:42:00,248.06
2011-06-07 10:44:00,247.44
2011-06-07 10:46:00,184.52
2011-06-07 10:55:00,104.35
2011-06-07 11:07:00,34.0
2011-06-07 11:10:00,166.8
2011-06-07 11:32:00,1121.1299999999999
2011-06-07 11:39:00,681.98
2011-06-07 11:40:00,87.9
2011-06-07 11:47:00,916.74
2011-06-07 11:49:00,47.2
2011-06-07 11:51:00,14.85
2011-06-07 11:59:00,255.95999999999998
2011-06-07 12:00:00,430.98
2011-06-07 12:01:00,304.71999999999997
2011-06-07 12:18:00,392.4
2011-06-07 12:19:00,308.7
2011-06-07 12:31:00,85.0
2011-06-07 12:34:00,742.17
2011-06-07 12:36:00,531.36
2011-06-07 12:39:00,25.5
2011-06-07 12:46:00,70.2
2011-06-07 12:47:00,139.63
2011-06-07 12:54:00,122.76
2011-06-07 13:00:00,159.11
2011-06-07 13:10:00,160.15
2011-06-07 13:19:00,520.55
2011-06-07 13:21:00,149.15
2011-06-07 13:27:00,218.47
2011-06-07 13:31:00,424.24
2011-06-07 13:33:00,315.86
2011-06-07 13:35:00,387.42
2011-06-07 13:37:00,585.17
2011-06-07 13:38:00,189.28
2011-06-07 13:44:00,235.56
2011-06-07 13:47:00,157.31
2011-06-07 13:56:00,2516.19
2011-06-07 14:02:00,294.24
2011-06-07 14:03:00,133.62
2011-06-07 14:12:00,254.31
2011-06-07 14:22:00,198.57
2011-06-07 14:27:00,166.4
2011-06-07 14:28:00,364.88
2011-06-07 14:30:00,413.93
2011-06-07 14:38:00,306.68
2011-06-07 15:03:00,68.7
2011-06-07 15:04:00,570.88
2011-06-07 15:17:00,7.25
2011-06-07 15:28:00,161.01999999999998
2011-06-07 15:44:00,147.62
2011-06-07 16:04:00,1008.61
2011-06-07 16:16:00,181.63
2011-06-07 16:21:00,411.42
2011-06-07 16:35:00,10999.52
2011-06-07 16:42:00,301.78000000000003
2011-06-08 08:02:00,99.45
2011-06-08 08:12:00,765.8199999999999
2011-06-08 08:26:00,341.07
2011-06-08 08:31:00,833.1600000000001
2011-06-08 08:46:00,165.36
2011-06-08 08:49:00,286.34000000000003
2011-06-08 08:51:00,557.7
2011-06-08 09:16:00,286.34000000000003
2011-06-08 09:39:00,669.36
2011-06-08 09:58:00,468.23
2011-06-08 10:10:00,713.64
2011-06-08 10:14:00,322.55
2011-06-08 10:15:00,612.6800000000001
2011-06-08 10:36:00,674.99
2011-06-08 10:43:00,184.59
2011-06-08 10:45:00,2233.28
2011-06-08 10:49:00,166.86
2011-06-08 10:50:00,596.13
2011-06-08 10:51:00,136.5
2011-06-08 11:18:00,885.5200000000001
2011-06-08 11:37:00,302.54
2011-06-08 11:43:00,598.0
2011-06-08 11:54:00,452.4
2011-06-08 11:56:00,512.7
2011-06-08 11:57:00,26.4
2011-06-08 12:02:00,221.4
2011-06-08 12:03:00,592.39
2011-06-08 12:04:00,79.2
2011-06-08 12:21:00,361.23
2011-06-08 12:35:00,542.22
2011-06-08 12:36:00,367.68
2011-06-08 12:37:00,52.8
2011-06-08 12:38:00,173.66
2011-06-08 12:40:00,501.50000000000006
2011-06-08 12:42:00,320.58000000000004
2011-06-08 12:44:00,1353.41
2011-06-08 12:49:00,243.92999999999998
2011-06-08 12:50:00,165.55
2011-06-08 12:54:00,408.04
2011-06-08 12:57:00,276.24
2011-06-08 13:00:00,681.1800000000001
2011-06-08 13:04:00,279.04
2011-06-08 13:09:00,180.04
2011-06-08 13:14:00,14.5
2011-06-08 13:15:00,112.7
2011-06-08 13:26:00,222.07
2011-06-08 13:33:00,358.0
2011-06-08 13:35:00,420.0
2011-06-08 13:54:00,524.5
2011-06-08 13:56:00,320.92
2011-06-08 14:03:00,1118.04
2011-06-08 14:06:00,379.5
2011-06-08 14:09:00,193.2
2011-06-08 14:20:00,300.63
2011-06-08 14:29:00,146.3
2011-06-08 14:32:00,388.36
2011-06-08 14:35:00,245.05
2011-06-08 14:39:00,5.76
2011-06-08 14:51:00,396.14000000000004
2011-06-08 14:52:00,481.36
2011-06-08 14:57:00,952.65
2011-06-08 15:05:00,462.15000000000003
2011-06-08 15:18:00,351.2
2011-06-08 15:23:00,135.0
2011-06-08 15:31:00,15.9
2011-06-08 15:36:00,62.5
2011-06-08 15:38:00,3.75
2011-06-08 16:00:00,300.14
2011-06-08 16:15:00,878.55
2011-06-08 16:18:00,235.32000000000002
2011-06-08 16:34:00,384.2
2011-06-08 16:39:00,307.90000000000003
2011-06-08 16:54:00,393.34000000000003
2011-06-08 17:09:00,320.9
2011-06-09 07:53:00,200.17000000000002
2011-06-09 08:45:00,124.6
2011-06-09 09:16:00,313.0
2011-06-09 09:28:00,325.78000000000003
2011-06-09 09:32:00,585.32
2011-06-09 09:36:00,142.14000000000001
2011-06-09 09:39:00,99.96000000000001
2011-06-09 09:44:00,136.7
2011-06-09 09:54:00,333.0
2011-06-09 10:05:00,42.96
2011-06-09 10:06:00,290.2
2011-06-09 10:09:00,132.18
2011-06-09 10:20:00,303.62
2011-06-09 10:23:00,1959.25
2011-06-09 10:31:00,196.66
2011-06-09 10:46:00,438.0
2011-06-09 10:48:00,316.02
2011-06-09 11:05:00,307.76
2011-06-09 11:27:00,308.2
2011-06-09 11:32:00,410.87
2011-06-09 11:35:00,102.97999999999999
2011-06-09 11:37:00,360.04
2011-06-09 11:39:00,337.55
2011-06-09 11:40:00,30.599999999999998
2011-06-09 11:46:00,213.70000000000002
2011-06-09 11:49:00,299.78000000000003
2011-06-09 11:57:00,400.7
2011-06-09 12:01:00,72.52000000000001
2011-06-09 12:02:00,266.48
2011-06-09 12:04:00,306.86
2011-06-09 12:20:00,319.95
2011-06-09 12:21:00,535.01
2011-06-09 12:27:00,264.42
2011-06-09 12:30:00,294.2
2011-06-09 12:40:00,319.29
2011-06-09 13:01:00,382.52
2011-06-09 13:08:00,109.3
2011-06-09 13:09:00,130.08
2011-06-09 13:16:00,308.68
2011-06-09 13:37:00,203.98
2011-06-09 13:46:00,646.27
2011-06-09 13:50:00,128.76
2011-06-09 13:51:00,506.67999999999995
2011-06-09 14:14:00,301.32
2011-06-09 14:15:00,300.55
2011-06-09 14:18:00,352.90999999999997
2011-06-09 14:19:00,309.65999999999997
2011-06-09 14:23:00,539.12
2011-06-09 14:26:00,115.2
2011-06-09 14:43:00,304.48
2011-06-09 14:45:00,226.28
2011-06-09 15:27:00,26.36
2011-06-09 15:29:00,84.0
2011-06-09 15:34:00,45.2
2011-06-09 15:35:00,378.7
2011-06-09 15:48:00,158.85000000000002
2011-06-09 15:55:00,105.0
2011-06-09 16:04:00,912.66
2011-06-09 16:08:00,302.72
2011-06-09 16:10:00,535.13
2011-06-09 16:16:00,431.93
2011-06-09 16:33:00,332.64
2011-06-09 16:34:00,24.9
2011-06-09 16:44:00,462.96000000000004
2011-06-09 16:55:00,185.8
2011-06-09 16:57:00,136.25
2011-06-09 17:27:00,16488.0
2011-06-09 17:37:00,196.68
2011-06-09 17:47:00,294.86
2011-06-09 17:48:00,439.5
2011-06-09 17:53:00,591.09
2011-06-09 18:41:00,489.3
2011-06-09 18:42:00,532.9
2011-06-09 19:26:00,8.5
2011-06-09 19:33:00,3027.31
2011-06-09 19:40:00,155.10000000000002
2011-06-09 19:55:00,215.39000000000001
2011-06-09 20:03:00,344.81
2011-06-10 08:24:00,178.22
2011-06-10 08:50:00,314.11
2011-06-10 08:54:00,302.8
2011-06-10 09:10:00,72.0
2011-06-10 09:23:00,656.94
2011-06-10 09:44:00,309.34000000000003
2011-06-10 10:05:00,105.84
2011-06-10 10:24:00,1035.76
2011-06-10 10:26:00,313.45
2011-06-10 10:29:00,572.8
2011-06-10 10:38:00,480.0
2011-06-10 10:49:00,399.18
2011-06-10 10:59:00,599.45
2011-06-10 11:20:00,149.89
2011-06-10 11:28:00,157.76
2011-06-10 11:29:00,272.41
2011-06-10 11:36:00,506.19
2011-06-10 11:44:00,271.04
2011-06-10 11:49:00,74.16
2011-06-10 11:52:00,358.0
2011-06-10 11:54:00,124.14999999999999
2011-06-10 12:01:00,120.49000000000001
2011-06-10 12:19:00,6454.33
2011-06-10 12:24:00,19.8
2011-06-10 12:30:00,156.4
2011-06-10 12:51:00,197.37
2011-06-10 13:18:00,249.49
2011-06-10 13:59:00,299.67
2011-06-10 14:06:00,658.78
2011-06-10 14:08:00,151.2
2011-06-10 14:31:00,110.78999999999999
2011-06-10 14:46:00,147.75
2011-06-10 14:51:00,428.44
2011-06-10 15:07:00,360.07
2011-06-10 15:22:00,297.0
2011-06-10 15:28:00,39597.4
2011-06-10 15:33:00,649.5
2011-06-10 15:37:00,314.15999999999997
2011-06-10 16:37:00,40.8
2011-06-10 16:46:00,734.4399999999999
2011-06-10 16:47:00,3.75
2011-06-12 09:56:00,379.2
2011-06-12 10:15:00,830.5400000000001
2011-06-12 10:46:00,213.8
2011-06-12 10:47:00,360.18
2011-06-12 10:53:00,80.82
2011-06-12 11:04:00,102.23
2011-06-12 11:07:00,189.05
2011-06-12 11:17:00,186.55
2011-06-12 11:26:00,111.03
2011-06-12 11:37:00,583.2
2011-06-12 11:41:00,301.42
2011-06-12 11:47:00,198.76999999999998
2011-06-12 11:48:00,255.8
2011-06-12 12:00:00,377.84000000000003
2011-06-12 12:01:00,363.7
2011-06-12 12:03:00,417.33
2011-06-12 12:08:00,302.62
2011-06-12 12:20:00,199.73
2011-06-12 12:34:00,226.49
2011-06-12 12:50:00,262.88
2011-06-12 12:55:00,131.11
2011-06-12 13:00:00,145.27
2011-06-12 13:04:00,709.4399999999999
2011-06-12 13:12:00,110.78
2011-06-12 13:17:00,2108.7000000000003
2011-06-12 13:21:00,210.95
2011-06-12 13:22:00,375.04
2011-06-12 13:51:00,164.45
2011-06-12 13:52:00,161.9
2011-06-12 13:59:00,100.75
2011-06-12 14:08:00,302.24
2011-06-12 14:15:00,253.29
2011-06-12 14:48:00,587.52
2011-06-12 14:57:00,532.22
2011-06-12 15:14:00,304.31
2011-06-12 15:20:00,45.0
2011-06-12 15:31:00,175.09
2011-06-12 15:57:00,35.849999999999994
2011-06-13 07:58:00,102.72
2011-06-13 08:40:00,394.42
2011-06-13 08:43:00,491.71
2011-06-13 08:44:00,1101.8600000000001
2011-06-13 08:47:00,376.58
2011-06-13 09:43:00,462.9599999999999
2011-06-13 09:44:00,50.88
2011-06-13 09:55:00,1650.1
2011-06-13 10:10:00,136.95000000000002
2011-06-13 10:33:00,289.77
2011-06-13 10:36:00,821.32
2011-06-13 10:44:00,143.54
2011-06-13 10:52:00,1001.21
2011-06-13 10:54:00,3.3200000000000003
2011-06-13 11:10:00,108.13
2011-06-13 11:15:00,116.75999999999999
2011-06-13 11:24:00,9.75
2011-06-13 11:33:00,348.61
2011-06-13 11:36:00,312.44
2011-06-13 11:41:00,513.26
2011-06-13 11:49:00,765.03
2011-06-13 12:05:00,249.94
2011-06-13 12:19:00,53.15
2011-06-13 12:36:00,187.14000000000001
2011-06-13 12:38:00,310.48
2011-06-13 12:42:00,426.18
2011-06-13 12:44:00,147.0
2011-06-13 12:51:00,146.2
2011-06-13 12:52:00,536.26
2011-06-13 13:13:00,178.94
2011-06-13 13:25:00,149.2
2011-06-13 13:32:00,480.98
2011-06-13 13:41:00,1336.2
2011-06-13 13:44:00,212.0
2011-06-13 13:55:00,134.48
2011-06-13 14:12:00,164.41
2011-06-13 14:13:00,1266.66
2011-06-13 14:16:00,1109.53
2011-06-13 14:20:00,311.4
2011-06-13 14:29:00,98.25
2011-06-13 14:55:00,593.72
2011-06-13 14:59:00,373.13
2011-06-13 15:09:00,114.15
2011-06-13 15:44:00,189.47
2011-06-13 15:47:00,133.91
2011-06-13 16:25:00,254.12
2011-06-13 16:29:00,786.36
2011-06-13 16:33:00,259.08
2011-06-13 17:08:00,293.0
2011-06-14 08:03:00,306.46
2011-06-14 09:41:00,121.52
2011-06-14 09:42:00,201.84
2011-06-14 09:43:00,212.04
2011-06-14 09:57:00,83.4
2011-06-14 10:00:00,597.07
2011-06-14 10:49:00,976.25
2011-06-14 11:02:00,2145.0
2011-06-14 11:21:00,188.44
2011-06-14 11:22:00,372.6
2011-06-14 11:23:00,926.62
2011-06-14 11:25:00,3060.4
2011-06-14 11:26:00,246.49
2011-06-14 11:28:00,2496.0
2011-06-14 11:31:00,8915.52
2011-06-14 11:33:00,555.8
2011-06-14 11:36:00,342.15000000000003
2011-06-14 11:41:00,103.72
2011-06-14 11:47:00,474.87
2011-06-14 11:53:00,321.16
2011-06-14 12:00:00,510.87
2011-06-14 12:06:00,147.42000000000002
2011-06-14 12:08:00,32.55
2011-06-14 12:09:00,1393.48
2011-06-14 12:17:00,454.68000000000006
2011-06-14 12:21:00,433.0
2011-06-14 12:24:00,205.69
2011-06-14 12:31:00,714.35
2011-06-14 12:41:00,393.78000000000003
2011-06-14 12:45:00,143.4
2011-06-14 12:46:00,275.14
2011-06-14 12:47:00,1172.6
2011-06-14 13:04:00,106.15
2011-06-14 13:15:00,1421.25
2011-06-14 13:17:00,102.0
2011-06-14 13:18:00,109.20000000000002
2011-06-14 13:40:00,428.95
2011-06-14 13:48:00,256.77
2011-06-14 13:51:00,176.6
2011-06-14 13:52:00,150.37
2011-06-14 14:06:00,120.45
2011-06-14 14:29:00,123.13
2011-06-14 14:49:00,230.58
2011-06-14 15:14:00,554.62
2011-06-14 15:15:00,213.8
2011-06-14 15:16:00,122.04
2011-06-14 15:45:00,305.51
2011-06-14 16:48:00,223.48000000000002
2011-06-14 16:52:00,155.28
2011-06-15 08:34:00,153.24
2011-06-15 08:36:00,564.61
2011-06-15 09:01:00,501.64
2011-06-15 09:33:00,151.2
2011-06-15 10:21:00,420.94
2011-06-15 10:22:00,507.45
2011-06-15 10:29:00,171.63
2011-06-15 10:39:00,184.19
2011-06-15 10:51:00,489.31
2011-06-15 11:01:00,44.95
2011-06-15 11:27:00,160.0
2011-06-15 11:29:00,40.0
2011-06-15 11:30:00,4415.4400000000005
2011-06-15 11:56:00,173.82
2011-06-15 12:01:00,112.1
2011-06-15 12:07:00,142.92
2011-06-15 12:15:00,263.06
2011-06-15 12:21:00,326.38
2011-06-15 12:24:00,353.43
2011-06-15 12:32:00,17.700000000000003
2011-06-15 12:34:00,299.94
2011-06-15 12:36:00,119.28999999999999
2011-06-15 12:39:00,111.37
2011-06-15 12:48:00,1202.99
2011-06-15 12:50:00,120.94
2011-06-15 12:55:00,144.26
2011-06-15 13:05:00,319.06
2011-06-15 13:07:00,306.1
2011-06-15 13:23:00,378.96
2011-06-15 13:25:00,837.7
2011-06-15 13:26:00,680.21
2011-06-15 13:34:00,276.79
2011-06-15 13:35:00,361.03
2011-06-15 13:37:00,23426.81
2011-06-15 13:50:00,76.38
2011-06-15 13:56:00,14.25
2011-06-15 14:26:00,155.37
2011-06-15 14:47:00,3876.86
2011-06-15 14:48:00,606.72
2011-06-15 15:12:00,53.91
2011-06-15 15:35:00,171.84
2011-06-15 15:57:00,360.9
2011-06-15 16:05:00,1175.32
2011-06-15 16:42:00,683.17
2011-06-16 08:16:00,1012.86
2011-06-16 08:38:00,455.3
2011-06-16 09:04:00,1084.24
2011-06-16 09:15:00,305.2
2011-06-16 09:17:00,323.0
2011-06-16 09:28:00,668.8000000000001
2011-06-16 09:34:00,810.6
2011-06-16 09:46:00,331.44
2011-06-16 09:49:00,252.0
2011-06-16 10:04:00,299.03999999999996
2011-06-16 10:09:00,1077.1200000000001
2011-06-16 10:11:00,46.95
2011-06-16 10:18:00,245.75
2011-06-16 10:19:00,39.6
2011-06-16 10:23:00,149.51999999999998
2011-06-16 10:42:00,52.8
2011-06-16 10:48:00,305.4
2011-06-16 10:49:00,180.0
2011-06-16 11:24:00,302.14
2011-06-16 11:29:00,214.2
2011-06-16 11:30:00,1137.99
2011-06-16 11:38:00,412.99
2011-06-16 11:48:00,129.3
2011-06-16 11:50:00,359.08000000000004
2011-06-16 11:51:00,62.4
2011-06-16 12:05:00,542.74
2011-06-16 12:10:00,87.44
2011-06-16 12:11:00,331.0
2011-06-16 12:29:00,351.22
2011-06-16 12:36:00,5.9
2011-06-16 12:45:00,254.52
2011-06-16 12:51:00,212.47
2011-06-16 12:55:00,395.3
2011-06-16 13:04:00,183.95
2011-06-16 13:14:00,460.11
2011-06-16 13:24:00,318.65000000000003
2011-06-16 13:46:00,141.3
2011-06-16 13:48:00,189.5
2011-06-16 13:50:00,421.08
2011-06-16 13:57:00,332.55
2011-06-16 14:22:00,263.09000000000003
2011-06-16 14:24:00,88.55
2011-06-16 14:26:00,15.8
2011-06-16 14:45:00,633.55
2011-06-16 14:46:00,1880.52
2011-06-16 14:47:00,69.30000000000001
2011-06-16 15:01:00,160.35
2011-06-16 15:07:00,324.29
2011-06-16 15:08:00,161.46
2011-06-16 15:10:00,301.88
2011-06-16 15:12:00,1221.55
2011-06-16 15:17:00,13.440000000000001
2011-06-16 15:22:00,510.27
2011-06-16 15:28:00,376.77
2011-06-16 15:36:00,343.44
2011-06-16 15:39:00,432.0
2011-06-16 15:47:00,108.7
2011-06-16 15:49:00,113.06
2011-06-16 16:06:00,304.08000000000004
2011-06-16 16:26:00,102.0
2011-06-16 16:39:00,117.0
2011-06-16 16:43:00,158.4
2011-06-16 16:47:00,361.76
2011-06-16 16:57:00,305.75
2011-06-16 17:04:00,620.58
2011-06-16 17:05:00,364.16
2011-06-16 17:08:00,937.74
2011-06-16 17:12:00,235.94
2011-06-16 17:35:00,360.03999999999996
2011-06-16 17:37:00,305.18
2011-06-16 17:56:00,164.22
2011-06-16 18:19:00,230.57
2011-06-16 18:40:00,5405.48
2011-06-16 19:21:00,115.15
2011-06-16 19:40:00,117.72999999999999
2011-06-16 19:49:00,80.5
2011-06-16 19:59:00,462.35
2011-06-17 08:09:00,144.3
2011-06-17 08:52:00,217.4
2011-06-17 08:57:00,368.38
2011-06-17 09:11:00,305.28000000000003
2011-06-17 09:12:00,973.7
2011-06-17 09:23:00,626.13
2011-06-17 09:54:00,387.66
2011-06-17 10:12:00,832.02
2011-06-17 10:17:00,600.08
2011-06-17 10:43:00,802.13
2011-06-17 10:44:00,86.84
2011-06-17 10:51:00,654.1800000000001
2011-06-17 11:01:00,13.05
2011-06-17 11:02:00,174.27
2011-06-17 11:06:00,13.899999999999999
2011-06-17 11:07:00,474.54
2011-06-17 11:38:00,351.97
2011-06-17 11:49:00,1290.39
2011-06-17 12:06:00,610.5600000000001
2011-06-17 12:16:00,213.09
2011-06-17 12:20:00,964.77
2011-06-17 12:22:00,68.22
2011-06-17 12:23:00,42.42
2011-06-17 12:30:00,1987.19
2011-06-17 12:31:00,98.16
2011-06-17 12:39:00,323.28
2011-06-17 12:40:00,58.08
2011-06-17 13:01:00,233.53
2011-06-17 13:14:00,2060.0299999999997
2011-06-17 13:17:00,379.22
2011-06-17 13:37:00,411.48
2011-06-17 13:39:00,252.63
2011-06-17 13:40:00,23.0
2011-06-17 13:42:00,17.700000000000003
2011-06-17 13:57:00,135.0
2011-06-17 14:28:00,337.84000000000003
2011-06-17 14:44:00,405.76
2011-06-17 14:45:00,245.5
2011-06-17 14:46:00,68.9
2011-06-17 15:09:00,1359.58
2011-06-17 15:22:00,213.73
2011-06-17 15:59:00,67.78999999999999
2011-06-17 16:07:00,147.95
2011-06-17 16:23:00,11.9
2011-06-19 10:11:00,163.2
2011-06-19 10:20:00,274.56
2011-06-19 10:34:00,535.86
2011-06-19 10:35:00,126.9
2011-06-19 10:38:00,191.94
2011-06-19 10:39:00,345.5
2011-06-19 10:53:00,192.05
2011-06-19 10:55:00,174.53
2011-06-19 11:08:00,5683.06
2011-06-19 11:09:00,177.34
2011-06-19 11:10:00,341.81
2011-06-19 11:14:00,120.25
2011-06-19 11:23:00,245.82
2011-06-19 11:26:00,655.79
2011-06-19 11:36:00,111.68
2011-06-19 11:41:00,621.27
2011-06-19 11:42:00,535.0
2011-06-19 11:44:00,718.24
2011-06-19 11:45:00,318.02
2011-06-19 12:05:00,184.23
2011-06-19 12:06:00,118.6
2011-06-19 12:08:00,1152.52
2011-06-19 12:10:00,226.39
2011-06-19 12:19:00,373.5
2011-06-19 12:23:00,201.57
2011-06-19 12:26:00,142.06
2011-06-19 12:29:00,133.07
2011-06-19 12:31:00,602.8
2011-06-19 12:36:00,178.52
2011-06-19 12:47:00,340.58
2011-06-19 12:58:00,144.23
2011-06-19 13:01:00,395.93
2011-06-19 13:06:00,300.1
2011-06-19 13:26:00,249.95000000000002
2011-06-19 13:28:00,778.0
2011-06-19 13:37:00,125.46000000000001
2011-06-19 13:51:00,114.5
2011-06-19 13:54:00,239.35000000000002
2011-06-19 13:55:00,200.5
2011-06-19 13:56:00,562.4
2011-06-19 14:08:00,328.55
2011-06-19 14:15:00,236.44
2011-06-19 14:36:00,101.88
2011-06-19 14:40:00,132.95
2011-06-19 14:42:00,187.05
2011-06-19 14:47:00,234.6
2011-06-19 14:56:00,139.77
2011-06-19 15:13:00,109.96
2011-06-19 15:15:00,414.49
2011-06-19 15:33:00,111.2
2011-06-19 15:36:00,692.78
2011-06-19 15:47:00,408.45
2011-06-19 15:56:00,88.50000000000001
2011-06-19 15:59:00,223.74
2011-06-19 16:02:00,125.01
2011-06-19 16:04:00,151.63
2011-06-19 16:07:00,134.1
2011-06-19 16:11:00,303.3
2011-06-20 08:23:00,880.85
2011-06-20 08:50:00,453.3
2011-06-20 09:04:00,1171.46
2011-06-20 09:44:00,325.26
2011-06-20 09:50:00,561.29
2011-06-20 09:53:00,154.67000000000002
2011-06-20 10:13:00,107.6
2011-06-20 10:20:00,361.98
2011-06-20 10:21:00,54.78
2011-06-20 10:25:00,662.1
2011-06-20 10:34:00,298.44
2011-06-20 10:41:00,587.54
2011-06-20 10:42:00,13.0
2011-06-20 11:03:00,323.03000000000003
2011-06-20 11:23:00,131.14
2011-06-20 11:30:00,242.65
2011-06-20 11:33:00,97.95
2011-06-20 11:34:00,561.04
2011-06-20 11:36:00,109.58
2011-06-20 11:42:00,241.74
2011-06-20 11:49:00,90.0
2011-06-20 12:06:00,170.04
2011-06-20 12:14:00,1125.4
2011-06-20 12:24:00,750.0
2011-06-20 12:26:00,181.44
2011-06-20 12:27:00,375.0
2011-06-20 12:37:00,427.13
2011-06-20 12:53:00,667.72
2011-06-20 13:06:00,37.2
2011-06-20 13:08:00,1965.74
2011-06-20 13:14:00,529.67
2011-06-20 13:18:00,244.69
2011-06-20 13:21:00,589.44
2011-06-20 13:27:00,3395.0
2011-06-20 13:28:00,524.5
2011-06-20 13:29:00,454.6
2011-06-20 13:41:00,342.11
2011-06-20 13:44:00,33.75
2011-06-20 14:17:00,250.50000000000003
2011-06-20 14:36:00,539.81
2011-06-20 14:38:00,2876.0
2011-06-20 14:48:00,18.88
2011-06-20 14:58:00,484.06
2011-06-20 15:06:00,243.84000000000003
2011-06-20 15:08:00,183.63
2011-06-20 15:22:00,107.04
2011-06-20 15:25:00,185.78
2011-06-20 15:47:00,488.54
2011-06-20 15:48:00,215.6
2011-06-20 16:18:00,500.0
2011-06-20 16:19:00,305.04
2011-06-20 16:53:00,3.9
2011-06-20 16:58:00,173.42
2011-06-20 17:09:00,179.0
2011-06-20 17:14:00,113.12
2011-06-21 08:27:00,100.92
2011-06-21 09:18:00,38.08
2011-06-21 09:26:00,637.72
2011-06-21 09:30:00,91.8
2011-06-21 09:44:00,712.3
2011-06-21 09:49:00,528.45
2011-06-21 09:58:00,385.78000000000003
2011-06-21 10:37:00,309.1
2011-06-21 10:40:00,108.94
2011-06-21 10:46:00,427.76
2011-06-21 10:48:00,329.84
2011-06-21 10:53:00,2221.84
2011-06-21 10:55:00,870.3
2011-06-21 10:56:00,69.12
2011-06-21 11:02:00,112.09
2011-06-21 11:07:00,13.2
2011-06-21 11:19:00,475.86
2011-06-21 11:33:00,202.62
2011-06-21 11:47:00,69.89999999999999
2011-06-21 11:57:00,379.72
2011-06-21 12:02:00,290.36
2011-06-21 12:03:00,653.3000000000001
2011-06-21 12:06:00,147.4
2011-06-21 12:35:00,353.6
2011-06-21 12:40:00,246.54
2011-06-21 13:22:00,313.8
2011-06-21 13:24:00,648.6
2011-06-21 13:25:00,221.56
2011-06-21 13:37:00,327.45
2011-06-21 13:38:00,88.3
2011-06-21 13:58:00,329.43
2011-06-21 14:00:00,1870.2
2011-06-21 14:15:00,120.78
2011-06-21 14:23:00,469.72
2011-06-21 14:29:00,883.41
2011-06-21 14:30:00,257.3
2011-06-21 14:31:00,1966.66
2011-06-21 14:53:00,591.73
2011-06-21 15:01:00,410.34000000000003
2011-06-21 15:07:00,260.66
2011-06-21 15:13:00,302.39
2011-06-21 15:24:00,190.53
2011-06-21 15:27:00,194.89
2011-06-21 15:41:00,349.18
2011-06-21 16:13:00,246.74
2011-06-21 17:51:00,7.7
2011-06-22 08:30:00,309.81
2011-06-22 09:02:00,30.0
2011-06-22 09:43:00,390.06
2011-06-22 10:11:00,2200.62
2011-06-22 10:13:00,135.75000000000003
2011-06-22 10:15:00,1581.85
2011-06-22 10:19:00,1754.97
2011-06-22 10:28:00,600.03
2011-06-22 10:31:00,193.5
2011-06-22 11:20:00,462.38
2011-06-22 11:30:00,313.08000000000004
2011-06-22 11:35:00,55.8
2011-06-22 11:43:00,116.28000000000002
2011-06-22 11:46:00,526.16
2011-06-22 11:59:00,152.63
2011-06-22 12:09:00,406.33
2011-06-22 12:16:00,497.26
2011-06-22 12:24:00,163.91
2011-06-22 12:25:00,333.57
2011-06-22 12:32:00,86.65
2011-06-22 12:44:00,249.76
2011-06-22 12:50:00,300.06
2011-06-22 12:56:00,250.09
2011-06-22 12:57:00,29.700000000000003
2011-06-22 13:00:00,237.61
2011-06-22 13:12:00,700.0
2011-06-22 13:14:00,441.48
2011-06-22 13:28:00,381.41
2011-06-22 13:52:00,493.04
2011-06-22 13:57:00,542.7
2011-06-22 13:59:00,183.56
2011-06-22 14:01:00,507.07
2011-06-22 14:10:00,453.72
2011-06-22 14:21:00,987.08
2011-06-22 14:23:00,114.56
2011-06-22 14:24:00,201.16
2011-06-22 14:38:00,195.16
2011-06-22 14:41:00,335.87
2011-06-22 14:43:00,374.81
2011-06-22 14:47:00,222.0
2011-06-22 15:00:00,123.62
2011-06-22 15:06:00,332.16
2011-06-22 15:07:00,630.84
2011-06-22 15:30:00,52.5
2011-06-22 15:41:00,406.3
2011-06-22 15:43:00,4.94
2011-06-22 15:50:00,330.55
2011-06-22 16:01:00,141.14
2011-06-22 16:16:00,179.93
2011-06-22 16:32:00,493.0
2011-06-22 16:33:00,403.81
2011-06-22 16:44:00,302.25
2011-06-22 17:30:00,231.23
2011-06-23 09:08:00,142.5
2011-06-23 09:14:00,1064.22
2011-06-23 09:15:00,202.4
2011-06-23 09:22:00,206.2
2011-06-23 09:38:00,910.98
2011-06-23 09:53:00,707.05
2011-06-23 09:56:00,7.95
2011-06-23 10:14:00,573.54
2011-06-23 10:15:00,330.11
2011-06-23 10:20:00,329.56
2011-06-23 10:24:00,311.52000000000004
2011-06-23 10:27:00,344.1
2011-06-23 10:44:00,443.82
2011-06-23 10:52:00,396.97
2011-06-23 10:56:00,276.93
2011-06-23 10:57:00,338.84
2011-06-23 11:01:00,801.0
2011-06-23 11:38:00,307.47
2011-06-23 11:46:00,127.19
2011-06-23 11:47:00,86.31
2011-06-23 11:50:00,110.7
2011-06-23 11:51:00,311.23
2011-06-23 11:55:00,137.45
2011-06-23 11:58:00,168.1
2011-06-23 12:13:00,220.83
2011-06-23 12:19:00,173.85
2011-06-23 12:21:00,6.8999999999999995
2011-06-23 12:36:00,314.7
2011-06-23 12:41:00,300.78000000000003
2011-06-23 12:42:00,370.85
2011-06-23 12:51:00,14.85
2011-06-23 13:09:00,371.89
2011-06-23 13:13:00,1241.48
2011-06-23 13:16:00,1.45
2011-06-23 13:22:00,302.15999999999997
2011-06-23 13:35:00,145.2
2011-06-23 13:37:00,440.94
2011-06-23 13:39:00,565.21
2011-06-23 13:41:00,21.95
2011-06-23 13:51:00,672.44
2011-06-23 14:05:00,720.03
2011-06-23 14:11:00,419.19
2011-06-23 14:12:00,348.6
2011-06-23 14:13:00,291.38
2011-06-23 14:22:00,114.88
2011-06-23 14:25:00,382.25
2011-06-23 14:35:00,517.05
2011-06-23 14:36:00,617.7
2011-06-23 15:07:00,460.75
2011-06-23 15:26:00,429.8
2011-06-23 15:44:00,390.5
2011-06-23 15:48:00,179.0
2011-06-23 16:02:00,114.1
2011-06-23 16:35:00,158.85
2011-06-23 17:20:00,437.75
2011-06-23 17:35:00,144.56
2011-06-23 17:53:00,181.45000000000002
2011-06-23 18:33:00,213.45
2011-06-23 18:42:00,35.01
2011-06-23 18:44:00,817.83
2011-06-23 18:59:00,269.91
2011-06-23 19:20:00,744.52
2011-06-23 19:27:00,305.7
2011-06-23 19:29:00,228.7
2011-06-23 19:46:00,145.04
2011-06-24 08:40:00,214.4
2011-06-24 09:22:00,736.78
2011-06-24 09:24:00,327.6
2011-06-24 09:27:00,272.26
2011-06-24 09:38:00,607.2
2011-06-24 09:40:00,497.9
2011-06-24 09:43:00,671.9
2011-06-24 10:03:00,169.5
2011-06-24 10:11:00,41.9
2011-06-24 10:16:00,185.64000000000001
2011-06-24 10:26:00,293.96
2011-06-24 10:31:00,301.90000000000003
2011-06-24 10:33:00,597.79
2011-06-24 10:44:00,262.87
2011-06-24 10:47:00,119.85
2011-06-24 11:08:00,309.8
2011-06-24 11:39:00,374.4
2011-06-24 12:00:00,170.51
2011-06-24 12:14:00,168.55
2011-06-24 12:30:00,307.5
2011-06-24 12:43:00,200.47
2011-06-24 12:44:00,68.5
2011-06-24 12:51:00,177.46
2011-06-24 13:20:00,417.36
2011-06-24 13:26:00,241.47
2011-06-24 13:28:00,773.08
2011-06-24 13:29:00,112.5
2011-06-24 13:35:00,634.74
2011-06-24 14:16:00,116.16
2011-06-24 14:33:00,312.85
2011-06-24 14:36:00,60.9
2011-06-24 14:54:00,229.26000000000002
2011-06-24 14:57:00,765.79
2011-06-24 15:00:00,365.11
2011-06-24 15:17:00,603.96
2011-06-24 15:28:00,513.74
2011-06-24 15:33:00,63.25
2011-06-24 15:51:00,1000.3100000000001
2011-06-24 15:59:00,20.4
2011-06-24 16:21:00,371.76
2011-06-24 16:38:00,937.0
2011-06-24 17:07:00,484.4
2011-06-24 17:35:00,913.36
2011-06-26 10:59:00,708.06
2011-06-26 11:00:00,35.400000000000006
2011-06-26 11:01:00,151.66
2011-06-26 11:47:00,573.71
2011-06-26 11:53:00,387.47
2011-06-26 11:58:00,23.15
2011-06-26 11:59:00,198.23
2011-06-26 12:04:00,135.37
2011-06-26 12:36:00,667.03
2011-06-26 12:51:00,79.9
2011-06-26 12:54:00,172.89
2011-06-26 13:00:00,103.0
2011-06-26 13:04:00,131.45000000000002
2011-06-26 13:24:00,536.59
2011-06-26 13:31:00,222.32
2011-06-26 13:45:00,849.36
2011-06-26 13:46:00,385.83000000000004
2011-06-26 13:56:00,196.64
2011-06-26 14:06:00,185.82
2011-06-26 14:08:00,413.6
2011-06-26 14:28:00,184.82
2011-06-26 14:54:00,380.34999999999997
2011-06-26 15:09:00,124.76
2011-06-26 15:35:00,95.19999999999999
2011-06-26 15:36:00,44.25
2011-06-26 16:06:00,45.5
2011-06-27 08:48:00,616.17
2011-06-27 08:49:00,200.15
2011-06-27 08:50:00,573.7
2011-06-27 09:34:00,171.98
2011-06-27 09:35:00,348.12
2011-06-27 10:16:00,510.45
2011-06-27 10:17:00,201.24
2011-06-27 10:20:00,1112.3200000000002
2011-06-27 10:29:00,666.0600000000001
2011-06-27 10:42:00,406.8
2011-06-27 11:50:00,167.59
2011-06-27 12:01:00,248.7
2011-06-27 12:11:00,434.0400000000001
2011-06-27 12:13:00,141.03
2011-06-27 12:16:00,154.15
2011-06-27 12:23:00,348.0
2011-06-27 12:25:00,768.0
2011-06-27 12:28:00,162.82
2011-06-27 12:32:00,701.88
2011-06-27 12:38:00,626.41
2011-06-27 12:45:00,666.68
2011-06-27 12:49:00,111.26
2011-06-27 12:58:00,163.29999999999998
2011-06-27 13:00:00,217.65
2011-06-27 13:12:00,318.2
2011-06-27 13:51:00,179.28000000000003
2011-06-27 13:58:00,243.76
2011-06-27 14:30:00,432.7
2011-06-27 14:36:00,339.26
2011-06-27 14:37:00,65.4
2011-06-27 14:41:00,453.69
2011-06-27 15:04:00,613.91
2011-06-27 15:28:00,310.12
2011-06-27 16:46:00,130.85
2011-06-27 16:48:00,576.08
2011-06-28 08:19:00,110.30000000000001
2011-06-28 08:38:00,310.0
2011-06-28 08:39:00,10.08
2011-06-28 08:45:00,10174.94
2011-06-28 08:50:00,1113.6000000000001
2011-06-28 09:10:00,98.3
2011-06-28 10:06:00,376.3
2011-06-28 10:17:00,382.46000000000004
2011-06-28 10:18:00,62.400000000000006
2011-06-28 10:31:00,216.95
2011-06-28 10:37:00,339.3
2011-06-28 10:38:00,333.65
2011-06-28 11:20:00,1382.88
2011-06-28 11:22:00,2739.92
2011-06-28 11:38:00,361.8
2011-06-28 11:44:00,1452.3500000000001
2011-06-28 11:46:00,173.8
2011-06-28 11:56:00,51.0
2011-06-28 12:09:00,492.94
2011-06-28 12:16:00,289.24
2011-06-28 12:21:00,407.04
2011-06-28 13:09:00,59.599999999999994
2011-06-28 13:10:00,500.0
2011-06-28 13:11:00,134.28
2011-06-28 13:16:00,254.18
2011-06-28 13:17:00,315.6
2011-06-28 13:36:00,222.9
2011-06-28 13:55:00,174.05
2011-06-28 14:20:00,173.56
2011-06-28 14:50:00,307.99
2011-06-28 14:51:00,82.66
2011-06-28 14:52:00,273.9
2011-06-28 14:54:00,107.5
2011-06-28 14:55:00,108.0
2011-06-28 14:58:00,588.13
2011-06-28 15:05:00,140.06
2011-06-28 15:14:00,1353.2
2011-06-28 15:15:00,530.4
2011-06-28 15:28:00,250.0
2011-06-28 15:30:00,510.72
2011-06-28 15:31:00,345.92
2011-06-28 15:36:00,960.08
2011-06-28 15:44:00,288.08
2011-06-28 15:47:00,550.57
2011-06-28 16:02:00,376.92
2011-06-28 16:03:00,60.8
2011-06-28 17:01:00,600.0
2011-06-28 17:28:00,322.53000000000003
2011-06-29 08:58:00,282.23
2011-06-29 09:09:00,395.7
2011-06-29 09:13:00,478.08000000000004
2011-06-29 09:32:00,47.92
2011-06-29 09:58:00,101.76
2011-06-29 10:18:00,242.09
2011-06-29 10:23:00,576.4
2011-06-29 10:50:00,3126.34
2011-06-29 11:35:00,259.98
2011-06-29 11:41:00,335.33
2011-06-29 11:46:00,178.63
2011-06-29 11:47:00,60.660000000000004
2011-06-29 12:12:00,227.70000000000002
2011-06-29 12:15:00,106.15
2011-06-29 12:16:00,342.21000000000004
2011-06-29 12:37:00,474.18
2011-06-29 12:46:00,175.89
2011-06-29 12:53:00,32.65
2011-06-29 12:59:00,145.48
2011-06-29 13:10:00,110.92
2011-06-29 13:20:00,403.44000000000005
2011-06-29 13:40:00,856.32
2011-06-29 13:51:00,258.12
2011-06-29 13:58:00,616.6500000000001
2011-06-29 13:59:00,47.5
2011-06-29 14:17:00,125.95
2011-06-29 14:20:00,108.78999999999999
2011-06-29 14:53:00,406.46
2011-06-29 15:03:00,185.85
2011-06-29 15:11:00,326.34000000000003
2011-06-29 15:22:00,170.42000000000002
2011-06-29 15:33:00,140.85
2011-06-29 15:40:00,547.44
2011-06-29 15:41:00,237.2
2011-06-29 15:42:00,204.0
2011-06-29 16:07:00,114.35000000000001
2011-06-29 16:44:00,119.8
2011-06-30 08:17:00,145.75
2011-06-30 09:02:00,483.01
2011-06-30 09:56:00,13.2
2011-06-30 09:59:00,219.83
2011-06-30 10:09:00,679.88
2011-06-30 10:19:00,615.09
2011-06-30 10:44:00,2231.3
2011-06-30 10:52:00,187.78
2011-06-30 11:01:00,13355.4
2011-06-30 11:02:00,813.65
2011-06-30 11:22:00,23.2
2011-06-30 11:32:00,324.66
2011-06-30 11:49:00,530.47
2011-06-30 11:54:00,567.42
2011-06-30 12:04:00,256.67
2011-06-30 12:06:00,1760.96
2011-06-30 12:12:00,245.37
2011-06-30 12:14:00,445.42
2011-06-30 12:15:00,2662.17
2011-06-30 12:23:00,368.3
2011-06-30 12:42:00,1948.92
2011-06-30 12:50:00,2390.4
2011-06-30 13:03:00,127.1
2011-06-30 13:14:00,131.06
2011-06-30 13:17:00,727.49
2011-06-30 13:23:00,5.95
2011-06-30 13:25:00,199.7
2011-06-30 13:28:00,309.9
2011-06-30 13:43:00,344.92
2011-06-30 13:45:00,482.6
2011-06-30 13:58:00,114.76
2011-06-30 14:37:00,682.68
2011-06-30 14:38:00,142.52
2011-06-30 14:46:00,810.26
2011-06-30 14:47:00,258.1
2011-06-30 14:48:00,97.19999999999999
2011-06-30 15:30:00,289.1
2011-06-30 15:35:00,57.900000000000006
2011-06-30 15:40:00,877.6800000000001
2011-06-30 15:46:00,756.36
2011-06-30 16:22:00,269.4
2011-06-30 16:28:00,316.7
2011-06-30 16:39:00,150.4
2011-06-30 16:43:00,300.04
2011-06-30 16:51:00,120.05000000000001
2011-06-30 16:52:00,163.9
2011-06-30 17:16:00,17.0
2011-06-30 17:29:00,301.06
2011-06-30 17:34:00,95.28
2011-06-30 17:40:00,311.86
2011-06-30 17:59:00,814.74
2011-06-30 18:04:00,32.4
2011-06-30 18:07:00,646.82
2011-06-30 18:17:00,161.89000000000001
2011-06-30 18:44:00,303.54
2011-06-30 19:13:00,294.65
2011-06-30 19:27:00,264.8
2011-06-30 19:52:00,91.22
2011-06-30 19:58:00,165.5
2011-06-30 20:08:00,203.85999999999999
2011-07-01 08:16:00,462.58
2011-07-01 08:55:00,360.8
2011-07-01 08:58:00,138.5
2011-07-01 09:19:00,831.34
2011-07-01 09:47:00,394.34000000000003
2011-07-01 09:51:00,410.90000000000003
2011-07-01 10:16:00,679.1
2011-07-01 10:39:00,439.74
2011-07-01 10:40:00,17.4
2011-07-01 10:47:00,345.3
2011-07-01 10:58:00,124.89999999999999
2011-07-01 11:29:00,976.58
2011-07-01 11:32:00,276.8
2011-07-01 11:33:00,184.2
2011-07-01 11:43:00,298.64
2011-07-01 12:09:00,587.3
2011-07-01 12:17:00,153.22
2011-07-01 12:33:00,295.38
2011-07-01 12:34:00,108.95
2011-07-01 12:45:00,151.62
2011-07-01 12:47:00,306.75
2011-07-01 12:50:00,658.85
2011-07-01 12:52:00,454.73999999999995
2011-07-01 12:58:00,96.61
2011-07-01 13:01:00,10.76
2011-07-01 13:02:00,596.33
2011-07-01 13:04:00,26.46
2011-07-01 13:05:00,18.830000000000002
2011-07-01 13:07:00,69.02
2011-07-01 13:17:00,128.27
2011-07-01 13:22:00,71.4
2011-07-01 13:31:00,117.68
2011-07-01 13:48:00,351.48
2011-07-01 14:08:00,8.25
2011-07-01 14:51:00,440.64
2011-07-01 14:53:00,796.83
2011-07-01 15:07:00,9.75
2011-07-01 15:22:00,13.370000000000001
2011-07-01 15:35:00,405.38
2011-07-01 15:39:00,111.7
2011-07-01 17:23:00,215.75
2011-07-03 10:11:00,318.90999999999997
2011-07-03 10:23:00,115.75
2011-07-03 10:28:00,155.34
2011-07-03 10:47:00,450.81
2011-07-03 11:26:00,441.59000000000003
2011-07-03 11:40:00,272.26
2011-07-03 12:10:00,399.15999999999997
2011-07-03 12:21:00,448.55
2011-07-03 12:22:00,219.01
2011-07-03 12:27:00,99.14
2011-07-03 12:36:00,247.52
2011-07-03 12:38:00,247.25
2011-07-03 12:52:00,169.8
2011-07-03 13:05:00,406.18
2011-07-03 13:08:00,209.52
2011-07-03 13:12:00,145.8
2011-07-03 13:24:00,306.33000000000004
2011-07-03 13:27:00,383.85
2011-07-03 13:33:00,76.55
2011-07-03 14:58:00,154.55
2011-07-03 15:19:00,115.55
2011-07-03 15:53:00,346.38
2011-07-03 16:00:00,242.93
2011-07-04 10:20:00,13282.0
2011-07-04 10:27:00,471.22
2011-07-04 10:42:00,100.8
2011-07-04 11:35:00,750.9
2011-07-04 11:42:00,474.36
2011-07-04 11:47:00,226.93
2011-07-04 11:59:00,30.0
2011-07-04 12:18:00,244.43
2011-07-04 12:19:00,1067.88
2011-07-04 12:25:00,1561.0900000000001
2011-07-04 12:28:00,261.02
2011-07-04 12:41:00,109.33
2011-07-04 12:47:00,375.22
2011-07-04 12:58:00,1128.6
2011-07-04 13:19:00,4436.3
2011-07-04 13:28:00,457.3
2011-07-04 13:35:00,153.13
2011-07-04 13:36:00,345.72
2011-07-04 13:50:00,247.4
2011-07-04 13:53:00,126.62
2011-07-04 14:07:00,369.56
2011-07-04 14:08:00,70.8
2011-07-04 14:36:00,998.4200000000001
2011-07-04 15:10:00,227.95000000000002
2011-07-04 15:13:00,49.5
2011-07-04 15:26:00,488.55
2011-07-04 15:29:00,653.6800000000001
2011-07-04 15:38:00,70.80000000000001
2011-07-04 15:46:00,298.74
2011-07-04 15:49:00,62.599999999999994
2011-07-04 15:50:00,101.10000000000001
2011-07-04 15:54:00,389.68
2011-07-04 16:06:00,107.7
2011-07-04 16:08:00,770.07
2011-07-04 16:35:00,431.97
2011-07-05 09:06:00,487.02
2011-07-05 09:10:00,789.6600000000001
2011-07-05 09:16:00,1141.2
2011-07-05 09:23:00,321.46
2011-07-05 09:31:00,31.25
2011-07-05 09:33:00,663.18
2011-07-05 09:34:00,838.8000000000001
2011-07-05 09:53:00,107.60000000000001
2011-07-05 09:56:00,455.45
2011-07-05 09:57:00,125.14
2011-07-05 10:06:00,254.4
2011-07-05 10:07:00,318.03
2011-07-05 10:08:00,17.4
2011-07-05 10:21:00,440.71
2011-07-05 10:23:00,324.17
2011-07-05 10:39:00,289.95
2011-07-05 10:54:00,351.14
2011-07-05 10:57:00,1088.5
2011-07-05 10:58:00,449.81
2011-07-05 11:10:00,129.64000000000001
2011-07-05 11:30:00,51.36
2011-07-05 11:32:00,119.98
2011-07-05 11:36:00,351.69
2011-07-05 11:49:00,504.98
2011-07-05 11:58:00,349.54
2011-07-05 12:03:00,311.82
2011-07-05 12:11:00,137.98
2011-07-05 12:15:00,457.15
2011-07-05 12:17:00,300.8
2011-07-05 12:18:00,72.0
2011-07-05 12:23:00,632.44
2011-07-05 12:39:00,302.18
2011-07-05 12:41:00,307.6
2011-07-05 12:47:00,689.58
2011-07-05 12:50:00,900.1700000000001
2011-07-05 12:52:00,467.7
2011-07-05 12:53:00,702.4
2011-07-05 13:01:00,672.9
2011-07-05 13:06:00,455.16999999999996
2011-07-05 13:07:00,160.42000000000002
2011-07-05 13:15:00,18.740000000000002
2011-07-05 13:16:00,532.9399999999999
2011-07-05 13:19:00,737.04
2011-07-05 13:38:00,210.10000000000002
2011-07-05 13:56:00,214.8
2011-07-05 14:20:00,75.0
2011-07-05 14:24:00,642.02
2011-07-05 14:27:00,330.6
2011-07-05 14:42:00,19.92
2011-07-05 14:53:00,2156.44
2011-07-05 14:56:00,369.85
2011-07-05 15:12:00,139.68
2011-07-05 15:14:00,662.35
2011-07-05 15:37:00,426.2
2011-07-05 15:40:00,178.74
2011-07-05 15:41:00,54.9
2011-07-05 15:44:00,1278.1
2011-07-05 15:48:00,768.0
2011-07-05 16:08:00,600.72
2011-07-06 09:15:00,356.99
2011-07-06 09:46:00,561.34
2011-07-06 09:49:00,719.06
2011-07-06 10:00:00,302.20000000000005
2011-07-06 10:04:00,197.24
2011-07-06 10:09:00,553.92
2011-07-06 10:10:00,173.86
2011-07-06 10:15:00,318.66
2011-07-06 10:41:00,300.74
2011-07-06 10:47:00,224.84
2011-07-06 10:48:00,197.22
2011-07-06 10:49:00,431.57
2011-07-06 10:52:00,647.9200000000001
2011-07-06 10:59:00,109.0
2011-07-06 11:02:00,605.76
2011-07-06 11:10:00,148.0
2011-07-06 11:22:00,127.53
2011-07-06 11:42:00,223.68
2011-07-06 11:52:00,796.38
2011-07-06 11:54:00,61.800000000000004
2011-07-06 11:59:00,215.25
2011-07-06 12:08:00,85.0
2011-07-06 12:18:00,688.63
2011-07-06 12:22:00,521.34
2011-07-06 12:26:00,251.18
2011-07-06 12:31:00,366.6
2011-07-06 12:32:00,437.38
2011-07-06 12:33:00,316.4
2011-07-06 12:39:00,193.29
2011-07-06 12:50:00,167.5
2011-07-06 12:56:00,412.2
2011-07-06 13:04:00,202.1
2011-07-06 13:06:00,255.95
2011-07-06 13:13:00,701.93
2011-07-06 13:14:00,1056.62
2011-07-06 13:18:00,134.5
2011-07-06 13:25:00,5.2
2011-07-06 13:35:00,215.74
2011-07-06 13:41:00,477.9
2011-07-06 13:56:00,683.91
2011-07-06 14:01:00,381.17
2011-07-06 14:04:00,67.79
2011-07-06 14:17:00,3137.85
2011-07-06 14:18:00,615.3000000000001
2011-07-06 14:41:00,96.0
2011-07-06 14:59:00,224.79
2011-07-06 15:02:00,550.65
2011-07-06 15:10:00,321.14
2011-07-06 15:15:00,108.4
2011-07-06 15:49:00,221.0
2011-07-06 15:50:00,79.62
2011-07-06 15:53:00,307.03000000000003
2011-07-06 16:03:00,345.65
2011-07-06 16:15:00,235.82
2011-07-06 16:39:00,587.46
2011-07-06 16:40:00,39.239999999999995
2011-07-06 16:54:00,532.21
2011-07-06 17:05:00,145.96
2011-07-06 17:25:00,311.46
2011-07-06 17:31:00,179.35
2011-07-07 08:21:00,377.61
2011-07-07 08:22:00,65.4
2011-07-07 10:03:00,416.62
2011-07-07 10:04:00,503.8
2011-07-07 10:20:00,66.55
2011-07-07 10:28:00,382.36
2011-07-07 10:36:00,361.11
2011-07-07 10:39:00,95.75
2011-07-07 10:40:00,781.03
2011-07-07 10:43:00,830.0000000000001
2011-07-07 11:02:00,909.24
2011-07-07 11:10:00,246.36
2011-07-07 11:12:00,128.16
2011-07-07 11:36:00,372.0
2011-07-07 11:56:00,300.03000000000003
2011-07-07 12:04:00,768.0
2011-07-07 12:10:00,819.0
2011-07-07 12:22:00,433.25
2011-07-07 12:29:00,28.880000000000003
2011-07-07 12:32:00,303.76
2011-07-07 12:36:00,403.53000000000003
2011-07-07 12:38:00,739.64
2011-07-07 12:39:00,229.14
2011-07-07 12:40:00,208.62
2011-07-07 12:41:00,336.8
2011-07-07 12:47:00,117.8
2011-07-07 12:56:00,142.1
2011-07-07 13:02:00,533.28
2011-07-07 13:05:00,306.42
2011-07-07 13:33:00,944.1600000000001
2011-07-07 13:35:00,1837.92
2011-07-07 13:43:00,97.5
2011-07-07 13:44:00,225.20000000000002
2011-07-07 13:52:00,430.00000000000006
2011-07-07 13:54:00,276.6
2011-07-07 14:03:00,285.83
2011-07-07 14:08:00,177.21
2011-07-07 14:11:00,10.08
2011-07-07 14:18:00,134.86
2011-07-07 14:30:00,422.72
2011-07-07 14:46:00,2609.0
2011-07-07 14:55:00,203.6
2011-07-07 14:56:00,158.4
2011-07-07 15:06:00,219.78
2011-07-07 15:16:00,208.89
2011-07-07 15:21:00,203.46
2011-07-07 15:31:00,275.76
2011-07-07 15:41:00,205.1
2011-07-07 15:44:00,400.1
2011-07-07 15:45:00,349.92
2011-07-07 15:46:00,130.2
2011-07-07 15:47:00,23.04
2011-07-07 16:17:00,113.96000000000001
2011-07-07 16:49:00,90.6
2011-07-07 16:51:00,308.58000000000004
2011-07-07 16:56:00,443.2
2011-07-07 16:59:00,611.22
2011-07-07 17:01:00,4.25
2011-07-07 17:19:00,202.16
2011-07-07 17:33:00,292.82
2011-07-07 17:35:00,346.38
2011-07-07 17:47:00,126.45
2011-07-07 17:56:00,63.75
2011-07-07 18:02:00,365.05
2011-07-07 18:14:00,112.71000000000001
2011-07-07 18:29:00,869.9
2011-07-07 18:56:00,2215.25
2011-07-07 19:14:00,180.39000000000001
2011-07-07 19:18:00,109.9
2011-07-07 19:54:00,114.53999999999999
2011-07-07 20:07:00,253.7
2011-07-08 08:43:00,683.64
2011-07-08 08:45:00,157.81
2011-07-08 08:48:00,761.9200000000001
2011-07-08 09:03:00,413.96
2011-07-08 09:38:00,529.09
2011-07-08 10:00:00,326.77
2011-07-08 10:01:00,185.51
2011-07-08 10:20:00,218.27
2011-07-08 10:23:00,626.88
2011-07-08 10:49:00,185.81
2011-07-08 11:36:00,579.26
2011-07-08 11:41:00,438.0
2011-07-08 11:52:00,225.72
2011-07-08 11:55:00,318.05
2011-07-08 12:00:00,284.75
2011-07-08 12:14:00,630.0500000000001
2011-07-08 12:18:00,110.49
2011-07-08 12:22:00,329.24
2011-07-08 12:34:00,251.9
2011-07-08 12:35:00,17.4
2011-07-08 12:50:00,870.37
2011-07-08 12:53:00,454.28
2011-07-08 13:00:00,300.86
2011-07-08 13:12:00,314.85
2011-07-08 13:23:00,28.35
2011-07-08 13:26:00,4029.71
2011-07-08 13:31:00,82.04
2011-07-08 13:37:00,252.37
2011-07-08 13:39:00,248.10000000000002
2011-07-08 13:44:00,305.75
2011-07-08 15:16:00,571.18
2011-07-08 15:22:00,98.06
2011-07-08 15:23:00,103.97
2011-07-08 15:25:00,31.74
2011-07-08 15:29:00,727.32
2011-07-08 15:31:00,2.37
2011-07-08 15:54:00,329.46000000000004
2011-07-08 15:56:00,243.22
2011-07-08 16:08:00,282.12
2011-07-08 16:17:00,870.0
2011-07-08 17:19:00,117.86
2011-07-10 10:14:00,45.0
2011-07-10 10:30:00,383.15
2011-07-10 11:19:00,115.72
2011-07-10 11:24:00,149.02
2011-07-10 11:34:00,455.95
2011-07-10 12:03:00,430.05
2011-07-10 12:07:00,13.01
2011-07-10 12:16:00,244.12
2011-07-10 12:17:00,198.56
2011-07-10 12:23:00,115.44999999999999
2011-07-10 12:25:00,261.54
2011-07-10 12:28:00,337.58
2011-07-10 12:40:00,52.2
2011-07-10 13:32:00,411.77
2011-07-10 13:46:00,38.98
2011-07-10 13:52:00,37.03
2011-07-10 14:42:00,288.42
2011-07-10 14:49:00,909.6
2011-07-10 15:12:00,381.37
2011-07-10 15:17:00,290.69
2011-07-10 15:25:00,277.6
2011-07-10 15:38:00,150.75
2011-07-10 16:18:00,111.23
2011-07-10 16:29:00,260.75
2011-07-11 09:23:00,322.15
2011-07-11 10:12:00,1778.5
2011-07-11 10:14:00,232.6
2011-07-11 10:24:00,34.68
2011-07-11 10:33:00,1217.64
2011-07-11 11:33:00,346.76
2011-07-11 11:38:00,114.11
2011-07-11 11:39:00,532.48
2011-07-11 11:51:00,126.6
2011-07-11 11:58:00,212.56
2011-07-11 12:01:00,47.550000000000004
2011-07-11 12:15:00,1236.48
2011-07-11 12:17:00,251.68
2011-07-11 12:23:00,457.26
2011-07-11 12:30:00,533.0200000000001
2011-07-11 12:31:00,335.02
2011-07-11 12:47:00,327.2
2011-07-11 12:49:00,164.22
2011-07-11 12:54:00,865.62
2011-07-11 12:57:00,178.38000000000002
2011-07-11 13:05:00,21.96
2011-07-11 13:06:00,30.0
2011-07-11 13:19:00,1080.65
2011-07-11 13:22:00,213.70000000000002
2011-07-11 13:32:00,299.7
2011-07-11 13:35:00,308.75
2011-07-11 13:40:00,301.26
2011-07-11 13:47:00,307.97
2011-07-11 13:55:00,114.95
2011-07-11 14:04:00,548.95
2011-07-11 14:10:00,1212.26
2011-07-11 14:16:00,321.1
2011-07-11 14:40:00,1195.1200000000001
2011-07-11 14:43:00,214.25
2011-07-11 14:46:00,793.88
2011-07-11 14:47:00,421.24
2011-07-11 14:55:00,32.95
2011-07-11 15:05:00,373.40000000000003
2011-07-11 15:22:00,78.6
2011-07-11 15:26:00,141.98
2011-07-11 15:28:00,168.95
2011-07-11 15:32:00,5.8
2011-07-11 15:52:00,1646.02
2011-07-11 16:59:00,156.85
2011-07-11 17:03:00,72.38
2011-07-11 17:07:00,631.65
2011-07-12 08:52:00,192.8
2011-07-12 09:04:00,1752.06
2011-07-12 09:10:00,2002.32
2011-07-12 09:11:00,857.7
2011-07-12 09:54:00,471.43
2011-07-12 10:02:00,347.29
2011-07-12 10:04:00,484.86
2011-07-12 10:05:00,116.55000000000001
2011-07-12 10:21:00,884.4
2011-07-12 10:25:00,191.60000000000002
2011-07-12 10:46:00,204.35
2011-07-12 10:47:00,304.5
2011-07-12 10:54:00,309.07
2011-07-12 11:15:00,113.07
2011-07-12 11:16:00,365.28
2011-07-12 11:28:00,207.41
2011-07-12 11:35:00,197.52000000000004
2011-07-12 11:37:00,119.19
2011-07-12 11:55:00,302.92
2011-07-12 12:02:00,302.04
2011-07-12 12:07:00,834.52
2011-07-12 12:19:00,326.4
2011-07-12 12:24:00,527.3
2011-07-12 12:43:00,24.380000000000003
2011-07-12 13:16:00,446.08
2011-07-12 13:26:00,35.0
2011-07-12 13:31:00,267.04
2011-07-12 13:32:00,100.32
2011-07-12 14:17:00,393.31
2011-07-12 14:26:00,490.11
2011-07-12 14:48:00,497.57
2011-07-12 14:57:00,229.81
2011-07-12 15:15:00,243.64999999999998
2011-07-12 15:22:00,305.1
2011-07-12 15:29:00,377.74
2011-07-12 15:42:00,753.66
2011-07-12 15:49:00,370.16
2011-07-12 15:56:00,757.6
2011-07-12 16:37:00,515.3
2011-07-12 16:58:00,256.7
2011-07-12 17:09:00,131.45
2011-07-12 17:15:00,12.75
2011-07-12 17:21:00,52.8
2011-07-12 17:23:00,263.38
2011-07-13 08:48:00,104.05
2011-07-13 09:44:00,439.7
2011-07-13 09:58:00,416.90000000000003
2011-07-13 10:02:00,239.20000000000002
2011-07-13 10:08:00,15.0
2011-07-13 10:09:00,516.12
2011-07-13 10:27:00,179.17
2011-07-13 10:30:00,515.72
2011-07-13 10:33:00,352.94
2011-07-13 10:38:00,406.23
2011-07-13 10:39:00,1086.8300000000002
2011-07-13 10:43:00,610.01
2011-07-13 11:00:00,47.24
2011-07-13 11:09:00,240.1
2011-07-13 11:17:00,178.82
2011-07-13 11:19:00,367.5
2011-07-13 11:20:00,5.1
2011-07-13 11:33:00,162.63
2011-07-13 11:34:00,591.7
2011-07-13 11:35:00,69.72
2011-07-13 11:44:00,210.9
2011-07-13 11:47:00,311.92
2011-07-13 11:48:00,915.46
2011-07-13 11:58:00,45.6
2011-07-13 12:06:00,1336.41
2011-07-13 12:15:00,177.85
2011-07-13 12:18:00,1013.09
2011-07-13 12:24:00,281.71
2011-07-13 12:27:00,214.2
2011-07-13 12:53:00,23.25
2011-07-13 13:14:00,103.28
2011-07-13 13:16:00,353.09
2011-07-13 13:20:00,506.16
2011-07-13 13:27:00,152.81
2011-07-13 13:33:00,185.85000000000002
2011-07-13 13:37:00,936.48
2011-07-13 14:28:00,330.92
2011-07-13 14:29:00,35.6
2011-07-13 14:39:00,270.9
2011-07-13 15:04:00,357.78000000000003
2011-07-13 15:05:00,17.4
2011-07-13 15:18:00,110.13999999999999
2011-07-13 15:29:00,488.40000000000003
2011-07-13 15:30:00,2735.16
2011-07-13 15:31:00,61.2
2011-07-13 15:42:00,299.05
2011-07-13 15:50:00,574.7
2011-07-13 16:47:00,316.85
2011-07-13 16:48:00,39.6
2011-07-13 17:03:00,461.08
2011-07-14 08:52:00,1710.39
2011-07-14 09:10:00,252.05
2011-07-14 09:22:00,585.62
2011-07-14 09:23:00,205.95000000000002
2011-07-14 09:26:00,561.9
2011-07-14 09:54:00,308.2
2011-07-14 09:58:00,304.92
2011-07-14 10:08:00,315.12
2011-07-14 10:09:00,49.92
2011-07-14 10:11:00,465.35
2011-07-14 10:15:00,112.81
2011-07-14 10:20:00,2752.5
2011-07-14 10:21:00,1633.8
2011-07-14 10:24:00,18.0
2011-07-14 10:41:00,1430.75
2011-07-14 10:52:00,309.40000000000003
2011-07-14 11:20:00,304.1
2011-07-14 11:28:00,202.87
2011-07-14 11:30:00,603.5400000000001
2011-07-14 11:34:00,164.0
2011-07-14 11:45:00,199.36
2011-07-14 11:46:00,219.06
2011-07-14 11:47:00,98.45
2011-07-14 12:12:00,688.0
2011-07-14 12:17:00,185.78
2011-07-14 12:21:00,521.49
2011-07-14 12:22:00,87.3
2011-07-14 12:29:00,139.95
2011-07-14 12:42:00,181.72
2011-07-14 12:48:00,285.0
2011-07-14 12:52:00,274.5
2011-07-14 13:00:00,382.26
2011-07-14 13:11:00,116.55
2011-07-14 13:20:00,2.5
2011-07-14 13:28:00,902.09
2011-07-14 13:35:00,300.99
2011-07-14 13:41:00,2204.36
2011-07-14 13:51:00,1147.1
2011-07-14 14:08:00,875.28
2011-07-14 14:46:00,825.42
2011-07-14 15:01:00,213.28
2011-07-14 15:02:00,132.16
2011-07-14 15:03:00,522.52
2011-07-14 15:22:00,344.62
2011-07-14 15:30:00,413.64
2011-07-14 15:44:00,366.31
2011-07-14 16:12:00,902.95
2011-07-14 16:23:00,3279.36
2011-07-14 16:35:00,299.18
2011-07-14 16:39:00,326.4
2011-07-14 16:42:00,135.62
2011-07-14 16:45:00,82.53
2011-07-14 17:11:00,356.84
2011-07-14 17:13:00,408.21999999999997
2011-07-14 17:14:00,30.5
2011-07-14 17:20:00,95.4
2011-07-14 17:40:00,339.38
2011-07-14 17:44:00,127.88
2011-07-14 18:08:00,105.0
2011-07-14 18:28:00,288.57
2011-07-14 18:44:00,130.26
2011-07-14 18:56:00,155.51
2011-07-14 19:23:00,222.13
2011-07-14 20:01:00,772.43
2011-07-15 08:09:00,356.1
2011-07-15 08:59:00,208.5
2011-07-15 09:00:00,56.82
2011-07-15 10:05:00,180.8
2011-07-15 10:21:00,867.0600000000001
2011-07-15 10:27:00,971.13
2011-07-15 10:33:00,119.04
2011-07-15 10:44:00,136.68
2011-07-15 11:04:00,709.74
2011-07-15 11:38:00,185.07
2011-07-15 11:45:00,118.71
2011-07-15 11:48:00,359.95
2011-07-15 11:49:00,52.980000000000004
2011-07-15 11:50:00,542.4
2011-07-15 11:57:00,113.06
2011-07-15 12:05:00,550.94
2011-07-15 12:10:00,322.2
2011-07-15 12:33:00,168.20000000000002
2011-07-15 12:45:00,60.0
2011-07-15 12:58:00,358.56000000000006
2011-07-15 12:59:00,30.0
2011-07-15 13:09:00,329.3
2011-07-15 13:10:00,776.0500000000001
2011-07-15 13:13:00,471.56
2011-07-15 13:17:00,154.20000000000002
2011-07-15 13:55:00,16.5
2011-07-15 13:57:00,410.85
2011-07-15 14:05:00,1220.77
2011-07-15 14:20:00,107.4
2011-07-15 14:34:00,561.0600000000001
2011-07-15 14:58:00,180.42
2011-07-15 15:28:00,231.39000000000001
2011-07-15 15:32:00,180.89
2011-07-15 16:06:00,400.76
2011-07-15 17:29:00,305.61
2011-07-17 10:39:00,155.3
2011-07-17 10:53:00,345.23
2011-07-17 10:55:00,250.95
2011-07-17 11:08:00,238.4
2011-07-17 11:10:00,245.44
2011-07-17 11:21:00,1885.1
2011-07-17 11:26:00,224.98000000000002
2011-07-17 11:27:00,49.550000000000004
2011-07-17 11:41:00,307.5
2011-07-17 11:50:00,1242.38
2011-07-17 11:59:00,216.37
2011-07-17 12:02:00,80.7
2011-07-17 12:14:00,266.81
2011-07-17 12:17:00,1353.1
2011-07-17 12:18:00,111.89999999999999
2011-07-17 12:24:00,438.76
2011-07-17 12:26:00,201.25
2011-07-17 12:31:00,259.79
2011-07-17 12:32:00,383.2
2011-07-17 12:35:00,115.87
2011-07-17 12:52:00,535.59
2011-07-17 13:07:00,236.94
2011-07-17 13:08:00,783.9
2011-07-17 13:24:00,140.76
2011-07-17 13:25:00,810.09
2011-07-17 13:26:00,482.8
2011-07-17 13:29:00,541.4300000000001
2011-07-17 13:32:00,169.79
2011-07-17 13:35:00,207.16
2011-07-17 13:40:00,368.18
2011-07-17 13:41:00,89.26
2011-07-17 13:46:00,417.38
2011-07-17 13:48:00,413.38
2011-07-17 13:54:00,338.7
2011-07-17 14:05:00,129.5
2011-07-17 14:07:00,211.69
2011-07-17 14:32:00,148.16000000000003
2011-07-17 14:42:00,130.78
2011-07-17 14:51:00,341.35
2011-07-17 14:56:00,150.10000000000002
2011-07-17 14:59:00,372.3
2011-07-17 15:00:00,91.73
2011-07-17 15:08:00,15.0
2011-07-17 15:11:00,108.44
2011-07-17 15:24:00,114.14
2011-07-17 15:45:00,173.39000000000001
2011-07-17 15:47:00,173.65
2011-07-17 15:50:00,705.3000000000001
2011-07-17 15:59:00,152.68
2011-07-18 08:21:00,277.12
2011-07-18 09:15:00,204.54
2011-07-18 09:21:00,675.7
2011-07-18 09:38:00,898.44
2011-07-18 09:49:00,115.49
2011-07-18 10:05:00,563.42
2011-07-18 10:21:00,456.84000000000003
2011-07-18 10:28:00,747.78
2011-07-18 10:29:00,800.46
2011-07-18 10:43:00,47.7
2011-07-18 10:49:00,235.35
2011-07-18 11:37:00,114.55
2011-07-18 11:41:00,333.11
2011-07-18 11:42:00,183.5
2011-07-18 11:47:00,337.43
2011-07-18 11:55:00,3949.32
2011-07-18 11:58:00,272.81
2011-07-18 11:59:00,150.78
2011-07-18 12:05:00,131.5
2011-07-18 12:15:00,1585.94
2011-07-18 12:19:00,487.97
2011-07-18 12:25:00,728.0600000000001
2011-07-18 12:42:00,378.16
2011-07-18 12:49:00,119.4
2011-07-18 12:52:00,314.15000000000003
2011-07-18 12:53:00,303.29
2011-07-18 13:00:00,179.41
2011-07-18 13:30:00,217.6
2011-07-18 13:33:00,470.25
2011-07-18 13:35:00,556.58
2011-07-18 14:04:00,364.14
2011-07-18 14:10:00,1734.58
2011-07-18 14:28:00,530.47
2011-07-18 14:32:00,207.94
2011-07-18 14:33:00,550.64
2011-07-18 14:36:00,304.52
2011-07-18 14:40:00,21.72
2011-07-18 14:56:00,147.18
2011-07-18 15:14:00,300.18
2011-07-18 15:15:00,370.1
2011-07-18 15:39:00,484.1
2011-07-18 16:05:00,218.62
2011-07-18 16:57:00,165.20000000000002
2011-07-18 16:59:00,120.23
2011-07-18 17:10:00,201.96
2011-07-18 17:15:00,443.40000000000003
2011-07-19 09:08:00,11134.34
2011-07-19 09:10:00,532.3199999999999
2011-07-19 09:24:00,525.03
2011-07-19 09:29:00,576.0
2011-07-19 09:31:00,335.1
2011-07-19 09:49:00,90.0
2011-07-19 09:50:00,1527.0
2011-07-19 09:51:00,99.6
2011-07-19 09:52:00,1198.3799999999999
2011-07-19 10:06:00,224.3
2011-07-19 10:40:00,220.15
2011-07-19 10:42:00,483.02000000000004
2011-07-19 10:49:00,355.53999999999996
2011-07-19 10:51:00,158.65
2011-07-19 11:03:00,460.14
2011-07-19 11:08:00,223.06
2011-07-19 11:40:00,362.82
2011-07-19 11:47:00,4406.61
2011-07-19 11:56:00,64.8
2011-07-19 11:57:00,470.95
2011-07-19 12:10:00,390.98
2011-07-19 12:13:00,242.91
2011-07-19 12:15:00,123.15
2011-07-19 12:19:00,1142.97
2011-07-19 12:37:00,60.650000000000006
2011-07-19 12:38:00,337.65000000000003
2011-07-19 12:39:00,614.2
2011-07-19 12:42:00,121.38
2011-07-19 12:43:00,653.9
2011-07-19 12:47:00,109.01
2011-07-19 12:54:00,750.9300000000001
2011-07-19 12:58:00,126.35
2011-07-19 13:01:00,458.02
2011-07-19 13:05:00,110.23
2011-07-19 13:34:00,185.55
2011-07-19 13:45:00,431.66
2011-07-19 14:03:00,554.84
2011-07-19 14:04:00,557.6800000000001
2011-07-19 14:28:00,36.56
2011-07-19 14:29:00,729.07
2011-07-19 14:59:00,202.07
2011-07-19 15:07:00,471.27000000000004
2011-07-19 15:13:00,566.13
2011-07-19 15:23:00,8801.51
2011-07-19 15:29:00,611.76
2011-07-19 15:30:00,49.470000000000006
2011-07-19 15:38:00,112.74
2011-07-19 15:48:00,667.2
2011-07-19 15:49:00,60.0
2011-07-19 15:55:00,1292.31
2011-07-19 16:36:00,557.6800000000001
2011-07-19 16:45:00,814.48
2011-07-19 16:48:00,186.20000000000002
2011-07-19 16:54:00,326.4
2011-07-19 17:02:00,310.45
2011-07-19 17:04:00,191.16
2011-07-19 17:17:00,176.68
2011-07-20 08:48:00,336.36
2011-07-20 08:59:00,300.65
2011-07-20 09:23:00,464.72
2011-07-20 09:30:00,611.24
2011-07-20 10:08:00,293.07
2011-07-20 10:15:00,301.52
2011-07-20 10:51:00,1021.12
2011-07-20 10:59:00,313.76
2011-07-20 11:00:00,111.96000000000001
2011-07-20 11:07:00,329.65000000000003
2011-07-20 11:22:00,435.79
2011-07-20 11:28:00,2365.91
2011-07-20 11:33:00,710.25
2011-07-20 11:38:00,908.09
2011-07-20 11:50:00,385.57
2011-07-20 11:54:00,153.34
2011-07-20 11:55:00,312.9
2011-07-20 12:00:00,1002.8
2011-07-20 12:01:00,225.93
2011-07-20 12:05:00,835.65
2011-07-20 12:08:00,785.0
2011-07-20 12:14:00,111.49000000000001
2011-07-20 12:16:00,227.92
2011-07-20 12:29:00,664.83
2011-07-20 12:38:00,157.71
2011-07-20 12:45:00,289.2
2011-07-20 12:51:00,26.02
2011-07-20 12:58:00,193.23
2011-07-20 13:06:00,116.13
2011-07-20 13:09:00,160.8
2011-07-20 13:10:00,26.25
2011-07-20 13:21:00,132.95000000000002
2011-07-20 13:26:00,1532.76
2011-07-20 13:30:00,1682.59
2011-07-20 13:31:00,17.0
2011-07-20 13:32:00,29.76
2011-07-20 13:53:00,380.33
2011-07-20 13:55:00,534.34
2011-07-20 13:56:00,59.699999999999996
2011-07-20 14:16:00,102.41
2011-07-20 14:33:00,126.58
2011-07-20 14:38:00,348.29
2011-07-20 14:39:00,5433.57
2011-07-20 14:54:00,163.68
2011-07-20 14:55:00,339.38
2011-07-20 14:58:00,990.0
2011-07-20 15:33:00,345.14000000000004
2011-07-20 15:44:00,312.90000000000003
2011-07-20 15:56:00,310.82
2011-07-21 08:44:00,408.25
2011-07-21 09:43:00,353.02
2011-07-21 10:10:00,337.93
2011-07-21 10:24:00,676.8
2011-07-21 10:29:00,902.4000000000001
2011-07-21 10:30:00,96.89
2011-07-21 10:32:00,685.5
2011-07-21 10:44:00,600.1800000000001
2011-07-21 10:59:00,146.66
2011-07-21 11:17:00,109.44999999999999
2011-07-21 11:23:00,134.57
2011-07-21 11:30:00,495.24000000000007
2011-07-21 11:42:00,252.45
2011-07-21 11:55:00,1088.86
2011-07-21 12:00:00,283.12
2011-07-21 12:14:00,176.31
2011-07-21 12:15:00,484.40000000000003
2011-07-21 12:23:00,121.54
2011-07-21 12:25:00,2569.55
2011-07-21 12:27:00,99.0
2011-07-21 12:28:00,74.88
2011-07-21 12:29:00,301.26
2011-07-21 12:33:00,445.7
2011-07-21 12:46:00,473.09999999999997
2011-07-21 13:06:00,421.7
2011-07-21 13:25:00,295.8
2011-07-21 13:28:00,87.30000000000001
2011-07-21 13:37:00,178.75
2011-07-21 13:48:00,287.83
2011-07-21 13:53:00,104.28
2011-07-21 13:54:00,475.36
2011-07-21 14:14:00,82.92
2011-07-21 14:34:00,375.26
2011-07-21 14:40:00,20.8
2011-07-21 14:41:00,338.03000000000003
2011-07-21 14:52:00,563.07
2011-07-21 15:12:00,606.46
2011-07-21 15:14:00,1159.06
2011-07-21 15:16:00,201.18
2011-07-21 15:23:00,64.02
2011-07-21 15:45:00,56.3
2011-07-21 15:47:00,312.59000000000003
2011-07-21 16:10:00,452.71
2011-07-21 16:12:00,890.0
2011-07-21 16:20:00,189.26
2011-07-21 16:27:00,675.0
2011-07-21 16:28:00,2064.8
2011-07-21 16:33:00,352.46
2011-07-21 17:02:00,254.38
2011-07-21 17:08:00,1187.7
2011-07-21 17:09:00,751.75
2011-07-21 17:12:00,1021.9200000000001
2011-07-21 17:26:00,440.23
2011-07-21 17:39:00,746.57
2011-07-21 17:55:00,173.8
2011-07-21 17:56:00,86.24
2011-07-21 18:00:00,41.1
2011-07-21 18:07:00,4.25
2011-07-21 18:08:00,310.93
2011-07-21 18:19:00,634.24
2011-07-21 18:21:00,833.85
2011-07-21 18:27:00,813.89
2011-07-21 18:31:00,430.0
2011-07-21 18:36:00,385.52
2011-07-21 19:17:00,322.67
2011-07-21 19:34:00,260.9
2011-07-22 09:01:00,647.92
2011-07-22 09:02:00,1665.1999999999998
2011-07-22 09:55:00,572.9300000000001
2011-07-22 10:00:00,425.96000000000004
2011-07-22 10:06:00,53.79
2011-07-22 10:23:00,325.44
2011-07-22 10:25:00,175.04999999999998
2011-07-22 10:48:00,374.28
2011-07-22 10:52:00,213.67
2011-07-22 11:31:00,164.92
2011-07-22 11:44:00,438.5
2011-07-22 11:55:00,508.25
2011-07-22 11:56:00,167.4
2011-07-22 12:08:00,83.7
2011-07-22 12:09:00,422.40000000000003
2011-07-22 12:20:00,480.62
2011-07-22 12:21:00,310.36
2011-07-22 12:41:00,318.8
2011-07-22 13:17:00,356.0
2011-07-22 13:20:00,748.14
2011-07-22 13:29:00,890.0699999999999
2011-07-22 13:31:00,224.94
2011-07-22 13:35:00,38.16
2011-07-22 13:53:00,685.1
2011-07-22 13:59:00,768.02
2011-07-22 14:07:00,214.62
2011-07-22 14:23:00,311.07
2011-07-22 14:39:00,325.44
2011-07-22 14:41:00,23.8
2011-07-22 14:47:00,304.87
2011-07-22 14:53:00,134.44
2011-07-22 15:02:00,469.90000000000003
2011-07-22 15:21:00,649.46
2011-07-22 15:43:00,185.7
2011-07-22 16:03:00,489.6
2011-07-22 16:04:00,149.48
2011-07-22 17:21:00,310.88
2011-07-24 10:03:00,320.71
2011-07-24 10:24:00,282.66
2011-07-24 10:30:00,354.24
2011-07-24 10:35:00,693.37
2011-07-24 10:37:00,196.28
2011-07-24 10:49:00,172.17000000000002
2011-07-24 10:54:00,1468.3600000000001
2011-07-24 11:06:00,319.85
2011-07-24 11:25:00,678.8
2011-07-24 11:32:00,307.8
2011-07-24 11:37:00,390.7
2011-07-24 11:40:00,383.12
2011-07-24 11:45:00,208.77
2011-07-24 11:52:00,244.8
2011-07-24 11:54:00,290.46
2011-07-24 11:55:00,612.1
2011-07-24 11:58:00,112.0
2011-07-24 12:02:00,452.42
2011-07-24 12:05:00,505.46000000000004
2011-07-24 12:18:00,361.22
2011-07-24 12:20:00,632.13
2011-07-24 12:26:00,357.4
2011-07-24 12:29:00,124.71
2011-07-24 12:33:00,452.0
2011-07-24 12:46:00,194.48
2011-07-24 12:51:00,761.76
2011-07-24 13:03:00,147.12
2011-07-24 13:06:00,403.05
2011-07-24 13:11:00,7138.12
2011-07-24 13:12:00,711.84
2011-07-24 13:13:00,750.22
2011-07-24 13:14:00,201.6
2011-07-24 13:17:00,133.76
2011-07-24 13:18:00,11.22
2011-07-24 13:26:00,373.1
2011-07-24 13:30:00,229.14
2011-07-24 13:56:00,19.5
2011-07-24 14:12:00,174.0
2011-07-24 14:16:00,136.60000000000002
2011-07-24 14:18:00,101.05
2011-07-24 14:21:00,206.25
2011-07-24 14:26:00,99.96000000000001
2011-07-24 14:33:00,501.14
2011-07-24 15:23:00,136.65
2011-07-24 15:39:00,824.55
2011-07-24 15:46:00,1408.06
2011-07-24 15:51:00,185.0
2011-07-24 15:52:00,402.08000000000004
2011-07-24 15:53:00,868.49
2011-07-24 16:05:00,197.9
2011-07-24 16:12:00,385.75
2011-07-24 16:15:00,148.96
2011-07-24 16:18:00,5.04
2011-07-25 08:50:00,265.27
2011-07-25 09:26:00,929.53
2011-07-25 09:48:00,261.42
2011-07-25 09:50:00,168.85000000000002
2011-07-25 09:58:00,288.5
2011-07-25 10:01:00,1358.39
2011-07-25 10:04:00,513.64
2011-07-25 10:19:00,449.73
2011-07-25 10:28:00,273.8
2011-07-25 10:47:00,397.2
2011-07-25 10:56:00,558.49
2011-07-25 11:01:00,514.48
2011-07-25 11:05:00,241.92
2011-07-25 11:17:00,376.24
2011-07-25 11:36:00,414.25
2011-07-25 11:37:00,520.23
2011-07-25 11:43:00,298.2
2011-07-25 11:49:00,734.0
2011-07-25 11:53:00,124.44
2011-07-25 12:09:00,816.3
2011-07-25 12:12:00,547.3
2011-07-25 12:22:00,856.0
2011-07-25 12:25:00,127.95000000000002
2011-07-25 12:34:00,233.51
2011-07-25 12:50:00,187.20000000000002
2011-07-25 12:58:00,531.96
2011-07-25 12:59:00,331.74
2011-07-25 13:00:00,126.75
2011-07-25 13:06:00,317.82
2011-07-25 13:16:00,150.85
2011-07-25 13:28:00,101.15
2011-07-25 13:37:00,113.95
2011-07-25 13:42:00,299.4
2011-07-25 13:45:00,441.14
2011-07-25 13:46:00,87.4
2011-07-25 13:54:00,617.54
2011-07-25 13:57:00,564.03
2011-07-25 14:35:00,456.44
2011-07-25 14:45:00,337.5
2011-07-25 15:01:00,95.28
2011-07-25 15:08:00,111.25
2011-07-25 15:14:00,135.0
2011-07-25 15:17:00,311.76
2011-07-25 15:22:00,451.13
2011-07-25 15:48:00,200.47
2011-07-25 16:18:00,302.71000000000004
2011-07-25 16:20:00,7.040000000000001
2011-07-25 16:39:00,2007.4
2011-07-25 17:04:00,120.0
2011-07-26 08:51:00,301.2
2011-07-26 09:20:00,427.23
2011-07-26 09:23:00,214.82
2011-07-26 09:27:00,491.0
2011-07-26 09:51:00,152.66
2011-07-26 09:55:00,895.0
2011-07-26 10:13:00,222.831
2011-07-26 10:16:00,118.8
2011-07-26 10:20:00,237.55
2011-07-26 10:27:00,908.46
2011-07-26 11:00:00,210.0
2011-07-26 11:05:00,1152.8
2011-07-26 11:24:00,100.82
2011-07-26 11:38:00,877.35
2011-07-26 11:39:00,24.96
2011-07-26 12:00:00,396.77
2011-07-26 12:03:00,1611.11
2011-07-26 12:04:00,147.1
2011-07-26 12:24:00,218.76
2011-07-26 12:26:00,136.29
2011-07-26 12:28:00,1648.73
2011-07-26 12:36:00,161.9
2011-07-26 12:57:00,191.89000000000001
2011-07-26 12:59:00,162.06
2011-07-26 13:03:00,301.98
2011-07-26 13:45:00,295.64
2011-07-26 13:46:00,449.87
2011-07-26 13:57:00,154.21
2011-07-26 14:03:00,462.75
2011-07-26 14:24:00,127.61
2011-07-26 14:25:00,593.74
2011-07-26 14:27:00,111.86
2011-07-26 14:41:00,416.90000000000003
2011-07-26 14:42:00,208.2
2011-07-26 14:51:00,968.4
2011-07-26 14:56:00,231.35
2011-07-26 15:29:00,566.84
2011-07-26 15:37:00,375.0
2011-07-26 15:42:00,218.44
2011-07-26 15:45:00,310.72
2011-07-26 16:00:00,36.5
2011-07-26 16:55:00,134.38
2011-07-26 17:14:00,110.78
2011-07-26 17:27:00,199.04
2011-07-27 08:35:00,445.85
2011-07-27 09:01:00,60.7
2011-07-27 09:13:00,135.35999999999999
2011-07-27 09:14:00,9.96
2011-07-27 09:22:00,196.86
2011-07-27 09:32:00,3680.4
2011-07-27 09:37:00,411.08000000000004
2011-07-27 09:52:00,239.0
2011-07-27 09:59:00,410.63
2011-07-27 10:10:00,309.8
2011-07-27 10:29:00,358.7
2011-07-27 10:40:00,794.58
2011-07-27 10:41:00,2606.4
2011-07-27 10:52:00,618.5
2011-07-27 10:53:00,1049.38
2011-07-27 11:29:00,360.54
2011-07-27 11:47:00,353.76
2011-07-27 11:58:00,267.32
2011-07-27 12:19:00,313.5
2011-07-27 12:38:00,260.56
2011-07-27 12:45:00,255.91
2011-07-27 12:50:00,160.2
2011-07-27 12:58:00,151.95
2011-07-27 13:00:00,440.7
2011-07-27 13:14:00,865.01
2011-07-27 13:15:00,104.25
2011-07-27 13:17:00,544.2
2011-07-27 13:18:00,2688.27
2011-07-27 13:42:00,249.88
2011-07-27 13:51:00,375.13
2011-07-27 14:14:00,1044.2
2011-07-27 14:21:00,1214.81
2011-07-27 14:23:00,99.0
2011-07-27 15:02:00,208.63
2011-07-27 15:09:00,221.29
2011-07-27 15:14:00,383.66
2011-07-27 15:17:00,533.08
2011-07-27 15:20:00,254.82
2011-07-27 17:01:00,83.99
2011-07-27 17:03:00,28.77
2011-07-27 17:06:00,40.05
2011-07-27 17:08:00,15.45
2011-07-28 08:55:00,498.04
2011-07-28 09:19:00,257.70000000000005
2011-07-28 09:21:00,383.2
2011-07-28 09:27:00,558.25
2011-07-28 09:30:00,650.64
2011-07-28 09:32:00,585.0
2011-07-28 09:45:00,612.91
2011-07-28 09:48:00,311.32
2011-07-28 09:58:00,469.31000000000006
2011-07-28 10:09:00,532.98
2011-07-28 10:14:00,305.0
2011-07-28 10:24:00,109.26
2011-07-28 10:33:00,385.14
2011-07-28 10:38:00,307.35
2011-07-28 10:46:00,141.15
2011-07-28 11:18:00,73.8
2011-07-28 11:20:00,39.2
2011-07-28 11:22:00,897.8
2011-07-28 11:26:00,126.6
2011-07-28 11:29:00,455.22
2011-07-28 11:35:00,340.8
2011-07-28 12:05:00,15.0
2011-07-28 12:06:00,306.35
2011-07-28 12:09:00,380.12
2011-07-28 12:15:00,513.3
2011-07-28 12:28:00,325.47
2011-07-28 12:29:00,249.38
2011-07-28 12:50:00,633.07
2011-07-28 12:57:00,358.64
2011-07-28 13:02:00,357.70000000000005
2011-07-28 13:05:00,323.38
2011-07-28 13:28:00,263.32
2011-07-28 13:54:00,81.6
2011-07-28 14:03:00,1404.69
2011-07-28 14:08:00,707.09
2011-07-28 14:13:00,1.6800000000000002
2011-07-28 14:16:00,23.5
2011-07-28 14:27:00,624.22
2011-07-28 14:30:00,425.32
2011-07-28 14:33:00,10303.95
2011-07-28 14:34:00,65.4
2011-07-28 14:35:00,327.32
2011-07-28 14:36:00,344.4
2011-07-28 14:45:00,428.4
2011-07-28 14:54:00,244.8
2011-07-28 15:03:00,212.18
2011-07-28 15:04:00,518.04
2011-07-28 15:15:00,648.72
2011-07-28 15:16:00,4345.1
2011-07-28 15:19:00,477.6
2011-07-28 15:20:00,3301.38
2011-07-28 15:21:00,196.88
2011-07-28 15:31:00,444.90000000000003
2011-07-28 15:55:00,304.94
2011-07-28 15:58:00,356.89
2011-07-28 16:00:00,6591.6
2011-07-28 16:03:00,330.6
2011-07-28 16:04:00,27.8
2011-07-28 16:06:00,344.8
2011-07-28 16:11:00,3453.7200000000003
2011-07-28 16:21:00,195.33
2011-07-28 16:28:00,192.34
2011-07-28 16:53:00,569.04
2011-07-28 17:09:00,811.9
2011-07-28 17:15:00,142.05
2011-07-28 17:17:00,1746.72
2011-07-28 17:18:00,587.52
2011-07-28 17:33:00,119.64
2011-07-28 17:53:00,106.8
2011-07-28 18:23:00,112.56
2011-07-28 18:33:00,111.16000000000001
2011-07-28 18:56:00,778.12
2011-07-28 19:13:00,25.5
2011-07-28 19:34:00,1.95
2011-07-28 19:46:00,367.40000000000003
2011-07-29 08:29:00,505.25
2011-07-29 08:30:00,14.85
2011-07-29 08:48:00,310.07
2011-07-29 09:01:00,337.44
2011-07-29 09:11:00,356.92
2011-07-29 09:48:00,474.62
2011-07-29 09:57:00,375.0
2011-07-29 10:00:00,365.09999999999997
2011-07-29 10:06:00,215.5
2011-07-29 10:21:00,492.28
2011-07-29 10:32:00,152.4
2011-07-29 10:34:00,231.96
2011-07-29 10:41:00,234.12
2011-07-29 10:58:00,520.8000000000001
2011-07-29 11:07:00,109.72
2011-07-29 11:23:00,295.02
2011-07-29 11:25:00,177.6
2011-07-29 11:27:00,15.0
2011-07-29 11:28:00,130.2
2011-07-29 11:35:00,148.21
2011-07-29 11:45:00,720.82
2011-07-29 11:49:00,244.94
2011-07-29 11:56:00,802.52
2011-07-29 12:03:00,308.02
2011-07-29 12:09:00,331.90000000000003
2011-07-29 12:13:00,138.16
2011-07-29 12:16:00,221.8
2011-07-29 12:18:00,308.71000000000004
2011-07-29 12:41:00,508.18
2011-07-29 12:50:00,199.96
2011-07-29 13:11:00,462.91
2011-07-29 13:28:00,677.9
2011-07-29 13:34:00,102.6
2011-07-29 13:37:00,795.8000000000001
2011-07-29 13:39:00,677.94
2011-07-29 13:46:00,241.62
2011-07-29 14:13:00,151.76
2011-07-29 14:14:00,187.18
2011-07-29 14:29:00,161.68
2011-07-29 14:39:00,185.56
2011-07-29 14:40:00,417.94
2011-07-29 14:55:00,322.4
2011-07-29 15:02:00,335.45
2011-07-29 15:11:00,362.0
2011-07-29 15:12:00,508.5
2011-07-29 15:25:00,162.72
2011-07-29 15:40:00,368.45
2011-07-29 15:42:00,41.6
2011-07-29 15:46:00,116.93
2011-07-29 15:51:00,508.53000000000003
2011-07-29 15:59:00,104.2
2011-07-29 16:24:00,308.44
2011-07-29 16:39:00,406.0
2011-07-29 17:19:00,188.48999999999998
2011-07-29 17:28:00,123.08
2011-07-31 10:28:00,458.94
2011-07-31 10:38:00,352.81
2011-07-31 10:40:00,411.74
2011-07-31 10:43:00,396.96000000000004
2011-07-31 10:47:00,244.79999999999998
2011-07-31 10:48:00,115.08
2011-07-31 10:59:00,115.61
2011-07-31 11:26:00,177.41
2011-07-31 11:38:00,172.96
2011-07-31 11:45:00,1056.11
2011-07-31 11:46:00,414.69
2011-07-31 11:48:00,1912.7
2011-07-31 12:02:00,297.32
2011-07-31 12:05:00,765.3199999999999
2011-07-31 12:08:00,149.02
2011-07-31 12:16:00,483.63
2011-07-31 12:34:00,189.82999999999998
2011-07-31 12:43:00,738.0600000000001
2011-07-31 12:44:00,173.88
2011-07-31 12:47:00,446.75
2011-07-31 12:52:00,677.1
2011-07-31 13:07:00,139.98
2011-07-31 13:13:00,324.1
2011-07-31 13:33:00,309.14
2011-07-31 13:36:00,360.54
2011-07-31 13:37:00,519.04
2011-07-31 14:17:00,343.41
2011-07-31 14:19:00,156.57999999999998
2011-07-31 14:39:00,279.08
2011-07-31 15:00:00,494.27
2011-07-31 15:04:00,1.25
2011-07-31 15:22:00,408.33
2011-07-31 15:24:00,205.2
2011-07-31 15:25:00,1325.23
2011-07-31 15:26:00,462.78
2011-07-31 15:31:00,636.49
2011-07-31 15:42:00,13464.26
2011-07-31 15:50:00,3633.5800000000004
2011-07-31 16:04:00,298.38
2011-08-01 08:30:00,304.56
2011-08-01 09:31:00,178.5
2011-08-01 10:03:00,660.45
2011-08-01 10:08:00,211.14000000000001
2011-08-01 10:09:00,120.5
2011-08-01 10:23:00,799.62
2011-08-01 10:26:00,1089.18
2011-08-01 11:08:00,178.82
2011-08-01 11:12:00,8.29
2011-08-01 11:13:00,182.66
2011-08-01 11:23:00,773.69
2011-08-01 11:44:00,250.0
2011-08-01 11:57:00,228.94
2011-08-01 12:12:00,174.64
2011-08-01 12:16:00,748.32
2011-08-01 12:28:00,306.1
2011-08-01 12:48:00,1866.43
2011-08-01 12:50:00,29.700000000000003
2011-08-01 12:56:00,678.47
2011-08-01 12:57:00,204.0
2011-08-01 13:02:00,59.400000000000006
2011-08-01 13:03:00,35.1
2011-08-01 13:11:00,174.88
2011-08-01 13:29:00,221.5
2011-08-01 13:31:00,206.69
2011-08-01 13:44:00,306.02
2011-08-01 13:48:00,800.76
2011-08-01 13:54:00,422.07
2011-08-01 14:05:00,321.29
2011-08-01 14:06:00,57.3
2011-08-01 14:16:00,759.56
2011-08-01 14:29:00,687.0
2011-08-01 14:57:00,457.6
2011-08-01 15:37:00,249.0
2011-08-01 15:57:00,258.75
2011-08-01 16:16:00,227.0
2011-08-01 16:41:00,2327.0
2011-08-01 17:37:00,3213.19
2011-08-02 08:48:00,584.91
2011-08-02 08:49:00,340.74
2011-08-02 09:14:00,777.95
2011-08-02 09:29:00,438.16
2011-08-02 09:34:00,436.0
2011-08-02 09:35:00,219.20000000000002
2011-08-02 09:55:00,85.8
2011-08-02 10:00:00,1487.6
2011-08-02 10:19:00,1325.7
2011-08-02 10:24:00,114.78
2011-08-02 10:33:00,477.90999999999997
2011-08-02 10:34:00,4008.62
2011-08-02 10:38:00,16.7
2011-08-02 11:33:00,267.72
2011-08-02 11:34:00,19.92
2011-08-02 12:11:00,376.02
2011-08-02 12:27:00,970.58
2011-08-02 12:31:00,124.11
2011-08-02 12:35:00,228.95999999999998
2011-08-02 12:55:00,457.86
2011-08-02 12:59:00,326.22
2011-08-02 13:09:00,69.6
2011-08-02 13:15:00,168.05
2011-08-02 13:16:00,188.69
2011-08-02 13:31:00,20.8
2011-08-02 13:46:00,423.3
2011-08-02 14:00:00,362.52000000000004
2011-08-02 14:04:00,1595.48
2011-08-02 14:21:00,1490.82
2011-08-02 14:23:00,24.6
2011-08-02 14:50:00,174.11
2011-08-02 15:19:00,118.67
2011-08-02 15:29:00,500.24
2011-08-02 15:40:00,116.01
2011-08-02 15:42:00,465.56000000000006
2011-08-02 15:53:00,165.24
2011-08-02 17:04:00,321.5
2011-08-02 17:19:00,870.0
2011-08-02 17:29:00,111.35
2011-08-03 08:21:00,201.77
2011-08-03 09:06:00,34.8
2011-08-03 09:07:00,409.42
2011-08-03 09:09:00,988.34
2011-08-03 09:13:00,275.88
2011-08-03 09:30:00,490.87
2011-08-03 09:40:00,583.24
2011-08-03 09:47:00,112.09
2011-08-03 09:59:00,168.0
2011-08-03 10:04:00,868.79
2011-08-03 10:11:00,95.85
2011-08-03 10:12:00,441.18
2011-08-03 10:41:00,2353.0
2011-08-03 10:45:00,956.36
2011-08-03 10:49:00,520.19
2011-08-03 10:56:00,205.1
2011-08-03 11:21:00,1004.88
2011-08-03 11:24:00,162.0
2011-08-03 11:35:00,310.02
2011-08-03 11:44:00,767.0699999999999
2011-08-03 11:45:00,536.58
2011-08-03 11:58:00,264.55
2011-08-03 12:03:00,158.43
2011-08-03 12:06:00,308.43
2011-08-03 12:10:00,595.26
2011-08-03 12:12:00,460.43
2011-08-03 12:20:00,174.0
2011-08-03 12:21:00,658.38
2011-08-03 12:31:00,166.72
2011-08-03 12:33:00,526.22
2011-08-03 12:50:00,839.76
2011-08-03 12:54:00,249.27
2011-08-03 12:55:00,310.33
2011-08-03 12:56:00,1202.22
2011-08-03 12:58:00,3.95
2011-08-03 13:06:00,412.35
2011-08-03 13:10:00,617.45
2011-08-03 13:22:00,148.78
2011-08-03 13:39:00,662.07
2011-08-03 13:50:00,99.1
2011-08-03 14:06:00,318.24
2011-08-03 14:07:00,1106.96
2011-08-03 14:14:00,1221.56
2011-08-03 14:19:00,304.42
2011-08-03 14:33:00,832.5000000000001
2011-08-03 14:35:00,611.24
2011-08-03 14:54:00,114.77
2011-08-03 15:02:00,14.04
2011-08-03 15:14:00,548.32
2011-08-03 15:28:00,179.22
2011-08-03 15:34:00,85.2
2011-08-03 15:38:00,572.3199999999999
2011-08-03 15:39:00,66.0
2011-08-03 15:45:00,208.65
2011-08-03 16:35:00,251.94
2011-08-03 16:42:00,594.0
2011-08-03 17:05:00,200.32
2011-08-04 08:18:00,83.10000000000001
2011-08-04 09:55:00,788.87
2011-08-04 10:00:00,360.81
2011-08-04 10:04:00,511.03000000000003
2011-08-04 10:23:00,954.0
2011-08-04 10:24:00,190.35
2011-08-04 10:38:00,2022.6
2011-08-04 10:43:00,615.5
2011-08-04 10:44:00,324.52
2011-08-04 10:45:00,1525.3
2011-08-04 11:07:00,78.56
2011-08-04 11:16:00,132.05
2011-08-04 11:38:00,496.24
2011-08-04 11:44:00,579.0
2011-08-04 11:59:00,167.26
2011-08-04 12:05:00,407.38
2011-08-04 12:13:00,768.34
2011-08-04 12:14:00,2079.66
2011-08-04 12:22:00,167.32
2011-08-04 12:36:00,5162.74
2011-08-04 13:03:00,173.70000000000002
2011-08-04 13:10:00,198.0
2011-08-04 13:15:00,2510.36
2011-08-04 13:25:00,133.20000000000002
2011-08-04 13:51:00,117.3
2011-08-04 14:01:00,117.48
2011-08-04 14:06:00,299.52
2011-08-04 14:12:00,749.45
2011-08-04 14:20:00,1062.84
2011-08-04 14:30:00,788.04
2011-08-04 14:33:00,1073.3000000000002
2011-08-04 14:40:00,4345.1
2011-08-04 15:04:00,1100.3
2011-08-04 15:07:00,943.07
2011-08-04 15:17:00,203.78
2011-08-04 15:23:00,396.81
2011-08-04 15:33:00,638.02
2011-08-04 15:51:00,312.95
2011-08-04 15:52:00,168.31
2011-08-04 15:55:00,199.7
2011-08-04 16:07:00,476.29999999999995
2011-08-04 16:17:00,1019.44
2011-08-04 16:31:00,301.93
2011-08-04 16:34:00,367.32
2011-08-04 16:36:00,249.13
2011-08-04 16:41:00,74.4
2011-08-04 16:59:00,62.64
2011-08-04 17:07:00,12.75
2011-08-04 17:13:00,29.7
2011-08-04 17:19:00,310.6
2011-08-04 17:22:00,6.6
2011-08-04 17:23:00,423.84000000000003
2011-08-04 17:26:00,270.52
2011-08-04 17:37:00,47.29
2011-08-04 17:38:00,716.0
2011-08-04 17:40:00,1016.04
2011-08-04 17:45:00,229.5
2011-08-04 17:51:00,225.14
2011-08-04 17:55:00,2.25
2011-08-04 17:58:00,447.93
2011-08-04 18:06:00,18841.48
2011-08-04 18:07:00,204.0
2011-08-04 18:18:00,161.4
2011-08-04 18:31:00,98.16
2011-08-04 18:37:00,622.5
2011-08-04 18:44:00,372.24
2011-08-04 18:51:00,355.56
2011-08-04 19:06:00,118.8
2011-08-04 19:20:00,492.0
2011-08-04 19:22:00,1327.55
2011-08-04 20:01:00,245.32
2011-08-05 08:40:00,650.0
2011-08-05 09:25:00,206.9
2011-08-05 09:44:00,233.22
2011-08-05 10:31:00,521.48
2011-08-05 10:32:00,320.3
2011-08-05 10:39:00,402.02000000000004
2011-08-05 11:00:00,593.35
2011-08-05 11:16:00,480.0
2011-08-05 11:17:00,757.2
2011-08-05 11:19:00,506.45
2011-08-05 11:21:00,520.1
2011-08-05 11:46:00,630.5
2011-08-05 11:49:00,251.26
2011-08-05 11:50:00,205.1
2011-08-05 11:52:00,110.0
2011-08-05 12:06:00,155.8
2011-08-05 12:25:00,390.0
2011-08-05 12:27:00,342.53000000000003
2011-08-05 12:30:00,272.56
2011-08-05 12:37:00,172.42000000000002
2011-08-05 12:38:00,180.3
2011-08-05 12:48:00,340.06
2011-08-05 13:26:00,304.2
2011-08-05 13:28:00,301.41
2011-08-05 13:35:00,100.21000000000001
2011-08-05 13:46:00,158.41
2011-08-05 13:49:00,307.8
2011-08-05 13:52:00,946.75
2011-08-05 14:05:00,29.58
2011-08-05 14:30:00,102.1
2011-08-05 14:31:00,17.85
2011-08-05 14:36:00,16.5
2011-08-05 14:49:00,809.11
2011-08-05 14:50:00,319.32
2011-08-05 15:02:00,771.75
2011-08-05 15:07:00,502.02
2011-08-05 15:30:00,331.57
2011-08-05 15:38:00,791.22
2011-08-05 15:39:00,985.9200000000001
2011-08-05 15:40:00,309.65
2011-08-05 15:45:00,463.9
2011-08-05 15:46:00,137.76
2011-08-05 16:10:00,494.42
2011-08-05 16:16:00,90.0
2011-08-05 16:19:00,201.07
2011-08-05 16:23:00,9.9
2011-08-05 16:37:00,301.36
2011-08-05 16:43:00,796.02
2011-08-05 17:12:00,1563.18
2011-08-05 17:43:00,299.42
2011-08-07 10:24:00,302.28
2011-08-07 10:43:00,234.35
2011-08-07 10:45:00,121.11
2011-08-07 10:55:00,303.9
2011-08-07 11:40:00,100.4
2011-08-07 11:59:00,107.4
2011-08-07 12:05:00,104.50999999999999
2011-08-07 12:10:00,375.1
2011-08-07 12:21:00,231.13
2011-08-07 12:40:00,78.21000000000001
2011-08-07 12:42:00,601.69
2011-08-07 12:54:00,225.81
2011-08-07 13:08:00,228.57999999999998
2011-08-07 13:17:00,79.0
2011-08-07 13:30:00,606.41
2011-08-07 13:31:00,262.45
2011-08-07 13:43:00,113.79
2011-08-07 13:54:00,141.17
2011-08-07 14:16:00,193.25
2011-08-07 14:27:00,106.0
2011-08-07 14:33:00,316.38
2011-08-07 14:34:00,1434.71
2011-08-07 15:16:00,107.64
2011-08-07 15:39:00,53.519999999999996
2011-08-07 15:40:00,46.56
2011-08-07 15:43:00,924.0600000000001
2011-08-07 15:52:00,142.5
2011-08-08 09:22:00,325.51
2011-08-08 10:00:00,309.06
2011-08-08 10:01:00,363.61
2011-08-08 10:11:00,981.38
2011-08-08 10:40:00,106.91
2011-08-08 10:51:00,301.6
2011-08-08 10:59:00,416.65
2011-08-08 11:28:00,19.92
2011-08-08 11:45:00,3960.42
2011-08-08 11:55:00,175.2
2011-08-08 11:56:00,1282.0
2011-08-08 11:58:00,809.82
2011-08-08 12:00:00,226.93
2011-08-08 12:15:00,24.880000000000003
2011-08-08 12:20:00,254.8
2011-08-08 12:28:00,347.64
2011-08-08 12:34:00,158.47
2011-08-08 12:36:00,364.26
2011-08-08 13:11:00,211.85
2011-08-08 13:12:00,80.0
2011-08-08 13:34:00,714.33
2011-08-08 13:42:00,829.96
2011-08-08 13:46:00,237.71
2011-08-08 13:53:00,1510.49
2011-08-08 13:59:00,480.6
2011-08-08 14:15:00,347.75
2011-08-08 14:37:00,598.88
2011-08-08 14:53:00,299.92
2011-08-08 15:00:00,425.25
2011-08-08 15:17:00,576.84
2011-08-08 15:35:00,1388.92
2011-08-08 16:07:00,169.4
2011-08-08 16:15:00,53.95
2011-08-08 16:18:00,36.89
2011-08-08 16:31:00,242.84
2011-08-08 16:43:00,1109.3400000000001
2011-08-09 09:04:00,358.49
2011-08-09 09:26:00,462.06
2011-08-09 10:05:00,102.98
2011-08-09 10:16:00,477.46000000000004
2011-08-09 10:19:00,307.56
2011-08-09 10:20:00,984.39
2011-08-09 10:47:00,282.23
2011-08-09 10:49:00,257.48
2011-08-09 10:52:00,190.8
2011-08-09 11:56:00,1256.95
2011-08-09 12:00:00,657.4000000000001
2011-08-09 12:07:00,636.75
2011-08-09 12:20:00,326.40000000000003
2011-08-09 12:21:00,494.6
2011-08-09 12:23:00,174.65
2011-08-09 12:52:00,356.0
2011-08-09 12:55:00,213.60000000000002
2011-08-09 12:58:00,354.32
2011-08-09 13:03:00,159.64
2011-08-09 13:10:00,335.28
2011-08-09 13:14:00,115.5
2011-08-09 13:22:00,476.08
2011-08-09 13:44:00,208.34
2011-08-09 13:48:00,368.5
2011-08-09 13:50:00,12341.21
2011-08-09 13:51:00,157.5
2011-08-09 14:18:00,473.45
2011-08-09 14:48:00,674.7
2011-08-09 14:56:00,105.1
2011-08-09 14:57:00,1124.19
2011-08-09 15:12:00,109.63
2011-08-09 15:22:00,60.0
2011-08-09 15:32:00,52.02
2011-08-09 15:59:00,382.85
2011-08-09 16:17:00,123.21000000000001
2011-08-09 16:27:00,150.74
2011-08-09 16:42:00,392.06
2011-08-09 16:44:00,245.8
2011-08-10 08:41:00,757.0699999999999
2011-08-10 09:34:00,315.72
2011-08-10 09:52:00,307.22
2011-08-10 10:08:00,2388.2
2011-08-10 10:09:00,90.4
2011-08-10 10:12:00,392.17
2011-08-10 10:15:00,518.11
2011-08-10 10:45:00,165.19
2011-08-10 10:53:00,4105.94
2011-08-10 10:57:00,409.61
2011-08-10 11:23:00,292.69
2011-08-10 11:24:00,6.300000000000001
2011-08-10 11:30:00,65.25
2011-08-10 11:41:00,120.71000000000001
2011-08-10 11:58:00,335.15
2011-08-10 12:11:00,355.45
2011-08-10 12:18:00,107.1
2011-08-10 12:24:00,302.25
2011-08-10 12:25:00,521.4399999999999
2011-08-10 12:35:00,248.35
2011-08-10 12:41:00,115.92999999999999
2011-08-10 12:44:00,319.97
2011-08-10 12:48:00,457.25
2011-08-10 13:15:00,205.32
2011-08-10 13:19:00,241.92000000000002
2011-08-10 13:25:00,203.59
2011-08-10 13:43:00,432.0
2011-08-10 13:51:00,520.54
2011-08-10 13:52:00,15.0
2011-08-10 14:13:00,40.6
2011-08-10 14:26:00,721.95
2011-08-10 14:34:00,340.90000000000003
2011-08-10 14:49:00,98.38
2011-08-10 14:51:00,625.8
2011-08-10 14:55:00,350.58000000000004
2011-08-10 15:29:00,1119.88
2011-08-10 15:37:00,126.30000000000001
2011-08-10 16:01:00,354.68
2011-08-10 16:19:00,222.48
2011-08-10 16:39:00,282.96999999999997
2011-08-10 17:11:00,1253.05
2011-08-11 08:37:00,660.76
2011-08-11 08:38:00,337.5
2011-08-11 08:39:00,17.4
2011-08-11 08:50:00,176.85000000000002
2011-08-11 09:34:00,371.3
2011-08-11 09:38:00,2500.0
2011-08-11 09:45:00,403.05
2011-08-11 09:46:00,101.76
2011-08-11 09:47:00,759.14
2011-08-11 09:56:00,285.68
2011-08-11 09:57:00,252.62
2011-08-11 10:22:00,438.4
2011-08-11 10:29:00,786.51
2011-08-11 10:45:00,666.8
2011-08-11 10:53:00,424.08
2011-08-11 10:54:00,327.12
2011-08-11 10:55:00,325.32
2011-08-11 11:42:00,1234.0
2011-08-11 11:44:00,1552.6
2011-08-11 11:45:00,403.05
2011-08-11 11:51:00,363.33
2011-08-11 12:00:00,382.95
2011-08-11 12:01:00,197.1
2011-08-11 12:17:00,383.96
2011-08-11 12:44:00,710.2
2011-08-11 12:48:00,489.86
2011-08-11 12:53:00,250.35999999999999
2011-08-11 12:58:00,1200.8600000000001
2011-08-11 13:25:00,225.14000000000001
2011-08-11 13:34:00,318.65
2011-08-11 13:39:00,534.34
2011-08-11 13:41:00,219.76
2011-08-11 14:04:00,282.71999999999997
2011-08-11 14:16:00,83.25
2011-08-11 14:34:00,899.36
2011-08-11 14:36:00,185.61
2011-08-11 14:38:00,137.5
2011-08-11 14:39:00,256.88
2011-08-11 14:48:00,139.59
2011-08-11 14:53:00,314.86
2011-08-11 14:54:00,205.22
2011-08-11 14:55:00,400.6
2011-08-11 15:02:00,469.25
2011-08-11 15:05:00,940.64
2011-08-11 15:24:00,163.24
2011-08-11 15:25:00,591.74
2011-08-11 15:34:00,349.02000000000004
2011-08-11 15:43:00,332.89
2011-08-11 15:56:00,319.34
2011-08-11 15:58:00,9349.72
2011-08-11 16:11:00,252.1
2011-08-11 16:12:00,19150.66
2011-08-11 16:30:00,480.65000000000003
2011-08-11 16:31:00,17.700000000000003
2011-08-11 16:32:00,37.14
2011-08-11 16:54:00,304.3
2011-08-11 17:00:00,389.36
2011-08-11 17:02:00,292.87
2011-08-11 17:14:00,15.0
2011-08-11 17:35:00,663.61
2011-08-12 09:04:00,305.34000000000003
2011-08-12 09:10:00,324.72
2011-08-12 09:11:00,316.99
2011-08-12 09:14:00,1396.66
2011-08-12 09:37:00,150.6
2011-08-12 09:57:00,1268.74
2011-08-12 10:08:00,159.20000000000002
2011-08-12 10:13:00,366.11
2011-08-12 11:07:00,509.08
2011-08-12 11:08:00,384.6
2011-08-12 11:09:00,304.63
2011-08-12 11:22:00,153.85
2011-08-12 11:29:00,81.0
2011-08-12 11:41:00,408.09000000000003
2011-08-12 11:48:00,138.68
2011-08-12 12:15:00,551.14
2011-08-12 12:16:00,1069.2
2011-08-12 12:18:00,505.8
2011-08-12 12:36:00,825.6
2011-08-12 12:37:00,1468.59
2011-08-12 12:41:00,210.05
2011-08-12 12:42:00,768.97
2011-08-12 12:44:00,243.20999999999998
2011-08-12 12:46:00,308.31
2011-08-12 13:15:00,209.62
2011-08-12 13:27:00,528.0
2011-08-12 13:40:00,337.0
2011-08-12 14:02:00,436.16
2011-08-12 14:03:00,65.0
2011-08-12 14:12:00,208.39000000000001
2011-08-12 14:19:00,608.76
2011-08-12 14:25:00,212.64000000000001
2011-08-12 14:32:00,161.4
2011-08-12 14:33:00,138.32
2011-08-12 14:47:00,860.98
2011-08-12 14:50:00,153.64
2011-08-12 15:00:00,303.22
2011-08-12 15:22:00,412.88
2011-08-12 16:07:00,326.75
2011-08-12 16:10:00,311.2
2011-08-12 16:36:00,320.3
2011-08-12 16:54:00,156.75
2011-08-14 10:38:00,687.54
2011-08-14 10:49:00,143.72
2011-08-14 10:52:00,93.16
2011-08-14 11:16:00,46.65
2011-08-14 11:31:00,348.0
2011-08-14 11:49:00,164.95000000000002
2011-08-14 12:03:00,335.11
2011-08-14 12:08:00,155.93
2011-08-14 12:12:00,39.84
2011-08-14 12:23:00,440.54
2011-08-14 12:27:00,245.67000000000002
2011-08-14 12:33:00,330.28
2011-08-14 12:41:00,169.8
2011-08-14 12:55:00,273.02
2011-08-14 12:56:00,595.03
2011-08-14 13:14:00,278.46
2011-08-14 13:21:00,188.4
2011-08-14 15:33:00,640.14
2011-08-14 15:34:00,53.05
2011-08-14 15:35:00,11.639999999999999
2011-08-14 15:39:00,334.85
2011-08-14 15:42:00,123.14
2011-08-14 15:56:00,2.95
2011-08-15 08:26:00,213.85
2011-08-15 09:18:00,47.400000000000006
2011-08-15 09:45:00,11.9
2011-08-15 09:57:00,273.72
2011-08-15 09:59:00,630.42
2011-08-15 10:02:00,67.23
2011-08-15 10:22:00,1221.4
2011-08-15 10:28:00,498.48
2011-08-15 10:29:00,57.0
2011-08-15 10:53:00,409.90000000000003
2011-08-15 10:54:00,1.8
2011-08-15 10:57:00,695.26
2011-08-15 10:59:00,256.08
2011-08-15 11:30:00,190.15
2011-08-15 11:38:00,68.10000000000001
2011-08-15 11:39:00,182.65
2011-08-15 11:59:00,300.63
2011-08-15 12:04:00,623.7
2011-08-15 12:06:00,81.6
2011-08-15 12:07:00,973.48
2011-08-15 12:19:00,508.46000000000004
2011-08-15 12:22:00,50.28
2011-08-15 12:38:00,91.32000000000001
2011-08-15 12:44:00,626.0600000000001
2011-08-15 12:46:00,247.35
2011-08-15 12:47:00,172.44
2011-08-15 12:53:00,1161.07
2011-08-15 12:57:00,238.0
2011-08-15 13:07:00,111.75
2011-08-15 13:09:00,111.56
2011-08-15 13:22:00,378.12
2011-08-15 13:37:00,141.72
2011-08-15 13:46:00,234.17000000000002
2011-08-15 13:48:00,434.74
2011-08-15 13:51:00,208.3
2011-08-15 14:10:00,360.09
2011-08-15 14:17:00,1706.88
2011-08-15 14:32:00,1355.55
2011-08-15 14:35:00,137.74
2011-08-15 14:39:00,467.42
2011-08-15 14:44:00,310.87
2011-08-15 14:50:00,50.0
2011-08-15 14:51:00,231.75
2011-08-15 15:06:00,670.88
2011-08-15 15:17:00,233.54
2011-08-15 16:13:00,191.14
2011-08-16 08:39:00,234.75
2011-08-16 08:50:00,17.0
2011-08-16 08:52:00,149.60000000000002
2011-08-16 08:58:00,303.83
2011-08-16 09:00:00,153.2
2011-08-16 09:25:00,306.86
2011-08-16 09:34:00,323.44
2011-08-16 09:39:00,300.1
2011-08-16 09:50:00,48.0
2011-08-16 10:02:00,115.30000000000001
2011-08-16 10:03:00,354.36
2011-08-16 10:36:00,330.07
2011-08-16 10:44:00,494.17
2011-08-16 10:48:00,142.68
2011-08-16 10:50:00,169.85
2011-08-16 10:52:00,183.15
2011-08-16 11:04:00,3209.15
2011-08-16 11:10:00,201.6
2011-08-16 11:37:00,566.76
2011-08-16 11:38:00,33.9
2011-08-16 11:40:00,193.47
2011-08-16 11:44:00,457.31
2011-08-16 11:48:00,334.34000000000003
2011-08-16 11:50:00,844.73
2011-08-16 12:00:00,110.38000000000001
2011-08-16 12:12:00,369.33
2011-08-16 12:21:00,520.93
2011-08-16 12:29:00,596.98
2011-08-16 12:32:00,17.0
2011-08-16 12:52:00,257.6
2011-08-16 12:59:00,166.32
2011-08-16 13:12:00,127.0
2011-08-16 13:13:00,150.15
2011-08-16 13:25:00,338.95
2011-08-16 13:26:00,185.9
2011-08-16 13:50:00,687.08
2011-08-16 14:28:00,337.24
2011-08-16 14:33:00,741.4000000000001
2011-08-16 14:34:00,104.7
2011-08-16 14:41:00,194.55
2011-08-16 14:55:00,199.60000000000002
2011-08-16 15:22:00,429.12
2011-08-16 15:39:00,170.39
2011-08-16 15:54:00,29.85
2011-08-16 16:17:00,310.98
2011-08-16 17:06:00,115.5
2011-08-16 17:25:00,423.84000000000003
2011-08-16 17:27:00,20.3
2011-08-17 08:50:00,580.08
2011-08-17 09:05:00,135.51
2011-08-17 09:16:00,454.72
2011-08-17 09:45:00,687.16
2011-08-17 09:48:00,124.92999999999999
2011-08-17 10:08:00,125.03999999999999
2011-08-17 10:27:00,308.08
2011-08-17 10:46:00,224.13
2011-08-17 10:50:00,760.8000000000001
2011-08-17 10:56:00,231.76
2011-08-17 10:59:00,544.81
2011-08-17 11:04:00,3256.88
2011-08-17 11:14:00,182.97
2011-08-17 11:37:00,305.24
2011-08-17 11:48:00,305.28
2011-08-17 12:04:00,514.06
2011-08-17 12:06:00,676.66
2011-08-17 12:10:00,287.04
2011-08-17 12:20:00,8.5
2011-08-17 12:24:00,395.37
2011-08-17 12:30:00,234.0
2011-08-17 12:50:00,508.12
2011-08-17 13:04:00,155.05
2011-08-17 13:06:00,267.15000000000003
2011-08-17 13:21:00,566.96
2011-08-17 13:31:00,301.5
2011-08-17 13:33:00,3147.64
2011-08-17 13:40:00,1544.01
2011-08-17 13:45:00,34.68
2011-08-17 14:00:00,103.19999999999999
2011-08-17 14:02:00,1473.88
2011-08-17 14:03:00,6578.08
2011-08-17 14:11:00,464.94
2011-08-17 14:22:00,946.74
2011-08-17 14:25:00,549.32
2011-08-17 14:44:00,328.07
2011-08-17 14:47:00,627.27
2011-08-17 14:58:00,85.13000000000001
2011-08-17 15:00:00,299.46
2011-08-17 15:02:00,2.95
2011-08-17 15:05:00,2431.4900000000002
2011-08-17 15:06:00,146.19
2011-08-17 15:11:00,425.75
2011-08-17 15:53:00,291.53
2011-08-17 16:48:00,703.1700000000001
2011-08-17 17:01:00,304.24
2011-08-17 19:15:00,813.4000000000001
2011-08-17 19:40:00,2080.0
2011-08-17 20:02:00,13031.5
2011-08-18 06:20:00,4.25
2011-08-18 08:49:00,4873.81
2011-08-18 08:51:00,21880.44
2011-08-18 09:01:00,302.74
2011-08-18 09:39:00,1536.0
2011-08-18 09:45:00,503.44
2011-08-18 09:48:00,67.2
2011-08-18 10:01:00,330.44
2011-08-18 10:06:00,233.7
2011-08-18 10:10:00,485.64
2011-08-18 10:21:00,188.1
2011-08-18 10:23:00,1284.1200000000001
2011-08-18 10:31:00,702.88
2011-08-18 10:36:00,1964.85
2011-08-18 10:48:00,325.90000000000003
2011-08-18 10:49:00,54.2
2011-08-18 10:57:00,644.96
2011-08-18 11:00:00,1459.12
2011-08-18 11:03:00,237.6
2011-08-18 11:23:00,435.13
2011-08-18 11:40:00,453.01
2011-08-18 11:59:00,338.12
2011-08-18 12:06:00,372.25
2011-08-18 12:23:00,928.08
2011-08-18 12:26:00,131.85
2011-08-18 12:30:00,637.6
2011-08-18 12:41:00,567.62
2011-08-18 12:43:00,111.5
2011-08-18 12:53:00,734.32
2011-08-18 13:01:00,278.55
2011-08-18 13:16:00,196.1
2011-08-18 13:17:00,234.59
2011-08-18 13:38:00,170.54
2011-08-18 13:44:00,162.79
2011-08-18 13:46:00,248.85
2011-08-18 13:47:00,680.24
2011-08-18 14:02:00,138.98
2011-08-18 14:33:00,307.49
2011-08-18 14:48:00,429.43
2011-08-18 14:53:00,137.3
2011-08-18 15:09:00,260.7
2011-08-18 15:17:00,371.56
2011-08-18 15:28:00,52.54
2011-08-18 15:41:00,109.9
2011-08-18 15:44:00,311.78
2011-08-18 15:51:00,682.77
2011-08-18 16:18:00,506.90000000000003
2011-08-18 16:19:00,332.04
2011-08-18 16:24:00,326.01
2011-08-18 16:27:00,301.7
2011-08-18 16:32:00,355.22
2011-08-18 16:43:00,346.2
2011-08-18 17:02:00,313.62
2011-08-18 17:04:00,367.2
2011-08-18 17:09:00,191.09
2011-08-18 17:39:00,742.8000000000001
2011-08-18 17:43:00,588.0
2011-08-18 17:44:00,99.7
2011-08-18 17:50:00,1000.88
2011-08-18 17:57:00,574.3100000000001
2011-08-18 18:11:00,254.87
2011-08-18 18:15:00,366.74
2011-08-18 18:21:00,336.24
2011-08-18 18:51:00,157.47
2011-08-18 19:13:00,80.43
2011-08-18 20:05:00,230.58
2011-08-19 08:13:00,71.4
2011-08-19 08:57:00,570.6
2011-08-19 09:23:00,111.2
2011-08-19 09:35:00,333.93
2011-08-19 09:38:00,1394.58
2011-08-19 10:05:00,761.36
2011-08-19 10:06:00,310.79
2011-08-19 10:10:00,534.7
2011-08-19 10:18:00,300.42
2011-08-19 10:51:00,612.29
2011-08-19 10:56:00,288.18
2011-08-19 10:58:00,306.81
2011-08-19 11:08:00,668.58
2011-08-19 11:15:00,113.05
2011-08-19 11:17:00,149.06
2011-08-19 11:23:00,275.37
2011-08-19 11:46:00,463.26
2011-08-19 11:47:00,88.5
2011-08-19 11:55:00,382.3
2011-08-19 11:56:00,1708.68
2011-08-19 12:06:00,301.48
2011-08-19 12:13:00,315.98
2011-08-19 12:20:00,142.91
2011-08-19 12:23:00,94.80000000000001
2011-08-19 12:33:00,95.93
2011-08-19 12:49:00,315.5
2011-08-19 12:50:00,326.44
2011-08-19 12:53:00,166.4
2011-08-19 12:56:00,69.28
2011-08-19 13:03:00,306.1
2011-08-19 13:24:00,113.5
2011-08-19 13:33:00,115.72
2011-08-19 13:35:00,278.9
2011-08-19 13:54:00,430.35
2011-08-19 14:02:00,108.94
2011-08-19 14:04:00,310.82
2011-08-19 14:39:00,303.56
2011-08-19 14:43:00,398.7
2011-08-19 14:49:00,166.57
2011-08-19 14:57:00,989.49
2011-08-19 15:04:00,139.26
2011-08-19 15:06:00,153.68
2011-08-19 15:18:00,165.95000000000002
2011-08-19 15:22:00,144.0
2011-08-19 15:24:00,623.92
2011-08-19 15:29:00,546.9
2011-08-19 15:44:00,135.95
2011-08-19 16:04:00,351.3
2011-08-19 16:34:00,168.72
2011-08-19 17:02:00,51.0
2011-08-19 17:08:00,21.6
2011-08-19 17:10:00,27.36
2011-08-21 10:35:00,495.4
2011-08-21 10:44:00,535.95
2011-08-21 10:48:00,151.2
2011-08-21 11:05:00,1445.25
2011-08-21 11:06:00,358.0
2011-08-21 11:15:00,206.69
2011-08-21 11:29:00,247.72
2011-08-21 11:43:00,313.35
2011-08-21 11:50:00,504.19
2011-08-21 11:57:00,316.98
2011-08-21 12:21:00,388.09
2011-08-21 12:36:00,853.9
2011-08-21 12:37:00,377.25
2011-08-21 12:39:00,435.98
2011-08-21 12:58:00,962.09
2011-08-21 13:11:00,458.9
2011-08-21 13:18:00,324.83
2011-08-21 13:24:00,149.48
2011-08-21 13:43:00,393.14
2011-08-21 13:46:00,589.15
2011-08-21 13:48:00,122.28
2011-08-21 14:00:00,426.71
2011-08-21 14:10:00,135.24
2011-08-21 14:19:00,157.79999999999998
2011-08-21 14:32:00,648.78
2011-08-21 14:42:00,527.22
2011-08-21 15:01:00,199.22
2011-08-21 15:17:00,739.43
2011-08-21 15:35:00,110.96000000000001
2011-08-21 15:49:00,833.32
2011-08-21 15:50:00,39.6
2011-08-21 15:54:00,548.12
2011-08-21 16:02:00,52.0
2011-08-21 16:24:00,362.03000000000003
2011-08-22 09:03:00,213.5
2011-08-22 09:10:00,817.89
2011-08-22 09:21:00,357.8
2011-08-22 09:28:00,114.94000000000001
2011-08-22 09:30:00,908.74
2011-08-22 09:51:00,327.15
2011-08-22 09:53:00,137.22
2011-08-22 10:04:00,540.9200000000001
2011-08-22 10:08:00,1351.22
2011-08-22 10:09:00,66.24
2011-08-22 10:15:00,314.51
2011-08-22 10:18:00,252.9
2011-08-22 10:38:00,301.70000000000005
2011-08-22 10:39:00,1127.02
2011-08-22 10:42:00,531.8
2011-08-22 10:44:00,679.25
2011-08-22 10:47:00,303.8
2011-08-22 10:59:00,1388.27
2011-08-22 11:00:00,82.97999999999999
2011-08-22 11:03:00,102.24
2011-08-22 11:13:00,13.2
2011-08-22 11:17:00,174.96
2011-08-22 11:44:00,612.68
2011-08-22 11:54:00,463.82
2011-08-22 11:57:00,373.66
2011-08-22 12:10:00,315.68
2011-08-22 12:16:00,125.7
2011-08-22 12:22:00,316.02
2011-08-22 12:26:00,163.72
2011-08-22 12:32:00,151.98000000000002
2011-08-22 12:40:00,511.96000000000004
2011-08-22 12:45:00,57.199999999999996
2011-08-22 12:46:00,34.0
2011-08-22 12:52:00,247.09
2011-08-22 12:55:00,190.06
2011-08-22 12:58:00,157.11
2011-08-22 12:59:00,2067.12
2011-08-22 13:03:00,10.5
2011-08-22 13:20:00,40.8
2011-08-22 13:30:00,314.40999999999997
2011-08-22 13:32:00,1036.18
2011-08-22 13:40:00,246.64000000000001
2011-08-22 13:42:00,293.1
2011-08-22 13:55:00,3875.88
2011-08-22 14:03:00,307.8
2011-08-22 14:13:00,440.76
2011-08-22 14:20:00,508.0
2011-08-22 14:23:00,230.98000000000002
2011-08-22 14:35:00,325.8
2011-08-22 14:37:00,453.79
2011-08-22 14:38:00,1062.88
2011-08-22 14:41:00,931.5
2011-08-22 15:05:00,1916.13
2011-08-22 15:07:00,39.900000000000006
2011-08-22 15:22:00,89.44
2011-08-22 15:27:00,408.0
2011-08-22 15:42:00,148.57
2011-08-22 15:43:00,409.76
2011-08-22 15:55:00,630.39
2011-08-23 08:51:00,72.0
2011-08-23 08:54:00,304.2
2011-08-23 09:17:00,50.0
2011-08-23 09:38:00,563.64
2011-08-23 09:53:00,737.79
2011-08-23 09:57:00,432.48
2011-08-23 10:24:00,385.88
2011-08-23 10:29:00,1103.15
2011-08-23 10:31:00,155.68
2011-08-23 10:36:00,309.5
2011-08-23 10:48:00,34.56
2011-08-23 10:56:00,780.0
2011-08-23 11:01:00,351.1
2011-08-23 11:12:00,526.72
2011-08-23 11:16:00,309.24
2011-08-23 11:30:00,654.15
2011-08-23 11:41:00,262.28
2011-08-23 11:47:00,967.77
2011-08-23 11:51:00,177.9
2011-08-23 11:53:00,205.71
2011-08-23 12:18:00,879.35
2011-08-23 12:21:00,765.9
2011-08-23 12:22:00,98.88
2011-08-23 12:26:00,300.9
2011-08-23 12:30:00,1436.49
2011-08-23 12:37:00,250.86
2011-08-23 12:43:00,96.3
2011-08-23 12:47:00,244.8
2011-08-23 13:13:00,241.09
2011-08-23 13:27:00,367.34000000000003
2011-08-23 13:28:00,15.0
2011-08-23 13:30:00,75.0
2011-08-23 13:35:00,645.83
2011-08-23 13:40:00,455.67
2011-08-23 13:50:00,951.96
2011-08-23 13:51:00,128.31
2011-08-23 13:55:00,424.80000000000007
2011-08-23 13:59:00,275.82
2011-08-23 14:00:00,308.66
2011-08-23 14:19:00,630.3
2011-08-23 14:23:00,851.06
2011-08-23 14:25:00,379.27000000000004
2011-08-23 14:53:00,327.93
2011-08-23 14:55:00,425.6
2011-08-23 15:20:00,524.1
2011-08-23 15:24:00,237.21
2011-08-23 15:33:00,114.06
2011-08-23 15:34:00,312.66
2011-08-23 16:01:00,375.19
2011-08-23 16:16:00,269.28
2011-08-23 16:36:00,306.72
2011-08-23 16:49:00,306.96000000000004
2011-08-23 16:56:00,15.0
2011-08-23 17:13:00,449.56
2011-08-23 17:18:00,150.44
2011-08-23 17:31:00,277.28
2011-08-23 17:37:00,84.69
2011-08-24 08:09:00,509.34000000000003
2011-08-24 08:27:00,57.5
2011-08-24 08:49:00,241.44000000000003
2011-08-24 09:23:00,366.45
2011-08-24 09:30:00,786.84
2011-08-24 09:41:00,239.90000000000003
2011-08-24 09:46:00,255.15
2011-08-24 09:56:00,330.74
2011-08-24 10:06:00,452.15999999999997
2011-08-24 10:13:00,184.26
2011-08-24 10:19:00,365.82
2011-08-24 10:20:00,116.88
2011-08-24 10:22:00,121.37
2011-08-24 10:36:00,338.2
2011-08-24 10:37:00,457.92
2011-08-24 10:45:00,624.4300000000001
2011-08-24 10:51:00,253.31
2011-08-24 10:52:00,640.0
2011-08-24 11:31:00,411.40000000000003
2011-08-24 11:54:00,871.2
2011-08-24 12:00:00,302.58
2011-08-24 12:04:00,415.53
2011-08-24 12:11:00,130.03
2011-08-24 12:20:00,1103.32
2011-08-24 12:23:00,1142.88
2011-08-24 12:32:00,92.3
2011-08-24 12:36:00,442.89
2011-08-24 12:39:00,83.58
2011-08-24 12:51:00,2597.0
2011-08-24 12:52:00,5355.0
2011-08-24 12:54:00,161.94
2011-08-24 12:58:00,244.65
2011-08-24 13:07:00,137.14
2011-08-24 13:11:00,391.68
2011-08-24 13:12:00,310.76
2011-08-24 13:15:00,136.68
2011-08-24 13:18:00,103.47
2011-08-24 13:22:00,172.2
2011-08-24 13:23:00,2736.99
2011-08-24 13:24:00,2275.0
2011-08-24 13:26:00,1304.44
2011-08-24 13:27:00,189.6
2011-08-24 13:30:00,112.10000000000001
2011-08-24 13:33:00,1003.7
2011-08-24 13:42:00,383.92
2011-08-24 13:55:00,96.75
2011-08-24 13:57:00,213.55
2011-08-24 14:02:00,354.62
2011-08-24 14:14:00,116.16
2011-08-24 14:19:00,213.9
2011-08-24 14:23:00,452.39
2011-08-24 14:28:00,101.66
2011-08-24 14:40:00,233.21
2011-08-24 14:41:00,15.3
2011-08-24 14:46:00,202.0
2011-08-24 14:53:00,534.31
2011-08-24 14:54:00,887.47
2011-08-24 14:57:00,302.5
2011-08-24 14:59:00,1187.74
2011-08-24 15:04:00,309.5
2011-08-24 15:08:00,1564.7
2011-08-24 15:09:00,17.4
2011-08-24 15:12:00,394.09000000000003
2011-08-24 15:47:00,684.08
2011-08-24 15:51:00,302.96000000000004
2011-08-24 16:00:00,94.72
2011-08-24 16:02:00,305.63
2011-08-24 16:13:00,530.22
2011-08-24 16:16:00,22.5
2011-08-24 16:23:00,247.5
2011-08-24 16:24:00,32.82
2011-08-25 08:58:00,439.23
2011-08-25 09:18:00,242.15
2011-08-25 09:39:00,356.64
2011-08-25 09:53:00,402.7
2011-08-25 09:55:00,1114.52
2011-08-25 09:56:00,341.1
2011-08-25 10:00:00,97.0
2011-08-25 10:16:00,665.9
2011-08-25 10:25:00,335.52
2011-08-25 10:26:00,719.2
2011-08-25 10:32:00,678.88
2011-08-25 10:39:00,120.0
2011-08-25 10:43:00,76.32000000000001
2011-08-25 10:45:00,306.0
2011-08-25 10:49:00,248.60000000000002
2011-08-25 10:55:00,86.10000000000001
2011-08-25 11:09:00,17.0
2011-08-25 11:27:00,51.559999999999995
2011-08-25 11:31:00,75.36
2011-08-25 11:36:00,482.54
2011-08-25 11:40:00,510.32
2011-08-25 11:46:00,338.54
2011-08-25 11:59:00,628.38
2011-08-25 12:06:00,451.91999999999996
2011-08-25 12:10:00,472.54
2011-08-25 12:11:00,496.3
2011-08-25 12:12:00,115.34
2011-08-25 12:13:00,121.25
2011-08-25 12:26:00,243.1
2011-08-25 12:33:00,295.3
2011-08-25 12:46:00,134.75
2011-08-25 12:50:00,378.0
2011-08-25 12:57:00,309.5
2011-08-25 12:59:00,322.32
2011-08-25 13:12:00,470.40000000000003
2011-08-25 13:24:00,318.92
2011-08-25 13:33:00,190.1
2011-08-25 13:40:00,249.72
2011-08-25 13:46:00,644.34
2011-08-25 13:54:00,284.55
2011-08-25 14:13:00,662.5600000000001
2011-08-25 14:21:00,622.84
2011-08-25 14:23:00,331.26
2011-08-25 14:34:00,222.96
2011-08-25 14:42:00,630.68
2011-08-25 14:50:00,550.75
2011-08-25 14:51:00,153.0
2011-08-25 15:04:00,1066.8300000000002
2011-08-25 15:09:00,106.03
2011-08-25 15:10:00,404.8
2011-08-25 15:12:00,385.78
2011-08-25 15:18:00,154.24
2011-08-25 15:21:00,601.88
2011-08-25 15:22:00,343.36
2011-08-25 15:34:00,38.41
2011-08-25 15:35:00,372.37
2011-08-25 15:47:00,184.0
2011-08-25 15:49:00,129.75
2011-08-25 15:50:00,138.14
2011-08-25 17:21:00,314.70000000000005
2011-08-25 17:22:00,691.21
2011-08-25 18:45:00,150.35
2011-08-25 19:39:00,157.18
2011-08-25 19:45:00,51.300000000000004
2011-08-25 19:48:00,64.79
2011-08-25 19:55:00,80.17999999999999
2011-08-26 08:59:00,410.55
2011-08-26 09:37:00,478.96000000000004
2011-08-26 09:55:00,1062.24
2011-08-26 09:58:00,333.44
2011-08-26 10:32:00,301.92
2011-08-26 10:50:00,872.02
2011-08-26 11:18:00,577.94
2011-08-26 11:19:00,125.85
2011-08-26 11:24:00,432.0
2011-08-26 11:35:00,130.99
2011-08-26 11:40:00,498.48
2011-08-26 11:47:00,352.36
2011-08-26 11:48:00,940.8000000000001
2011-08-26 11:53:00,851.09
2011-08-26 11:54:00,346.01
2011-08-26 11:58:00,472.13
2011-08-26 12:36:00,306.19
2011-08-26 12:41:00,551.03
2011-08-26 12:44:00,185.9
2011-08-26 12:49:00,231.1
2011-08-26 12:54:00,278.74
2011-08-26 12:55:00,143.74
2011-08-26 13:00:00,388.12
2011-08-26 13:16:00,162.48000000000002
2011-08-26 13:22:00,336.34
2011-08-26 13:25:00,301.92
2011-08-26 13:56:00,196.32999999999998
2011-08-26 14:04:00,581.82
2011-08-26 14:13:00,15.0
2011-08-26 14:17:00,6429.639999999999
2011-08-26 14:20:00,998.4
2011-08-26 14:23:00,191.1
2011-08-26 14:29:00,640.14
2011-08-26 14:40:00,285.16
2011-08-26 14:44:00,748.86
2011-08-26 14:45:00,1273.3700000000001
2011-08-26 14:51:00,126.39000000000001
2011-08-26 15:25:00,329.67
2011-08-26 15:38:00,76.32000000000001
2011-08-26 15:44:00,1130.95
2011-08-28 10:15:00,244.8
2011-08-28 10:21:00,287.84999999999997
2011-08-28 10:40:00,385.47
2011-08-28 10:43:00,103.24000000000001
2011-08-28 10:54:00,35.400000000000006
2011-08-28 11:01:00,130.99
2011-08-28 11:02:00,352.23
2011-08-28 11:19:00,130.8
2011-08-28 11:25:00,137.19
2011-08-28 11:55:00,161.74
2011-08-28 12:00:00,19.8
2011-08-28 12:01:00,312.98
2011-08-28 12:06:00,124.16
2011-08-28 12:11:00,169.38
2011-08-28 12:16:00,264.73
2011-08-28 12:28:00,232.49
2011-08-28 12:29:00,291.43
2011-08-28 12:31:00,803.02
2011-08-28 12:43:00,85.92
2011-08-28 12:44:00,290.86
2011-08-28 12:57:00,365.78
2011-08-28 13:08:00,233.67000000000002
2011-08-28 13:18:00,525.61
2011-08-28 13:32:00,1241.99
2011-08-28 13:35:00,627.64
2011-08-28 13:42:00,505.8
2011-08-28 14:00:00,186.9
2011-08-28 14:16:00,44.370000000000005
2011-08-28 14:28:00,155.31
2011-08-28 14:39:00,195.48
2011-08-28 14:53:00,642.4200000000001
2011-08-28 15:01:00,151.52
2011-08-28 15:17:00,125.77
2011-08-28 15:25:00,178.7
2011-08-28 15:27:00,238.34
2011-08-28 15:58:00,315.72
2011-08-28 16:09:00,387.06
2011-08-30 08:15:00,403.83000000000004
2011-08-30 09:36:00,462.75
2011-08-30 10:07:00,1862.7
2011-08-30 10:20:00,612.09
2011-08-30 10:49:00,21.84
2011-08-30 11:32:00,1103.49
2011-08-30 11:37:00,537.0
2011-08-30 11:54:00,214.8
2011-08-30 12:00:00,239.53
2011-08-30 12:11:00,125.92
2011-08-30 12:16:00,221.46
2011-08-30 12:32:00,291.24
2011-08-30 12:45:00,161.16000000000003
2011-08-30 13:47:00,308.46999999999997
2011-08-30 14:09:00,211.89
2011-08-30 15:16:00,309.38
2011-08-30 15:37:00,242.6
2011-08-30 15:42:00,762.58
2011-08-30 16:43:00,390.78000000000003
2011-08-30 16:53:00,211.96
2011-08-30 17:23:00,109.7
2011-08-31 08:55:00,198.98
2011-08-31 09:10:00,307.42
2011-08-31 09:11:00,4257.0599999999995
2011-08-31 09:44:00,140.0
2011-08-31 09:55:00,386.64
2011-08-31 10:06:00,308.69
2011-08-31 10:21:00,15.0
2011-08-31 10:24:00,145.0
2011-08-31 10:30:00,390.98
2011-08-31 10:40:00,128.95
2011-08-31 10:42:00,397.24
2011-08-31 10:46:00,340.0
2011-08-31 10:47:00,979.64
2011-08-31 10:55:00,16.9
2011-08-31 11:06:00,292.68
2011-08-31 11:22:00,1330.44
2011-08-31 11:25:00,138.24
2011-08-31 11:40:00,111.0
2011-08-31 11:50:00,314.28000000000003
2011-08-31 12:11:00,383.4
2011-08-31 12:18:00,250.8
2011-08-31 12:31:00,219.0
2011-08-31 12:33:00,424.06
2011-08-31 13:23:00,275.7
2011-08-31 13:31:00,290.52
2011-08-31 13:37:00,537.96
2011-08-31 13:55:00,195.15
2011-08-31 13:56:00,682.19
2011-08-31 14:22:00,116.56
2011-08-31 14:28:00,224.64
2011-08-31 14:35:00,189.8
2011-08-31 14:52:00,237.9
2011-08-31 15:07:00,1565.82
2011-08-31 15:08:00,34.8
2011-08-31 15:13:00,102.48
2011-08-31 15:30:00,1179.64
2011-08-31 15:35:00,138.39999999999998
2011-08-31 15:49:00,222.04
2011-08-31 16:09:00,260.35
2011-08-31 16:28:00,1724.8
2011-08-31 17:12:00,566.38
2011-08-31 17:16:00,506.36
2011-09-01 08:25:00,40.0
2011-09-01 09:15:00,75.3
2011-09-01 09:19:00,334.46000000000004
2011-09-01 09:39:00,576.74
2011-09-01 09:57:00,52.5
2011-09-01 10:03:00,137.38
2011-09-01 10:11:00,318.01
2011-09-01 10:28:00,343.05
2011-09-01 10:36:00,307.62
2011-09-01 10:38:00,428.6
2011-09-01 11:15:00,345.1
2011-09-01 11:22:00,252.11
2011-09-01 11:30:00,2297.52
2011-09-01 11:33:00,2576.04
2011-09-01 11:38:00,422.08
2011-09-01 11:41:00,183.60000000000002
2011-09-01 11:43:00,149.70000000000002
2011-09-01 11:48:00,476.76000000000005
2011-09-01 11:56:00,480.0
2011-09-01 12:09:00,509.01
2011-09-01 12:16:00,126.5
2011-09-01 12:17:00,180.1
2011-09-01 12:28:00,118.8
2011-09-01 12:34:00,319.95
2011-09-01 12:41:00,515.17
2011-09-01 12:46:00,322.98
2011-09-01 12:50:00,550.98
2011-09-01 13:40:00,345.14
2011-09-01 13:46:00,152.64000000000001
2011-09-01 13:47:00,3.3
2011-09-01 13:50:00,3190.52
2011-09-01 13:51:00,208.8
2011-09-01 13:53:00,459.92
2011-09-01 14:13:00,174.06
2011-09-01 14:26:00,5590.67
2011-09-01 14:29:00,521.52
2011-09-01 14:42:00,386.66
2011-09-01 14:47:00,143.8
2011-09-01 14:57:00,49.5
2011-09-01 14:58:00,608.1
2011-09-01 15:04:00,305.28000000000003
2011-09-01 15:08:00,85.92
2011-09-01 15:21:00,25.0
2011-09-01 15:52:00,1386.0
2011-09-01 15:56:00,111.03
2011-09-01 15:59:00,11.55
2011-09-01 16:16:00,249.76
2011-09-01 16:18:00,346.98
2011-09-01 16:30:00,435.44
2011-09-01 16:41:00,676.36
2011-09-01 16:44:00,227.85
2011-09-01 16:45:00,410.1
2011-09-01 16:46:00,377.55
2011-09-01 16:50:00,305.96000000000004
2011-09-01 16:59:00,112.75
2011-09-01 17:09:00,191.74
2011-09-01 17:14:00,198.54000000000002
2011-09-01 17:19:00,2242.3199999999997
2011-09-01 17:20:00,1638.24
2011-09-01 17:38:00,114.60000000000001
2011-09-01 17:40:00,207.36
2011-09-01 17:45:00,975.54
2011-09-01 18:07:00,387.52
2011-09-01 18:20:00,149.35
2011-09-01 18:49:00,373.8
2011-09-01 18:54:00,821.0
2011-09-01 19:08:00,386.74
2011-09-01 19:11:00,207.73
2011-09-01 19:34:00,121.92
2011-09-02 08:50:00,301.2
2011-09-02 09:09:00,1250.4
2011-09-02 09:24:00,1585.92
2011-09-02 09:43:00,402.0
2011-09-02 09:45:00,399.34000000000003
2011-09-02 09:48:00,301.85
2011-09-02 09:51:00,608.08
2011-09-02 10:05:00,1047.12
2011-09-02 10:06:00,822.24
2011-09-02 10:13:00,89.06
2011-09-02 10:20:00,770.9300000000001
2011-09-02 10:21:00,125.44999999999999
2011-09-02 10:24:00,306.96
2011-09-02 10:27:00,642.28
2011-09-02 10:31:00,543.6
2011-09-02 10:34:00,112.86
2011-09-02 10:38:00,115.31
2011-09-02 10:42:00,171.5
2011-09-02 10:49:00,11.309999999999999
2011-09-02 10:53:00,465.68
2011-09-02 11:34:00,1821.6
2011-09-02 11:42:00,309.45
2011-09-02 11:43:00,731.28
2011-09-02 11:53:00,4913.52
2011-09-02 11:54:00,553.08
2011-09-02 11:59:00,561.6
2011-09-02 12:01:00,317.0
2011-09-02 12:25:00,300.2
2011-09-02 12:33:00,344.88
2011-09-02 12:37:00,145.02
2011-09-02 12:51:00,416.24
2011-09-02 12:52:00,311.85
2011-09-02 13:00:00,598.38
2011-09-02 13:01:00,560.54
2011-09-02 13:10:00,461.77
2011-09-02 13:14:00,269.58
2011-09-02 13:15:00,65.1
2011-09-02 13:18:00,157.6
2011-09-02 13:22:00,312.64
2011-09-02 13:41:00,120.02
2011-09-02 13:48:00,267.8
2011-09-02 13:50:00,241.0
2011-09-02 13:54:00,107.36
2011-09-02 13:55:00,33.0
2011-09-02 13:59:00,115.1
2011-09-02 14:09:00,381.54
2011-09-02 14:23:00,230.3
2011-09-02 14:39:00,82.36
2011-09-02 14:42:00,180.47000000000003
2011-09-02 14:56:00,697.59
2011-09-02 15:05:00,162.72
2011-09-02 15:12:00,852.8
2011-09-02 15:20:00,220.2
2011-09-02 15:23:00,429.38
2011-09-02 15:45:00,489.54
2011-09-02 15:48:00,269.16999999999996
2011-09-02 15:50:00,50.4
2011-09-02 15:56:00,460.25
2011-09-02 16:43:00,363.79
2011-09-02 16:50:00,820.24
2011-09-02 16:53:00,3.12
2011-09-02 17:38:00,401.28999999999996
2011-09-04 10:35:00,72.84
2011-09-04 10:51:00,220.04
2011-09-04 10:59:00,170.9
2011-09-04 11:00:00,300.13
2011-09-04 11:12:00,117.48
2011-09-04 11:15:00,316.62
2011-09-04 11:17:00,835.08
2011-09-04 11:22:00,454.55
2011-09-04 11:36:00,629.04
2011-09-04 11:49:00,431.73
2011-09-04 11:54:00,121.2
2011-09-04 12:00:00,583.33
2011-09-04 12:04:00,295.03999999999996
2011-09-04 12:07:00,897.19
2011-09-04 12:09:00,309.15
2011-09-04 12:10:00,158.37
2011-09-04 12:23:00,91.86
2011-09-04 12:24:00,300.04
2011-09-04 12:41:00,131.81
2011-09-04 12:49:00,235.54
2011-09-04 12:54:00,182.12
2011-09-04 13:07:00,347.5
2011-09-04 13:15:00,471.59
2011-09-04 13:16:00,242.61
2011-09-04 13:20:00,124.5
2011-09-04 13:35:00,672.66
2011-09-04 13:38:00,34.0
2011-09-04 13:45:00,360.96
2011-09-04 13:48:00,568.25
2011-09-04 13:56:00,715.26
2011-09-04 14:06:00,761.6800000000001
2011-09-04 14:08:00,110.04
2011-09-04 14:09:00,819.26
2011-09-04 14:22:00,891.82
2011-09-04 14:36:00,128.9
2011-09-04 14:50:00,397.15
2011-09-04 15:19:00,400.24
2011-09-04 15:20:00,625.1
2011-09-04 15:21:00,84.45
2011-09-04 15:22:00,323.16
2011-09-04 15:37:00,752.67
2011-09-04 15:52:00,316.84000000000003
2011-09-04 16:05:00,582.9
2011-09-04 16:08:00,117.15
2011-09-04 16:12:00,227.68
2011-09-05 09:07:00,538.8000000000001
2011-09-05 09:16:00,477.7
2011-09-05 09:20:00,859.6800000000001
2011-09-05 09:24:00,1414.64
2011-09-05 09:34:00,224.8
2011-09-05 09:38:00,304.95
2011-09-05 09:45:00,367.4
2011-09-05 09:46:00,581.39
2011-09-05 09:48:00,147.7
2011-09-05 09:49:00,367.33000000000004
2011-09-05 10:00:00,591.3
2011-09-05 10:06:00,275.7
2011-09-05 10:12:00,859.32
2011-09-05 10:15:00,385.04
2011-09-05 10:27:00,423.5
2011-09-05 10:34:00,50.0
2011-09-05 10:47:00,7335.06
2011-09-05 10:48:00,958.8000000000001
2011-09-05 11:18:00,193.32
2011-09-05 11:19:00,307.03000000000003
2011-09-05 11:27:00,102.0
2011-09-05 11:31:00,122.22
2011-09-05 11:38:00,205.3
2011-09-05 11:41:00,2251.94
2011-09-05 11:43:00,177.60000000000002
2011-09-05 11:51:00,770.88
2011-09-05 11:52:00,1092.35
2011-09-05 12:00:00,572.39
2011-09-05 12:06:00,497.61
2011-09-05 12:18:00,183.82999999999998
2011-09-05 12:20:00,131.64
2011-09-05 12:21:00,48.3
2011-09-05 12:24:00,7.5
2011-09-05 12:35:00,134.9
2011-09-05 12:36:00,1298.18
2011-09-05 12:41:00,253.55
2011-09-05 13:10:00,315.17
2011-09-05 13:22:00,339.86
2011-09-05 13:38:00,537.3
2011-09-05 13:50:00,299.67
2011-09-05 13:52:00,691.2
2011-09-05 13:53:00,324.50000000000006
2011-09-05 13:54:00,657.6000000000001
2011-09-05 14:07:00,344.07
2011-09-05 14:11:00,312.49
2011-09-05 14:13:00,447.62
2011-09-05 14:27:00,301.32
2011-09-05 14:30:00,213.04
2011-09-05 14:56:00,357.34
2011-09-05 14:57:00,401.94
2011-09-05 15:17:00,457.7
2011-09-05 15:19:00,263.2
2011-09-05 15:20:00,82.75
2011-09-05 15:26:00,472.64
2011-09-05 15:40:00,347.88
2011-09-05 15:49:00,1226.16
2011-09-05 15:56:00,655.91
2011-09-05 16:22:00,235.85
2011-09-05 16:27:00,478.9
2011-09-05 17:36:00,673.94
2011-09-05 17:44:00,488.21
2011-09-06 08:34:00,174.86
2011-09-06 09:15:00,378.75
2011-09-06 09:18:00,149.12
2011-09-06 09:23:00,656.46
2011-09-06 09:34:00,556.26
2011-09-06 09:45:00,340.56
2011-09-06 09:49:00,224.28
2011-09-06 09:51:00,2184.59
2011-09-06 09:53:00,238.68
2011-09-06 10:04:00,209.8
2011-09-06 10:12:00,310.6
2011-09-06 10:27:00,100.8
2011-09-06 10:42:00,833.0600000000001
2011-09-06 10:46:00,189.6
2011-09-06 10:53:00,638.4000000000001
2011-09-06 11:29:00,301.80000000000007
2011-09-06 11:53:00,185.0
2011-09-06 11:55:00,537.9
2011-09-06 11:58:00,1457.38
2011-09-06 12:00:00,549.7
2011-09-06 12:01:00,25.200000000000003
2011-09-06 12:02:00,472.3
2011-09-06 12:10:00,257.8
2011-09-06 12:11:00,164.4
2011-09-06 12:15:00,385.81
2011-09-06 12:25:00,15.0
2011-09-06 12:27:00,459.45
2011-09-06 12:30:00,582.8000000000001
2011-09-06 12:31:00,430.32
2011-09-06 12:32:00,354.62
2011-09-06 12:38:00,4321.0
2011-09-06 12:44:00,228.84
2011-09-06 12:48:00,151.74
2011-09-06 12:56:00,258.64
2011-09-06 13:11:00,163.8
2011-09-06 13:20:00,503.08000000000004
2011-09-06 13:29:00,382.66
2011-09-06 13:46:00,358.84000000000003
2011-09-06 13:47:00,16.5
2011-09-06 14:09:00,939.96
2011-09-06 14:19:00,520.3
2011-09-06 14:23:00,577.55
2011-09-06 14:29:00,262.40000000000003
2011-09-06 14:32:00,300.7
2011-09-06 14:38:00,724.01
2011-09-06 14:53:00,106.80000000000001
2011-09-06 15:04:00,159.85000000000002
2011-09-06 15:14:00,477.93
2011-09-06 15:30:00,64.0
2011-09-06 15:34:00,701.38
2011-09-06 15:48:00,303.92
2011-09-06 15:53:00,18.72
2011-09-06 16:02:00,359.05
2011-09-06 16:57:00,200.0
2011-09-07 08:18:00,353.48
2011-09-07 09:15:00,591.14
2011-09-07 09:33:00,189.60000000000002
2011-09-07 09:37:00,180.12
2011-09-07 09:40:00,177.60000000000002
2011-09-07 09:45:00,567.6
2011-09-07 09:57:00,260.63
2011-09-07 10:07:00,266.48
2011-09-07 10:23:00,809.07
2011-09-07 10:28:00,549.24
2011-09-07 10:36:00,174.71
2011-09-07 10:38:00,871.25
2011-09-07 10:51:00,868.3100000000001
2011-09-07 10:55:00,315.2
2011-09-07 10:56:00,23.0
2011-09-07 11:32:00,127.37
2011-09-07 11:41:00,3200.2799999999997
2011-09-07 11:43:00,393.40000000000003
2011-09-07 11:46:00,313.6
2011-09-07 12:10:00,149.64000000000001
2011-09-07 12:19:00,331.24
2011-09-07 12:21:00,588.3000000000001
2011-09-07 12:41:00,121.5
2011-09-07 12:50:00,323.68
2011-09-07 12:55:00,524.85
2011-09-07 13:06:00,637.29
2011-09-07 13:19:00,413.99
2011-09-07 13:22:00,1035.82
2011-09-07 13:30:00,324.96
2011-09-07 14:09:00,155.8
2011-09-07 14:13:00,1464.58
2011-09-07 14:30:00,534.24
2011-09-07 14:40:00,426.07000000000005
2011-09-07 14:41:00,9.36
2011-09-07 14:47:00,20.8
2011-09-07 14:56:00,349.35
2011-09-07 15:00:00,402.79
2011-09-07 15:07:00,1304.7
2011-09-07 15:10:00,15.0
2011-09-07 15:13:00,304.24
2011-09-07 15:34:00,1094.9
2011-09-07 15:43:00,89.64
2011-09-07 15:52:00,480.52
2011-09-07 16:00:00,504.35
2011-09-07 16:27:00,127.73
2011-09-08 08:56:00,591.02
2011-09-08 09:13:00,416.90000000000003
2011-09-08 09:51:00,308.9
2011-09-08 10:00:00,590.4
2011-09-08 10:01:00,360.48
2011-09-08 10:02:00,310.2
2011-09-08 10:11:00,91.32000000000001
2011-09-08 10:32:00,1057.18
2011-09-08 10:35:00,626.76
2011-09-08 10:43:00,15.0
2011-09-08 10:45:00,443.0
2011-09-08 10:49:00,829.44
2011-09-08 10:52:00,126.74000000000001
2011-09-08 11:27:00,2227.28
2011-09-08 11:28:00,2.08
2011-09-08 11:44:00,371.7
2011-09-08 11:46:00,425.04
2011-09-08 11:48:00,418.34000000000003
2011-09-08 11:53:00,14.99
2011-09-08 11:56:00,161.69
2011-09-08 12:01:00,286.86
2011-09-08 12:04:00,205.83
2011-09-08 12:05:00,390.47
2011-09-08 12:16:00,1260.68
2011-09-08 12:19:00,45.78
2011-09-08 12:20:00,591.9
2011-09-08 12:27:00,412.71
2011-09-08 12:42:00,459.56
2011-09-08 12:44:00,423.09
2011-09-08 12:47:00,494.65
2011-09-08 12:48:00,496.44
2011-09-08 12:51:00,538.4
2011-09-08 12:55:00,159.79
2011-09-08 12:56:00,74.4
2011-09-08 12:57:00,121.81
2011-09-08 12:58:00,320.0
2011-09-08 13:07:00,242.27
2011-09-08 13:17:00,413.58
2011-09-08 13:26:00,483.57
2011-09-08 13:38:00,794.53
2011-09-08 13:48:00,961.5799999999999
2011-09-08 13:53:00,182.9
2011-09-08 13:54:00,421.18
2011-09-08 13:55:00,25.200000000000003
2011-09-08 13:57:00,105.0
2011-09-08 14:02:00,78.9
2011-09-08 14:19:00,117.36
2011-09-08 14:21:00,322.77
2011-09-08 14:28:00,309.79
2011-09-08 14:35:00,324.0
2011-09-08 14:42:00,86.0
2011-09-08 14:53:00,186.32
2011-09-08 14:57:00,120.97999999999999
2011-09-08 15:04:00,205.8
2011-09-08 15:05:00,221.84
2011-09-08 15:08:00,4.11
2011-09-08 15:16:00,357.99
2011-09-08 15:22:00,86.0
2011-09-08 15:36:00,318.4
2011-09-08 15:39:00,482.07
2011-09-08 15:41:00,170.88
2011-09-08 19:58:00,354.53000000000003
2011-09-09 08:48:00,344.9
2011-09-09 09:03:00,205.67000000000002
2011-09-09 09:13:00,1087.7
2011-09-09 09:38:00,296.64
2011-09-09 09:52:00,985.62
2011-09-09 10:05:00,15.0
2011-09-09 10:09:00,324.59000000000003
2011-09-09 10:10:00,85.92
2011-09-09 10:12:00,188.5
2011-09-09 10:16:00,584.4
2011-09-09 10:24:00,493.4
2011-09-09 10:31:00,998.8800000000001
2011-09-09 10:37:00,143.8
2011-09-09 10:42:00,998.6
2011-09-09 10:47:00,158.4
2011-09-09 10:51:00,425.2
2011-09-09 10:54:00,15.5
2011-09-09 11:15:00,585.11
2011-09-09 11:46:00,282.31
2011-09-09 11:48:00,1304.7
2011-09-09 12:09:00,185.83999999999997
2011-09-09 12:11:00,140.5
2011-09-09 12:22:00,158.88
2011-09-09 12:24:00,508.96
2011-09-09 12:36:00,158.96
2011-09-09 12:41:00,141.9
2011-09-09 13:01:00,165.0
2011-09-09 13:02:00,296.62
2011-09-09 13:14:00,192.6
2011-09-09 13:19:00,139.5
2011-09-09 13:20:00,206.45
2011-09-09 13:26:00,442.66
2011-09-09 13:34:00,165.20000000000002
2011-09-09 13:37:00,1010.95
2011-09-09 13:42:00,298.9
2011-09-09 13:44:00,2608.11
2011-09-09 13:47:00,148.8
2011-09-09 13:58:00,393.85
2011-09-09 14:12:00,441.91
2011-09-09 14:14:00,111.78
2011-09-09 14:18:00,98.1
2011-09-09 14:22:00,337.74
2011-09-09 14:47:00,318.35
2011-09-09 14:58:00,340.38
2011-09-09 15:00:00,34.65
2011-09-09 15:02:00,1210.32
2011-09-09 15:03:00,7.65
2011-09-09 15:09:00,1732.93
2011-09-09 15:10:00,51.0
2011-09-09 15:11:00,109.15
2011-09-09 15:17:00,119.62
2011-09-09 15:25:00,35.7
2011-09-09 15:51:00,1001.36
2011-09-09 15:53:00,2243.7
2011-09-11 10:35:00,77.55
2011-09-11 10:39:00,204.60000000000002
2011-09-11 10:42:00,1912.06
2011-09-11 10:52:00,889.4000000000001
2011-09-11 10:53:00,174.84
2011-09-11 10:57:00,418.84
2011-09-11 10:58:00,478.98
2011-09-11 11:04:00,1005.54
2011-09-11 11:08:00,252.73000000000002
2011-09-11 11:17:00,418.06
2011-09-11 11:19:00,175.4
2011-09-11 11:24:00,291.17
2011-09-11 11:26:00,544.52
2011-09-11 11:29:00,137.56
2011-09-11 11:30:00,254.76000000000002
2011-09-11 11:56:00,160.6
2011-09-11 11:57:00,33.9
2011-09-11 11:58:00,126.00000000000001
2011-09-11 11:59:00,451.97
2011-09-11 12:00:00,1028.04
2011-09-11 12:03:00,316.6
2011-09-11 12:06:00,140.96
2011-09-11 12:09:00,473.3
2011-09-11 12:10:00,344.88
2011-09-11 12:13:00,215.87
2011-09-11 12:15:00,11.97
2011-09-11 12:16:00,384.9
2011-09-11 12:23:00,1783.24
2011-09-11 12:27:00,112.38
2011-09-11 12:34:00,855.6
2011-09-11 12:45:00,4338.28
2011-09-11 12:46:00,378.64
2011-09-11 12:56:00,277.55
2011-09-11 13:07:00,97.73
2011-09-11 13:16:00,103.30000000000001
2011-09-11 13:22:00,297.36
2011-09-11 13:32:00,356.11
2011-09-11 13:38:00,292.24
2011-09-11 13:39:00,237.22
2011-09-11 13:40:00,848.98
2011-09-11 13:44:00,1228.83
2011-09-11 13:51:00,399.37
2011-09-11 13:56:00,245.32999999999998
2011-09-11 13:58:00,795.64
2011-09-11 14:00:00,305.82
2011-09-11 14:01:00,305.62
2011-09-11 14:05:00,302.15
2011-09-11 14:09:00,249.17000000000002
2011-09-11 14:15:00,1948.35
2011-09-11 14:29:00,1638.34
2011-09-11 14:34:00,612.4
2011-09-11 14:49:00,160.20000000000002
2011-09-11 14:51:00,517.6800000000001
2011-09-11 14:58:00,331.56
2011-09-11 15:11:00,133.37
2011-09-11 15:18:00,291.63
2011-09-11 15:20:00,231.56
2011-09-11 15:24:00,800.9
2011-09-11 15:31:00,769.8100000000001
2011-09-11 15:35:00,929.28
2011-09-11 15:41:00,449.65999999999997
2011-09-11 15:44:00,453.39
2011-09-11 15:47:00,202.53
2011-09-11 15:50:00,89.52
2011-09-11 15:52:00,159.31
2011-09-11 15:59:00,329.44
2011-09-11 16:05:00,299.34000000000003
2011-09-11 16:06:00,114.84
2011-09-11 16:09:00,8.25
2011-09-12 08:24:00,307.92
2011-09-12 09:03:00,343.8
2011-09-12 09:26:00,523.25
2011-09-12 09:36:00,336.64
2011-09-12 09:37:00,656.23
2011-09-12 09:38:00,321.52
2011-09-12 09:39:00,1468.58
2011-09-12 09:41:00,170.1
2011-09-12 09:43:00,339.83
2011-09-12 09:57:00,405.86
2011-09-12 10:01:00,326.48
2011-09-12 10:19:00,778.65
2011-09-12 10:47:00,217.3
2011-09-12 11:25:00,853.6800000000001
2011-09-12 11:41:00,382.48
2011-09-12 11:44:00,5.95
2011-09-12 11:58:00,145.72
2011-09-12 12:11:00,547.02
2011-09-12 12:19:00,153.72
2011-09-12 12:20:00,207.57
2011-09-12 12:24:00,410.08
2011-09-12 12:27:00,1250.71
2011-09-12 12:32:00,466.75
2011-09-12 12:45:00,680.14
2011-09-12 12:48:00,683.8
2011-09-12 12:51:00,553.74
2011-09-12 12:54:00,142.82
2011-09-12 13:10:00,309.05
2011-09-12 13:11:00,620.4
2011-09-12 13:16:00,1517.54
2011-09-12 13:34:00,278.4
2011-09-12 13:38:00,501.9
2011-09-12 13:41:00,1304.04
2011-09-12 13:43:00,1246.33
2011-09-12 13:50:00,205.10999999999999
2011-09-12 13:55:00,278.43
2011-09-12 13:56:00,183.08
2011-09-12 14:15:00,381.5
2011-09-12 14:22:00,175.9
2011-09-12 14:23:00,663.24
2011-09-12 14:24:00,638.0600000000001
2011-09-12 14:37:00,85.0
2011-09-12 14:39:00,303.36
2011-09-12 14:40:00,88.56
2011-09-12 14:54:00,987.9399999999999
2011-09-12 15:01:00,636.44
2011-09-12 15:04:00,302.2
2011-09-12 15:14:00,285.22
2011-09-12 15:19:00,330.92
2011-09-12 15:23:00,302.19
2011-09-12 15:29:00,308.89
2011-09-12 15:31:00,291.8
2011-09-12 15:32:00,331.14
2011-09-12 15:43:00,637.92
2011-09-12 16:06:00,169.9
2011-09-12 16:12:00,711.53
2011-09-12 16:14:00,912.18
2011-09-12 16:23:00,84.5
2011-09-12 16:45:00,21.0
2011-09-12 17:58:00,3.35
2011-09-13 09:03:00,483.39
2011-09-13 09:07:00,340.2
2011-09-13 09:17:00,266.97
2011-09-13 09:33:00,1253.0
2011-09-13 09:43:00,1319.78
2011-09-13 09:47:00,414.82
2011-09-13 09:48:00,223.84
2011-09-13 09:49:00,181.6
2011-09-13 09:59:00,293.14
2011-09-13 10:03:00,358.2
2011-09-13 10:16:00,361.27
2011-09-13 10:17:00,556.3
2011-09-13 10:25:00,294.24
2011-09-13 10:34:00,94.32000000000001
2011-09-13 11:12:00,4114.08
2011-09-13 11:14:00,811.24
2011-09-13 11:24:00,158.17
2011-09-13 11:26:00,161.19
2011-09-13 11:34:00,740.4200000000001
2011-09-13 11:39:00,921.4
2011-09-13 11:41:00,96.6
2011-09-13 11:47:00,8518.72
2011-09-13 11:51:00,679.69
2011-09-13 11:52:00,431.97
2011-09-13 12:09:00,356.6
2011-09-13 12:13:00,1079.47
2011-09-13 12:18:00,1126.47
2011-09-13 12:22:00,328.98
2011-09-13 12:26:00,259.05
2011-09-13 12:32:00,433.93
2011-09-13 12:37:00,303.65000000000003
2011-09-13 12:49:00,1267.32
2011-09-13 12:52:00,432.75
2011-09-13 13:15:00,1658.9
2011-09-13 13:21:00,2180.2999999999997
2011-09-13 13:46:00,690.9
2011-09-13 13:47:00,1599.55
2011-09-13 13:49:00,1024.08
2011-09-13 13:55:00,364.5
2011-09-13 14:06:00,380.76
2011-09-13 14:23:00,199.8
2011-09-13 14:30:00,347.74
2011-09-13 14:42:00,191.78
2011-09-13 14:50:00,563.15
2011-09-13 14:51:00,302.2
2011-09-13 14:53:00,873.47
2011-09-13 15:03:00,4432.07
2011-09-13 15:18:00,786.52
2011-09-13 15:23:00,446.31
2011-09-13 15:35:00,319.6
2011-09-13 15:37:00,398.7
2011-09-13 15:41:00,417.08000000000004
2011-09-13 15:57:00,179.19
2011-09-13 16:26:00,365.1
2011-09-13 16:27:00,276.31
2011-09-13 16:33:00,305.37
2011-09-13 16:40:00,496.3
2011-09-13 16:56:00,1.65
2011-09-13 17:16:00,652.4
2011-09-14 08:35:00,267.8
2011-09-14 09:11:00,1304.04
2011-09-14 09:13:00,621.66
2011-09-14 09:16:00,327.8
2011-09-14 09:21:00,185.22
2011-09-14 09:22:00,543.24
2011-09-14 09:27:00,405.88
2011-09-14 09:31:00,112.08
2011-09-14 09:36:00,302.25
2011-09-14 09:38:00,781.11
2011-09-14 10:28:00,327.0
2011-09-14 10:32:00,780.77
2011-09-14 10:33:00,157.20000000000002
2011-09-14 10:34:00,42.239999999999995
2011-09-14 10:35:00,69.6
2011-09-14 10:40:00,299.03999999999996
2011-09-14 10:42:00,690.6000000000001
2011-09-14 11:21:00,250.13
2011-09-14 11:25:00,171.85000000000002
2011-09-14 11:26:00,378.0
2011-09-14 11:34:00,156.79
2011-09-14 11:35:00,53.550000000000004
2011-09-14 11:36:00,483.49
2011-09-14 11:39:00,345.03000000000003
2011-09-14 11:41:00,614.88
2011-09-14 11:42:00,28.68
2011-09-14 11:50:00,318.24
2011-09-14 11:53:00,471.84000000000003
2011-09-14 11:54:00,79.8
2011-09-14 11:55:00,737.8
2011-09-14 11:58:00,821.6
2011-09-14 12:05:00,411.81
2011-09-14 12:14:00,237.19
2011-09-14 12:25:00,446.25
2011-09-14 12:29:00,88.2
2011-09-14 12:42:00,588.51
2011-09-14 12:50:00,490.95
2011-09-14 12:51:00,466.52
2011-09-14 13:02:00,233.39000000000001
2011-09-14 13:04:00,252.1
2011-09-14 13:12:00,534.09
2011-09-14 13:15:00,303.48
2011-09-14 13:23:00,177.44
2011-09-14 13:31:00,64.26
2011-09-14 13:37:00,78.45
2011-09-14 13:42:00,378.45
2011-09-14 13:54:00,291.68
2011-09-14 14:09:00,163.08
2011-09-14 14:19:00,516.2
2011-09-14 14:26:00,336.31
2011-09-14 14:28:00,382.74
2011-09-14 14:30:00,351.65
2011-09-14 14:34:00,422.04
2011-09-14 15:11:00,250.0
2011-09-14 15:18:00,259.04
2011-09-14 15:33:00,221.17
2011-09-14 15:41:00,422.0
2011-09-14 15:49:00,117.24
2011-09-14 15:54:00,743.28
2011-09-14 16:29:00,358.06
2011-09-14 16:36:00,298.96000000000004
2011-09-15 08:27:00,151.5
2011-09-15 08:55:00,90.6
2011-09-15 09:34:00,679.68
2011-09-15 09:41:00,472.2
2011-09-15 09:43:00,562.54
2011-09-15 09:44:00,272.1
2011-09-15 09:53:00,368.37
2011-09-15 10:02:00,74.56
2011-09-15 10:11:00,494.25
2011-09-15 10:18:00,315.69
2011-09-15 10:29:00,627.16
2011-09-15 10:31:00,1702.94
2011-09-15 10:35:00,2551.04
2011-09-15 10:53:00,3179.84
2011-09-15 11:20:00,202.56
2011-09-15 11:25:00,250.45000000000002
2011-09-15 11:33:00,953.0600000000001
2011-09-15 11:46:00,586.95
2011-09-15 11:47:00,237.08
2011-09-15 11:54:00,325.16
2011-09-15 11:57:00,261.15
2011-09-15 12:02:00,326.4
2011-09-15 12:03:00,734.24
2011-09-15 12:04:00,364.82
2011-09-15 12:16:00,404.09
2011-09-15 12:40:00,500.21
2011-09-15 12:43:00,59.8
2011-09-15 12:46:00,248.07
2011-09-15 12:47:00,72.3
2011-09-15 12:51:00,163.5
2011-09-15 12:53:00,15.0
2011-09-15 12:55:00,1596.24
2011-09-15 12:56:00,1642.18
2011-09-15 13:13:00,136.23
2011-09-15 13:20:00,1009.27
2011-09-15 13:21:00,154.2
2011-09-15 13:27:00,351.47
2011-09-15 13:28:00,354.45
2011-09-15 13:31:00,240.28
2011-09-15 13:43:00,761.5
2011-09-15 13:51:00,655.75
2011-09-15 13:54:00,499.56
2011-09-15 13:57:00,372.16
2011-09-15 14:05:00,990.15
2011-09-15 14:07:00,1224.64
2011-09-15 14:08:00,334.53
2011-09-15 14:22:00,285.48
2011-09-15 14:25:00,160.0
2011-09-15 14:37:00,891.9
2011-09-15 14:50:00,67.98
2011-09-15 14:56:00,52.22
2011-09-15 14:58:00,680.28
2011-09-15 15:05:00,202.9
2011-09-15 15:20:00,2148.2999999999997
2011-09-15 15:21:00,4234.76
2011-09-15 15:26:00,508.8
2011-09-15 15:27:00,5725.0
2011-09-15 15:29:00,236.8
2011-09-15 15:30:00,1465.6
2011-09-15 15:34:00,13249.94
2011-09-15 15:35:00,11221.0
2011-09-15 15:44:00,211.32
2011-09-15 15:48:00,788.38
2011-09-15 16:34:00,678.1800000000001
2011-09-15 16:36:00,250.34
2011-09-15 16:39:00,19.8
2011-09-15 17:00:00,395.55
2011-09-15 17:07:00,110.93
2011-09-15 17:09:00,7.5
2011-09-15 18:05:00,397.17
2011-09-15 18:49:00,189.70000000000002
2011-09-15 19:36:00,176.94
2011-09-16 09:03:00,253.91
2011-09-16 09:13:00,370.98
2011-09-16 09:21:00,329.02
2011-09-16 09:24:00,520.04
2011-09-16 09:27:00,2582.78
2011-09-16 09:54:00,987.72
2011-09-16 09:56:00,683.28
2011-09-16 10:02:00,373.9
2011-09-16 10:39:00,440.5
2011-09-16 10:56:00,1578.88
2011-09-16 11:27:00,318.57
2011-09-16 11:48:00,842.5
2011-09-16 12:17:00,324.0
2011-09-16 12:22:00,287.40000000000003
2011-09-16 12:27:00,639.24
2011-09-16 12:34:00,201.94
2011-09-16 12:38:00,519.89
2011-09-16 12:48:00,1074.82
2011-09-16 12:50:00,595.89
2011-09-16 12:54:00,271.11
2011-09-16 13:03:00,635.19
2011-09-16 13:13:00,410.48
2011-09-16 13:23:00,120.30000000000001
2011-09-16 13:31:00,257.3
2011-09-16 13:32:00,419.58
2011-09-16 13:33:00,371.01
2011-09-16 13:37:00,271.28000000000003
2011-09-16 13:45:00,337.17
2011-09-16 13:53:00,264.31
2011-09-16 14:04:00,1233.01
2011-09-16 14:20:00,282.9
2011-09-16 14:39:00,488.45000000000005
2011-09-16 14:45:00,466.65
2011-09-16 14:47:00,361.43
2011-09-16 14:53:00,108.0
2011-09-16 14:55:00,524.3
2011-09-16 15:07:00,248.64
2011-09-16 15:09:00,549.46
2011-09-16 15:23:00,1188.18
2011-09-16 16:25:00,254.06
2011-09-16 16:29:00,412.01000000000005
2011-09-16 17:05:00,168.05
2011-09-16 17:33:00,663.6
2011-09-16 17:39:00,13.3
2011-09-18 10:19:00,426.95
2011-09-18 10:35:00,154.95
2011-09-18 10:46:00,1708.24
2011-09-18 11:13:00,828.6800000000001
2011-09-18 11:31:00,305.07
2011-09-18 11:51:00,279.84999999999997
2011-09-18 11:58:00,256.08
2011-09-18 12:15:00,757.7
2011-09-18 12:21:00,282.7
2011-09-18 12:24:00,101.24
2011-09-18 12:40:00,579.6
2011-09-18 12:42:00,716.0
2011-09-18 13:29:00,1268.0
2011-09-18 13:31:00,204.4
2011-09-18 13:38:00,115.46000000000001
2011-09-18 13:40:00,105.08
2011-09-18 14:08:00,266.14
2011-09-18 14:27:00,217.93
2011-09-18 14:56:00,652.62
2011-09-18 15:15:00,129.63
2011-09-18 15:21:00,793.73
2011-09-18 15:32:00,3402.13
2011-09-18 15:33:00,388.04
2011-09-18 15:41:00,954.51
2011-09-18 15:55:00,357.42
2011-09-18 16:04:00,387.4
2011-09-19 09:04:00,196.35
2011-09-19 09:10:00,545.78
2011-09-19 09:14:00,484.52
2011-09-19 09:15:00,388.64
2011-09-19 09:20:00,4.859999999999999
2011-09-19 09:27:00,570.0
2011-09-19 09:28:00,45.0
2011-09-19 09:30:00,214.97
2011-09-19 10:09:00,392.40000000000003
2011-09-19 10:10:00,1062.1
2011-09-19 10:13:00,360.23
2011-09-19 10:15:00,258.84
2011-09-19 10:36:00,675.3
2011-09-19 10:42:00,86.9
2011-09-19 10:43:00,765.15
2011-09-19 10:44:00,218.72
2011-09-19 10:51:00,589.6
2011-09-19 11:02:00,387.0
2011-09-19 11:04:00,129.33
2011-09-19 11:33:00,736.54
2011-09-19 11:37:00,329.88
2011-09-19 11:46:00,10267.88
2011-09-19 11:49:00,258.95
2011-09-19 11:54:00,5350.4
2011-09-19 11:55:00,63.79
2011-09-19 11:59:00,47.38
2011-09-19 12:01:00,764.59
2011-09-19 12:06:00,345.0
2011-09-19 12:16:00,313.1
2011-09-19 12:19:00,339.01
2011-09-19 12:27:00,718.21
2011-09-19 12:29:00,1118.1
2011-09-19 12:36:00,542.81
2011-09-19 13:02:00,197.54999999999998
2011-09-19 13:20:00,789.84
2011-09-19 13:27:00,165.32
2011-09-19 13:28:00,402.7
2011-09-19 13:32:00,4366.78
2011-09-19 13:35:00,1148.66
2011-09-19 13:39:00,1519.8
2011-09-19 13:45:00,366.11
2011-09-19 13:47:00,406.02000000000004
2011-09-19 13:48:00,98.30000000000001
2011-09-19 14:23:00,288.36
2011-09-19 14:27:00,367.2
2011-09-19 14:28:00,358.0
2011-09-19 14:38:00,293.54
2011-09-19 14:43:00,951.17
2011-09-19 14:55:00,949.7800000000001
2011-09-19 14:56:00,662.9
2011-09-19 15:00:00,310.95
2011-09-19 15:01:00,751.16
2011-09-19 15:02:00,971.65
2011-09-19 15:04:00,992.0
2011-09-19 15:21:00,75.75
2011-09-19 15:49:00,92.28
2011-09-19 15:53:00,1004.4000000000001
2011-09-19 16:15:00,179.0
2011-09-19 16:21:00,228.06
2011-09-19 16:49:00,79.6
2011-09-20 08:23:00,376.19
2011-09-20 09:06:00,181.6
2011-09-20 09:13:00,301.56
2011-09-20 09:24:00,267.03000000000003
2011-09-20 09:31:00,327.67
2011-09-20 09:40:00,2020.52
2011-09-20 09:45:00,519.53
2011-09-20 09:54:00,1004.4000000000001
2011-09-20 09:55:00,957.9
2011-09-20 10:01:00,948.47
2011-09-20 10:02:00,761.44
2011-09-20 10:06:00,377.66
2011-09-20 10:12:00,22104.8
2011-09-20 10:18:00,242.35
2011-09-20 10:21:00,301.15
2011-09-20 10:23:00,4418.0
2011-09-20 10:27:00,5639.52
2011-09-20 10:38:00,3531.96
2011-09-20 10:47:00,105.9
2011-09-20 11:05:00,31698.16
2011-09-20 11:16:00,488.99
2011-09-20 11:32:00,1004.4000000000001
2011-09-20 11:33:00,242.1
2011-09-20 11:35:00,849.9200000000001
2011-09-20 11:39:00,520.74
2011-09-20 12:05:00,1468.8
2011-09-20 12:12:00,491.18
2011-09-20 12:14:00,552.6
2011-09-20 12:16:00,703.0
2011-09-20 12:18:00,1273.77
2011-09-20 12:21:00,5035.72
2011-09-20 12:30:00,168.31
2011-09-20 12:35:00,371.52
2011-09-20 12:39:00,384.14
2011-09-20 12:47:00,270.54
2011-09-20 12:50:00,458.79
2011-09-20 12:53:00,1061.11
2011-09-20 13:11:00,242.16
2011-09-20 13:19:00,630.26
2011-09-20 13:20:00,702.75
2011-09-20 13:21:00,279.8
2011-09-20 13:38:00,3200.0
2011-09-20 13:41:00,49.1
2011-09-20 13:42:00,603.0
2011-09-20 13:45:00,324.14
2011-09-20 13:52:00,1028.95
2011-09-20 13:53:00,75.12
2011-09-20 14:00:00,119.12
2011-09-20 14:08:00,123.65
2011-09-20 14:33:00,768.24
2011-09-20 14:34:00,366.25
2011-09-20 14:37:00,316.70000000000005
2011-09-20 14:50:00,241.20000000000002
2011-09-20 14:51:00,752.4200000000001
2011-09-20 14:52:00,196.02
2011-09-20 14:57:00,228.95999999999998
2011-09-20 15:03:00,138.48000000000002
2011-09-20 15:05:00,305.5
2011-09-20 15:10:00,222.88
2011-09-20 15:29:00,351.9
2011-09-20 15:31:00,198.44
2011-09-20 15:49:00,209.16000000000003
2011-09-20 16:41:00,272.04
2011-09-21 08:27:00,223.08
2011-09-21 08:55:00,378.95
2011-09-21 08:56:00,109.56
2011-09-21 09:06:00,3850.9000000000005
2011-09-21 09:18:00,356.2
2011-09-21 09:22:00,132.55
2011-09-21 09:33:00,549.84
2011-09-21 09:37:00,53.120000000000005
2011-09-21 09:45:00,652.85
2011-09-21 09:54:00,353.58000000000004
2011-09-21 10:16:00,315.09999999999997
2011-09-21 10:27:00,313.3
2011-09-21 10:39:00,300.12
2011-09-21 10:40:00,540.8
2011-09-21 10:47:00,460.63
2011-09-21 10:48:00,420.39
2011-09-21 11:10:00,569.34
2011-09-21 11:30:00,4463.08
2011-09-21 11:40:00,97.83
2011-09-21 11:48:00,745.84
2011-09-21 11:49:00,907.94
2011-09-21 11:55:00,256.74
2011-09-21 12:14:00,683.58
2011-09-21 12:23:00,381.22
2011-09-21 12:25:00,324.74
2011-09-21 12:26:00,342.9
2011-09-21 12:28:00,189.4
2011-09-21 12:46:00,295.18
2011-09-21 12:50:00,507.84
2011-09-21 12:55:00,307.18
2011-09-21 12:56:00,597.45
2011-09-21 13:01:00,738.58
2011-09-21 13:24:00,183.58
2011-09-21 13:33:00,722.17
2011-09-21 13:34:00,346.32
2011-09-21 13:35:00,699.72
2011-09-21 13:41:00,686.48
2011-09-21 13:48:00,672.4000000000001
2011-09-21 13:57:00,498.62
2011-09-21 13:58:00,73.6
2011-09-21 14:07:00,1067.28
2011-09-21 14:08:00,75.67999999999999
2011-09-21 14:15:00,4.95
2011-09-21 14:17:00,37.95
2011-09-21 14:35:00,964.83
2011-09-21 14:38:00,322.8
2011-09-21 14:40:00,4936.65
2011-09-21 14:43:00,124.38
2011-09-21 14:50:00,203.5
2011-09-21 14:55:00,194.37
2011-09-21 15:02:00,276.37
2011-09-21 15:06:00,256.6
2011-09-21 15:12:00,659.23
2011-09-21 15:15:00,644.49
2011-09-21 15:23:00,588.41
2011-09-21 15:32:00,1862.0
2011-09-21 15:39:00,294.61
2011-09-21 15:54:00,798.86
2011-09-21 15:57:00,305.17
2011-09-21 16:15:00,106.39
2011-09-21 16:31:00,269.15999999999997
2011-09-21 16:43:00,58.599999999999994
2011-09-21 17:05:00,117.11999999999999
2011-09-22 08:41:00,416.14
2011-09-22 09:15:00,126.66000000000001
2011-09-22 09:16:00,460.41
2011-09-22 09:33:00,478.88
2011-09-22 09:36:00,317.76
2011-09-22 09:38:00,30.79
2011-09-22 09:52:00,480.04
2011-09-22 09:53:00,461.79
2011-09-22 10:03:00,159.0
2011-09-22 10:04:00,48.480000000000004
2011-09-22 10:26:00,491.56
2011-09-22 10:37:00,434.1
2011-09-22 10:38:00,4860.64
2011-09-22 10:47:00,943.75
2011-09-22 10:48:00,389.76
2011-09-22 10:52:00,398.24
2011-09-22 11:17:00,235.04000000000002
2011-09-22 11:28:00,1074.0
2011-09-22 11:40:00,1633.64
2011-09-22 11:41:00,820.78
2011-09-22 11:44:00,904.62
2011-09-22 11:46:00,304.96
2011-09-22 11:49:00,306.26
2011-09-22 12:00:00,886.63
2011-09-22 12:01:00,131.76
2011-09-22 12:02:00,310.24
2011-09-22 12:06:00,406.35
2011-09-22 12:11:00,3877.56
2011-09-22 12:13:00,227.0
2011-09-22 12:15:00,505.88
2011-09-22 12:22:00,452.84
2011-09-22 12:23:00,219.93
2011-09-22 12:24:00,12.4
2011-09-22 12:29:00,709.57
2011-09-22 12:34:00,248.7
2011-09-22 12:41:00,823.2
2011-09-22 12:42:00,566.23
2011-09-22 12:45:00,426.43
2011-09-22 12:54:00,507.04
2011-09-22 12:55:00,563.28
2011-09-22 13:00:00,37.5
2011-09-22 13:05:00,101.14
2011-09-22 13:13:00,302.8
2011-09-22 13:15:00,202.35
2011-09-22 13:18:00,538.6899999999999
2011-09-22 13:20:00,358.02
2011-09-22 13:21:00,4117.4
2011-09-22 13:31:00,1632.62
2011-09-22 13:37:00,473.96000000000004
2011-09-22 13:38:00,92.8
2011-09-22 13:44:00,56.3
2011-09-22 13:50:00,112.25
2011-09-22 13:51:00,798.46
2011-09-22 13:53:00,295.96000000000004
2011-09-22 14:10:00,432.2
2011-09-22 14:11:00,828.39
2011-09-22 14:13:00,724.9399999999999
2011-09-22 14:18:00,395.12
2011-09-22 14:25:00,795.75
2011-09-22 14:26:00,73.8
2011-09-22 14:29:00,275.4
2011-09-22 14:42:00,290.52
2011-09-22 14:53:00,534.28
2011-09-22 14:56:00,634.85
2011-09-22 14:59:00,524.26
2011-09-22 15:03:00,1936.5900000000001
2011-09-22 15:18:00,194.24
2011-09-22 15:28:00,235.07
2011-09-22 15:34:00,118.80000000000001
2011-09-22 15:39:00,340.74
2011-09-22 15:40:00,1295.43
2011-09-22 15:51:00,417.70000000000005
2011-09-22 15:54:00,531.64
2011-09-22 15:57:00,40.68
2011-09-22 16:07:00,79.8
2011-09-22 16:20:00,302.74
2011-09-22 16:26:00,809.82
2011-09-22 16:27:00,10.5
2011-09-22 16:34:00,326.12
2011-09-22 16:37:00,731.54
2011-09-22 16:46:00,492.88
2011-09-22 16:48:00,411.76
2011-09-22 16:53:00,178.53
2011-09-22 16:58:00,222.6
2011-09-22 17:00:00,458.2
2011-09-22 17:07:00,353.2
2011-09-22 17:08:00,176.20000000000002
2011-09-22 17:14:00,158.85
2011-09-22 17:15:00,440.42
2011-09-22 17:19:00,1364.61
2011-09-22 17:24:00,137.75
2011-09-22 17:25:00,223.26
2011-09-22 17:31:00,1403.21
2011-09-22 17:56:00,109.19999999999999
2011-09-22 18:07:00,551.05
2011-09-22 18:10:00,1013.92
2011-09-22 18:14:00,245.55
2011-09-22 18:15:00,301.71999999999997
2011-09-22 18:24:00,122.75
2011-09-22 19:03:00,142.27
2011-09-22 19:33:00,216.09
2011-09-22 19:54:00,357.45
2011-09-23 08:25:00,17.34
2011-09-23 08:30:00,340.21
2011-09-23 09:00:00,616.4599999999999
2011-09-23 09:13:00,728.86
2011-09-23 09:14:00,307.3
2011-09-23 09:19:00,3187.12
2011-09-23 09:26:00,161.95000000000002
2011-09-23 09:39:00,153.9
2011-09-23 09:44:00,760.2
2011-09-23 09:52:00,34.8
2011-09-23 10:02:00,134.17
2011-09-23 10:04:00,417.5
2011-09-23 10:14:00,371.36
2011-09-23 10:17:00,361.07
2011-09-23 10:25:00,584.3199999999999
2011-09-23 10:26:00,259.17
2011-09-23 10:31:00,306.53000000000003
2011-09-23 10:44:00,245.64
2011-09-23 11:22:00,157.14
2011-09-23 11:25:00,132.48000000000002
2011-09-23 11:35:00,277.48
2011-09-23 11:39:00,511.82
2011-09-23 12:09:00,790.5400000000001
2011-09-23 12:10:00,522.49
2011-09-23 12:16:00,193.64
2011-09-23 12:27:00,773.03
2011-09-23 12:36:00,1261.09
2011-09-23 12:38:00,575.13
2011-09-23 12:40:00,457.14
2011-09-23 12:50:00,344.33
2011-09-23 12:55:00,842.62
2011-09-23 12:58:00,2017.25
2011-09-23 13:11:00,727.22
2011-09-23 13:12:00,189.7
2011-09-23 13:18:00,505.18
2011-09-23 13:24:00,391.68
2011-09-23 13:42:00,342.92
2011-09-23 13:44:00,1824.79
2011-09-23 13:48:00,202.9
2011-09-23 14:05:00,795.12
2011-09-23 14:17:00,717.36
2011-09-23 14:21:00,114.18
2011-09-23 14:38:00,1619.14
2011-09-23 14:39:00,449.5
2011-09-23 14:43:00,635.6
2011-09-23 14:49:00,2241.81
2011-09-23 15:17:00,315.31
2011-09-23 15:18:00,118.9
2011-09-23 15:20:00,454.11
2011-09-23 15:21:00,1098.78
2011-09-23 15:45:00,524.9
2011-09-23 15:50:00,363.65
2011-09-23 16:05:00,215.33999999999997
2011-09-23 16:22:00,61.58
2011-09-25 10:30:00,438.32
2011-09-25 10:34:00,553.39
2011-09-25 10:46:00,192.39
2011-09-25 10:48:00,283.86
2011-09-25 11:21:00,182.44
2011-09-25 11:22:00,221.07
2011-09-25 11:28:00,305.77
2011-09-25 11:29:00,281.12
2011-09-25 11:30:00,825.9200000000001
2011-09-25 11:33:00,587.46
2011-09-25 11:34:00,347.85
2011-09-25 11:36:00,324.0
2011-09-25 11:38:00,1247.53
2011-09-25 11:39:00,430.64
2011-09-25 11:40:00,769.29
2011-09-25 12:02:00,487.2
2011-09-25 12:06:00,202.64
2011-09-25 12:15:00,280.76
2011-09-25 12:16:00,506.39000000000004
2011-09-25 12:22:00,1456.11
2011-09-25 12:25:00,272.21999999999997
2011-09-25 12:31:00,96.01
2011-09-25 12:32:00,863.2
2011-09-25 12:34:00,442.03000000000003
2011-09-25 12:39:00,513.77
2011-09-25 12:42:00,789.77
2011-09-25 12:45:00,535.77
2011-09-25 12:46:00,402.9
2011-09-25 12:54:00,306.78000000000003
2011-09-25 13:08:00,256.64
2011-09-25 13:10:00,130.05
2011-09-25 13:13:00,310.0
2011-09-25 13:16:00,886.49
2011-09-25 13:23:00,134.15
2011-09-25 13:24:00,102.42
2011-09-25 13:25:00,222.60000000000002
2011-09-25 13:30:00,455.17
2011-09-25 13:32:00,105.06
2011-09-25 13:39:00,372.24
2011-09-25 13:42:00,572.4
2011-09-25 13:47:00,323.75
2011-09-25 14:08:00,339.13
2011-09-25 14:32:00,974.14
2011-09-25 14:33:00,484.11
2011-09-25 14:36:00,459.2
2011-09-25 14:37:00,3547.2200000000003
2011-09-25 14:38:00,191.56
2011-09-25 14:41:00,40.0
2011-09-25 14:44:00,322.94
2011-09-25 14:52:00,950.16
2011-09-25 14:53:00,266.55
2011-09-25 14:58:00,706.431
2011-09-25 15:01:00,496.97
2011-09-25 15:15:00,884.9
2011-09-25 15:25:00,349.7
2011-09-25 15:30:00,318.0
2011-09-25 15:32:00,193.39000000000001
2011-09-25 15:34:00,760.97
2011-09-25 15:35:00,339.02
2011-09-25 15:43:00,234.60000000000002
2011-09-25 15:56:00,398.22
2011-09-25 15:59:00,330.6
2011-09-25 16:05:00,254.28
2011-09-25 16:06:00,305.12
2011-09-26 07:35:00,535.5
2011-09-26 08:38:00,544.08
2011-09-26 09:28:00,163.02
2011-09-26 09:52:00,322.26
2011-09-26 09:59:00,116.12
2011-09-26 10:03:00,393.92
2011-09-26 10:05:00,418.22
2011-09-26 10:06:00,185.85
2011-09-26 10:16:00,336.14
2011-09-26 10:22:00,123.97
2011-09-26 10:35:00,399.15
2011-09-26 10:39:00,199.87
2011-09-26 10:57:00,182.99
2011-09-26 11:02:00,524.61
2011-09-26 11:04:00,164.58
2011-09-26 11:05:00,368.31
2011-09-26 11:19:00,350.59
2011-09-26 11:38:00,223.92
2011-09-26 11:39:00,183.62
2011-09-26 11:49:00,217.76999999999998
2011-09-26 12:00:00,348.99
2011-09-26 12:02:00,225.76
2011-09-26 12:10:00,780.56
2011-09-26 12:11:00,261.65
2011-09-26 12:12:00,93.87
2011-09-26 12:23:00,443.79
2011-09-26 12:45:00,334.3
2011-09-26 12:48:00,737.9200000000001
2011-09-26 12:53:00,177.89
2011-09-26 12:54:00,184.78
2011-09-26 12:56:00,277.8
2011-09-26 12:58:00,488.98
2011-09-26 13:17:00,57.480000000000004
2011-09-26 13:21:00,265.14
2011-09-26 13:25:00,606.39
2011-09-26 13:35:00,4341.84
2011-09-26 13:36:00,1033.34
2011-09-26 13:41:00,104.35
2011-09-26 13:45:00,304.36
2011-09-26 13:48:00,152.76
2011-09-26 13:57:00,1064.34
2011-09-26 14:00:00,307.69
2011-09-26 14:02:00,487.74
2011-09-26 14:06:00,624.55
2011-09-26 14:12:00,316.68
2011-09-26 14:13:00,74.9
2011-09-26 14:25:00,115.74
2011-09-26 14:30:00,461.40000000000003
2011-09-26 14:48:00,308.69
2011-09-26 14:54:00,145.67
2011-09-26 15:10:00,149.34
2011-09-26 15:13:00,418.82000000000005
2011-09-26 15:23:00,204.9
2011-09-26 15:28:00,3671.44
2011-09-26 15:35:00,704.04
2011-09-26 15:43:00,245.82999999999998
2011-09-26 15:47:00,164.3
2011-09-26 15:51:00,600.99
2011-09-26 16:13:00,133.59
2011-09-26 16:15:00,249.7
2011-09-26 16:59:00,31.6
2011-09-26 17:01:00,15.001
2011-09-26 17:20:00,1592.12
2011-09-27 08:57:00,588.88
2011-09-27 09:05:00,182.3
2011-09-27 09:18:00,42.5
2011-09-27 09:24:00,329.94
2011-09-27 09:33:00,150.06
2011-09-27 09:39:00,152.20000000000002
2011-09-27 10:04:00,422.32
2011-09-27 10:06:00,164.28000000000003
2011-09-27 10:08:00,438.55
2011-09-27 10:09:00,1101.2
2011-09-27 10:12:00,211.62
2011-09-27 10:20:00,499.62
2011-09-27 10:24:00,372.90000000000003
2011-09-27 10:26:00,378.27
2011-09-27 10:27:00,547.52
2011-09-27 10:34:00,180.95
2011-09-27 10:41:00,111.07
2011-09-27 11:01:00,248.17000000000002
2011-09-27 11:05:00,142.38
2011-09-27 11:06:00,29.700000000000003
2011-09-27 11:10:00,776.3000000000001
2011-09-27 11:24:00,573.4
2011-09-27 11:27:00,233.65
2011-09-27 11:34:00,261.55
2011-09-27 11:35:00,90.0
2011-09-27 11:38:00,204.15
2011-09-27 11:49:00,512.31
2011-09-27 11:50:00,417.2
2011-09-27 11:52:00,396.2
2011-09-27 11:53:00,566.56
2011-09-27 11:58:00,543.44
2011-09-27 12:03:00,254.4
2011-09-27 12:08:00,405.07
2011-09-27 12:17:00,626.52
2011-09-27 12:26:00,2307.86
2011-09-27 12:28:00,1032.4
2011-09-27 12:36:00,815.13
2011-09-27 12:44:00,205.2
2011-09-27 12:52:00,383.27
2011-09-27 12:53:00,189.2
2011-09-27 12:57:00,314.36
2011-09-27 13:04:00,614.64
2011-09-27 13:21:00,765.0
2011-09-27 13:32:00,869.87
2011-09-27 13:38:00,305.54
2011-09-27 13:42:00,362.8
2011-09-27 13:49:00,617.95
2011-09-27 13:56:00,1031.28
2011-09-27 14:00:00,66.66
2011-09-27 14:01:00,291.24
2011-09-27 14:04:00,1001.4
2011-09-27 14:07:00,2021.0
2011-09-27 14:08:00,334.02000000000004
2011-09-27 14:31:00,93.07000000000001
2011-09-27 14:37:00,228.31
2011-09-27 14:52:00,144.35
2011-09-27 14:58:00,213.51
2011-09-27 15:16:00,313.6
2011-09-27 15:17:00,1066.94
2011-09-27 15:31:00,290.5
2011-09-27 15:34:00,134.16
2011-09-27 15:35:00,237.93
2011-09-27 16:28:00,366.1
2011-09-27 17:03:00,226.5
2011-09-27 17:47:00,213.35
2011-09-28 08:48:00,462.45
2011-09-28 09:02:00,585.0
2011-09-28 09:15:00,308.4
2011-09-28 09:40:00,815.04
2011-09-28 09:41:00,273.1
2011-09-28 09:43:00,445.69
2011-09-28 10:09:00,138.03
2011-09-28 10:14:00,110.12
2011-09-28 10:15:00,309.48
2011-09-28 10:18:00,144.2
2011-09-28 10:27:00,489.70000000000005
2011-09-28 10:29:00,308.56
2011-09-28 10:39:00,352.62
2011-09-28 10:42:00,441.8
2011-09-28 10:54:00,1261.81
2011-09-28 10:56:00,315.94
2011-09-28 11:11:00,20.16
2011-09-28 11:26:00,367.16
2011-09-28 11:38:00,644.75
2011-09-28 11:48:00,168.32
2011-09-28 11:49:00,415.5
2011-09-28 11:56:00,1810.51
2011-09-28 12:04:00,829.99
2011-09-28 12:15:00,307.32
2011-09-28 12:16:00,522.48
2011-09-28 12:20:00,1590.3200000000002
2011-09-28 12:21:00,141.62
2011-09-28 12:22:00,249.76999999999998
2011-09-28 12:25:00,312.92
2011-09-28 12:28:00,474.41
2011-09-28 12:33:00,282.69
2011-09-28 12:34:00,311.37
2011-09-28 12:36:00,190.59
2011-09-28 12:46:00,373.02000000000004
2011-09-28 12:52:00,282.09000000000003
2011-09-28 12:54:00,115.2
2011-09-28 13:00:00,617.25
2011-09-28 13:04:00,338.06
2011-09-28 13:07:00,394.14
2011-09-28 13:13:00,1873.6200000000001
2011-09-28 13:17:00,158.04
2011-09-28 13:23:00,1773.65
2011-09-28 13:30:00,367.37
2011-09-28 13:32:00,741.9
2011-09-28 13:43:00,1225.49
2011-09-28 14:10:00,312.96
2011-09-28 14:21:00,308.76
2011-09-28 14:26:00,436.34
2011-09-28 14:38:00,157.66
2011-09-28 14:43:00,466.12
2011-09-28 14:48:00,214.92000000000002
2011-09-28 14:55:00,75.0
2011-09-28 14:56:00,638.66
2011-09-28 14:57:00,2592.83
2011-09-28 14:58:00,266.25
2011-09-28 15:02:00,139.08
2011-09-28 15:07:00,679.03
2011-09-28 15:18:00,219.03
2011-09-28 15:21:00,1310.22
2011-09-28 15:24:00,308.32
2011-09-28 15:31:00,310.79999999999995
2011-09-28 15:32:00,329.75
2011-09-28 15:33:00,50.400000000000006
2011-09-28 15:41:00,521.5
2011-09-28 15:42:00,530.13
2011-09-28 15:48:00,112.32
2011-09-28 15:50:00,713.05
2011-09-28 16:04:00,248.61
2011-09-28 16:07:00,171.06
2011-09-28 16:17:00,2839.6
2011-09-28 16:35:00,183.53
2011-09-28 16:38:00,311.99
2011-09-28 16:42:00,513.2
2011-09-28 16:45:00,379.14
2011-09-29 08:27:00,1046.68
2011-09-29 08:28:00,2505.84
2011-09-29 08:53:00,1018.22
2011-09-29 09:03:00,542.16
2011-09-29 09:15:00,141.6
2011-09-29 09:16:00,414.04
2011-09-29 09:19:00,305.3
2011-09-29 09:23:00,123.06
2011-09-29 09:37:00,70.8
2011-09-29 09:44:00,424.8
2011-09-29 09:51:00,518.42
2011-09-29 09:53:00,957.97
2011-09-29 09:55:00,271.88
2011-09-29 10:10:00,372.48
2011-09-29 10:19:00,159.79
2011-09-29 10:22:00,2377.0
2011-09-29 10:23:00,576.65
2011-09-29 10:45:00,337.70000000000005
2011-09-29 10:46:00,303.68
2011-09-29 10:49:00,421.90000000000003
2011-09-29 10:50:00,365.52
2011-09-29 10:52:00,236.39999999999998
2011-09-29 10:55:00,234.0
2011-09-29 11:29:00,100.8
2011-09-29 11:31:00,224.14
2011-09-29 11:33:00,355.89
2011-09-29 11:35:00,403.26
2011-09-29 11:39:00,500.46
2011-09-29 12:00:00,872.23
2011-09-29 12:01:00,53.2
2011-09-29 12:11:00,296.46000000000004
2011-09-29 12:12:00,383.12
2011-09-29 12:15:00,334.5
2011-09-29 12:16:00,191.11
2011-09-29 12:23:00,160.7
2011-09-29 12:24:00,325.5
2011-09-29 12:31:00,2163.95
2011-09-29 12:34:00,411.55
2011-09-29 12:39:00,507.16
2011-09-29 12:43:00,376.64
2011-09-29 13:03:00,99.6
2011-09-29 13:04:00,779.36
2011-09-29 13:11:00,336.82
2011-09-29 13:13:00,334.94
2011-09-29 13:17:00,987.09
2011-09-29 13:21:00,472.04
2011-09-29 13:22:00,1248.78
2011-09-29 13:23:00,216.85
2011-09-29 13:29:00,423.59000000000003
2011-09-29 13:30:00,70.8
2011-09-29 13:31:00,60.0
2011-09-29 13:35:00,525.79
2011-09-29 13:38:00,1811.2
2011-09-29 13:39:00,451.44
2011-09-29 13:45:00,357.72
2011-09-29 13:56:00,195.04
2011-09-29 14:08:00,166.08
2011-09-29 14:11:00,477.14
2011-09-29 14:12:00,25.200000000000003
2011-09-29 14:38:00,398.21
2011-09-29 14:40:00,146.22
2011-09-29 14:46:00,321.93
2011-09-29 14:50:00,750.74
2011-09-29 14:52:00,338.5
2011-09-29 15:04:00,319.87
2011-09-29 15:25:00,505.48
2011-09-29 15:26:00,418.7
2011-09-29 15:29:00,810.51
2011-09-29 15:31:00,219.02
2011-09-29 15:32:00,502.44
2011-09-29 15:40:00,560.4100000000001
2011-09-29 15:52:00,45.0
2011-09-29 15:57:00,306.61
2011-09-29 15:58:00,824.83
2011-09-29 16:38:00,238.25
2011-09-29 16:41:00,311.3
2011-09-29 16:42:00,316.46
2011-09-29 16:44:00,616.48
2011-09-29 16:48:00,278.65
2011-09-29 16:51:00,173.82
2011-09-29 16:52:00,361.76
2011-09-29 16:53:00,891.5500000000001
2011-09-29 17:16:00,447.3
2011-09-29 17:27:00,210.18
2011-09-29 17:33:00,181.25
2011-09-29 17:34:00,237.04000000000002
2011-09-29 17:36:00,1045.48
2011-09-29 17:52:00,283.55
2011-09-29 17:53:00,30.750000000000004
2011-09-29 18:13:00,134.96
2011-09-29 18:18:00,115.72
2011-09-29 18:30:00,667.65
2011-09-29 18:51:00,615.39
2011-09-29 18:53:00,376.02
2011-09-29 19:30:00,243.2
2011-09-30 07:36:00,5867.08
2011-09-30 08:14:00,400.61
2011-09-30 08:18:00,194.18
2011-09-30 08:19:00,303.0
2011-09-30 09:05:00,300.02
2011-09-30 09:20:00,559.68
2011-09-30 09:22:00,281.94
2011-09-30 09:25:00,151.68
2011-09-30 09:38:00,402.24
2011-09-30 09:39:00,1238.54
2011-09-30 09:40:00,350.3
2011-09-30 09:45:00,333.96
2011-09-30 10:04:00,257.98
2011-09-30 10:08:00,356.75
2011-09-30 10:18:00,1290.7
2011-09-30 10:19:00,712.0600000000001
2011-09-30 10:20:00,272.15999999999997
2011-09-30 10:25:00,320.0
2011-09-30 10:27:00,2800.0
2011-09-30 10:40:00,6.0
2011-09-30 10:44:00,406.7
2011-09-30 10:45:00,499.49
2011-09-30 10:48:00,1285.98
2011-09-30 10:52:00,227.41
2011-09-30 11:18:00,38.08
2011-09-30 11:41:00,234.73000000000002
2011-09-30 11:45:00,185.77
2011-09-30 11:46:00,199.8
2011-09-30 11:54:00,44.349999999999994
2011-09-30 11:55:00,313.8
2011-09-30 11:56:00,2496.0
2011-09-30 11:57:00,1272.0
2011-09-30 11:58:00,720.0
2011-09-30 12:03:00,650.53
2011-09-30 12:06:00,1192.5
2011-09-30 12:12:00,3.25
2011-09-30 12:19:00,381.87
2011-09-30 12:24:00,358.0
2011-09-30 12:30:00,653.1800000000001
2011-09-30 12:35:00,454.33
2011-09-30 12:36:00,97.35
2011-09-30 12:40:00,669.6
2011-09-30 12:44:00,1025.78
2011-09-30 12:45:00,25.200000000000003
2011-09-30 12:58:00,327.23
2011-09-30 13:06:00,430.17
2011-09-30 13:09:00,1132.55
2011-09-30 13:15:00,361.21
2011-09-30 13:21:00,142.7
2011-09-30 13:28:00,341.36
2011-09-30 13:31:00,1568.4
2011-09-30 13:40:00,624.03
2011-09-30 13:46:00,116.3
2011-09-30 13:54:00,253.78
2011-09-30 14:06:00,310.62
2011-09-30 14:07:00,609.05
2011-09-30 14:41:00,441.93
2011-09-30 14:55:00,443.05
2011-09-30 14:59:00,687.38
2011-09-30 15:02:00,441.61
2011-09-30 15:03:00,25.200000000000003
2011-09-30 15:04:00,357.71
2011-09-30 15:14:00,139.45
2011-09-30 15:17:00,8.28
2011-09-30 15:33:00,808.26
2011-09-30 15:52:00,618.59
2011-10-02 10:32:00,262.6
2011-10-02 10:43:00,213.5
2011-10-02 10:55:00,649.61
2011-10-02 10:58:00,173.04000000000002
2011-10-02 11:04:00,159.97
2011-10-02 11:10:00,324.45
2011-10-02 11:30:00,189.9
2011-10-02 11:41:00,327.62
2011-10-02 12:04:00,270.8
2011-10-02 12:05:00,461.35
2011-10-02 12:11:00,142.51
2011-10-02 12:22:00,326.8
2011-10-02 12:30:00,205.28
2011-10-02 12:41:00,261.12
2011-10-02 12:45:00,132.25
2011-10-02 12:47:00,249.44
2011-10-02 13:01:00,192.7
2011-10-02 13:26:00,750.04
2011-10-02 13:44:00,472.31
2011-10-02 13:46:00,590.49
2011-10-02 13:49:00,743.79
2011-10-02 14:00:00,245.09
2011-10-02 14:25:00,193.65
2011-10-02 14:31:00,11.8
2011-10-02 14:37:00,973.95
2011-10-02 14:47:00,462.09000000000003
2011-10-02 14:56:00,464.64
2011-10-02 15:07:00,364.22
2011-10-02 15:18:00,299.53
2011-10-02 15:26:00,366.78
2011-10-02 15:33:00,536.62
2011-10-02 15:35:00,5.76
2011-10-02 15:49:00,306.73
2011-10-02 15:52:00,149.55
2011-10-03 08:30:00,643.26
2011-10-03 09:30:00,1188.36
2011-10-03 09:34:00,430.85
2011-10-03 09:44:00,533.46
2011-10-03 09:45:00,322.08
2011-10-03 09:57:00,2900.99
2011-10-03 10:08:00,1574.52
2011-10-03 10:09:00,603.4
2011-10-03 10:15:00,351.17
2011-10-03 10:18:00,480.2
2011-10-03 10:38:00,415.2
2011-10-03 10:55:00,1071.03
2011-10-03 11:00:00,163.56
2011-10-03 11:01:00,5164.66
2011-10-03 11:24:00,2350.98
2011-10-03 11:26:00,264.9
2011-10-03 11:34:00,615.91
2011-10-03 11:36:00,551.58
2011-10-03 11:37:00,4849.1
2011-10-03 12:04:00,319.4
2011-10-03 12:17:00,728.5
2011-10-03 12:31:00,464.64
2011-10-03 12:32:00,395.93
2011-10-03 12:41:00,119.32
2011-10-03 12:47:00,1105.6200000000001
2011-10-03 12:48:00,157.68
2011-10-03 13:03:00,441.82000000000005
2011-10-03 13:31:00,607.33
2011-10-03 13:39:00,957.33
2011-10-03 13:46:00,344.0
2011-10-03 13:49:00,415.42
2011-10-03 13:53:00,1909.36
2011-10-03 14:05:00,864.19
2011-10-03 14:09:00,2034.0
2011-10-03 14:18:00,1169.26
2011-10-03 14:19:00,642.0
2011-10-03 14:20:00,1441.2
2011-10-03 14:34:00,7298.76
2011-10-03 14:52:00,426.63
2011-10-03 14:53:00,517.53
2011-10-03 14:55:00,14.85
2011-10-03 14:59:00,688.8000000000001
2011-10-03 15:06:00,1023.96
2011-10-03 15:08:00,1315.3799999999999
2011-10-03 15:10:00,242.12
2011-10-03 15:24:00,1094.71
2011-10-03 15:26:00,647.52
2011-10-03 15:28:00,769.11
2011-10-03 15:29:00,260.1
2011-10-03 15:32:00,541.03
2011-10-03 15:52:00,238.28
2011-10-03 16:12:00,162.64
2011-10-03 16:44:00,3155.95
2011-10-03 16:46:00,1395.09
2011-10-03 16:47:00,207.6
2011-10-03 16:48:00,1659.6
2011-10-03 16:50:00,1416.0
2011-10-03 16:51:00,305.0
2011-10-03 17:48:00,170.2
2011-10-04 08:26:00,675.38
2011-10-04 08:27:00,359.03999999999996
2011-10-04 08:29:00,520.32
2011-10-04 08:30:00,231.0
2011-10-04 08:56:00,949.3000000000001
2011-10-04 09:00:00,194.20000000000002
2011-10-04 09:02:00,678.11
2011-10-04 09:03:00,180.0
2011-10-04 09:05:00,344.92
2011-10-04 09:09:00,1983.46
2011-10-04 09:12:00,1410.26
2011-10-04 09:26:00,1897.1599999999999
2011-10-04 09:38:00,304.62
2011-10-04 09:49:00,566.4
2011-10-04 09:51:00,474.62
2011-10-04 10:15:00,324.8
2011-10-04 10:29:00,593.79
2011-10-04 10:30:00,284.15999999999997
2011-10-04 10:31:00,520.54
2011-10-04 10:33:00,432.0
2011-10-04 10:42:00,489.42
2011-10-04 10:49:00,414.57
2011-10-04 11:29:00,117.94
2011-10-04 11:33:00,1675.8500000000001
2011-10-04 11:36:00,945.47
2011-10-04 11:44:00,610.42
2011-10-04 11:56:00,666.21
2011-10-04 12:22:00,1000.75
2011-10-04 12:25:00,306.88
2011-10-04 12:38:00,802.28
2011-10-04 12:39:00,198.74
2011-10-04 12:41:00,971.46
2011-10-04 12:42:00,23.8
2011-10-04 12:43:00,1343.74
2011-10-04 12:45:00,390.26
2011-10-04 12:46:00,45.0
2011-10-04 12:51:00,316.17
2011-10-04 12:55:00,373.94
2011-10-04 13:10:00,433.01
2011-10-04 13:13:00,196.35
2011-10-04 13:25:00,527.03
2011-10-04 13:30:00,3733.0
2011-10-04 13:35:00,959.7
2011-10-04 13:42:00,449.12
2011-10-04 13:45:00,346.68
2011-10-04 13:55:00,440.20000000000005
2011-10-04 13:56:00,1162.68
2011-10-04 13:58:00,254.48
2011-10-04 14:28:00,127.85000000000001
2011-10-04 14:31:00,120.95
2011-10-04 14:32:00,304.5
2011-10-04 14:33:00,534.1
2011-10-04 14:41:00,676.3
2011-10-04 14:42:00,665.72
2011-10-04 14:53:00,939.22
2011-10-04 14:55:00,15.7
2011-10-04 14:58:00,111.68
2011-10-04 15:02:00,163.1
2011-10-04 15:19:00,425.52
2011-10-04 15:21:00,312.53000000000003
2011-10-04 15:41:00,444.71
2011-10-04 15:44:00,476.52
2011-10-04 15:45:00,97.7
2011-10-04 15:55:00,301.87
2011-10-04 15:58:00,557.76
2011-10-04 16:39:00,128.63
2011-10-04 17:32:00,8.5
2011-10-05 08:17:00,1943.13
2011-10-05 08:50:00,1105.16
2011-10-05 08:52:00,33.0
2011-10-05 08:53:00,622.84
2011-10-05 09:31:00,171.59999999999997
2011-10-05 09:42:00,440.49
2011-10-05 09:43:00,485.78
2011-10-05 09:46:00,1307.76
2011-10-05 09:47:00,369.41
2011-10-05 09:52:00,314.5
2011-10-05 09:55:00,609.78
2011-10-05 09:56:00,105.30000000000001
2011-10-05 09:57:00,1476.19
2011-10-05 09:59:00,233.5
2011-10-05 10:06:00,13760.02
2011-10-05 10:09:00,2487.4
2011-10-05 10:10:00,1800.0
2011-10-05 10:11:00,3855.84
2011-10-05 10:30:00,406.53000000000003
2011-10-05 10:37:00,108.38
2011-10-05 10:38:00,434.65000000000003
2011-10-05 10:53:00,245.8
2011-10-05 11:06:00,409.08
2011-10-05 11:16:00,266.17
2011-10-05 11:17:00,2.95
2011-10-05 11:25:00,302.91
2011-10-05 11:37:00,641.57
2011-10-05 11:44:00,498.36
2011-10-05 11:53:00,140.34
2011-10-05 11:57:00,639.3000000000001
2011-10-05 12:02:00,202.9
2011-10-05 12:09:00,9.95
2011-10-05 12:13:00,287.94
2011-10-05 12:14:00,453.06
2011-10-05 12:15:00,601.04
2011-10-05 12:24:00,240.0
2011-10-05 12:25:00,2145.38
2011-10-05 12:27:00,191.60999999999999
2011-10-05 12:31:00,343.66
2011-10-05 12:35:00,828.0
2011-10-05 12:40:00,374.5
2011-10-05 12:42:00,612.0
2011-10-05 12:44:00,15643.77
2011-10-05 12:49:00,705.87
2011-10-05 12:51:00,416.46
2011-10-05 12:52:00,2539.56
2011-10-05 12:56:00,316.76
2011-10-05 12:59:00,99.6
2011-10-05 13:00:00,228.96
2011-10-05 13:04:00,363.18
2011-10-05 13:05:00,65.4
2011-10-05 13:10:00,139.3
2011-10-05 13:19:00,333.63
2011-10-05 13:33:00,135.8
2011-10-05 13:34:00,91.85
2011-10-05 13:36:00,150.45
2011-10-05 13:42:00,338.19
2011-10-05 13:47:00,1234.6200000000001
2011-10-05 13:54:00,518.8
2011-10-05 13:58:00,682.78
2011-10-05 14:01:00,30.6
2011-10-05 14:03:00,561.73
2011-10-05 14:14:00,269.63
2011-10-05 14:16:00,9.01
2011-10-05 14:19:00,223.49999999999997
2011-10-05 14:28:00,332.3
2011-10-05 14:39:00,251.69
2011-10-05 14:42:00,90.60000000000001
2011-10-05 14:47:00,369.34000000000003
2011-10-05 14:50:00,283.6
2011-10-05 14:53:00,596.22
2011-10-05 14:55:00,59.52
2011-10-05 14:56:00,82.80000000000001
2011-10-05 15:04:00,141.35
2011-10-05 15:09:00,480.43
2011-10-05 15:17:00,732.32
2011-10-05 15:18:00,250.95000000000002
2011-10-05 15:24:00,562.47
2011-10-05 15:35:00,993.88
2011-10-05 15:36:00,15.8
2011-10-05 15:38:00,133.06
2011-10-05 15:49:00,92.46000000000001
2011-10-05 15:52:00,265.51
2011-10-05 15:56:00,33.9
2011-10-05 16:09:00,377.64
2011-10-05 16:15:00,268.44
2011-10-05 16:31:00,356.6
2011-10-05 17:28:00,93.82000000000001
2011-10-05 17:29:00,503.64
2011-10-06 08:17:00,223.22
2011-10-06 08:25:00,312.98
2011-10-06 09:01:00,391.98
2011-10-06 09:10:00,788.16
2011-10-06 09:11:00,23.39
2011-10-06 09:28:00,333.64
2011-10-06 09:31:00,588.96
2011-10-06 09:32:00,89.80000000000001
2011-10-06 09:35:00,633.0
2011-10-06 09:36:00,465.55
2011-10-06 09:37:00,150.25
2011-10-06 09:38:00,839.99
2011-10-06 09:43:00,435.47
2011-10-06 09:45:00,332.22
2011-10-06 09:48:00,308.44
2011-10-06 09:56:00,282.45
2011-10-06 10:31:00,281.75
2011-10-06 10:34:00,30.0
2011-10-06 10:44:00,508.58
2011-10-06 10:45:00,355.9
2011-10-06 10:48:00,638.11
2011-10-06 10:52:00,3534.91
2011-10-06 10:53:00,33.0
2011-10-06 11:24:00,785.35
2011-10-06 11:27:00,659.08
2011-10-06 11:28:00,100.8
2011-10-06 11:38:00,530.14
2011-10-06 11:41:00,252.54
2011-10-06 11:42:00,188.41
2011-10-06 11:47:00,428.89
2011-10-06 11:48:00,902.07
2011-10-06 11:53:00,10992.96
2011-10-06 12:13:00,79.8
2011-10-06 12:15:00,202.27
2011-10-06 12:22:00,279.36
2011-10-06 12:23:00,270.25
2011-10-06 12:25:00,385.43
2011-10-06 12:26:00,340.9
2011-10-06 12:35:00,167.46
2011-10-06 12:51:00,336.96
2011-10-06 12:56:00,517.28
2011-10-06 13:00:00,675.72
2011-10-06 13:05:00,317.69
2011-10-06 13:06:00,566.4
2011-10-06 13:11:00,15.03
2011-10-06 13:20:00,295.93
2011-10-06 13:21:00,2327.0
2011-10-06 13:26:00,433.2
2011-10-06 13:27:00,124.30000000000001
2011-10-06 13:28:00,697.46
2011-10-06 13:29:00,298.56
2011-10-06 13:30:00,1377.55
2011-10-06 13:41:00,187.35
2011-10-06 13:42:00,2626.3
2011-10-06 13:45:00,327.45
2011-10-06 13:48:00,726.1
2011-10-06 13:49:00,393.74
2011-10-06 13:59:00,287.40000000000003
2011-10-06 14:17:00,850.4
2011-10-06 14:18:00,319.2
2011-10-06 14:28:00,108.35
2011-10-06 14:31:00,1658.16
2011-10-06 14:33:00,887.52
2011-10-06 14:36:00,116.32
2011-10-06 14:37:00,511.57
2011-10-06 14:43:00,174.37
2011-10-06 14:45:00,303.5
2011-10-06 14:47:00,54.6
2011-10-06 14:50:00,1556.42
2011-10-06 14:54:00,320.4
2011-10-06 14:59:00,564.0699999999999
2011-10-06 15:04:00,330.15
2011-10-06 15:05:00,66.0
2011-10-06 15:28:00,192.76
2011-10-06 15:31:00,502.90000000000003
2011-10-06 15:32:00,323.04
2011-10-06 15:46:00,326.81
2011-10-06 15:48:00,145.35000000000002
2011-10-06 15:51:00,1183.72
2011-10-06 15:53:00,188.22
2011-10-06 16:01:00,974.38
2011-10-06 16:15:00,225.24
2011-10-06 16:17:00,915.49
2011-10-06 16:20:00,172.82
2011-10-06 16:25:00,341.21
2011-10-06 16:27:00,353.5
2011-10-06 16:28:00,70.15
2011-10-06 16:34:00,1.9
2011-10-06 16:41:00,77.4
2011-10-06 16:47:00,1077.75
2011-10-06 16:50:00,95.54
2011-10-06 16:54:00,373.88
2011-10-06 16:57:00,5.9
2011-10-06 17:02:00,342.0
2011-10-06 17:03:00,315.06
2011-10-06 17:08:00,496.44
2011-10-06 17:28:00,390.76
2011-10-06 17:43:00,172.99
2011-10-06 17:51:00,171.8
2011-10-06 17:52:00,306.72
2011-10-06 18:08:00,262.71
2011-10-06 18:23:00,158.1
2011-10-06 18:45:00,460.4
2011-10-06 18:47:00,397.63
2011-10-06 18:56:00,224.76
2011-10-06 19:27:00,130.22
2011-10-06 19:49:00,381.07
2011-10-07 08:08:00,891.4000000000001
2011-10-07 08:12:00,422.8
2011-10-07 08:49:00,146.87
2011-10-07 08:55:00,600.39
2011-10-07 09:10:00,321.74
2011-10-07 09:16:00,1059.24
2011-10-07 09:19:00,6.2
2011-10-07 09:26:00,330.84000000000003
2011-10-07 09:30:00,439.56
2011-10-07 09:38:00,621.71
2011-10-07 09:42:00,230.46
2011-10-07 09:44:00,495.20000000000005
2011-10-07 09:56:00,104.6
2011-10-07 10:06:00,904.14
2011-10-07 10:09:00,102.0
2011-10-07 10:12:00,537.0
2011-10-07 10:13:00,239.57
2011-10-07 10:18:00,247.76
2011-10-07 10:20:00,8.1
2011-10-07 10:21:00,150.03
2011-10-07 10:22:00,122.7
2011-10-07 10:29:00,285.19
2011-10-07 10:37:00,277.48
2011-10-07 10:41:00,932.13
2011-10-07 10:42:00,528.6
2011-10-07 10:44:00,427.6
2011-10-07 10:50:00,459.79
2011-10-07 10:55:00,432.26
2011-10-07 11:17:00,306.52
2011-10-07 11:19:00,1055.44
2011-10-07 11:22:00,412.47
2011-10-07 11:32:00,237.86
2011-10-07 11:38:00,352.71999999999997
2011-10-07 11:43:00,256.38
2011-10-07 11:47:00,627.12
2011-10-07 11:51:00,1728.0
2011-10-07 11:55:00,142.71
2011-10-07 11:56:00,4186.08
2011-10-07 11:57:00,274.51
2011-10-07 11:58:00,291.26
2011-10-07 12:05:00,7630.5599999999995
2011-10-07 12:11:00,207.68
2011-10-07 12:12:00,110.4
2011-10-07 12:14:00,264.62
2011-10-07 12:17:00,517.8
2011-10-07 12:18:00,354.16
2011-10-07 12:25:00,467.2
2011-10-07 12:28:00,160.9
2011-10-07 12:31:00,2910.53
2011-10-07 12:37:00,1482.2
2011-10-07 12:38:00,392.49
2011-10-07 12:42:00,225.9
2011-10-07 12:44:00,453.55
2011-10-07 12:45:00,5.9
2011-10-07 12:49:00,221.06
2011-10-07 13:09:00,89.85
2011-10-07 13:11:00,99.0
2011-10-07 13:14:00,313.56
2011-10-07 13:16:00,135.82
2011-10-07 13:17:00,752.68
2011-10-07 13:21:00,910.0
2011-10-07 13:34:00,519.47
2011-10-07 13:40:00,10.4
2011-10-07 13:57:00,16.5
2011-10-07 14:04:00,824.41
2011-10-07 14:05:00,610.36
2011-10-07 14:17:00,654.6899999999999
2011-10-07 14:23:00,228.46
2011-10-07 14:27:00,898.14
2011-10-07 14:28:00,927.84
2011-10-07 14:43:00,172.3
2011-10-07 14:46:00,302.46
2011-10-07 15:01:00,639.6899999999999
2011-10-07 15:13:00,1714.96
2011-10-07 15:15:00,136.82
2011-10-07 15:18:00,454.76
2011-10-07 15:23:00,171.93
2011-10-07 15:26:00,898.14
2011-10-07 15:38:00,151.24
2011-10-07 15:40:00,183.48000000000002
2011-10-07 15:45:00,462.81
2011-10-07 16:03:00,206.24
2011-10-07 16:06:00,2.08
2011-10-09 10:13:00,149.1
2011-10-09 10:23:00,298.21
2011-10-09 10:29:00,371.33
2011-10-09 10:48:00,283.18
2011-10-09 11:15:00,120.01
2011-10-09 11:29:00,121.02000000000001
2011-10-09 11:32:00,152.94
2011-10-09 11:50:00,182.19
2011-10-09 11:53:00,363.76
2011-10-09 12:04:00,141.75
2011-10-09 12:19:00,158.82
2011-10-09 12:20:00,1397.32
2011-10-09 12:44:00,149.68
2011-10-09 12:49:00,69.65
2011-10-09 12:59:00,475.65999999999997
2011-10-09 13:11:00,479.09999999999997
2011-10-09 13:15:00,552.41
2011-10-09 13:19:00,4.35
2011-10-09 13:21:00,557.62
2011-10-09 13:28:00,254.18
2011-10-09 13:30:00,168.12
2011-10-09 13:41:00,166.03
2011-10-09 13:44:00,241.74
2011-10-09 13:58:00,767.3100000000001
2011-10-09 14:22:00,327.28000000000003
2011-10-09 14:30:00,112.08
2011-10-09 14:48:00,216.22
2011-10-09 15:01:00,129.93
2011-10-09 15:04:00,293.62
2011-10-09 15:17:00,75.25
2011-10-09 15:24:00,189.34
2011-10-09 15:40:00,1743.1499999999999
2011-10-09 15:47:00,480.78
2011-10-09 16:05:00,587.09
2011-10-09 16:11:00,281.11
2011-10-09 16:22:00,154.18
2011-10-10 08:23:00,499.32
2011-10-10 08:30:00,283.2
2011-10-10 08:58:00,898.14
2011-10-10 09:01:00,104.82
2011-10-10 09:06:00,196.8
2011-10-10 09:14:00,559.52
2011-10-10 09:18:00,1974.0
2011-10-10 09:41:00,905.94
2011-10-10 09:53:00,306.09000000000003
2011-10-10 09:56:00,380.31
2011-10-10 10:07:00,82.80000000000001
2011-10-10 10:10:00,292.19999999999993
2011-10-10 10:13:00,113.4
2011-10-10 10:16:00,2085.33
2011-10-10 10:23:00,111.9
2011-10-10 10:29:00,292.99
2011-10-10 10:45:00,477.5
2011-10-10 10:51:00,1256.67
2011-10-10 10:57:00,2482.44
2011-10-10 11:12:00,547.2
2011-10-10 11:14:00,676.32
2011-10-10 11:20:00,181.38
2011-10-10 11:30:00,126.39
2011-10-10 11:32:00,332.38
2011-10-10 11:37:00,688.97
2011-10-10 11:47:00,156.56
2011-10-10 11:50:00,168.3
2011-10-10 11:59:00,370.68
2011-10-10 12:00:00,331.96
2011-10-10 12:18:00,202.65
2011-10-10 12:19:00,200.92
2011-10-10 12:23:00,183.75
2011-10-10 12:25:00,358.0
2011-10-10 12:26:00,1322.82
2011-10-10 12:28:00,384.06
2011-10-10 12:29:00,113.91
2011-10-10 12:30:00,320.4
2011-10-10 12:34:00,299.88
2011-10-10 12:35:00,111.55
2011-10-10 12:37:00,1209.88
2011-10-10 12:50:00,212.8
2011-10-10 12:51:00,165.72
2011-10-10 12:52:00,72.0
2011-10-10 12:59:00,1334.16
2011-10-10 13:03:00,313.18
2011-10-10 13:04:00,371.54
2011-10-10 13:11:00,225.18
2011-10-10 13:12:00,281.04
2011-10-10 13:13:00,421.05
2011-10-10 13:17:00,196.7
2011-10-10 13:27:00,120.3
2011-10-10 13:30:00,660.64
2011-10-10 13:31:00,511.34000000000003
2011-10-10 13:33:00,301.86
2011-10-10 13:34:00,200.14
2011-10-10 13:37:00,419.54
2011-10-10 13:38:00,283.9
2011-10-10 13:41:00,156.61
2011-10-10 13:54:00,300.76
2011-10-10 13:55:00,397.98
2011-10-10 13:56:00,212.28
2011-10-10 14:02:00,428.93
2011-10-10 14:06:00,801.08
2011-10-10 14:25:00,181.09
2011-10-10 14:37:00,1681.81
2011-10-10 14:38:00,158.44
2011-10-10 14:42:00,12.12
2011-10-10 14:49:00,332.68
2011-10-10 14:55:00,943.69
2011-10-10 14:57:00,291.40000000000003
2011-10-10 15:15:00,282.58
2011-10-10 15:27:00,240.47
2011-10-10 15:39:00,1222.63
2011-10-10 15:42:00,869.98
2011-10-10 15:45:00,141.6
2011-10-10 16:03:00,434.55
2011-10-10 16:06:00,1579.51
2011-10-10 16:58:00,561.1
2011-10-10 17:00:00,316.89
2011-10-10 17:09:00,17.4
2011-10-10 17:12:00,3380.86
2011-10-10 17:13:00,23.4
2011-10-10 17:26:00,310.54
2011-10-11 08:23:00,530.35
2011-10-11 08:24:00,70.8
2011-10-11 08:30:00,757.8
2011-10-11 09:05:00,562.02
2011-10-11 09:10:00,406.74
2011-10-11 09:19:00,1162.69
2011-10-11 09:23:00,650.6
2011-10-11 09:24:00,83.75
2011-10-11 09:26:00,44.71
2011-10-11 09:29:00,125.85000000000001
2011-10-11 09:41:00,379.79
2011-10-11 09:50:00,68.16
2011-10-11 09:53:00,264.96
2011-10-11 10:16:00,416.69
2011-10-11 10:22:00,33.0
2011-10-11 10:24:00,186.8
2011-10-11 10:31:00,424.79999999999995
2011-10-11 10:33:00,950.44
2011-10-11 10:36:00,1018.51
2011-10-11 10:39:00,233.1
2011-10-11 10:41:00,371.66
2011-10-11 10:43:00,1527.96
2011-10-11 10:46:00,2076.0
2011-10-11 11:02:00,0.38
2011-10-11 11:03:00,547.25
2011-10-11 11:15:00,7810.5599999999995
2011-10-11 11:34:00,300.02000000000004
2011-10-11 11:35:00,302.65000000000003
2011-10-11 11:38:00,326.65999999999997
2011-10-11 11:43:00,516.24
2011-10-11 11:49:00,737.7
2011-10-11 11:55:00,2016.31
2011-10-11 12:05:00,304.26
2011-10-11 12:08:00,81.44
2011-10-11 12:17:00,199.47000000000003
2011-10-11 12:27:00,308.85
2011-10-11 12:34:00,440.63
2011-10-11 12:36:00,250.9
2011-10-11 12:38:00,522.36
2011-10-11 12:41:00,73.66
2011-10-11 12:49:00,397.12
2011-10-11 13:09:00,221.69
2011-10-11 13:12:00,308.86
2011-10-11 13:13:00,277.75
2011-10-11 13:34:00,321.35
2011-10-11 13:45:00,1032.7
2011-10-11 13:49:00,172.91
2011-10-11 14:10:00,1482.64
2011-10-11 14:17:00,219.6
2011-10-11 14:18:00,3930.94
2011-10-11 14:19:00,285.74
2011-10-11 14:20:00,304.29
2011-10-11 14:21:00,134.25
2011-10-11 14:22:00,17.1
2011-10-11 14:24:00,171.66
2011-10-11 14:33:00,355.8
2011-10-11 14:34:00,163.15
2011-10-11 14:37:00,454.33
2011-10-11 14:39:00,210.25
2011-10-11 14:51:00,73.19999999999999
2011-10-11 14:52:00,4279.71
2011-10-11 14:54:00,103.4
2011-10-11 14:59:00,768.64
2011-10-11 15:03:00,172.25
2011-10-11 15:10:00,803.9
2011-10-11 15:12:00,300.95
2011-10-11 15:26:00,376.90000000000003
2011-10-11 15:36:00,897.42
2011-10-11 15:45:00,6.0
2011-10-11 15:53:00,303.37
2011-10-11 16:25:00,382.35
2011-10-11 16:50:00,384.4
2011-10-12 08:10:00,214.3
2011-10-12 08:56:00,168.07999999999998
2011-10-12 09:08:00,113.82
2011-10-12 09:10:00,140.37
2011-10-12 09:13:00,237.0
2011-10-12 09:20:00,211.0
2011-10-12 09:29:00,419.85
2011-10-12 09:35:00,2159.3
2011-10-12 09:38:00,88.80000000000001
2011-10-12 09:50:00,803.24
2011-10-12 09:54:00,6.48
2011-10-12 10:04:00,25.5
2011-10-12 10:08:00,146.0
2011-10-12 10:18:00,398.05
2011-10-12 10:20:00,676.37
2011-10-12 10:23:00,1001.32
2011-10-12 10:26:00,24.9
2011-10-12 10:35:00,357.0
2011-10-12 10:36:00,381.06
2011-10-12 10:45:00,190.6
2011-10-12 10:50:00,638.45
2011-10-12 10:51:00,581.69
2011-10-12 11:08:00,96.12
2011-10-12 11:09:00,120.0
2011-10-12 11:22:00,153.12
2011-10-12 11:30:00,4.5
2011-10-12 11:32:00,168.54999999999998
2011-10-12 11:33:00,264.74
2011-10-12 11:40:00,215.23000000000002
2011-10-12 11:43:00,334.79999999999995
2011-10-12 11:45:00,626.9200000000001
2011-10-12 11:49:00,103.5
2011-10-12 11:55:00,147.41
2011-10-12 11:58:00,232.69
2011-10-12 12:01:00,533.12
2011-10-12 12:08:00,879.01
2011-10-12 12:10:00,158.4
2011-10-12 12:16:00,149.51999999999998
2011-10-12 12:19:00,110.03
2011-10-12 12:24:00,1229.42
2011-10-12 12:30:00,112.32000000000001
2011-10-12 12:31:00,214.6
2011-10-12 12:42:00,901.07
2011-10-12 12:44:00,397.29
2011-10-12 12:47:00,546.56
2011-10-12 12:51:00,324.96
2011-10-12 12:54:00,303.09999999999997
2011-10-12 12:58:00,307.06
2011-10-12 12:59:00,323.74
2011-10-12 13:14:00,567.45
2011-10-12 13:17:00,336.4
2011-10-12 13:20:00,648.27
2011-10-12 13:28:00,90.15
2011-10-12 13:30:00,343.94
2011-10-12 13:31:00,118.22
2011-10-12 13:55:00,449.15
2011-10-12 14:08:00,734.67
2011-10-12 14:10:00,100.58
2011-10-12 14:18:00,477.55
2011-10-12 14:21:00,292.74
2011-10-12 14:22:00,236.31
2011-10-12 14:28:00,102.0
2011-10-12 14:33:00,12.97
2011-10-12 14:42:00,189.39
2011-10-12 14:43:00,204.0
2011-10-12 14:46:00,314.20000000000005
2011-10-12 14:48:00,333.6
2011-10-12 14:56:00,670.63
2011-10-12 15:01:00,674.68
2011-10-12 15:06:00,167.47
2011-10-12 15:22:00,110.38
2011-10-12 15:27:00,310.44
2011-10-12 15:35:00,467.36
2011-10-12 15:39:00,416.6
2011-10-12 15:41:00,294.22
2011-10-12 15:42:00,46.8
2011-10-12 15:49:00,263.61
2011-10-12 17:00:00,620.13
2011-10-12 17:19:00,120.33
2011-10-13 08:27:00,249.60000000000002
2011-10-13 08:28:00,82.5
2011-10-13 08:42:00,331.72
2011-10-13 09:16:00,359.6
2011-10-13 09:30:00,247.25000000000003
2011-10-13 09:45:00,127.34
2011-10-13 09:55:00,464.07
2011-10-13 10:09:00,273.78
2011-10-13 10:20:00,355.78000000000003
2011-10-13 10:23:00,3953.35
2011-10-13 10:25:00,527.1
2011-10-13 10:26:00,883.14
2011-10-13 10:52:00,102.95
2011-10-13 10:54:00,355.56
2011-10-13 10:55:00,442.64000000000004
2011-10-13 10:57:00,318.06
2011-10-13 11:37:00,300.48
2011-10-13 11:50:00,1319.01
2011-10-13 11:53:00,149.7
2011-10-13 11:57:00,314.15
2011-10-13 11:58:00,187.82999999999998
2011-10-13 12:06:00,387.7
2011-10-13 12:07:00,202.0
2011-10-13 12:17:00,411.78000000000003
2011-10-13 12:21:00,107.72
2011-10-13 12:26:00,1491.5900000000001
2011-10-13 12:30:00,166.48
2011-10-13 12:38:00,109.04
2011-10-13 12:46:00,1259.46
2011-10-13 12:47:00,2814.3
2011-10-13 12:50:00,1002.3100000000001
2011-10-13 12:52:00,988.03
2011-10-13 12:58:00,192.35
2011-10-13 12:59:00,991.7
2011-10-13 13:00:00,131.48
2011-10-13 13:20:00,10.2
2011-10-13 13:24:00,357.93
2011-10-13 13:35:00,431.21
2011-10-13 13:42:00,388.72
2011-10-13 13:43:00,385.58
2011-10-13 13:44:00,15.6
2011-10-13 13:53:00,640.5
2011-10-13 13:58:00,348.44
2011-10-13 14:08:00,279.94
2011-10-13 14:10:00,434.41
2011-10-13 14:13:00,27.0
2011-10-13 14:18:00,1090.1399999999999
2011-10-13 14:28:00,2.49
2011-10-13 14:37:00,171.59
2011-10-13 14:47:00,300.85
2011-10-13 14:48:00,84.39999999999999
2011-10-13 14:59:00,1881.8600000000001
2011-10-13 15:08:00,243.84
2011-10-13 15:15:00,188.94
2011-10-13 15:19:00,250.49
2011-10-13 15:23:00,204.28
2011-10-13 15:28:00,79.5
2011-10-13 15:38:00,416.78
2011-10-13 15:43:00,143.28
2011-10-13 15:47:00,106.92
2011-10-13 15:49:00,709.63
2011-10-13 15:50:00,351.31
2011-10-13 15:58:00,313.86
2011-10-13 16:01:00,386.32
2011-10-13 16:14:00,209.4
2011-10-13 16:17:00,216.17000000000002
2011-10-13 16:24:00,126.2
2011-10-13 16:33:00,6.5
2011-10-13 16:37:00,15.0
2011-10-13 17:51:00,429.42
2011-10-14 08:29:00,66.3
2011-10-14 09:06:00,400.15
2011-10-14 09:21:00,359.51
2011-10-14 09:28:00,38.4
2011-10-14 09:35:00,982.42
2011-10-14 09:48:00,313.48
2011-10-14 10:03:00,406.84000000000003
2011-10-14 10:21:00,729.6
2011-10-14 10:25:00,115.27
2011-10-14 10:28:00,119.89999999999999
2011-10-14 10:38:00,158.75
2011-10-14 10:42:00,40.0
2011-10-14 10:47:00,1135.89
2011-10-14 10:48:00,70.8
2011-10-14 10:55:00,15.6
2011-10-14 11:08:00,596.75
2011-10-14 11:09:00,826.83
2011-10-14 11:15:00,550.58
2011-10-14 11:39:00,450.86
2011-10-14 11:42:00,1198.71
2011-10-14 11:43:00,130.01
2011-10-14 11:44:00,15.0
2011-10-14 11:55:00,308.6
2011-10-14 11:56:00,394.15999999999997
2011-10-14 12:08:00,262.2
2011-10-14 12:19:00,108.0
2011-10-14 12:25:00,294.78
2011-10-14 12:28:00,649.92
2011-10-14 12:29:00,212.4
2011-10-14 12:33:00,1157.08
2011-10-14 12:34:00,59.7
2011-10-14 12:41:00,678.17
2011-10-14 12:53:00,598.49
2011-10-14 12:55:00,306.03000000000003
2011-10-14 12:56:00,879.8000000000001
2011-10-14 12:57:00,653.5
2011-10-14 13:06:00,207.5
2011-10-14 13:24:00,489.27
2011-10-14 13:35:00,1115.03
2011-10-14 13:36:00,599.5
2011-10-14 13:41:00,639.39
2011-10-14 13:49:00,81.57
2011-10-14 13:54:00,1288.78
2011-10-14 14:00:00,106.20000000000002
2011-10-14 14:04:00,186.96
2011-10-14 14:16:00,301.54
2011-10-14 14:22:00,1012.8000000000001
2011-10-14 14:28:00,47.04
2011-10-14 14:37:00,423.42
2011-10-14 14:38:00,55.800000000000004
2011-10-14 14:44:00,250.52
2011-10-14 14:54:00,999.26
2011-10-14 14:55:00,513.6
2011-10-14 14:58:00,133.94
2011-10-14 15:04:00,1835.6
2011-10-14 15:26:00,1091.29
2011-10-14 15:46:00,231.17
2011-10-14 15:50:00,350.21999999999997
2011-10-14 15:59:00,142.04
2011-10-14 16:04:00,878.46
2011-10-14 16:05:00,55.85
2011-10-14 16:49:00,91.8
2011-10-14 17:13:00,3528.34
2011-10-14 17:23:00,130.25
2011-10-16 10:19:00,306.0
2011-10-16 10:41:00,127.19999999999999
2011-10-16 10:50:00,306.0
2011-10-16 11:06:00,214.41
2011-10-16 11:31:00,189.14000000000001
2011-10-16 11:41:00,437.86
2011-10-16 11:58:00,146.7
2011-10-16 12:06:00,252.62
2011-10-16 12:09:00,753.37
2011-10-16 12:16:00,146.02
2011-10-16 12:19:00,1271.57
2011-10-16 12:21:00,476.91
2011-10-16 12:25:00,790.08
2011-10-16 12:28:00,414.27
2011-10-16 12:30:00,360.41
2011-10-16 12:40:00,140.95000000000002
2011-10-16 12:46:00,114.88
2011-10-16 12:54:00,354.47
2011-10-16 13:08:00,442.88
2011-10-16 13:23:00,8132.31
2011-10-16 13:24:00,153.64000000000001
2011-10-16 13:51:00,610.89
2011-10-16 14:07:00,405.02
2011-10-16 14:35:00,471.05
2011-10-16 15:13:00,362.06
2011-10-16 15:27:00,2142.79
2011-10-16 15:32:00,739.37
2011-10-16 15:44:00,204.28
2011-10-16 15:45:00,273.99
2011-10-16 15:56:00,189.65
2011-10-16 16:09:00,369.27
2011-10-16 16:12:00,303.43
2011-10-16 16:13:00,151.70000000000002
2011-10-16 16:25:00,12.75
2011-10-17 08:14:00,2327.0
2011-10-17 08:30:00,358.0
2011-10-17 08:56:00,214.45
2011-10-17 08:59:00,303.3
2011-10-17 09:07:00,482.4
2011-10-17 09:36:00,361.99
2011-10-17 09:37:00,519.28
2011-10-17 09:57:00,720.56
2011-10-17 10:10:00,1152.06
2011-10-17 10:17:00,377.66
2011-10-17 10:33:00,151.5
2011-10-17 10:42:00,1300.47
2011-10-17 10:43:00,894.64
2011-10-17 10:47:00,119.62
2011-10-17 10:48:00,353.73
2011-10-17 10:50:00,5296.96
2011-10-17 11:05:00,451.6
2011-10-17 11:07:00,383.55
2011-10-17 11:08:00,283.02
2011-10-17 11:11:00,339.02
2011-10-17 11:27:00,1697.98
2011-10-17 11:49:00,165.04999999999998
2011-10-17 11:51:00,1077.74
2011-10-17 11:55:00,289.78000000000003
2011-10-17 11:56:00,292.0
2011-10-17 12:04:00,546.81
2011-10-17 12:12:00,402.68
2011-10-17 12:16:00,330.63
2011-10-17 12:22:00,216.48
2011-10-17 12:25:00,964.22
2011-10-17 12:32:00,151.15
2011-10-17 12:33:00,981.1
2011-10-17 12:35:00,135.99
2011-10-17 12:41:00,878.89
2011-10-17 12:46:00,384.08
2011-10-17 12:47:00,223.36
2011-10-17 12:50:00,170.22
2011-10-17 12:51:00,331.9
2011-10-17 12:52:00,791.0
2011-10-17 13:03:00,417.6
2011-10-17 13:19:00,1576.6
2011-10-17 13:22:00,110.53
2011-10-17 13:23:00,688.29
2011-10-17 13:25:00,1097.83
2011-10-17 13:31:00,4050.6099999999997
2011-10-17 13:39:00,1279.01
2011-10-17 13:43:00,131.94
2011-10-17 13:44:00,828.4200000000001
2011-10-17 13:46:00,1761.24
2011-10-17 13:47:00,118.44
2011-10-17 13:57:00,493.05
2011-10-17 14:01:00,105.22
2011-10-17 14:12:00,150.23000000000002
2011-10-17 14:14:00,109.36000000000001
2011-10-17 14:23:00,491.28000000000003
2011-10-17 14:28:00,136.4
2011-10-17 14:29:00,188.88
2011-10-17 14:41:00,303.36
2011-10-17 14:42:00,343.43
2011-10-17 14:51:00,230.12
2011-10-17 14:54:00,543.41
2011-10-17 14:59:00,365.51
2011-10-17 15:02:00,305.36
2011-10-17 15:03:00,540.4
2011-10-17 15:06:00,411.04
2011-10-17 15:18:00,1232.95
2011-10-17 15:19:00,1255.98
2011-10-17 15:22:00,126.25
2011-10-17 15:28:00,204.7
2011-10-17 15:37:00,131.18
2011-10-17 16:04:00,240.68
2011-10-17 16:53:00,225.6
2011-10-17 17:24:00,251.88
2011-10-18 07:43:00,348.91
2011-10-18 07:56:00,880.58
2011-10-18 08:12:00,369.74
2011-10-18 08:15:00,176.04000000000002
2011-10-18 08:28:00,223.36
2011-10-18 08:42:00,281.42
2011-10-18 09:07:00,534.24
2011-10-18 09:15:00,183.9
2011-10-18 09:24:00,521.62
2011-10-18 09:25:00,352.7
2011-10-18 09:30:00,346.08
2011-10-18 09:32:00,808.15
2011-10-18 09:54:00,400.92
2011-10-18 10:02:00,917.34
2011-10-18 10:04:00,704.02
2011-10-18 10:07:00,359.3
2011-10-18 10:16:00,417.29
2011-10-18 10:18:00,163.1
2011-10-18 10:19:00,396.97
2011-10-18 10:51:00,708.0
2011-10-18 10:52:00,701.0
2011-10-18 10:53:00,325.53
2011-10-18 10:55:00,500.0
2011-10-18 10:58:00,76.34
2011-10-18 11:13:00,131.4
2011-10-18 11:18:00,756.11
2011-10-18 11:41:00,176.6
2011-10-18 11:55:00,208.75
2011-10-18 12:01:00,1283.27
2011-10-18 12:07:00,221.06
2011-10-18 12:17:00,5492.42
2011-10-18 12:18:00,283.33
2011-10-18 12:43:00,352.41
2011-10-18 12:44:00,205.57
2011-10-18 12:48:00,630.55
2011-10-18 12:49:00,539.1800000000001
2011-10-18 12:54:00,125.79
2011-10-18 12:56:00,298.0
2011-10-18 12:59:00,1321.8700000000001
2011-10-18 13:02:00,722.76
2011-10-18 13:04:00,334.93
2011-10-18 13:10:00,376.78000000000003
2011-10-18 13:11:00,632.01
2011-10-18 13:12:00,1193.32
2011-10-18 13:15:00,1503.62
2011-10-18 13:19:00,199.95999999999998
2011-10-18 13:26:00,305.76
2011-10-18 13:29:00,268.77
2011-10-18 13:32:00,125.65
2011-10-18 13:41:00,178.13
2011-10-18 13:44:00,344.35
2011-10-18 14:00:00,538.32
2011-10-18 14:07:00,301.4
2011-10-18 14:11:00,262.17
2011-10-18 14:15:00,521.2
2011-10-18 14:32:00,329.97
2011-10-18 14:34:00,211.93
2011-10-18 14:44:00,614.92
2011-10-18 14:47:00,216.39000000000001
2011-10-18 14:49:00,448.92
2011-10-18 14:50:00,424.36
2011-10-18 15:05:00,948.16
2011-10-18 15:06:00,47.1
2011-10-18 15:22:00,1043.78
2011-10-18 15:26:00,206.6
2011-10-18 15:42:00,269.76
2011-10-18 15:52:00,308.74
2011-10-18 15:54:00,513.88
2011-10-18 16:46:00,611.98
2011-10-18 17:04:00,317.0
2011-10-18 17:10:00,202.68
2011-10-19 08:20:00,532.74
2011-10-19 08:32:00,127.37
2011-10-19 09:00:00,927.4
2011-10-19 09:18:00,307.78000000000003
2011-10-19 09:43:00,617.04
2011-10-19 09:48:00,111.09
2011-10-19 09:58:00,239.24
2011-10-19 09:59:00,437.77
2011-10-19 10:03:00,659.1
2011-10-19 10:04:00,125.97
2011-10-19 10:05:00,28.2
2011-10-19 10:31:00,764.74
2011-10-19 10:32:00,311.76
2011-10-19 10:33:00,3.0
2011-10-19 10:34:00,337.04
2011-10-19 10:36:00,160.07999999999998
2011-10-19 10:38:00,110.8
2011-10-19 10:43:00,169.2
2011-10-19 10:48:00,1588.75
2011-10-19 10:56:00,768.85
2011-10-19 10:59:00,944.37
2011-10-19 11:13:00,212.72
2011-10-19 11:16:00,65.8
2011-10-19 11:18:00,6068.0599999999995
2011-10-19 11:27:00,299.8
2011-10-19 11:38:00,204.07
2011-10-19 11:44:00,112.05
2011-10-19 11:49:00,1376.43
2011-10-19 11:52:00,1103.3600000000001
2011-10-19 11:53:00,1228.04
2011-10-19 12:01:00,343.94
2011-10-19 12:10:00,38.45
2011-10-19 12:11:00,213.64
2011-10-19 12:12:00,241.29
2011-10-19 12:16:00,552.4
2011-10-19 12:21:00,381.92
2011-10-19 12:28:00,1133.48
2011-10-19 12:30:00,669.15
2011-10-19 12:34:00,296.42
2011-10-19 12:35:00,529.48
2011-10-19 12:39:00,494.91
2011-10-19 12:50:00,283.89
2011-10-19 12:52:00,191.12
2011-10-19 12:54:00,498.04
2011-10-19 13:02:00,348.32
2011-10-19 13:20:00,109.92
2011-10-19 13:23:00,390.38
2011-10-19 13:38:00,447.61
2011-10-19 13:49:00,2523.64
2011-10-19 13:58:00,601.88
2011-10-19 14:05:00,341.7
2011-10-19 14:12:00,431.20000000000005
2011-10-19 14:14:00,298.4
2011-10-19 14:20:00,85.8
2011-10-19 14:22:00,121.65
2011-10-19 14:26:00,15.0
2011-10-19 14:36:00,149.75
2011-10-19 14:40:00,155.15
2011-10-19 14:41:00,89.4
2011-10-19 14:51:00,739.28
2011-10-19 14:55:00,14.85
2011-10-19 14:56:00,415.82000000000005
2011-10-19 15:08:00,480.38
2011-10-19 15:15:00,103.8
2011-10-19 15:26:00,581.41
2011-10-19 15:29:00,1258.3700000000001
2011-10-19 15:33:00,330.24
2011-10-19 15:34:00,15.6
2011-10-19 15:46:00,318.8
2011-10-19 16:05:00,151.49
2011-10-19 16:16:00,157.7
2011-10-19 16:24:00,289.22
2011-10-19 16:41:00,450.37
2011-10-20 08:19:00,76.32000000000001
2011-10-20 08:21:00,324.39
2011-10-20 08:41:00,103.85000000000001
2011-10-20 09:04:00,599.4200000000001
2011-10-20 09:28:00,2856.14
2011-10-20 09:32:00,170.39999999999998
2011-10-20 09:40:00,1035.45
2011-10-20 09:57:00,603.76
2011-10-20 10:04:00,219.7
2011-10-20 10:06:00,327.93
2011-10-20 10:10:00,443.6
2011-10-20 10:15:00,297.85
2011-10-20 10:34:00,1393.06
2011-10-20 10:41:00,282.93
2011-10-20 10:47:00,314.49
2011-10-20 10:57:00,386.43
2011-10-20 11:03:00,541.88
2011-10-20 11:17:00,376.90000000000003
2011-10-20 11:30:00,333.01
2011-10-20 11:40:00,430.5
2011-10-20 11:47:00,1073.37
2011-10-20 11:51:00,749.1
2011-10-20 11:53:00,294.72
2011-10-20 11:54:00,55.42
2011-10-20 11:58:00,247.94
2011-10-20 12:00:00,23.5
2011-10-20 12:03:00,20277.92
2011-10-20 12:04:00,62.400000000000006
2011-10-20 12:07:00,877.71
2011-10-20 12:11:00,181.95
2011-10-20 12:13:00,339.1
2011-10-20 12:21:00,855.4100000000001
2011-10-20 12:23:00,222.72
2011-10-20 12:24:00,4311.48
2011-10-20 12:26:00,1244.16
2011-10-20 12:28:00,83.2
2011-10-20 12:31:00,291.96000000000004
2011-10-20 12:34:00,250.04
2011-10-20 12:40:00,35.0
2011-10-20 12:41:00,74.53
2011-10-20 12:43:00,448.37
2011-10-20 12:52:00,85.68
2011-10-20 12:53:00,740.41
2011-10-20 12:57:00,444.19
2011-10-20 13:06:00,330.71
2011-10-20 13:07:00,3091.98
2011-10-20 13:13:00,139.8
2011-10-20 13:20:00,303.7
2011-10-20 13:24:00,765.21
2011-10-20 13:37:00,168.12
2011-10-20 13:46:00,177.07
2011-10-20 13:54:00,390.25
2011-10-20 13:55:00,214.32
2011-10-20 14:01:00,578.94
2011-10-20 14:09:00,251.8
2011-10-20 14:10:00,16.5
2011-10-20 14:11:00,321.92
2011-10-20 14:12:00,25.200000000000003
2011-10-20 14:13:00,203.96
2011-10-20 14:18:00,2000.33
2011-10-20 14:23:00,41.6
2011-10-20 14:30:00,1368.06
2011-10-20 14:33:00,499.89000000000004
2011-10-20 14:40:00,650.67
2011-10-20 14:41:00,230.5
2011-10-20 14:51:00,162.57
2011-10-20 14:52:00,207.32
2011-10-20 15:15:00,110.55
2011-10-20 15:20:00,244.55
2011-10-20 15:38:00,526.3
2011-10-20 15:45:00,143.4
2011-10-20 15:47:00,302.58
2011-10-20 15:57:00,866.12
2011-10-20 16:21:00,234.25
2011-10-20 17:00:00,306.0
2011-10-20 17:04:00,200.82999999999998
2011-10-20 17:13:00,137.37
2011-10-20 18:08:00,521.53
2011-10-20 19:51:00,788.11
2011-10-21 08:24:00,222.4
2011-10-21 08:40:00,2314.48
2011-10-21 08:47:00,773.94
2011-10-21 08:57:00,284.98
2011-10-21 09:04:00,167.62
2011-10-21 09:20:00,906.09
2011-10-21 09:23:00,526.0
2011-10-21 09:25:00,547.34
2011-10-21 09:50:00,107.46000000000001
2011-10-21 09:56:00,206.66
2011-10-21 10:03:00,114.86
2011-10-21 10:11:00,300.76
2011-10-21 10:13:00,1096.65
2011-10-21 10:19:00,54.6
2011-10-21 10:32:00,425.38
2011-10-21 10:50:00,800.69
2011-10-21 10:51:00,427.7
2011-10-21 10:55:00,1414.99
2011-10-21 11:06:00,463.8
2011-10-21 11:08:00,240.55
2011-10-21 11:18:00,112.18
2011-10-21 11:30:00,309.89
2011-10-21 11:33:00,3648.6
2011-10-21 11:43:00,155.37
2011-10-21 11:49:00,211.78
2011-10-21 11:54:00,7398.54
2011-10-21 11:56:00,89.28
2011-10-21 12:05:00,307.32
2011-10-21 12:08:00,22206.0
2011-10-21 12:12:00,124.80000000000001
2011-10-21 12:25:00,1211.3200000000002
2011-10-21 12:44:00,402.58
2011-10-21 12:50:00,37.800000000000004
2011-10-21 12:52:00,731.69
2011-10-21 12:56:00,300.77
2011-10-21 13:03:00,97.25
2011-10-21 13:13:00,401.55
2011-10-21 13:17:00,449.96
2011-10-21 13:24:00,155.11
2011-10-21 13:27:00,421.41
2011-10-21 13:46:00,1256.69
2011-10-21 13:50:00,868.02
2011-10-21 14:01:00,759.9399999999999
2011-10-21 14:23:00,1121.76
2011-10-21 14:29:00,154.88
2011-10-21 14:41:00,1713.04
2011-10-21 14:42:00,163.52
2011-10-21 14:49:00,310.21999999999997
2011-10-21 14:50:00,319.98
2011-10-21 15:18:00,1097.24
2011-10-21 15:20:00,250.40000000000003
2011-10-21 15:36:00,657.23
2011-10-21 15:43:00,224.28
2011-10-21 15:54:00,503.62
2011-10-21 16:18:00,132.54
2011-10-21 16:48:00,660.5
2011-10-23 10:38:00,191.6
2011-10-23 10:46:00,211.1
2011-10-23 10:56:00,176.7
2011-10-23 11:05:00,216.1
2011-10-23 11:10:00,419.33
2011-10-23 11:39:00,147.86
2011-10-23 11:42:00,490.52
2011-10-23 12:08:00,275.7
2011-10-23 12:16:00,113.73
2011-10-23 12:18:00,196.93
2011-10-23 12:26:00,288.37
2011-10-23 12:28:00,204.07
2011-10-23 12:37:00,111.5
2011-10-23 12:46:00,691.27
2011-10-23 12:56:00,211.88
2011-10-23 13:02:00,50.0
2011-10-23 13:10:00,941.67
2011-10-23 13:49:00,559.9399999999999
2011-10-23 14:28:00,160.04
2011-10-23 14:30:00,161.81
2011-10-23 14:33:00,167.95
2011-10-23 14:40:00,132.07
2011-10-23 14:41:00,111.16
2011-10-23 14:47:00,359.49
2011-10-23 14:56:00,314.6
2011-10-23 15:07:00,445.92
2011-10-23 15:09:00,46.75
2011-10-23 15:11:00,510.21
2011-10-23 15:23:00,1172.73
2011-10-23 15:27:00,54.51
2011-10-23 15:29:00,717.35
2011-10-23 15:30:00,20.08
2011-10-23 15:45:00,290.44
2011-10-23 15:47:00,317.88
2011-10-23 15:54:00,129.0
2011-10-23 15:59:00,231.61
2011-10-23 16:00:00,130.55
2011-10-23 16:13:00,713.39
2011-10-23 16:19:00,470.76
2011-10-24 08:48:00,178.22
2011-10-24 08:59:00,388.58
2011-10-24 09:34:00,143.8
2011-10-24 09:46:00,564.4
2011-10-24 09:52:00,2949.2799999999997
2011-10-24 09:54:00,1044.0
2011-10-24 09:55:00,2199.12
2011-10-24 10:08:00,255.89999999999998
2011-10-24 10:11:00,180.0
2011-10-24 10:13:00,621.08
2011-10-24 10:17:00,238.25
2011-10-24 10:18:00,731.5
2011-10-24 10:20:00,72.0
2011-10-24 10:23:00,219.33
2011-10-24 10:27:00,399.5
2011-10-24 10:29:00,616.8000000000001
2011-10-24 10:30:00,1734.4
2011-10-24 10:32:00,765.12
2011-10-24 10:36:00,967.6800000000001
2011-10-24 10:38:00,1048.0
2011-10-24 10:43:00,756.0
2011-10-24 11:21:00,360.0
2011-10-24 11:33:00,47.4
2011-10-24 11:38:00,6.36
2011-10-24 11:39:00,130.65
2011-10-24 11:40:00,381.0
2011-10-24 11:41:00,53.9
2011-10-24 11:51:00,416.7
2011-10-24 11:54:00,278.3
2011-10-24 11:56:00,321.5
2011-10-24 12:02:00,464.9
2011-10-24 12:09:00,401.3
2011-10-24 12:10:00,891.0
2011-10-24 12:25:00,402.75
2011-10-24 12:36:00,1147.74
2011-10-24 12:37:00,180.33
2011-10-24 12:38:00,156.1
2011-10-24 12:44:00,722.4
2011-10-24 12:51:00,498.74
2011-10-24 12:53:00,646.02
2011-10-24 12:54:00,430.8
2011-10-24 12:56:00,157.62
2011-10-24 13:06:00,422.58
2011-10-24 13:08:00,111.9
2011-10-24 13:26:00,547.66
2011-10-24 13:28:00,112.52
2011-10-24 13:34:00,415.82
2011-10-24 13:36:00,248.99
2011-10-24 13:37:00,354.45
2011-10-24 13:50:00,397.03000000000003
2011-10-24 13:52:00,56.75
2011-10-24 13:59:00,180.27
2011-10-24 14:10:00,1687.46
2011-10-24 14:13:00,83.9
2011-10-24 14:25:00,406.54
2011-10-24 14:29:00,454.2
2011-10-24 14:35:00,262.7
2011-10-24 14:36:00,499.97
2011-10-24 14:47:00,313.4
2011-10-24 14:49:00,237.6
2011-10-24 14:56:00,193.79
2011-10-24 15:05:00,666.8399999999999
2011-10-24 15:19:00,130.73999999999998
2011-10-24 15:43:00,481.49
2011-10-24 16:20:00,836.4
2011-10-24 16:34:00,219.12
2011-10-24 16:48:00,1896.7199999999998
2011-10-24 17:07:00,3472.42
2011-10-24 17:19:00,38.16
2011-10-25 08:26:00,642.77
2011-10-25 08:44:00,448.88
2011-10-25 08:45:00,648.28
2011-10-25 08:51:00,456.84000000000003
2011-10-25 09:07:00,443.23
2011-10-25 09:31:00,334.0
2011-10-25 10:17:00,879.62
2011-10-25 10:27:00,1635.6599999999999
2011-10-25 10:31:00,733.94
2011-10-25 10:32:00,200.55
2011-10-25 11:14:00,231.4
2011-10-25 11:28:00,393.54
2011-10-25 11:46:00,80.46000000000001
2011-10-25 11:52:00,604.25
2011-10-25 12:00:00,298.46
2011-10-25 12:06:00,734.85
2011-10-25 12:11:00,1062.43
2011-10-25 12:12:00,607.52
2011-10-25 12:20:00,656.63
2011-10-25 12:22:00,432.0
2011-10-25 12:27:00,381.1
2011-10-25 12:29:00,307.19
2011-10-25 12:30:00,232.71
2011-10-25 12:38:00,760.74
2011-10-25 12:54:00,671.48
2011-10-25 12:56:00,306.3
2011-10-25 13:03:00,166.92
2011-10-25 13:05:00,280.04
2011-10-25 13:07:00,178.34
2011-10-25 13:10:00,477.76
2011-10-25 13:14:00,1503.6200000000001
2011-10-25 13:15:00,597.6800000000001
2011-10-25 13:16:00,293.77
2011-10-25 13:17:00,129.77
2011-10-25 13:20:00,108.32
2011-10-25 13:30:00,1462.45
2011-10-25 13:46:00,285.26
2011-10-25 13:47:00,39.6
2011-10-25 13:51:00,551.89
2011-10-25 13:52:00,134.28
2011-10-25 13:53:00,401.40000000000003
2011-10-25 14:09:00,355.94
2011-10-25 14:23:00,4075.09
2011-10-25 14:35:00,642.77
2011-10-25 14:56:00,184.87
2011-10-25 15:03:00,855.1700000000001
2011-10-25 15:04:00,158.99
2011-10-25 15:07:00,479.03000000000003
2011-10-25 15:19:00,650.75
2011-10-25 15:21:00,926.17
2011-10-25 15:27:00,480.8
2011-10-25 15:34:00,1632.6299999999999
2011-10-25 15:36:00,789.49
2011-10-25 15:39:00,380.82
2011-10-25 15:47:00,781.9
2011-10-25 15:48:00,245.56
2011-10-25 16:13:00,613.98
2011-10-25 16:14:00,260.79
2011-10-25 16:20:00,29.75
2011-10-25 16:30:00,203.44
2011-10-25 17:21:00,391.0
2011-10-25 17:22:00,206.62
2011-10-25 17:29:00,292.25
2011-10-25 17:31:00,320.12
2011-10-25 17:32:00,360.0
2011-10-26 08:30:00,142.68
2011-10-26 09:50:00,324.02
2011-10-26 09:54:00,229.64000000000001
2011-10-26 09:58:00,303.85
2011-10-26 10:02:00,2251.2
2011-10-26 10:03:00,1603.06
2011-10-26 10:11:00,702.86
2011-10-26 10:13:00,177.64000000000001
2011-10-26 10:15:00,959.7
2011-10-26 10:16:00,360.0
2011-10-26 10:24:00,262.57
2011-10-26 10:29:00,1820.89
2011-10-26 10:30:00,78.72
2011-10-26 10:33:00,3.25
2011-10-26 10:43:00,344.22
2011-10-26 10:51:00,8.67
2011-10-26 11:08:00,446.73
2011-10-26 11:14:00,326.24
2011-10-26 11:19:00,146.65
2011-10-26 11:36:00,166.67000000000002
2011-10-26 11:40:00,1.0
2011-10-26 11:41:00,30.82
2011-10-26 11:46:00,38.22
2011-10-26 11:49:00,615.4
2011-10-26 11:51:00,194.21
2011-10-26 12:01:00,409.78000000000003
2011-10-26 12:03:00,72.13
2011-10-26 12:06:00,930.98
2011-10-26 12:11:00,864.0
2011-10-26 12:14:00,340.79
2011-10-26 12:15:00,115.15
2011-10-26 12:19:00,226.83
2011-10-26 12:22:00,476.1
2011-10-26 12:24:00,65.52
2011-10-26 12:28:00,996.79
2011-10-26 12:31:00,128.88
2011-10-26 12:36:00,133.25
2011-10-26 12:39:00,262.76
2011-10-26 12:42:00,308.6
2011-10-26 12:46:00,214.1
2011-10-26 12:48:00,114.74
2011-10-26 12:53:00,219.66
2011-10-26 13:01:00,185.11
2011-10-26 13:07:00,184.01
2011-10-26 13:19:00,221.97
2011-10-26 13:20:00,124.34
2011-10-26 13:21:00,1718.4
2011-10-26 13:22:00,309.76
2011-10-26 13:24:00,327.98
2011-10-26 13:27:00,610.89
2011-10-26 13:28:00,397.02
2011-10-26 13:31:00,373.59
2011-10-26 13:34:00,550.04
2011-10-26 13:35:00,200.27
2011-10-26 13:36:00,1399.5
2011-10-26 13:44:00,309.90000000000003
2011-10-26 13:45:00,423.81
2011-10-26 13:46:00,449.45
2011-10-26 13:47:00,1392.47
2011-10-26 13:56:00,178.75
2011-10-26 14:20:00,326.03999999999996
2011-10-26 14:36:00,95.78
2011-10-26 14:39:00,119.74000000000001
2011-10-26 14:41:00,915.64
2011-10-26 14:50:00,558.6
2011-10-26 14:52:00,124.2
2011-10-26 14:54:00,132.67
2011-10-26 15:01:00,679.56
2011-10-26 15:17:00,135.55
2011-10-26 15:31:00,311.06
2011-10-26 15:39:00,142.49
2011-10-26 15:43:00,150.8
2011-10-26 15:44:00,217.75
2011-10-26 15:47:00,278.58
2011-10-26 15:48:00,316.78
2011-10-26 15:58:00,390.74
2011-10-26 16:03:00,565.46
2011-10-26 16:07:00,129.61
2011-10-26 16:21:00,856.24
2011-10-26 16:25:00,127.68
2011-10-26 16:43:00,237.12
2011-10-26 16:57:00,421.59
2011-10-26 17:00:00,95.45
2011-10-27 08:35:00,644.24
2011-10-27 08:56:00,437.5
2011-10-27 09:18:00,228.22
2011-10-27 09:23:00,306.45
2011-10-27 09:27:00,118.2
2011-10-27 09:36:00,13.200000000000001
2011-10-27 10:01:00,371.87
2011-10-27 10:02:00,109.25
2011-10-27 10:14:00,389.45000000000005
2011-10-27 10:15:00,495.86
2011-10-27 10:18:00,160.0
2011-10-27 10:26:00,467.5
2011-10-27 10:36:00,500.21
2011-10-27 10:40:00,220.49
2011-10-27 10:41:00,701.79
2011-10-27 10:46:00,603.82
2011-10-27 10:51:00,490.19
2011-10-27 10:54:00,335.86
2011-10-27 10:57:00,121.92
2011-10-27 11:10:00,239.41
2011-10-27 11:24:00,379.45
2011-10-27 11:42:00,53.64
2011-10-27 11:47:00,95.22999999999999
2011-10-27 11:55:00,389.64000000000004
2011-10-27 12:08:00,122.62
2011-10-27 12:09:00,4534.22
2011-10-27 12:11:00,4992.0
2011-10-27 12:12:00,469.0
2011-10-27 12:13:00,180.0
2011-10-27 12:16:00,265.84
2011-10-27 12:22:00,388.76
2011-10-27 12:26:00,1146.96
2011-10-27 12:33:00,312.34
2011-10-27 12:37:00,923.1700000000001
2011-10-27 12:42:00,245.3
2011-10-27 12:53:00,490.55
2011-10-27 13:25:00,356.90999999999997
2011-10-27 13:26:00,533.1800000000001
2011-10-27 13:29:00,193.44
2011-10-27 13:33:00,606.61
2011-10-27 13:36:00,130.67000000000002
2011-10-27 13:41:00,217.27
2011-10-27 13:43:00,1498.66
2011-10-27 13:44:00,263.46000000000004
2011-10-27 13:48:00,340.89
2011-10-27 13:53:00,236.09
2011-10-27 13:56:00,122.68
2011-10-27 13:58:00,158.15
2011-10-27 13:59:00,135.3
2011-10-27 14:03:00,595.08
2011-10-27 14:04:00,178.75
2011-10-27 14:05:00,878.98
2011-10-27 14:13:00,4548.860000000001
2011-10-27 14:20:00,4161.06
2011-10-27 14:21:00,281.1
2011-10-27 14:22:00,989.86
2011-10-27 14:27:00,709.79
2011-10-27 14:38:00,112.99
2011-10-27 14:39:00,277.23
2011-10-27 14:40:00,974.61
2011-10-27 14:49:00,389.96
2011-10-27 14:52:00,382.34000000000003
2011-10-27 14:56:00,108.45
2011-10-27 14:59:00,353.39
2011-10-27 15:05:00,216.96
2011-10-27 15:09:00,256.4
2011-10-27 15:19:00,729.46
2011-10-27 15:24:00,532.4200000000001
2011-10-27 15:25:00,128.88
2011-10-27 15:33:00,344.83
2011-10-27 15:36:00,99.44
2011-10-27 15:49:00,409.44
2011-10-27 16:11:00,647.77
2011-10-27 16:21:00,377.76
2011-10-27 16:22:00,20.8
2011-10-27 16:23:00,1118.58
2011-10-27 16:24:00,99.60000000000001
2011-10-27 16:31:00,151.20000000000002
2011-10-27 16:32:00,335.55
2011-10-27 16:34:00,290.1
2011-10-27 16:35:00,118.8
2011-10-27 16:41:00,1204.36
2011-10-27 16:44:00,381.95
2011-10-27 16:55:00,393.6
2011-10-27 16:58:00,300.15999999999997
2011-10-27 16:59:00,74.65
2011-10-27 17:00:00,552.55
2011-10-27 17:22:00,695.03
2011-10-27 17:29:00,125.78999999999999
2011-10-27 17:34:00,416.46000000000004
2011-10-27 17:35:00,183.7
2011-10-27 17:48:00,429.7
2011-10-27 17:56:00,951.48
2011-10-27 17:57:00,48.83
2011-10-27 18:02:00,460.27
2011-10-27 18:10:00,401.1
2011-10-27 19:56:00,148.72
2011-10-27 20:07:00,139.94
2011-10-27 20:09:00,1062.18
2011-10-27 20:16:00,218.82999999999998
2011-10-28 07:39:00,8895.76
2011-10-28 08:34:00,854.53
2011-10-28 08:52:00,756.72
2011-10-28 08:53:00,212.0
2011-10-28 08:56:00,229.99
2011-10-28 08:58:00,592.75
2011-10-28 09:00:00,39.95
2011-10-28 09:01:00,244.5
2011-10-28 09:06:00,751.3
2011-10-28 09:12:00,245.36
2011-10-28 09:15:00,706.36
2011-10-28 09:29:00,70.67999999999999
2011-10-28 09:39:00,320.42
2011-10-28 10:00:00,169.48000000000002
2011-10-28 10:10:00,499.16
2011-10-28 10:27:00,219.39000000000001
2011-10-28 10:45:00,307.58
2011-10-28 10:56:00,1826.8799999999999
2011-10-28 11:09:00,474.74
2011-10-28 11:33:00,828.15
2011-10-28 11:34:00,417.36
2011-10-28 11:40:00,978.06
2011-10-28 11:41:00,18.75
2011-10-28 11:43:00,64.6
2011-10-28 11:55:00,85.92
2011-10-28 11:56:00,60.0
2011-10-28 12:08:00,403.25
2011-10-28 12:09:00,675.53
2011-10-28 12:32:00,1434.24
2011-10-28 12:33:00,128.37
2011-10-28 12:34:00,3304.0299999999997
2011-10-28 12:36:00,606.2
2011-10-28 12:39:00,304.49
2011-10-28 12:40:00,1510.36
2011-10-28 13:00:00,544.6
2011-10-28 13:02:00,366.12
2011-10-28 13:04:00,52.2
2011-10-28 13:12:00,284.09000000000003
2011-10-28 13:14:00,544.1
2011-10-28 13:18:00,111.22
2011-10-28 13:19:00,449.3
2011-10-28 13:22:00,496.8
2011-10-28 13:42:00,343.90999999999997
2011-10-28 13:51:00,105.0
2011-10-28 13:55:00,121.1
2011-10-28 14:27:00,120.38
2011-10-28 14:38:00,118.9
2011-10-28 14:42:00,1142.85
2011-10-28 14:44:00,968.45
2011-10-28 14:51:00,522.99
2011-10-28 15:10:00,361.0
2011-10-28 15:32:00,134.28
2011-10-28 15:54:00,181.7
2011-10-28 16:10:00,477.59000000000003
2011-10-28 16:13:00,462.33000000000004
2011-10-28 16:37:00,40.8
2011-10-28 16:45:00,265.71
2011-10-28 17:26:00,381.65
2011-10-28 17:27:00,318.15
2011-10-28 18:07:00,42.5
2011-10-30 10:18:00,300.41
2011-10-30 10:29:00,2520.28
2011-10-30 10:44:00,179.0
2011-10-30 10:54:00,645.91
2011-10-30 10:56:00,192.02
2011-10-30 10:58:00,313.79999999999995
2011-10-30 11:08:00,463.82
2011-10-30 11:09:00,255.18
2011-10-30 11:19:00,218.55
2011-10-30 11:22:00,526.55
2011-10-30 11:25:00,102.01
2011-10-30 11:28:00,150.21
2011-10-30 11:34:00,454.20000000000005
2011-10-30 11:35:00,496.97
2011-10-30 11:37:00,124.94
2011-10-30 11:42:00,515.1
2011-10-30 11:47:00,476.0
2011-10-30 11:49:00,542.73
2011-10-30 11:55:00,821.38
2011-10-30 11:56:00,114.11
2011-10-30 11:59:00,289.53000000000003
2011-10-30 12:07:00,163.25
2011-10-30 12:14:00,331.21
2011-10-30 12:18:00,183.22
2011-10-30 12:26:00,571.97
2011-10-30 12:27:00,196.68
2011-10-30 12:28:00,29.97
2011-10-30 12:32:00,278.67
2011-10-30 12:34:00,196.32
2011-10-30 12:35:00,132.72
2011-10-30 12:39:00,225.94
2011-10-30 12:42:00,141.05
2011-10-30 12:43:00,538.13
2011-10-30 12:45:00,178.44
2011-10-30 12:46:00,500.61
2011-10-30 12:48:00,258.9
2011-10-30 12:51:00,144.36
2011-10-30 12:53:00,238.92
2011-10-30 13:06:00,2684.67
2011-10-30 13:09:00,146.32
2011-10-30 13:13:00,343.0
2011-10-30 13:17:00,759.53
2011-10-30 13:18:00,205.59
2011-10-30 13:19:00,113.11
2011-10-30 13:30:00,403.9
2011-10-30 13:34:00,307.08
2011-10-30 13:36:00,78.9
2011-10-30 13:37:00,265.61
2011-10-30 13:39:00,443.21000000000004
2011-10-30 13:42:00,673.42
2011-10-30 13:50:00,178.48
2011-10-30 13:51:00,405.13
2011-10-30 13:53:00,92.52000000000001
2011-10-30 14:03:00,542.82
2011-10-30 14:04:00,606.25
2011-10-30 14:05:00,349.38
2011-10-30 14:15:00,287.87
2011-10-30 14:18:00,169.05
2011-10-30 14:19:00,573.09
2011-10-30 14:21:00,1008.67
2011-10-30 14:27:00,486.5
2011-10-30 14:33:00,168.42
2011-10-30 14:44:00,965.78
2011-10-30 14:45:00,47.400000000000006
2011-10-30 14:53:00,500.61
2011-10-30 14:57:00,501.66
2011-10-30 15:04:00,244.34
2011-10-30 15:08:00,507.65999999999997
2011-10-30 15:10:00,456.92
2011-10-30 15:11:00,316.88
2011-10-30 15:13:00,190.04
2011-10-30 15:19:00,230.67000000000002
2011-10-30 15:28:00,213.4
2011-10-30 15:35:00,392.08
2011-10-30 15:38:00,75.9
2011-10-30 15:43:00,299.06
2011-10-30 15:44:00,214.74
2011-10-30 15:50:00,221.40000000000003
2011-10-30 15:55:00,468.38
2011-10-30 15:57:00,770.23
2011-10-30 15:58:00,396.33
2011-10-30 15:59:00,215.08
2011-10-30 16:00:00,33.0
2011-10-30 16:03:00,118.8
2011-10-30 16:10:00,384.12
2011-10-30 16:11:00,54.6
2011-10-30 16:12:00,335.85
2011-10-30 16:15:00,261.93
2011-10-30 16:17:00,675.51
2011-10-31 08:29:00,245.32
2011-10-31 08:56:00,197.71
2011-10-31 09:35:00,427.93
2011-10-31 09:38:00,243.94
2011-10-31 09:48:00,1389.05
2011-10-31 09:50:00,1297.26
2011-10-31 09:51:00,17.4
2011-10-31 09:58:00,308.77
2011-10-31 10:05:00,237.51
2011-10-31 10:19:00,271.26
2011-10-31 10:38:00,407.54
2011-10-31 10:42:00,214.06
2011-10-31 10:45:00,2039.24
2011-10-31 10:56:00,301.32000000000005
2011-10-31 11:10:00,608.3
2011-10-31 11:32:00,305.36
2011-10-31 11:33:00,94.08
2011-10-31 11:37:00,533.23
2011-10-31 11:40:00,273.95
2011-10-31 11:57:00,163.05
2011-10-31 11:59:00,489.95
2011-10-31 12:01:00,198.52
2011-10-31 12:02:00,991.7
2011-10-31 12:05:00,398.03999999999996
2011-10-31 12:11:00,397.02
2011-10-31 12:21:00,851.53
2011-10-31 12:25:00,1294.32
2011-10-31 12:30:00,599.0400000000001
2011-10-31 12:43:00,321.32
2011-10-31 12:45:00,118.8
2011-10-31 13:03:00,281.78
2011-10-31 13:05:00,242.85
2011-10-31 13:11:00,356.14
2011-10-31 13:12:00,171.45
2011-10-31 13:13:00,547.14
2011-10-31 13:22:00,692.45
2011-10-31 13:35:00,838.4200000000001
2011-10-31 13:43:00,396.38
2011-10-31 13:51:00,764.32
2011-10-31 13:58:00,656.25
2011-10-31 14:03:00,272.67
2011-10-31 14:09:00,4941.71
2011-10-31 14:12:00,495.0
2011-10-31 14:13:00,247.0
2011-10-31 14:19:00,163.96
2011-10-31 14:22:00,596.91
2011-10-31 14:23:00,726.16
2011-10-31 14:29:00,172.74
2011-10-31 14:36:00,1976.5800000000002
2011-10-31 14:48:00,257.38
2011-10-31 15:01:00,214.89999999999998
2011-10-31 15:20:00,447.3
2011-10-31 15:21:00,145.92000000000002
2011-10-31 15:30:00,103.32
2011-10-31 15:36:00,295.7
2011-10-31 16:02:00,462.85
2011-10-31 16:24:00,997.3
2011-10-31 17:13:00,305.77
2011-11-01 08:16:00,475.24
2011-11-01 08:53:00,318.41
2011-11-01 09:01:00,560.8
2011-11-01 09:14:00,151.3
2011-11-01 09:24:00,1212.67
2011-11-01 09:26:00,307.32
2011-11-01 09:46:00,78.75
2011-11-01 09:51:00,108.98
2011-11-01 09:56:00,965.8199999999999
2011-11-01 10:02:00,120.0
2011-11-01 10:04:00,329.37
2011-11-01 10:12:00,183.2
2011-11-01 10:16:00,151.5
2011-11-01 10:21:00,889.02
2011-11-01 10:27:00,632.3
2011-11-01 10:30:00,949.5
2011-11-01 10:32:00,85.45
2011-11-01 10:49:00,786.98
2011-11-01 10:56:00,1350.9
2011-11-01 11:12:00,340.43
2011-11-01 11:29:00,173.71
2011-11-01 11:31:00,413.41
2011-11-01 11:33:00,641.1
2011-11-01 11:35:00,474.87
2011-11-01 11:38:00,772.44
2011-11-01 11:39:00,1486.93
2011-11-01 11:51:00,456.48
2011-11-01 12:00:00,358.59000000000003
2011-11-01 12:06:00,342.59000000000003
2011-11-01 12:12:00,568.6
2011-11-01 12:18:00,460.40000000000003
2011-11-01 12:25:00,162.8
2011-11-01 12:34:00,600.22
2011-11-01 12:35:00,360.72
2011-11-01 12:39:00,192.53
2011-11-01 12:45:00,507.54
2011-11-01 12:47:00,204.87
2011-11-01 12:48:00,516.76
2011-11-01 13:04:00,109.80000000000001
2011-11-01 13:20:00,175.4
2011-11-01 13:21:00,137.97
2011-11-01 13:37:00,312.82
2011-11-01 13:39:00,112.64999999999999
2011-11-01 13:43:00,370.12
2011-11-01 13:44:00,213.82
2011-11-01 13:49:00,27.8
2011-11-01 13:56:00,825.8100000000001
2011-11-01 13:57:00,1005.58
2011-11-01 13:59:00,43.47
2011-11-01 14:01:00,43.5
2011-11-01 14:03:00,107.10000000000001
2011-11-01 14:29:00,560.23
2011-11-01 14:35:00,193.38
2011-11-01 14:41:00,208.59
2011-11-01 14:45:00,161.85
2011-11-01 14:49:00,294.58
2011-11-01 14:51:00,1051.82
2011-11-01 14:54:00,948.15
2011-11-01 15:06:00,357.21
2011-11-01 15:12:00,195.02
2011-11-01 15:17:00,299.1
2011-11-01 15:19:00,354.49
2011-11-01 15:26:00,212.12
2011-11-01 15:34:00,422.1
2011-11-01 15:40:00,186.05
2011-11-01 15:48:00,37.5
2011-11-01 15:49:00,569.82
2011-11-01 15:53:00,329.88
2011-11-01 15:55:00,229.8
2011-11-01 17:08:00,147.0
2011-11-01 17:20:00,132.53
2011-11-02 08:44:00,204.92000000000002
2011-11-02 09:22:00,102.72
2011-11-02 09:31:00,303.07
2011-11-02 09:45:00,299.38
2011-11-02 09:59:00,282.2
2011-11-02 10:07:00,599.25
2011-11-02 10:15:00,120.66
2011-11-02 10:16:00,296.76
2011-11-02 10:26:00,504.0
2011-11-02 10:33:00,85.0
2011-11-02 10:36:00,307.14
2011-11-02 10:40:00,576.0
2011-11-02 10:44:00,211.47
2011-11-02 10:51:00,459.8
2011-11-02 11:07:00,306.0
2011-11-02 11:20:00,615.14
2011-11-02 11:23:00,763.63
2011-11-02 11:24:00,960.0
2011-11-02 11:37:00,355.86
2011-11-02 11:43:00,981.95
2011-11-02 11:49:00,320.05
2011-11-02 11:52:00,133.08
2011-11-02 11:54:00,400.32000000000005
2011-11-02 11:59:00,300.6
2011-11-02 12:03:00,1545.6100000000001
2011-11-02 12:04:00,336.89
2011-11-02 12:15:00,304.68
2011-11-02 12:18:00,310.79999999999995
2011-11-02 12:20:00,650.33
2011-11-02 12:23:00,109.68
2011-11-02 12:26:00,261.89
2011-11-02 12:34:00,994.8000000000001
2011-11-02 12:37:00,523.46
2011-11-02 12:44:00,302.0
2011-11-02 12:45:00,571.15
2011-11-02 12:46:00,313.2
2011-11-02 12:50:00,97.5
2011-11-02 12:56:00,399.65
2011-11-02 12:57:00,127.30000000000001
2011-11-02 13:01:00,89.94
2011-11-02 13:05:00,196.6
2011-11-02 13:13:00,633.58
2011-11-02 13:14:00,843.6
2011-11-02 13:18:00,409.08
2011-11-02 13:19:00,129.06
2011-11-02 13:26:00,302.96
2011-11-02 13:37:00,301.97
2011-11-02 13:40:00,1514.17
2011-11-02 13:41:00,131.52
2011-11-02 13:46:00,331.9
2011-11-02 13:50:00,119.8
2011-11-02 14:04:00,823.8
2011-11-02 14:07:00,754.64
2011-11-02 14:08:00,863.04
2011-11-02 14:09:00,3949.66
2011-11-02 14:10:00,449.28
2011-11-02 14:13:00,87.97
2011-11-02 14:16:00,223.21
2011-11-02 14:30:00,1183.9
2011-11-02 14:31:00,211.49
2011-11-02 14:35:00,313.74
2011-11-02 14:50:00,4405.99
2011-11-02 14:51:00,633.44
2011-11-02 14:52:00,901.71
2011-11-02 14:57:00,171.23000000000002
2011-11-02 14:58:00,385.3
2011-11-02 15:33:00,281.21000000000004
2011-11-02 15:56:00,190.05
2011-11-02 16:19:00,155.8
2011-11-02 16:29:00,195.24
2011-11-02 16:37:00,473.51
2011-11-02 17:09:00,364.21999999999997
2011-11-02 17:30:00,175.89000000000001
2011-11-03 08:39:00,304.78
2011-11-03 08:41:00,114.2
2011-11-03 08:56:00,340.2
2011-11-03 09:07:00,300.1
2011-11-03 09:17:00,326.87
2011-11-03 09:20:00,302.22
2011-11-03 09:28:00,5500.38
2011-11-03 09:43:00,736.55
2011-11-03 09:55:00,530.42
2011-11-03 09:56:00,725.72
2011-11-03 10:03:00,151.05
2011-11-03 10:05:00,202.3
2011-11-03 10:13:00,147.35
2011-11-03 10:27:00,278.52000000000004
2011-11-03 10:30:00,302.57
2011-11-03 10:45:00,656.95
2011-11-03 10:49:00,219.12
2011-11-03 11:26:00,375.24
2011-11-03 11:27:00,120.0
2011-11-03 11:29:00,774.9
2011-11-03 11:31:00,92.38
2011-11-03 11:32:00,216.99
2011-11-03 11:34:00,6.24
2011-11-03 11:36:00,226.92000000000002
2011-11-03 11:40:00,360.83000000000004
2011-11-03 11:43:00,545.49
2011-11-03 11:47:00,41.6
2011-11-03 11:51:00,308.76
2011-11-03 11:58:00,312.58
2011-11-03 11:59:00,30.0
2011-11-03 12:15:00,379.92
2011-11-03 12:18:00,728.71
2011-11-03 12:21:00,105.78
2011-11-03 12:28:00,91.59
2011-11-03 12:37:00,436.06
2011-11-03 12:43:00,467.86
2011-11-03 12:45:00,576.26
2011-11-03 12:46:00,304.47999999999996
2011-11-03 12:47:00,34.8
2011-11-03 12:49:00,45.0
2011-11-03 12:56:00,346.53000000000003
2011-11-03 13:01:00,436.79
2011-11-03 13:09:00,133.66
2011-11-03 13:22:00,291.6
2011-11-03 13:24:00,260.48
2011-11-03 13:30:00,440.23
2011-11-03 13:44:00,92.25
2011-11-03 13:50:00,123.19
2011-11-03 13:58:00,347.35
2011-11-03 14:05:00,524.14
2011-11-03 14:17:00,303.45
2011-11-03 14:27:00,958.82
2011-11-03 14:32:00,1055.32
2011-11-03 14:33:00,243.08
2011-11-03 14:37:00,311.73
2011-11-03 14:39:00,1415.92
2011-11-03 14:42:00,664.24
2011-11-03 14:47:00,1101.5900000000001
2011-11-03 14:52:00,125.5
2011-11-03 14:53:00,10.2
2011-11-03 15:01:00,3219.9500000000003
2011-11-03 15:02:00,117.46000000000001
2011-11-03 15:09:00,166.0
2011-11-03 15:16:00,131.04
2011-11-03 15:18:00,263.92
2011-11-03 15:27:00,183.76
2011-11-03 15:32:00,6162.620000000001
2011-11-03 15:47:00,13154.32
2011-11-03 15:54:00,528.08
2011-11-03 16:06:00,309.01
2011-11-03 16:12:00,309.66
2011-11-03 16:15:00,372.7
2011-11-03 16:28:00,1005.19
2011-11-03 16:30:00,623.48
2011-11-03 16:37:00,405.0
2011-11-03 16:40:00,116.56
2011-11-03 16:45:00,608.85
2011-11-03 16:56:00,1752.43
2011-11-03 17:39:00,132.28
2011-11-03 17:45:00,367.69
2011-11-03 17:48:00,342.4
2011-11-03 17:53:00,506.88
2011-11-03 18:45:00,159.85
2011-11-03 18:49:00,370.40000000000003
2011-11-03 19:15:00,1915.6
2011-11-03 19:17:00,7.800000000000001
2011-11-03 19:28:00,280.49
2011-11-03 19:50:00,114.91
2011-11-04 07:46:00,1494.0000000000002
2011-11-04 08:12:00,466.84
2011-11-04 08:29:00,310.28000000000003
2011-11-04 09:03:00,315.29
2011-11-04 09:05:00,7271.34
2011-11-04 09:07:00,477.94
2011-11-04 09:10:00,63.06
2011-11-04 09:24:00,1022.26
2011-11-04 09:32:00,156.75
2011-11-04 09:44:00,537.6
2011-11-04 09:49:00,42.45
2011-11-04 09:52:00,1195.09
2011-11-04 10:05:00,352.46
2011-11-04 10:08:00,156.25
2011-11-04 10:09:00,4557.6
2011-11-04 10:10:00,223.71
2011-11-04 10:11:00,379.28000000000003
2011-11-04 10:18:00,340.48
2011-11-04 10:23:00,426.84
2011-11-04 10:28:00,610.76
2011-11-04 10:29:00,659.8
2011-11-04 10:37:00,109.49
2011-11-04 10:38:00,5292.72
2011-11-04 10:46:00,312.55
2011-11-04 10:47:00,464.05
2011-11-04 10:48:00,85.32000000000001
2011-11-04 10:57:00,5028.76
2011-11-04 10:59:00,384.93
2011-11-04 11:03:00,80.60000000000001
2011-11-04 11:04:00,317.56
2011-11-04 11:06:00,324.3
2011-11-04 11:40:00,561.28
2011-11-04 11:41:00,912.23
2011-11-04 11:43:00,84.0
2011-11-04 11:53:00,377.32
2011-11-04 11:54:00,47.6
2011-11-04 11:55:00,601.44
2011-11-04 11:56:00,71.7
2011-11-04 11:59:00,419.12
2011-11-04 12:05:00,237.87
2011-11-04 12:18:00,308.16
2011-11-04 12:20:00,213.96
2011-11-04 12:21:00,348.33
2011-11-04 12:27:00,318.83
2011-11-04 12:39:00,235.35999999999999
2011-11-04 12:42:00,308.94
2011-11-04 12:45:00,612.72
2011-11-04 12:47:00,16.54
2011-11-04 12:50:00,463.09000000000003
2011-11-04 12:56:00,570.92
2011-11-04 13:04:00,269.1
2011-11-04 13:05:00,328.15000000000003
2011-11-04 13:15:00,327.89
2011-11-04 13:16:00,107.82
2011-11-04 13:24:00,102.82000000000001
2011-11-04 13:25:00,283.17
2011-11-04 13:26:00,324.57
2011-11-04 13:31:00,461.15999999999997
2011-11-04 13:34:00,627.0
2011-11-04 13:44:00,379.7
2011-11-04 13:51:00,390.6
2011-11-04 14:03:00,155.25
2011-11-04 14:06:00,190.88
2011-11-04 14:07:00,192.32999999999998
2011-11-04 14:11:00,37.29
2011-11-04 14:19:00,2370.04
2011-11-04 14:24:00,592.56
2011-11-04 14:26:00,2118.12
2011-11-04 14:31:00,133.91
2011-11-04 14:35:00,292.65
2011-11-04 14:37:00,71.66
2011-11-04 14:49:00,1931.45
2011-11-04 14:54:00,816.54
2011-11-04 14:59:00,15.0
2011-11-04 15:08:00,488.35
2011-11-04 15:14:00,1.45
2011-11-04 15:18:00,728.67
2011-11-04 15:29:00,216.13
2011-11-04 15:35:00,165.32000000000002
2011-11-04 15:50:00,466.68
2011-11-04 15:51:00,307.78000000000003
2011-11-04 16:35:00,161.29
2011-11-04 17:03:00,482.67
2011-11-04 17:07:00,8.7
2011-11-06 09:34:00,399.6
2011-11-06 10:15:00,247.9
2011-11-06 10:29:00,1228.24
2011-11-06 10:30:00,74.9
2011-11-06 10:33:00,125.58
2011-11-06 10:44:00,335.86
2011-11-06 10:47:00,309.53000000000003
2011-11-06 10:49:00,139.1
2011-11-06 11:18:00,223.27
2011-11-06 11:20:00,538.74
2011-11-06 11:21:00,216.49
2011-11-06 11:22:00,471.84000000000003
2011-11-06 11:25:00,309.14
2011-11-06 11:30:00,482.15999999999997
2011-11-06 11:32:00,196.43
2011-11-06 11:35:00,241.86
2011-11-06 11:36:00,233.8
2011-11-06 11:43:00,439.66
2011-11-06 11:44:00,203.84
2011-11-06 11:55:00,306.01
2011-11-06 11:56:00,430.3
2011-11-06 12:01:00,493.62
2011-11-06 12:04:00,394.57
2011-11-06 12:07:00,328.9
2011-11-06 12:09:00,156.54
2011-11-06 12:10:00,257.76
2011-11-06 12:12:00,574.95
2011-11-06 12:16:00,223.08
2011-11-06 12:20:00,281.16
2011-11-06 12:23:00,113.03
2011-11-06 12:25:00,210.31
2011-11-06 12:26:00,420.42
2011-11-06 12:30:00,126.8
2011-11-06 12:31:00,430.64
2011-11-06 12:32:00,424.66
2011-11-06 12:36:00,1524.77
2011-11-06 12:38:00,464.32
2011-11-06 12:40:00,553.1
2011-11-06 12:41:00,317.8
2011-11-06 12:44:00,296.58
2011-11-06 12:50:00,331.93
2011-11-06 12:56:00,1349.69
2011-11-06 12:59:00,174.9
2011-11-06 13:00:00,186.19
2011-11-06 13:02:00,157.7
2011-11-06 13:06:00,5.8
2011-11-06 13:08:00,23.799999999999997
2011-11-06 13:11:00,671.69
2011-11-06 13:17:00,134.46
2011-11-06 13:28:00,144.3
2011-11-06 13:32:00,211.07
2011-11-06 13:36:00,419.06
2011-11-06 13:37:00,114.14
2011-11-06 13:40:00,202.88
2011-11-06 13:42:00,144.23000000000002
2011-11-06 13:48:00,152.2
2011-11-06 13:53:00,1474.84
2011-11-06 13:54:00,545.77
2011-11-06 13:59:00,44.39
2011-11-06 14:02:00,702.21
2011-11-06 14:06:00,488.64
2011-11-06 14:08:00,2227.86
2011-11-06 14:14:00,964.4200000000001
2011-11-06 14:17:00,489.66
2011-11-06 14:20:00,78.0
2011-11-06 14:26:00,237.57
2011-11-06 14:29:00,581.39
2011-11-06 14:33:00,435.43
2011-11-06 14:35:00,324.8
2011-11-06 14:36:00,885.8
2011-11-06 14:38:00,365.16
2011-11-06 14:39:00,473.9
2011-11-06 14:43:00,323.16
2011-11-06 14:45:00,481.6
2011-11-06 14:47:00,99.0
2011-11-06 14:50:00,143.76
2011-11-06 14:56:00,387.39
2011-11-06 15:01:00,128.54
2011-11-06 15:02:00,330.79
2011-11-06 15:04:00,19.9
2011-11-06 15:08:00,55.5
2011-11-06 15:09:00,35.400000000000006
2011-11-06 15:11:00,978.84
2011-11-06 15:17:00,1366.91
2011-11-06 15:20:00,361.96
2011-11-06 15:41:00,89.25999999999999
2011-11-06 15:43:00,113.39999999999999
2011-11-06 15:53:00,558.59
2011-11-06 16:01:00,249.64000000000001
2011-11-06 16:04:00,400.93
2011-11-06 16:07:00,6207.67
2011-11-06 16:13:00,434.27
2011-11-06 16:14:00,250.94
2011-11-07 07:38:00,317.36
2011-11-07 08:26:00,220.64
2011-11-07 08:30:00,676.8000000000001
2011-11-07 08:34:00,357.81
2011-11-07 08:54:00,535.61
2011-11-07 09:12:00,381.28000000000003
2011-11-07 09:13:00,44.85
2011-11-07 09:14:00,24.96
2011-11-07 09:24:00,153.16
2011-11-07 09:28:00,372.24
2011-11-07 09:40:00,306.2
2011-11-07 10:23:00,712.78
2011-11-07 10:43:00,531.14
2011-11-07 10:58:00,351.44
2011-11-07 11:09:00,45.599999999999994
2011-11-07 11:16:00,403.2000000000001
2011-11-07 11:21:00,387.76
2011-11-07 11:26:00,138.94
2011-11-07 11:29:00,731.01
2011-11-07 11:30:00,718.9
2011-11-07 11:31:00,407.96000000000004
2011-11-07 11:32:00,527.05
2011-11-07 11:33:00,663.14
2011-11-07 11:37:00,140.0
2011-11-07 11:40:00,411.65
2011-11-07 11:41:00,243.99
2011-11-07 11:42:00,397.43
2011-11-07 11:55:00,114.75
2011-11-07 11:57:00,222.26
2011-11-07 11:59:00,156.96
2011-11-07 12:04:00,254.81
2011-11-07 12:10:00,180.0
2011-11-07 12:24:00,166.92
2011-11-07 12:27:00,754.5
2011-11-07 12:29:00,1411.8
2011-11-07 12:34:00,249.77
2011-11-07 12:39:00,207.99
2011-11-07 12:41:00,269.1
2011-11-07 12:44:00,280.77
2011-11-07 12:52:00,152.67
2011-11-07 12:56:00,148.82
2011-11-07 13:01:00,215.09
2011-11-07 13:06:00,307.36
2011-11-07 13:17:00,291.54
2011-11-07 13:18:00,131.79
2011-11-07 13:22:00,76.5
2011-11-07 13:25:00,370.25
2011-11-07 13:30:00,115.23
2011-11-07 13:45:00,487.04
2011-11-07 13:56:00,162.34
2011-11-07 13:57:00,204.0
2011-11-07 14:01:00,268.08
2011-11-07 14:13:00,187.48
2011-11-07 14:21:00,637.5000000000001
2011-11-07 14:22:00,213.45
2011-11-07 14:23:00,414.6
2011-11-07 14:28:00,106.44
2011-11-07 14:40:00,803.43
2011-11-07 14:44:00,435.82000000000005
2011-11-07 14:51:00,165.76
2011-11-07 15:07:00,827.42
2011-11-07 15:10:00,324.7
2011-11-07 15:15:00,568.42
2011-11-07 15:27:00,335.47
2011-11-07 15:33:00,641.36
2011-11-07 15:37:00,82.75999999999999
2011-11-07 15:40:00,204.12
2011-11-07 15:44:00,206.72
2011-11-07 15:49:00,151.04
2011-11-07 16:00:00,97.7
2011-11-07 16:16:00,179.08
2011-11-07 16:17:00,743.58
2011-11-07 16:19:00,177.3
2011-11-07 16:30:00,386.74
2011-11-07 16:33:00,102.3
2011-11-07 16:34:00,418.26
2011-11-07 16:36:00,686.85
2011-11-07 16:40:00,195.0
2011-11-07 16:49:00,153.3
2011-11-07 16:50:00,303.16
2011-11-07 16:54:00,301.04
2011-11-07 17:06:00,151.81
2011-11-07 17:08:00,151.95
2011-11-07 17:15:00,206.9
2011-11-07 17:16:00,19.59
2011-11-07 17:21:00,223.88
2011-11-07 17:50:00,394.56
2011-11-08 07:52:00,170.64
2011-11-08 08:16:00,180.48
2011-11-08 08:18:00,303.3
2011-11-08 09:03:00,750.24
2011-11-08 09:07:00,192.0
2011-11-08 09:12:00,210.95000000000002
2011-11-08 09:44:00,564.4300000000001
2011-11-08 09:47:00,172.33
2011-11-08 09:50:00,316.36
2011-11-08 09:54:00,603.75
2011-11-08 10:00:00,260.38
2011-11-08 10:09:00,491.57
2011-11-08 10:17:00,684.96
2011-11-08 10:19:00,94.74
2011-11-08 10:26:00,1421.67
2011-11-08 10:27:00,336.12
2011-11-08 10:29:00,484.79999999999995
2011-11-08 10:44:00,201.45
2011-11-08 10:50:00,132.64000000000001
2011-11-08 11:03:00,138.16
2011-11-08 11:09:00,418.29
2011-11-08 11:20:00,540.99
2011-11-08 11:25:00,114.23
2011-11-08 11:29:00,125.92
2011-11-08 11:38:00,187.1
2011-11-08 11:45:00,407.55
2011-11-08 11:51:00,562.69
2011-11-08 11:53:00,327.22
2011-11-08 11:58:00,657.08
2011-11-08 12:01:00,335.93
2011-11-08 12:06:00,4.95
2011-11-08 12:09:00,346.2
2011-11-08 12:13:00,614.32
2011-11-08 12:14:00,1206.49
2011-11-08 12:18:00,407.24
2011-11-08 12:25:00,151.28
2011-11-08 12:29:00,1207.19
2011-11-08 12:30:00,303.28000000000003
2011-11-08 12:32:00,351.59000000000003
2011-11-08 12:42:00,150.92000000000002
2011-11-08 12:45:00,774.45
2011-11-08 12:46:00,249.7
2011-11-08 12:51:00,208.11
2011-11-08 12:58:00,786.6899999999999
2011-11-08 13:01:00,145.6
2011-11-08 13:10:00,782.67
2011-11-08 13:11:00,150.04
2011-11-08 13:19:00,272.5
2011-11-08 13:20:00,786.36
2011-11-08 13:22:00,258.42
2011-11-08 13:25:00,320.34000000000003
2011-11-08 13:29:00,377.28
2011-11-08 13:31:00,308.47999999999996
2011-11-08 13:41:00,341.44
2011-11-08 13:52:00,1206.3
2011-11-08 13:57:00,267.6
2011-11-08 14:00:00,135.6
2011-11-08 14:02:00,422.04
2011-11-08 14:04:00,67.65
2011-11-08 14:05:00,516.85
2011-11-08 14:22:00,222.47
2011-11-08 14:26:00,833.78
2011-11-08 14:27:00,521.54
2011-11-08 14:30:00,241.73
2011-11-08 14:39:00,166.7
2011-11-08 14:44:00,303.6
2011-11-08 14:48:00,159.38
2011-11-08 14:49:00,228.92000000000002
2011-11-08 14:53:00,411.68
2011-11-08 15:13:00,1833.69
2011-11-08 15:26:00,338.55
2011-11-08 15:35:00,1090.3700000000001
2011-11-08 15:37:00,260.04
2011-11-08 15:38:00,573.71
2011-11-08 15:40:00,213.5
2011-11-08 15:45:00,2655.24
2011-11-08 15:48:00,422.45
2011-11-08 15:59:00,110.5
2011-11-08 16:12:00,685.51
2011-11-08 16:15:00,243.47
2011-11-08 16:28:00,9.9
2011-11-08 16:55:00,481.75
2011-11-08 17:05:00,91.03999999999999
2011-11-08 17:09:00,400.25
2011-11-08 17:19:00,435.28
2011-11-08 17:21:00,598.46
2011-11-08 17:42:00,108.85000000000001
2011-11-09 08:11:00,688.9499999999999
2011-11-09 08:14:00,306.0
2011-11-09 08:21:00,312.0
2011-11-09 08:24:00,33.0
2011-11-09 08:36:00,431.59
2011-11-09 08:41:00,450.40000000000003
2011-11-09 08:50:00,725.7
2011-11-09 09:01:00,242.45
2011-11-09 09:06:00,107.95
2011-11-09 09:07:00,310.9
2011-11-09 09:13:00,474.3
2011-11-09 09:21:00,742.2
2011-11-09 09:22:00,315.0
2011-11-09 09:32:00,214.8
2011-11-09 09:34:00,718.99
2011-11-09 09:38:00,359.46000000000004
2011-11-09 09:40:00,271.36
2011-11-09 09:41:00,83.2
2011-11-09 09:42:00,41.08
2011-11-09 09:47:00,71.25
2011-11-09 09:48:00,725.22
2011-11-09 09:50:00,12.48
2011-11-09 09:52:00,821.0
2011-11-09 10:14:00,402.66
2011-11-09 10:16:00,99.18
2011-11-09 10:18:00,237.6
2011-11-09 10:26:00,1296.56
2011-11-09 10:27:00,355.32
2011-11-09 10:31:00,49.800000000000004
2011-11-09 10:32:00,311.19
2011-11-09 10:39:00,283.31
2011-11-09 10:41:00,306.58
2011-11-09 10:47:00,1809.6000000000001
2011-11-09 10:48:00,1764.72
2011-11-09 11:04:00,983.4
2011-11-09 11:10:00,147.15
2011-11-09 11:16:00,285.85
2011-11-09 11:17:00,7059.54
2011-11-09 11:19:00,2506.0
2011-11-09 11:25:00,717.8000000000001
2011-11-09 11:33:00,398.31
2011-11-09 11:55:00,1975.0
2011-11-09 11:58:00,550.44
2011-11-09 12:00:00,188.57
2011-11-09 12:08:00,1130.74
2011-11-09 12:20:00,103.68
2011-11-09 12:25:00,426.6
2011-11-09 12:26:00,172.14000000000001
2011-11-09 12:29:00,438.08
2011-11-09 12:30:00,649.28
2011-11-09 12:32:00,356.75
2011-11-09 12:34:00,176.55
2011-11-09 12:38:00,8.9
2011-11-09 12:45:00,336.40000000000003
2011-11-09 12:49:00,222.0
2011-11-09 13:12:00,312.9
2011-11-09 13:17:00,413.06
2011-11-09 13:26:00,76.05
2011-11-09 13:30:00,270.9
2011-11-09 13:34:00,275.41
2011-11-09 13:36:00,312.78000000000003
2011-11-09 13:37:00,565.66
2011-11-09 13:45:00,663.49
2011-11-09 13:46:00,306.25
2011-11-09 13:47:00,349.83000000000004
2011-11-09 13:48:00,2640.0
2011-11-09 13:50:00,421.48
2011-11-09 13:52:00,1049.66
2011-11-09 13:53:00,85.92
2011-11-09 13:54:00,1075.57
2011-11-09 13:56:00,4961.2
2011-11-09 13:58:00,147.59
2011-11-09 14:11:00,185.44
2011-11-09 14:15:00,14.95
2011-11-09 14:29:00,312.12
2011-11-09 14:31:00,1296.37
2011-11-09 14:44:00,373.27
2011-11-09 14:56:00,449.4
2011-11-09 14:58:00,49.5
2011-11-09 14:59:00,101.69999999999999
2011-11-09 15:02:00,482.59000000000003
2011-11-09 15:05:00,508.28
2011-11-09 15:07:00,225.18
2011-11-09 15:09:00,613.6800000000001
2011-11-09 15:11:00,431.4
2011-11-09 15:17:00,672.65
2011-11-09 15:23:00,76.8
2011-11-09 15:30:00,188.04
2011-11-09 15:31:00,152.95
2011-11-09 15:36:00,87.78
2011-11-09 15:42:00,209.48
2011-11-09 15:50:00,413.6
2011-11-09 15:51:00,207.50000000000003
2011-11-09 15:52:00,83.2
2011-11-09 15:54:00,20.8
2011-11-09 16:03:00,485.6
2011-11-09 16:10:00,393.23
2011-11-09 16:26:00,182.55
2011-11-09 16:28:00,474.4
2011-11-09 16:33:00,355.38
2011-11-09 16:43:00,415.18
2011-11-09 17:02:00,484.15
2011-11-09 17:03:00,175.92
2011-11-09 17:07:00,826.04
2011-11-09 17:11:00,429.84
2011-11-09 17:44:00,230.82
2011-11-09 17:47:00,1495.06
2011-11-10 08:06:00,108.5
2011-11-10 08:39:00,321.37
2011-11-10 09:08:00,288.0
2011-11-10 09:09:00,943.0600000000001
2011-11-10 09:10:00,34.68
2011-11-10 09:52:00,33.0
2011-11-10 09:56:00,525.92
2011-11-10 09:57:00,415.55
2011-11-10 09:59:00,449.2
2011-11-10 10:10:00,369.12
2011-11-10 10:29:00,770.92
2011-11-10 10:32:00,9595.21
2011-11-10 10:33:00,1549.12
2011-11-10 10:36:00,1247.41
2011-11-10 10:40:00,445.03999999999996
2011-11-10 10:41:00,420.75
2011-11-10 10:45:00,3893.79
2011-11-10 10:49:00,337.02
2011-11-10 10:53:00,310.83
2011-11-10 10:56:00,266.92
2011-11-10 11:06:00,128.88
2011-11-10 11:22:00,225.46
2011-11-10 11:37:00,110.14
2011-11-10 11:45:00,439.65999999999997
2011-11-10 11:49:00,72.0
2011-11-10 11:53:00,91.68
2011-11-10 11:55:00,2278.44
2011-11-10 12:00:00,185.04
2011-11-10 12:01:00,382.56
2011-11-10 12:05:00,514.16
2011-11-10 12:09:00,106.1
2011-11-10 12:12:00,320.07000000000005
2011-11-10 12:13:00,125.4
2011-11-10 12:27:00,843.29
2011-11-10 12:29:00,197.85
2011-11-10 12:32:00,256.20000000000005
2011-11-10 12:35:00,350.02
2011-11-10 12:37:00,4358.0
2011-11-10 12:40:00,448.5
2011-11-10 12:45:00,568.21
2011-11-10 12:46:00,113.5
2011-11-10 12:47:00,1014.61
2011-11-10 12:57:00,126.14
2011-11-10 12:59:00,495.6
2011-11-10 13:01:00,198.39000000000001
2011-11-10 13:03:00,131.14000000000001
2011-11-10 13:13:00,352.23
2011-11-10 13:14:00,237.31
2011-11-10 13:18:00,303.85
2011-11-10 13:28:00,288.14
2011-11-10 13:31:00,151.08
2011-11-10 13:34:00,175.54000000000002
2011-11-10 13:41:00,166.97
2011-11-10 13:44:00,1465.72
2011-11-10 13:46:00,396.64
2011-11-10 13:49:00,241.8
2011-11-10 14:01:00,240.16
2011-11-10 14:07:00,486.75
2011-11-10 14:09:00,384.88
2011-11-10 14:16:00,856.4100000000001
2011-11-10 14:28:00,951.09
2011-11-10 14:29:00,1855.99
2011-11-10 14:30:00,112.03999999999999
2011-11-10 14:31:00,24.96
2011-11-10 14:35:00,543.36
2011-11-10 14:38:00,149.8
2011-11-10 14:39:00,352.98
2011-11-10 14:59:00,108.4
2011-11-10 15:03:00,665.46
2011-11-10 15:04:00,266.76
2011-11-10 15:06:00,125.38
2011-11-10 15:07:00,1.95
2011-11-10 15:09:00,323.62
2011-11-10 15:23:00,1256.24
2011-11-10 15:32:00,363.2
2011-11-10 15:37:00,279.5
2011-11-10 15:51:00,3782.52
2011-11-10 15:57:00,900.5600000000001
2011-11-10 15:59:00,347.68
2011-11-10 16:03:00,2581.07
2011-11-10 16:15:00,343.8
2011-11-10 16:16:00,165.92000000000002
2011-11-10 16:20:00,314.66
2011-11-10 16:21:00,179.55
2011-11-10 16:27:00,274.8
2011-11-10 16:36:00,302.64
2011-11-10 16:38:00,165.05
2011-11-10 16:39:00,226.60000000000002
2011-11-10 16:51:00,509.2
2011-11-10 16:58:00,329.68
2011-11-10 16:59:00,2817.88
2011-11-10 17:06:00,826.7
2011-11-10 17:13:00,360.84
2011-11-10 17:16:00,363.95
2011-11-10 17:17:00,75.98
2011-11-10 17:27:00,162.8
2011-11-10 17:29:00,110.38
2011-11-10 17:45:00,65.28
2011-11-10 17:46:00,30.119999999999997
2011-11-10 17:49:00,254.28
2011-11-10 18:04:00,269.77
2011-11-10 18:33:00,296.98
2011-11-10 18:37:00,486.65
2011-11-10 18:46:00,1955.68
2011-11-10 19:12:00,479.36
2011-11-10 19:32:00,129.6
2011-11-10 19:40:00,1003.03
2011-11-10 19:49:00,397.06
2011-11-10 19:53:00,158.61
2011-11-10 20:01:00,169.69
2011-11-11 08:19:00,232.65
2011-11-11 08:33:00,246.01000000000002
2011-11-11 08:39:00,292.58
2011-11-11 08:46:00,370.8
2011-11-11 08:47:00,223.68
2011-11-11 08:59:00,197.64
2011-11-11 09:02:00,138.92000000000002
2011-11-11 09:25:00,455.91
2011-11-11 09:46:00,439.36
2011-11-11 10:01:00,305.3
2011-11-11 10:03:00,300.32
2011-11-11 10:14:00,203.6
2011-11-11 10:19:00,515.18
2011-11-11 10:29:00,379.58
2011-11-11 10:32:00,1674.65
2011-11-11 10:41:00,218.61
2011-11-11 10:43:00,120.54
2011-11-11 10:45:00,272.58
2011-11-11 10:48:00,155.37
2011-11-11 10:49:00,147.1
2011-11-11 10:50:00,469.63
2011-11-11 11:02:00,357.51
2011-11-11 11:06:00,264.12
2011-11-11 11:11:00,208.89
2011-11-11 11:18:00,486.96000000000004
2011-11-11 11:34:00,268.75
2011-11-11 11:37:00,345.56
2011-11-11 11:38:00,328.43
2011-11-11 11:56:00,682.17
2011-11-11 12:01:00,289.19
2011-11-11 12:02:00,148.96
2011-11-11 12:07:00,1380.5
2011-11-11 12:10:00,246.86
2011-11-11 12:11:00,668.4200000000001
2011-11-11 12:13:00,229.09
2011-11-11 12:17:00,345.99
2011-11-11 12:18:00,156.43
2011-11-11 12:20:00,1091.28
2011-11-11 12:24:00,198.29
2011-11-11 12:28:00,241.47
2011-11-11 12:41:00,504.24
2011-11-11 12:44:00,1568.13
2011-11-11 12:45:00,15.8
2011-11-11 12:46:00,468.91
2011-11-11 12:52:00,461.32
2011-11-11 12:53:00,640.84
2011-11-11 12:56:00,149.01
2011-11-11 13:20:00,122.4
2011-11-11 13:25:00,416.56
2011-11-11 13:29:00,5.43
2011-11-11 13:35:00,784.46
2011-11-11 13:40:00,152.64
2011-11-11 13:46:00,715.74
2011-11-11 13:57:00,488.95
2011-11-11 14:03:00,424.2
2011-11-11 14:04:00,54.0
2011-11-11 14:09:00,309.3
2011-11-11 14:12:00,191.04
2011-11-11 14:22:00,202.31
2011-11-11 14:23:00,239.28
2011-11-11 14:25:00,220.7
2011-11-11 14:50:00,399.09
2011-11-11 14:52:00,1136.6799999999998
2011-11-11 14:53:00,171.72
2011-11-11 15:08:00,302.48
2011-11-11 15:13:00,359.9
2011-11-11 15:20:00,446.02
2011-11-11 15:24:00,343.38
2011-11-11 15:28:00,162.22
2011-11-11 15:49:00,491.86
2011-11-11 15:54:00,345.82
2011-11-11 16:05:00,3.0
2011-11-11 16:13:00,315.72
2011-11-11 16:31:00,432.16
2011-11-11 16:33:00,1405.2
2011-11-11 16:49:00,176.39999999999998
2011-11-11 16:57:00,681.96
2011-11-11 16:58:00,532.17
2011-11-11 17:00:00,4041.18
2011-11-11 17:01:00,306.0
2011-11-11 17:10:00,479.8
2011-11-11 17:11:00,501.56
2011-11-11 17:13:00,149.23
2011-11-11 17:23:00,314.38
2011-11-13 10:35:00,959.1
2011-11-13 10:41:00,1285.44
2011-11-13 11:20:00,453.4
2011-11-13 11:21:00,320.6
2011-11-13 11:24:00,281.58
2011-11-13 11:30:00,273.51
2011-11-13 11:37:00,316.54
2011-11-13 11:39:00,180.51
2011-11-13 11:44:00,563.35
2011-11-13 11:46:00,524.9
2011-11-13 11:48:00,305.28
2011-11-13 11:50:00,61.2
2011-11-13 11:51:00,553.51
2011-11-13 11:53:00,416.36
2011-11-13 11:54:00,316.44
2011-11-13 11:55:00,200.68
2011-11-13 12:03:00,433.0
2011-11-13 12:05:00,110.71000000000001
2011-11-13 12:17:00,152.19
2011-11-13 12:19:00,108.81
2011-11-13 12:23:00,32.17
2011-11-13 12:27:00,1108.78
2011-11-13 12:28:00,154.29
2011-11-13 12:29:00,125.48
2011-11-13 12:31:00,212.27
2011-11-13 12:32:00,342.95
2011-11-13 12:38:00,101.18
2011-11-13 12:40:00,2.95
2011-11-13 12:47:00,570.77
2011-11-13 12:50:00,372.68
2011-11-13 13:00:00,308.1
2011-11-13 13:01:00,440.63
2011-11-13 13:18:00,672.99
2011-11-13 13:26:00,183.14000000000001
2011-11-13 13:27:00,640.36
2011-11-13 13:30:00,175.31
2011-11-13 13:41:00,312.24
2011-11-13 13:42:00,718.71
2011-11-13 13:45:00,136.74
2011-11-13 13:50:00,141.44
2011-11-13 14:09:00,507.59000000000003
2011-11-13 14:11:00,240.05
2011-11-13 14:14:00,29.82
2011-11-13 14:18:00,108.3
2011-11-13 14:20:00,316.67
2011-11-13 14:29:00,268.72
2011-11-13 14:31:00,586.85
2011-11-13 14:34:00,121.4
2011-11-13 14:42:00,279.8
2011-11-13 14:44:00,39.95
2011-11-13 14:45:00,2068.4900000000002
2011-11-13 14:48:00,367.34
2011-11-13 14:53:00,581.58
2011-11-13 14:55:00,86.82000000000001
2011-11-13 15:02:00,326.82
2011-11-13 15:04:00,308.34
2011-11-13 15:05:00,138.99
2011-11-13 15:06:00,74.85
2011-11-13 15:15:00,595.02
2011-11-13 15:19:00,357.67
2011-11-13 15:25:00,179.67000000000002
2011-11-13 15:29:00,228.91
2011-11-13 15:30:00,993.38
2011-11-13 15:37:00,453.53000000000003
2011-11-13 15:42:00,337.11
2011-11-13 15:44:00,187.26
2011-11-13 15:48:00,319.06
2011-11-13 15:52:00,368.45
2011-11-13 15:57:00,164.34
2011-11-13 15:58:00,512.76
2011-11-13 16:03:00,248.07
2011-11-13 16:13:00,173.44
2011-11-13 16:14:00,306.48
2011-11-13 16:16:00,483.90999999999997
2011-11-13 16:18:00,615.49
2011-11-13 16:22:00,734.02
2011-11-13 16:24:00,134.77
2011-11-14 08:10:00,49.2
2011-11-14 08:16:00,310.08
2011-11-14 08:22:00,1646.82
2011-11-14 08:27:00,15.0
2011-11-14 08:28:00,218.72
2011-11-14 08:29:00,135.45
2011-11-14 08:31:00,736.58
2011-11-14 08:41:00,1314.94
2011-11-14 08:56:00,3478.0299999999997
2011-11-14 09:00:00,721.06
2011-11-14 09:05:00,303.06
2011-11-14 09:12:00,309.48
2011-11-14 09:13:00,396.96
2011-11-14 09:20:00,86.0
2011-11-14 09:21:00,139.56
2011-11-14 10:01:00,537.1
2011-11-14 10:28:00,392.57
2011-11-14 10:33:00,78.0
2011-11-14 10:34:00,332.66
2011-11-14 10:38:00,379.79
2011-11-14 10:45:00,1617.56
2011-11-14 10:47:00,348.21000000000004
2011-11-14 10:49:00,1324.3
2011-11-14 10:50:00,321.48
2011-11-14 11:00:00,1355.56
2011-11-14 11:02:00,318.12
2011-11-14 11:04:00,261.9
2011-11-14 11:09:00,3419.64
2011-11-14 11:11:00,1419.58
2011-11-14 11:19:00,528.89
2011-11-14 11:21:00,114.14
2011-11-14 11:24:00,93.5
2011-11-14 11:25:00,505.34000000000003
2011-11-14 11:26:00,106.56
2011-11-14 11:33:00,313.13
2011-11-14 11:46:00,137.58
2011-11-14 11:54:00,213.61
2011-11-14 12:07:00,277.82
2011-11-14 12:12:00,98.42
2011-11-14 12:14:00,256.76
2011-11-14 12:18:00,100.8
2011-11-14 12:22:00,915.4000000000001
2011-11-14 12:45:00,680.84
2011-11-14 12:47:00,315.65
2011-11-14 12:49:00,59.64
2011-11-14 12:55:00,284.12
2011-11-14 12:56:00,177.01
2011-11-14 12:58:00,3134.96
2011-11-14 13:00:00,1023.42
2011-11-14 13:01:00,179.0
2011-11-14 13:02:00,411.71999999999997
2011-11-14 13:08:00,161.64
2011-11-14 13:10:00,49.5
2011-11-14 13:12:00,273.04
2011-11-14 13:31:00,356.71
2011-11-14 13:32:00,71.64000000000001
2011-11-14 13:33:00,291.5
2011-11-14 13:40:00,518.12
2011-11-14 13:42:00,394.82
2011-11-14 13:47:00,374.17
2011-11-14 13:51:00,394.38
2011-11-14 13:55:00,889.46
2011-11-14 13:57:00,358.0
2011-11-14 14:02:00,933.14
2011-11-14 14:09:00,678.55
2011-11-14 14:17:00,49.5
2011-11-14 14:18:00,407.92
2011-11-14 14:23:00,461.59
2011-11-14 14:24:00,300.34
2011-11-14 14:28:00,948.48
2011-11-14 14:39:00,220.25
2011-11-14 14:40:00,260.7
2011-11-14 14:51:00,350.24
2011-11-14 14:57:00,383.31
2011-11-14 14:59:00,285.67
2011-11-14 15:03:00,354.85
2011-11-14 15:10:00,271.95
2011-11-14 15:18:00,465.88
2011-11-14 15:19:00,737.33
2011-11-14 15:27:00,8425.539999999999
2011-11-14 15:37:00,834.59
2011-11-14 15:38:00,8.2
2011-11-14 15:41:00,111.38
2011-11-14 15:51:00,303.26
2011-11-14 16:17:00,1397.31
2011-11-14 16:28:00,1364.74
2011-11-14 16:30:00,243.14000000000001
2011-11-14 16:57:00,327.02
2011-11-14 16:58:00,17.34
2011-11-14 16:59:00,1167.6000000000001
2011-11-14 17:10:00,7.5
2011-11-14 17:11:00,657.29
2011-11-14 17:40:00,591.91
2011-11-15 08:00:00,558.6
2011-11-15 08:07:00,405.07
2011-11-15 08:32:00,696.24
2011-11-15 08:43:00,332.23
2011-11-15 08:50:00,6260.9
2011-11-15 09:11:00,383.48
2011-11-15 09:12:00,56.5
2011-11-15 09:15:00,303.93
2011-11-15 09:21:00,346.12
2011-11-15 09:23:00,135.86
2011-11-15 09:26:00,508.42
2011-11-15 09:30:00,32.550000000000004
2011-11-15 09:31:00,216.47
2011-11-15 09:32:00,162.82
2011-11-15 09:41:00,34.65
2011-11-15 09:42:00,224.66
2011-11-15 09:55:00,141.4
2011-11-15 10:00:00,308.48
2011-11-15 10:05:00,850.5
2011-11-15 10:13:00,130.85
2011-11-15 10:17:00,332.46000000000004
2011-11-15 10:32:00,4925.8
2011-11-15 10:38:00,61.2
2011-11-15 10:41:00,242.22000000000003
2011-11-15 10:48:00,205.25
2011-11-15 10:50:00,476.99
2011-11-15 10:51:00,452.14
2011-11-15 10:56:00,108.43
2011-11-15 11:14:00,483.99
2011-11-15 11:17:00,616.74
2011-11-15 11:21:00,365.4
2011-11-15 11:30:00,304.84000000000003
2011-11-15 11:37:00,404.37
2011-11-15 11:56:00,310.1
2011-11-15 12:02:00,214.91
2011-11-15 12:05:00,152.66000000000003
2011-11-15 12:07:00,201.13
2011-11-15 12:09:00,440.0
2011-11-15 12:10:00,272.63
2011-11-15 12:13:00,140.94
2011-11-15 12:19:00,315.68
2011-11-15 12:25:00,353.1
2011-11-15 12:33:00,170.15
2011-11-15 12:34:00,1070.4
2011-11-15 12:42:00,655.58
2011-11-15 12:43:00,133.7
2011-11-15 12:48:00,107.7
2011-11-15 12:50:00,305.62
2011-11-15 12:57:00,514.24
2011-11-15 13:01:00,247.15
2011-11-15 13:07:00,816.3
2011-11-15 13:19:00,252.78
2011-11-15 13:21:00,275.74
2011-11-15 13:24:00,143.04
2011-11-15 13:27:00,210.55
2011-11-15 13:32:00,273.52
2011-11-15 13:41:00,114.0
2011-11-15 13:42:00,213.78
2011-11-15 13:47:00,179.78
2011-11-15 13:48:00,311.6
2011-11-15 13:49:00,355.23
2011-11-15 13:52:00,104.1
2011-11-15 13:53:00,832.01
2011-11-15 13:55:00,333.69
2011-11-15 14:04:00,180.7
2011-11-15 14:15:00,570.98
2011-11-15 14:22:00,429.6
2011-11-15 14:23:00,265.96
2011-11-15 14:29:00,437.79
2011-11-15 14:30:00,1894.01
2011-11-15 14:32:00,136.32
2011-11-15 14:47:00,504.43
2011-11-15 14:48:00,598.73
2011-11-15 14:56:00,376.58000000000004
2011-11-15 14:57:00,1133.15
2011-11-15 15:05:00,352.6
2011-11-15 15:06:00,902.53
2011-11-15 15:08:00,366.85
2011-11-15 15:10:00,81.54
2011-11-15 15:20:00,832.58
2011-11-15 15:22:00,524.28
2011-11-15 15:23:00,835.97
2011-11-15 15:33:00,490.24
2011-11-15 15:42:00,710.86
2011-11-15 15:49:00,595.44
2011-11-15 16:08:00,279.77
2011-11-15 16:19:00,46.62
2011-11-15 16:29:00,378.49
2011-11-15 16:30:00,5.9
2011-11-15 16:34:00,310.03999999999996
2011-11-15 16:38:00,250.04
2011-11-15 16:42:00,389.76
2011-11-15 16:56:00,261.3
2011-11-15 17:11:00,105.76
2011-11-15 17:12:00,1301.0
2011-11-15 17:14:00,396.0
2011-11-15 17:20:00,121.6
2011-11-15 17:26:00,376.71999999999997
2011-11-16 08:25:00,361.8
2011-11-16 08:28:00,291.88
2011-11-16 08:37:00,610.28
2011-11-16 08:38:00,199.98000000000002
2011-11-16 08:53:00,226.4
2011-11-16 09:27:00,356.39
2011-11-16 09:28:00,94.56
2011-11-16 09:32:00,408.8
2011-11-16 09:34:00,453.54
2011-11-16 09:35:00,219.35
2011-11-16 09:43:00,282.45
2011-11-16 09:44:00,121.32000000000001
2011-11-16 09:59:00,258.87
2011-11-16 10:14:00,643.96
2011-11-16 10:32:00,787.23
2011-11-16 10:34:00,1935.9
2011-11-16 10:37:00,609.07
2011-11-16 10:39:00,170.56
2011-11-16 10:45:00,4391.16
2011-11-16 10:55:00,614.39
2011-11-16 10:57:00,30.0
2011-11-16 11:03:00,409.02
2011-11-16 11:05:00,290.81
2011-11-16 11:09:00,21.0
2011-11-16 11:16:00,315.7
2011-11-16 11:17:00,102.79
2011-11-16 11:31:00,247.98000000000002
2011-11-16 11:41:00,232.5
2011-11-16 11:46:00,887.25
2011-11-16 11:47:00,4.2
2011-11-16 11:48:00,498.06
2011-11-16 11:49:00,363.2
2011-11-16 11:52:00,77.76
2011-11-16 11:55:00,55.16
2011-11-16 11:59:00,1497.52
2011-11-16 12:03:00,497.06
2011-11-16 12:08:00,991.84
2011-11-16 12:13:00,159.13
2011-11-16 12:16:00,1980.26
2011-11-16 12:18:00,230.37
2011-11-16 12:19:00,337.28000000000003
2011-11-16 12:21:00,439.03999999999996
2011-11-16 12:22:00,443.4
2011-11-16 12:25:00,487.3
2011-11-16 12:26:00,623.54
2011-11-16 12:29:00,165.92
2011-11-16 12:42:00,540.5
2011-11-16 12:51:00,273.03999999999996
2011-11-16 13:13:00,1145.32
2011-11-16 13:14:00,107.45
2011-11-16 13:16:00,223.85000000000002
2011-11-16 13:19:00,739.02
2011-11-16 13:20:00,434.5
2011-11-16 13:21:00,1017.1
2011-11-16 13:24:00,241.53
2011-11-16 13:25:00,1134.6
2011-11-16 13:27:00,370.35999999999996
2011-11-16 13:33:00,178.34
2011-11-16 13:36:00,340.0
2011-11-16 13:38:00,475.13
2011-11-16 13:40:00,384.18
2011-11-16 13:53:00,238.99
2011-11-16 13:54:00,946.41
2011-11-16 13:56:00,60.12
2011-11-16 13:59:00,324.07
2011-11-16 14:11:00,295.17
2011-11-16 14:20:00,305.22
2011-11-16 14:26:00,408.66
2011-11-16 14:28:00,661.8
2011-11-16 14:54:00,278.13
2011-11-16 15:01:00,263.0
2011-11-16 15:08:00,226.17
2011-11-16 15:10:00,389.41
2011-11-16 15:14:00,462.28
2011-11-16 15:21:00,353.98
2011-11-16 15:26:00,106.88
2011-11-16 15:31:00,295.8
2011-11-16 15:33:00,1115.52
2011-11-16 15:34:00,200.2
2011-11-16 15:35:00,954.57
2011-11-16 15:38:00,245.68
2011-11-16 15:39:00,23.55
2011-11-16 15:41:00,235.78
2011-11-16 15:45:00,294.32
2011-11-16 15:48:00,93.39000000000001
2011-11-16 15:49:00,42.36000000000001
2011-11-16 15:51:00,238.92000000000002
2011-11-16 15:52:00,218.77
2011-11-16 15:56:00,495.78000000000003
2011-11-16 15:58:00,769.36
2011-11-16 16:00:00,220.94
2011-11-16 16:06:00,743.5600000000001
2011-11-16 16:08:00,103.69
2011-11-16 16:18:00,285.3
2011-11-16 16:20:00,617.04
2011-11-16 16:26:00,277.88
2011-11-16 16:30:00,281.03000000000003
2011-11-16 16:32:00,349.6
2011-11-16 16:42:00,411.98
2011-11-16 16:43:00,6.959999999999999
2011-11-16 16:49:00,86.6
2011-11-16 16:52:00,444.68
2011-11-16 17:03:00,350.62
2011-11-16 17:10:00,389.13
2011-11-16 17:16:00,267.7
2011-11-16 17:24:00,292.67
2011-11-16 17:25:00,328.65
2011-11-16 17:26:00,120.9
2011-11-17 08:20:00,67.00999999999999
2011-11-17 08:29:00,186.8
2011-11-17 08:35:00,291.86
2011-11-17 08:40:00,58.349999999999994
2011-11-17 08:41:00,925.03
2011-11-17 08:49:00,759.48
2011-11-17 08:53:00,343.38
2011-11-17 08:54:00,207.99
2011-11-17 08:56:00,99.0
2011-11-17 09:25:00,211.63
2011-11-17 09:31:00,285.88
2011-11-17 09:33:00,616.48
2011-11-17 09:34:00,248.2
2011-11-17 09:49:00,1072.1200000000001
2011-11-17 09:51:00,2037.69
2011-11-17 10:01:00,739.52
2011-11-17 10:02:00,55.08
2011-11-17 10:09:00,93.44
2011-11-17 10:21:00,25.7
2011-11-17 10:24:00,358.15000000000003
2011-11-17 10:40:00,289.1
2011-11-17 10:49:00,532.76
2011-11-17 10:51:00,7.800000000000001
2011-11-17 10:52:00,4808.48
2011-11-17 10:53:00,477.67
2011-11-17 10:59:00,442.14
2011-11-17 11:02:00,1551.3
2011-11-17 11:04:00,145.95
2011-11-17 11:09:00,441.22
2011-11-17 11:10:00,305.38
2011-11-17 11:12:00,492.51
2011-11-17 11:29:00,349.56
2011-11-17 11:34:00,619.9
2011-11-17 11:45:00,533.69
2011-11-17 11:48:00,13.05
2011-11-17 11:51:00,312.92
2011-11-17 11:54:00,280.97
2011-11-17 11:59:00,244.66
2011-11-17 12:00:00,306.0
2011-11-17 12:02:00,133.02
2011-11-17 12:05:00,572.59
2011-11-17 12:11:00,464.85
2011-11-17 12:19:00,30.0
2011-11-17 12:21:00,780.1999999999999
2011-11-17 12:25:00,163.74
2011-11-17 12:30:00,211.10000000000002
2011-11-17 12:32:00,365.29
2011-11-17 12:39:00,2209.74
2011-11-17 12:42:00,331.55
2011-11-17 12:43:00,412.8
2011-11-17 12:47:00,143.2
2011-11-17 12:54:00,363.62
2011-11-17 12:55:00,243.6
2011-11-17 12:56:00,321.15
2011-11-17 12:59:00,1279.68
2011-11-17 13:00:00,301.64
2011-11-17 13:07:00,91.8
2011-11-17 13:16:00,1297.09
2011-11-17 13:21:00,395.73
2011-11-17 13:30:00,1452.44
2011-11-17 13:32:00,152.64
2011-11-17 13:38:00,174.9
2011-11-17 13:45:00,460.8
2011-11-17 13:46:00,1487.71
2011-11-17 13:48:00,315.9
2011-11-17 13:50:00,65.7
2011-11-17 13:58:00,298.78
2011-11-17 13:59:00,738.67
2011-11-17 14:02:00,174.98
2011-11-17 14:08:00,382.63
2011-11-17 14:17:00,612.39
2011-11-17 14:19:00,103.2
2011-11-17 14:22:00,599.16
2011-11-17 14:24:00,631.35
2011-11-17 14:26:00,496.48
2011-11-17 14:29:00,406.22
2011-11-17 14:30:00,237.36
2011-11-17 14:36:00,131.8
2011-11-17 14:40:00,1005.89
2011-11-17 14:41:00,447.93
2011-11-17 14:43:00,295.14
2011-11-17 14:46:00,146.35000000000002
2011-11-17 14:49:00,164.72
2011-11-17 14:50:00,9.0
2011-11-17 14:51:00,69.61
2011-11-17 14:56:00,1166.7
2011-11-17 15:02:00,99.7
2011-11-17 15:04:00,243.96
2011-11-17 15:08:00,151.5
2011-11-17 15:16:00,524.18
2011-11-17 15:22:00,129.22
2011-11-17 15:24:00,357.6
2011-11-17 15:31:00,444.82
2011-11-17 15:34:00,145.71
2011-11-17 15:41:00,282.25
2011-11-17 15:47:00,310.5
2011-11-17 15:50:00,165.3
2011-11-17 15:55:00,149.6
2011-11-17 15:59:00,295.75
2011-11-17 16:02:00,209.49
2011-11-17 16:29:00,131.95
2011-11-17 16:35:00,446.90000000000003
2011-11-17 16:37:00,426.06
2011-11-17 16:39:00,368.73
2011-11-17 16:42:00,616.8
2011-11-17 16:43:00,472.0
2011-11-17 16:48:00,312.68
2011-11-17 16:51:00,189.7
2011-11-17 17:08:00,88.25
2011-11-17 17:13:00,312.73
2011-11-17 17:16:00,186.18
2011-11-17 17:18:00,331.54
2011-11-17 17:30:00,851.0600000000001
2011-11-17 17:34:00,326.75
2011-11-17 17:50:00,304.47
2011-11-17 17:53:00,113.64
2011-11-17 18:29:00,800.96
2011-11-17 18:43:00,133.4
2011-11-17 19:22:00,1794.05
2011-11-17 19:27:00,445.08000000000004
2011-11-17 19:48:00,130.49
2011-11-17 19:52:00,46.8
2011-11-17 19:58:00,165.0
2011-11-18 08:21:00,184.26
2011-11-18 08:47:00,51.95
2011-11-18 08:56:00,580.52
2011-11-18 08:57:00,170.0
2011-11-18 08:59:00,325.44
2011-11-18 09:03:00,17.700000000000003
2011-11-18 09:04:00,42.900000000000006
2011-11-18 09:10:00,55.6
2011-11-18 09:11:00,553.14
2011-11-18 09:19:00,344.51
2011-11-18 09:31:00,142.88
2011-11-18 09:42:00,75.45
2011-11-18 09:43:00,1253.66
2011-11-18 09:53:00,499.40000000000003
2011-11-18 09:56:00,349.4
2011-11-18 09:57:00,604.73
2011-11-18 09:58:00,1268.47
2011-11-18 10:05:00,334.56
2011-11-18 10:18:00,280.3
2011-11-18 10:24:00,137.3
2011-11-18 10:27:00,195.52
2011-11-18 10:37:00,102.0
2011-11-18 10:41:00,352.63
2011-11-18 10:42:00,849.66
2011-11-18 10:46:00,200.45000000000002
2011-11-18 10:52:00,612.21
2011-11-18 10:56:00,115.05
2011-11-18 10:57:00,579.86
2011-11-18 10:58:00,535.06
2011-11-18 11:07:00,316.45
2011-11-18 11:10:00,181.47
2011-11-18 11:20:00,92.4
2011-11-18 11:27:00,1040.39
2011-11-18 11:39:00,304.7
2011-11-18 11:47:00,354.96000000000004
2011-11-18 11:49:00,563.28
2011-11-18 11:53:00,243.61
2011-11-18 12:02:00,143.14
2011-11-18 12:07:00,439.66
2011-11-18 12:08:00,158.53
2011-11-18 12:09:00,314.85
2011-11-18 12:22:00,260.15
2011-11-18 12:25:00,333.62
2011-11-18 12:27:00,222.43
2011-11-18 12:39:00,574.1
2011-11-18 12:46:00,374.68
2011-11-18 12:47:00,151.37
2011-11-18 12:48:00,277.56
2011-11-18 12:49:00,525.5500000000001
2011-11-18 12:52:00,126.0
2011-11-18 12:53:00,336.69
2011-11-18 12:57:00,181.07
2011-11-18 13:02:00,974.8100000000001
2011-11-18 13:14:00,675.07
2011-11-18 13:15:00,769.0
2011-11-18 13:16:00,106.06
2011-11-18 13:18:00,738.1800000000001
2011-11-18 13:21:00,157.78
2011-11-18 13:23:00,936.64
2011-11-18 13:25:00,219.92
2011-11-18 13:30:00,1185.85
2011-11-18 13:33:00,183.23
2011-11-18 13:42:00,1072.73
2011-11-18 13:43:00,163.24
2011-11-18 13:44:00,663.5600000000001
2011-11-18 13:45:00,72.0
2011-11-18 14:01:00,303.01
2011-11-18 14:07:00,152.64000000000001
2011-11-18 14:08:00,166.0
2011-11-18 14:14:00,188.7
2011-11-18 14:15:00,169.06
2011-11-18 14:23:00,465.92
2011-11-18 14:25:00,297.65000000000003
2011-11-18 14:40:00,370.14
2011-11-18 14:42:00,446.94000000000005
2011-11-18 14:50:00,584.97
2011-11-18 14:51:00,160.7
2011-11-18 14:52:00,166.07999999999998
2011-11-18 15:00:00,778.6
2011-11-18 15:14:00,198.6
2011-11-18 15:27:00,102.12
2011-11-18 15:41:00,126.0
2011-11-18 15:53:00,900.1600000000001
2011-11-18 15:54:00,867.64
2011-11-18 16:07:00,396.71
2011-11-18 16:13:00,15.0
2011-11-18 16:19:00,366.17
2011-11-18 16:48:00,12.4
2011-11-18 16:55:00,4.25
2011-11-18 17:06:00,2068.09
2011-11-18 17:11:00,478.12
2011-11-18 17:20:00,571.24
2011-11-20 10:11:00,786.4399999999999
2011-11-20 10:15:00,462.44
2011-11-20 10:16:00,450.12
2011-11-20 10:29:00,212.92
2011-11-20 10:36:00,219.0
2011-11-20 10:37:00,509.96000000000004
2011-11-20 10:51:00,110.95
2011-11-20 10:53:00,882.86
2011-11-20 10:59:00,248.85
2011-11-20 11:00:00,437.67
2011-11-20 11:06:00,255.4
2011-11-20 11:09:00,207.21
2011-11-20 11:11:00,345.4
2011-11-20 11:16:00,172.79999999999998
2011-11-20 11:25:00,318.68
2011-11-20 11:28:00,1363.45
2011-11-20 11:30:00,598.04
2011-11-20 11:31:00,888.27
2011-11-20 11:32:00,155.71
2011-11-20 11:33:00,190.72
2011-11-20 11:34:00,917.54
2011-11-20 11:37:00,986.17
2011-11-20 11:43:00,319.64
2011-11-20 11:50:00,334.13
2011-11-20 11:52:00,492.94
2011-11-20 11:56:00,722.69
2011-11-20 12:00:00,909.12
2011-11-20 12:11:00,315.33
2011-11-20 12:12:00,125.99000000000001
2011-11-20 12:13:00,337.28
2011-11-20 12:17:00,35.1
2011-11-20 12:20:00,335.35
2011-11-20 12:22:00,440.24
2011-11-20 12:24:00,24.11
2011-11-20 12:30:00,225.35999999999999
2011-11-20 12:32:00,317.56
2011-11-20 12:34:00,775.09
2011-11-20 12:36:00,821.59
2011-11-20 12:37:00,378.31
2011-11-20 12:40:00,495.36
2011-11-20 12:42:00,225.44
2011-11-20 12:45:00,183.69
2011-11-20 12:46:00,19.8
2011-11-20 12:53:00,165.12
2011-11-20 12:55:00,262.42
2011-11-20 13:00:00,192.19
2011-11-20 13:02:00,117.74000000000001
2011-11-20 13:08:00,107.7
2011-11-20 13:16:00,353.81
2011-11-20 13:17:00,126.7
2011-11-20 13:20:00,992.55
2011-11-20 13:23:00,239.93
2011-11-20 13:33:00,752.6
2011-11-20 13:37:00,161.35
2011-11-20 13:39:00,554.34
2011-11-20 13:40:00,188.73
2011-11-20 13:45:00,177.31
2011-11-20 13:47:00,60.48
2011-11-20 13:48:00,371.2
2011-11-20 14:01:00,118.98
2011-11-20 14:04:00,135.11
2011-11-20 14:05:00,23.79
2011-11-20 14:07:00,341.24
2011-11-20 14:14:00,118.72
2011-11-20 14:17:00,170.32
2011-11-20 14:20:00,118.2
2011-11-20 14:24:00,507.68
2011-11-20 14:28:00,100.14
2011-11-20 14:31:00,381.7
2011-11-20 14:33:00,130.04
2011-11-20 14:40:00,285.56
2011-11-20 14:43:00,968.14
2011-11-20 14:45:00,10.5
2011-11-20 14:50:00,29.4
2011-11-20 15:00:00,430.32
2011-11-20 15:05:00,307.56
2011-11-20 15:21:00,265.83
2011-11-20 15:27:00,150.3
2011-11-20 15:30:00,70.2
2011-11-20 15:35:00,353.03
2011-11-20 15:36:00,490.11
2011-11-20 15:48:00,108.75
2011-11-20 15:52:00,111.18
2011-11-20 16:07:00,307.09000000000003
2011-11-20 16:12:00,229.61
2011-11-21 08:02:00,390.0
2011-11-21 08:19:00,670.44
2011-11-21 08:26:00,316.90000000000003
2011-11-21 08:28:00,290.76
2011-11-21 08:31:00,978.58
2011-11-21 08:37:00,329.04
2011-11-21 08:40:00,147.04
2011-11-21 08:57:00,43.2
2011-11-21 09:02:00,400.08
2011-11-21 09:11:00,427.48
2011-11-21 09:21:00,95.4
2011-11-21 09:51:00,1757.55
2011-11-21 09:55:00,362.48
2011-11-21 10:02:00,805.2
2011-11-21 10:22:00,993.29
2011-11-21 10:23:00,95.52000000000001
2011-11-21 10:27:00,430.48
2011-11-21 10:35:00,1120.1100000000001
2011-11-21 10:39:00,133.68
2011-11-21 10:48:00,186.01
2011-11-21 10:51:00,219.01
2011-11-21 11:16:00,397.72
2011-11-21 11:29:00,278.45
2011-11-21 11:34:00,474.05
2011-11-21 11:50:00,129.4
2011-11-21 11:55:00,612.01
2011-11-21 11:57:00,154.35
2011-11-21 12:02:00,135.06
2011-11-21 12:05:00,320.89
2011-11-21 12:06:00,588.03
2011-11-21 12:11:00,183.32
2011-11-21 12:17:00,179.09
2011-11-21 12:18:00,297.0
2011-11-21 12:19:00,523.2
2011-11-21 12:20:00,1100.22
2011-11-21 12:21:00,1809.7
2011-11-21 12:24:00,131.66
2011-11-21 12:36:00,504.5
2011-11-21 12:37:00,97.5
2011-11-21 12:38:00,45.300000000000004
2011-11-21 12:40:00,167.92000000000002
2011-11-21 12:43:00,362.76
2011-11-21 12:52:00,360.73
2011-11-21 12:53:00,563.28
2011-11-21 12:59:00,178.26
2011-11-21 13:09:00,569.9200000000001
2011-11-21 13:10:00,149.47
2011-11-21 13:14:00,520.8
2011-11-21 13:20:00,110.92
2011-11-21 13:35:00,216.9
2011-11-21 13:36:00,472.15
2011-11-21 13:40:00,467.11
2011-11-21 13:41:00,453.22
2011-11-21 13:44:00,145.11
2011-11-21 13:58:00,368.59999999999997
2011-11-21 14:06:00,461.4
2011-11-21 14:17:00,383.99
2011-11-21 14:21:00,5490.24
2011-11-21 14:24:00,1437.5
2011-11-21 14:26:00,534.2
2011-11-21 14:34:00,251.37
2011-11-21 14:47:00,2675.28
2011-11-21 14:49:00,195.36
2011-11-21 14:59:00,340.11
2011-11-21 15:10:00,43.62
2011-11-21 15:27:00,453.08
2011-11-21 15:33:00,359.04
2011-11-21 15:42:00,41.6
2011-11-21 15:53:00,689.52
2011-11-21 15:57:00,871.9
2011-11-21 16:02:00,32.65
2011-11-21 16:10:00,139.97
2011-11-21 16:17:00,249.0
2011-11-21 16:20:00,2786.4
2011-11-21 16:24:00,119.66
2011-11-21 16:25:00,701.97
2011-11-21 16:35:00,172.6
2011-11-21 16:36:00,971.74
2011-11-21 16:40:00,135.43
2011-11-21 16:48:00,542.03
2011-11-21 16:50:00,123.01
2011-11-21 16:53:00,233.9
2011-11-21 16:54:00,313.34
2011-11-21 17:00:00,889.38
2011-11-21 17:04:00,82.5
2011-11-21 17:10:00,29.5
2011-11-21 17:33:00,189.87
2011-11-22 08:19:00,1459.76
2011-11-22 08:20:00,82.0
2011-11-22 08:26:00,309.65
2011-11-22 08:28:00,75.0
2011-11-22 08:34:00,414.25
2011-11-22 08:44:00,720.0
2011-11-22 08:54:00,214.71
2011-11-22 08:56:00,308.74
2011-11-22 09:06:00,580.38
2011-11-22 09:16:00,120.06
2011-11-22 09:17:00,1090.92
2011-11-22 09:18:00,256.45
2011-11-22 09:24:00,604.0
2011-11-22 09:34:00,2000.0
2011-11-22 09:40:00,392.40000000000003
2011-11-22 09:42:00,446.01
2011-11-22 09:43:00,161.67000000000002
2011-11-22 09:53:00,276.85
2011-11-22 10:12:00,174.6
2011-11-22 10:17:00,266.7
2011-11-22 10:20:00,145.65
2011-11-22 10:21:00,542.99
2011-11-22 10:24:00,284.02
2011-11-22 10:30:00,213.72
2011-11-22 10:32:00,289.52
2011-11-22 10:34:00,40.64
2011-11-22 10:35:00,205.62
2011-11-22 10:39:00,1025.15
2011-11-22 10:44:00,734.8199999999999
2011-11-22 10:59:00,44.55
2011-11-22 11:04:00,1485.34
2011-11-22 11:08:00,2232.0
2011-11-22 11:13:00,117.08000000000001
2011-11-22 11:14:00,189.64000000000001
2011-11-22 11:18:00,239.31
2011-11-22 11:19:00,357.88
2011-11-22 11:21:00,221.64
2011-11-22 11:24:00,635.06
2011-11-22 11:25:00,269.64
2011-11-22 11:28:00,351.64
2011-11-22 11:34:00,294.71999999999997
2011-11-22 11:37:00,206.28
2011-11-22 11:47:00,279.37
2011-11-22 11:48:00,322.08
2011-11-22 11:51:00,313.64
2011-11-22 11:58:00,138.05
2011-11-22 12:07:00,193.76
2011-11-22 12:09:00,492.73
2011-11-22 12:13:00,394.14
2011-11-22 12:24:00,202.95
2011-11-22 12:25:00,150.0
2011-11-22 12:38:00,108.39999999999999
2011-11-22 12:39:00,522.98
2011-11-22 12:40:00,388.68
2011-11-22 12:47:00,209.28
2011-11-22 12:48:00,114.14
2011-11-22 12:50:00,204.0
2011-11-22 12:52:00,292.59000000000003
2011-11-22 12:54:00,59.400000000000006
2011-11-22 12:55:00,111.91
2011-11-22 12:58:00,440.76
2011-11-22 13:02:00,475.97
2011-11-22 13:07:00,228.8
2011-11-22 13:08:00,714.09
2011-11-22 13:11:00,135.43
2011-11-22 13:20:00,418.03000000000003
2011-11-22 13:22:00,30.349999999999998
2011-11-22 13:25:00,300.45
2011-11-22 13:27:00,639.2
2011-11-22 13:28:00,309.36
2011-11-22 13:29:00,1298.88
2011-11-22 13:30:00,55.81
2011-11-22 13:33:00,860.6999999999999
2011-11-22 13:40:00,662.66
2011-11-22 13:41:00,1024.14
2011-11-22 13:42:00,585.75
2011-11-22 13:47:00,588.24
2011-11-22 14:00:00,284.04
2011-11-22 14:04:00,351.9
2011-11-22 14:10:00,346.14
2011-11-22 14:21:00,199.48000000000002
2011-11-22 14:23:00,1329.6200000000001
2011-11-22 14:25:00,510.0
2011-11-22 14:39:00,416.17
2011-11-22 14:41:00,722.14
2011-11-22 14:43:00,128.18
2011-11-22 14:59:00,946.5500000000001
2011-11-22 15:00:00,320.46
2011-11-22 15:04:00,334.90000000000003
2011-11-22 15:05:00,162.78
2011-11-22 15:07:00,95.34
2011-11-22 15:15:00,222.84
2011-11-22 15:22:00,976.0
2011-11-22 15:36:00,235.96
2011-11-22 15:37:00,104.0
2011-11-22 15:45:00,688.54
2011-11-22 15:49:00,351.95
2011-11-22 15:50:00,16.5
2011-11-22 15:52:00,272.36
2011-11-22 16:02:00,652.81
2011-11-22 16:06:00,797.71
2011-11-22 16:11:00,118.79
2011-11-22 16:24:00,196.94000000000003
2011-11-22 16:26:00,466.18
2011-11-22 16:28:00,243.55
2011-11-22 16:31:00,958.2
2011-11-22 16:33:00,221.36
2011-11-22 16:34:00,301.25
2011-11-22 16:39:00,294.88
2011-11-22 16:43:00,356.02
2011-11-22 16:44:00,150.55
2011-11-22 16:47:00,862.2
2011-11-22 17:02:00,406.72
2011-11-22 17:15:00,82.91
2011-11-22 17:19:00,314.77
2011-11-22 17:21:00,302.24
2011-11-22 17:23:00,184.4
2011-11-22 17:26:00,83.96000000000001
2011-11-22 17:32:00,79.48
2011-11-23 08:05:00,350.57
2011-11-23 08:17:00,368.14
2011-11-23 08:39:00,514.0
2011-11-23 08:42:00,254.12
2011-11-23 08:43:00,308.46
2011-11-23 08:47:00,177.33
2011-11-23 09:02:00,312.5
2011-11-23 09:09:00,127.67999999999999
2011-11-23 09:20:00,385.06
2011-11-23 09:22:00,311.66
2011-11-23 09:28:00,164.28
2011-11-23 09:34:00,30.0
2011-11-23 09:35:00,92.39999999999999
2011-11-23 09:41:00,194.41
2011-11-23 09:44:00,115.9
2011-11-23 09:51:00,314.81
2011-11-23 10:01:00,223.5
2011-11-23 10:08:00,842.02
2011-11-23 10:09:00,72.0
2011-11-23 10:21:00,381.2
2011-11-23 10:23:00,400.40000000000003
2011-11-23 10:28:00,80.0
2011-11-23 10:31:00,3956.6800000000003
2011-11-23 10:32:00,8.95
2011-11-23 10:36:00,472.6
2011-11-23 10:38:00,269.52
2011-11-23 10:39:00,102.83999999999999
2011-11-23 10:44:00,104.2
2011-11-23 10:55:00,243.8
2011-11-23 10:58:00,7952.679999999999
2011-11-23 11:04:00,290.0
2011-11-23 11:06:00,1835.96
2011-11-23 11:07:00,332.4
2011-11-23 11:09:00,192.44
2011-11-23 11:18:00,332.21
2011-11-23 11:21:00,131.39999999999998
2011-11-23 11:22:00,186.14
2011-11-23 11:30:00,1.65
2011-11-23 11:32:00,164.77
2011-11-23 11:36:00,392.4
2011-11-23 11:37:00,219.23000000000002
2011-11-23 11:40:00,500.52000000000004
2011-11-23 11:42:00,102.0
2011-11-23 11:43:00,83.4
2011-11-23 11:47:00,316.78
2011-11-23 11:49:00,341.54
2011-11-23 11:51:00,852.8100000000001
2011-11-23 11:54:00,273.35
2011-11-23 11:58:00,354.0
2011-11-23 12:05:00,286.8
2011-11-23 12:13:00,85.0
2011-11-23 12:20:00,2333.98
2011-11-23 12:22:00,298.24
2011-11-23 12:33:00,1050.3200000000002
2011-11-23 12:36:00,569.67
2011-11-23 12:38:00,116.46
2011-11-23 12:39:00,138.6
2011-11-23 12:40:00,437.12
2011-11-23 12:42:00,457.2
2011-11-23 12:43:00,122.53
2011-11-23 12:45:00,412.9
2011-11-23 12:48:00,530.16
2011-11-23 12:51:00,88.2
2011-11-23 12:52:00,366.8
2011-11-23 12:58:00,596.36
2011-11-23 12:59:00,69.6
2011-11-23 13:01:00,338.63
2011-11-23 13:15:00,378.90000000000003
2011-11-23 13:24:00,792.94
2011-11-23 13:27:00,711.09
2011-11-23 13:28:00,406.53000000000003
2011-11-23 13:34:00,141.68
2011-11-23 13:37:00,12.75
2011-11-23 13:39:00,6941.969999999999
2011-11-23 13:40:00,288.33
2011-11-23 13:41:00,107.36
2011-11-23 13:46:00,181.63
2011-11-23 13:51:00,800.37
2011-11-23 13:53:00,660.38
2011-11-23 13:54:00,353.52000000000004
2011-11-23 13:56:00,71.60000000000001
2011-11-23 13:57:00,171.54
2011-11-23 14:01:00,19.259999999999998
2011-11-23 14:05:00,49.0
2011-11-23 14:07:00,1623.82
2011-11-23 14:18:00,54.900000000000006
2011-11-23 14:35:00,708.76
2011-11-23 14:36:00,886.86
2011-11-23 14:37:00,91.45000000000002
2011-11-23 14:39:00,204.3
2011-11-23 14:51:00,541.08
2011-11-23 14:52:00,398.7
2011-11-23 14:53:00,426.09000000000003
2011-11-23 15:02:00,310.0
2011-11-23 15:14:00,380.64
2011-11-23 15:23:00,718.89
2011-11-23 15:39:00,541.71
2011-11-23 15:41:00,407.4
2011-11-23 15:44:00,10584.77
2011-11-23 15:46:00,236.34
2011-11-23 15:53:00,348.83
2011-11-23 16:09:00,34.29
2011-11-23 16:20:00,256.8
2011-11-23 16:22:00,334.32
2011-11-23 16:24:00,359.39
2011-11-23 16:33:00,332.55
2011-11-23 16:34:00,319.33
2011-11-23 16:43:00,302.44
2011-11-23 16:47:00,710.68
2011-11-23 16:48:00,272.46000000000004
2011-11-23 16:59:00,2990.0
2011-11-23 17:10:00,209.94
2011-11-23 17:19:00,212.85
2011-11-23 17:32:00,172.45
2011-11-23 17:43:00,161.52
2011-11-23 17:45:00,167.06
2011-11-24 08:28:00,277.98
2011-11-24 08:44:00,207.14000000000001
2011-11-24 08:50:00,332.96000000000004
2011-11-24 08:53:00,82.8
2011-11-24 09:06:00,417.56
2011-11-24 09:07:00,178.48000000000002
2011-11-24 09:13:00,279.35999999999996
2011-11-24 09:21:00,83.0
2011-11-24 09:23:00,264.6
2011-11-24 09:24:00,264.6
2011-11-24 09:34:00,162.5
2011-11-24 09:50:00,465.35
2011-11-24 09:51:00,306.35
2011-11-24 09:59:00,163.2
2011-11-24 10:02:00,129.5
2011-11-24 10:07:00,184.2
2011-11-24 10:12:00,468.52000000000004
2011-11-24 10:14:00,197.28
2011-11-24 10:24:00,188.49
2011-11-24 10:35:00,3284.64
2011-11-24 10:38:00,122.64
2011-11-24 10:39:00,1082.14
2011-11-24 10:42:00,220.2
2011-11-24 10:46:00,1092.1
2011-11-24 10:53:00,298.85
2011-11-24 11:10:00,136.65
2011-11-24 11:11:00,166.0
2011-11-24 11:17:00,37.239999999999995
2011-11-24 11:19:00,339.73
2011-11-24 11:41:00,240.39000000000001
2011-11-24 11:47:00,71.0
2011-11-24 11:52:00,168.13
2011-11-24 11:57:00,261.35
2011-11-24 12:01:00,72.0
2011-11-24 12:11:00,196.0
2011-11-24 12:12:00,521.21
2011-11-24 12:21:00,474.16
2011-11-24 12:24:00,285.35
2011-11-24 12:25:00,185.81
2011-11-24 12:27:00,69.6
2011-11-24 12:30:00,820.85
2011-11-24 12:33:00,220.62
2011-11-24 12:36:00,590.32
2011-11-24 12:38:00,237.74
2011-11-24 12:40:00,1750.46
2011-11-24 12:48:00,504.73
2011-11-24 12:52:00,810.76
2011-11-24 12:53:00,476.82
2011-11-24 13:01:00,316.5
2011-11-24 13:06:00,149.15
2011-11-24 13:17:00,183.5
2011-11-24 13:25:00,533.97
2011-11-24 13:27:00,247.62
2011-11-24 13:28:00,435.88
2011-11-24 13:32:00,1463.64
2011-11-24 13:40:00,190.29
2011-11-24 13:53:00,1350.78
2011-11-24 13:54:00,110.57000000000001
2011-11-24 13:56:00,334.37
2011-11-24 13:57:00,203.58
2011-11-24 14:06:00,197.48
2011-11-24 14:09:00,169.06
2011-11-24 14:10:00,150.76
2011-11-24 14:22:00,215.76
2011-11-24 14:37:00,301.14
2011-11-24 14:40:00,537.78
2011-11-24 14:42:00,271.2
2011-11-24 14:51:00,415.25
2011-11-24 14:52:00,52.74
2011-11-24 15:01:00,2374.15
2011-11-24 15:02:00,553.52
2011-11-24 15:03:00,121.07
2011-11-24 15:05:00,677.83
2011-11-24 15:21:00,280.09000000000003
2011-11-24 15:26:00,121.66
2011-11-24 15:28:00,49.8
2011-11-24 15:32:00,158.42
2011-11-24 15:38:00,879.1
2011-11-24 15:41:00,312.0
2011-11-24 16:06:00,170.52
2011-11-24 16:20:00,189.8
2011-11-24 16:31:00,290.32
2011-11-24 16:34:00,112.38
2011-11-24 16:40:00,462.0
2011-11-24 16:46:00,392.76
2011-11-24 16:51:00,159.23
2011-11-24 16:54:00,93.78
2011-11-24 16:59:00,243.76
2011-11-24 17:02:00,427.08
2011-11-24 17:06:00,1060.25
2011-11-24 17:10:00,137.97
2011-11-24 17:11:00,195.0
2011-11-24 17:29:00,4.949999999999999
2011-11-24 17:32:00,66.0
2011-11-24 17:43:00,40.2
2011-11-24 18:05:00,39.48
2011-11-24 18:13:00,738.96
2011-11-24 19:07:00,144.43
2011-11-24 19:30:00,187.14
2011-11-24 19:59:00,453.65999999999997
2011-11-25 08:12:00,348.1
2011-11-25 08:23:00,239.66000000000003
2011-11-25 08:41:00,302.34000000000003
2011-11-25 08:55:00,1114.56
2011-11-25 08:59:00,35.400000000000006
2011-11-25 09:07:00,440.64
2011-11-25 09:18:00,362.95
2011-11-25 09:23:00,318.17
2011-11-25 09:27:00,286.46999999999997
2011-11-25 09:31:00,353.61
2011-11-25 09:36:00,138.55
2011-11-25 09:40:00,234.24
2011-11-25 09:42:00,36.8
2011-11-25 10:02:00,721.34
2011-11-25 10:03:00,337.4
2011-11-25 10:20:00,400.09
2011-11-25 10:22:00,336.96000000000004
2011-11-25 10:52:00,443.18
2011-11-25 10:58:00,1245.81
2011-11-25 11:02:00,256.11
2011-11-25 11:12:00,533.22
2011-11-25 11:20:00,372.17
2011-11-25 11:21:00,56.6
2011-11-25 11:25:00,177.61
2011-11-25 11:33:00,706.5
2011-11-25 11:36:00,37.8
2011-11-25 11:41:00,395.21
2011-11-25 11:54:00,314.15
2011-11-25 11:55:00,2.1
2011-11-25 11:58:00,364.13
2011-11-25 12:01:00,345.9
2011-11-25 12:02:00,196.85
2011-11-25 12:10:00,232.65
2011-11-25 12:17:00,320.6
2011-11-25 12:20:00,600.1
2011-11-25 12:21:00,1909.6200000000001
2011-11-25 12:24:00,208.04000000000002
2011-11-25 12:29:00,308.86
2011-11-25 12:52:00,107.0
2011-11-25 12:57:00,498.44
2011-11-25 13:09:00,543.44
2011-11-25 13:10:00,331.52
2011-11-25 13:23:00,1108.74
2011-11-25 13:27:00,208.7
2011-11-25 13:28:00,2016.78
2011-11-25 13:30:00,350.90000000000003
2011-11-25 13:33:00,100.9
2011-11-25 13:40:00,255.92
2011-11-25 13:42:00,308.64
2011-11-25 13:44:00,397.35
2011-11-25 13:45:00,274.4
2011-11-25 13:47:00,136.04
2011-11-25 13:52:00,790.06
2011-11-25 13:58:00,400.08000000000004
2011-11-25 13:59:00,441.0
2011-11-25 14:00:00,459.82
2011-11-25 14:02:00,285.35
2011-11-25 14:21:00,165.70000000000002
2011-11-25 14:24:00,279.75
2011-11-25 14:53:00,54.81
2011-11-25 14:58:00,182.15
2011-11-25 15:15:00,408.0
2011-11-25 15:32:00,524.74
2011-11-25 15:44:00,153.72
2011-11-25 15:47:00,156.09
2011-11-25 16:13:00,202.47
2011-11-25 17:27:00,365.33
2011-11-27 10:34:00,14.11
2011-11-27 10:39:00,187.9
2011-11-27 10:47:00,223.79
2011-11-27 11:05:00,332.16999999999996
2011-11-27 11:12:00,395.46
2011-11-27 11:15:00,654.05
2011-11-27 11:18:00,746.01
2011-11-27 11:22:00,758.3
2011-11-27 11:47:00,265.56
2011-11-27 11:54:00,170.06
2011-11-27 11:57:00,378.67
2011-11-27 12:00:00,218.4
2011-11-27 12:01:00,253.13
2011-11-27 12:10:00,304.15999999999997
2011-11-27 12:13:00,426.37
2011-11-27 12:24:00,488.76
2011-11-27 12:26:00,421.27
2011-11-27 12:29:00,680.32
2011-11-27 12:31:00,263.26
2011-11-27 12:40:00,261.71
2011-11-27 12:47:00,386.42
2011-11-27 12:52:00,310.11
2011-11-27 13:00:00,505.76
2011-11-27 13:03:00,440.98
2011-11-27 13:07:00,25.200000000000003
2011-11-27 13:14:00,168.34
2011-11-27 13:26:00,251.03
2011-11-27 13:29:00,553.89
2011-11-27 13:35:00,348.84000000000003
2011-11-27 13:41:00,161.18
2011-11-27 13:47:00,267.95
2011-11-27 13:49:00,533.4399999999999
2011-11-27 14:25:00,209.5
2011-11-27 14:30:00,294.85
2011-11-27 14:40:00,609.97
2011-11-27 14:43:00,156.05
2011-11-27 14:50:00,208.71
2011-11-27 15:02:00,133.68
2011-11-27 15:18:00,448.07
2011-11-27 15:38:00,352.43
2011-11-27 15:44:00,829.91
2011-11-27 15:59:00,598.37
2011-11-27 16:02:00,332.96
2011-11-27 16:05:00,231.2
2011-11-27 16:08:00,230.89
2011-11-27 16:18:00,31.299999999999997
2011-11-27 16:19:00,470.9
2011-11-27 16:27:00,433.86
2011-11-28 08:48:00,231.95
2011-11-28 09:08:00,520.2
2011-11-28 09:11:00,163.68
2011-11-28 09:12:00,389.28
2011-11-28 09:14:00,39.0
2011-11-28 09:31:00,103.6
2011-11-28 09:40:00,307.56
2011-11-28 09:43:00,164.93
2011-11-28 09:48:00,317.1
2011-11-28 09:53:00,552.48
2011-11-28 09:54:00,42.96
2011-11-28 09:55:00,387.78
2011-11-28 10:02:00,130.05
2011-11-28 10:20:00,295.43
2011-11-28 10:23:00,843.02
2011-11-28 10:29:00,291.95
2011-11-28 10:31:00,1236.78
2011-11-28 10:35:00,305.38
2011-11-28 10:46:00,111.11
2011-11-28 10:49:00,809.12
2011-11-28 10:54:00,2123.92
2011-11-28 10:56:00,882.6800000000001
2011-11-28 11:00:00,41.010000000000005
2011-11-28 11:07:00,350.92
2011-11-28 11:11:00,512.81
2011-11-28 11:18:00,192.2
2011-11-28 11:26:00,197.55
2011-11-28 11:27:00,704.93
2011-11-28 11:33:00,805.6
2011-11-28 11:39:00,267.4
2011-11-28 11:42:00,1080.48
2011-11-28 11:43:00,16.5
2011-11-28 11:44:00,69.36
2011-11-28 11:45:00,34.8
2011-11-28 11:54:00,193.03
2011-11-28 12:01:00,91.06
2011-11-28 12:05:00,309.82
2011-11-28 12:08:00,139.6
2011-11-28 12:14:00,471.40000000000003
2011-11-28 12:19:00,794.13
2011-11-28 12:30:00,161.39999999999998
2011-11-28 12:31:00,44.35
2011-11-28 12:32:00,163.02
2011-11-28 12:33:00,566.76
2011-11-28 12:35:00,214.76
2011-11-28 12:36:00,69.99
2011-11-28 12:38:00,499.56
2011-11-28 12:44:00,275.14
2011-11-28 12:45:00,316.93
2011-11-28 12:51:00,15.0
2011-11-28 12:54:00,313.14
2011-11-28 12:55:00,286.08
2011-11-28 13:06:00,545.15
2011-11-28 13:08:00,265.24
2011-11-28 13:11:00,485.96000000000004
2011-11-28 13:13:00,701.14
2011-11-28 13:14:00,410.65999999999997
2011-11-28 13:20:00,312.65
2011-11-28 13:21:00,361.62
2011-11-28 13:25:00,745.32
2011-11-28 13:26:00,772.3
2011-11-28 13:27:00,218.96
2011-11-28 13:37:00,112.17
2011-11-28 13:47:00,304.94
2011-11-28 13:51:00,213.3
2011-11-28 13:53:00,461.55
2011-11-28 13:54:00,58.4
2011-11-28 13:56:00,389.71999999999997
2011-11-28 13:58:00,300.02
2011-11-28 13:59:00,730.08
2011-11-28 14:00:00,242.04000000000002
2011-11-28 14:01:00,217.81
2011-11-28 14:02:00,264.53000000000003
2011-11-28 14:06:00,1162.65
2011-11-28 14:12:00,546.04
2011-11-28 14:26:00,188.54000000000002
2011-11-28 14:30:00,350.08
2011-11-28 14:37:00,127.86
2011-11-28 14:39:00,630.7
2011-11-28 14:44:00,280.46
2011-11-28 14:53:00,705.9000000000001
2011-11-28 15:02:00,71.09
2011-11-28 15:09:00,621.6
2011-11-28 15:10:00,208.8
2011-11-28 15:15:00,178.4
2011-11-28 15:16:00,481.68
2011-11-28 15:17:00,301.2
2011-11-28 15:28:00,114.6
2011-11-28 15:34:00,1443.52
2011-11-28 15:35:00,707.12
2011-11-28 15:47:00,491.12
2011-11-28 15:50:00,206.32999999999998
2011-11-28 15:54:00,8107.72
2011-11-28 16:01:00,136.0
2011-11-28 16:32:00,1147.2
2011-11-28 16:35:00,279.05
2011-11-28 16:39:00,3821.36
2011-11-28 16:47:00,1034.4
2011-11-28 16:54:00,230.4
2011-11-28 17:05:00,301.32
2011-11-28 17:09:00,194.82
2011-11-29 08:07:00,247.32
2011-11-29 08:14:00,336.4
2011-11-29 08:21:00,301.29
2011-11-29 08:40:00,262.5
2011-11-29 08:41:00,257.4
2011-11-29 09:10:00,313.8
2011-11-29 09:13:00,93.84000000000002
2011-11-29 09:14:00,29.88
2011-11-29 09:15:00,102.75999999999999
2011-11-29 09:42:00,1144.75
2011-11-29 09:47:00,300.16
2011-11-29 09:48:00,213.96
2011-11-29 09:50:00,246.3
2011-11-29 09:56:00,2586.69
2011-11-29 10:00:00,306.36
2011-11-29 10:01:00,301.25
2011-11-29 10:10:00,93.0
2011-11-29 10:18:00,197.10000000000002
2011-11-29 10:23:00,351.52
2011-11-29 10:33:00,107.9
2011-11-29 10:36:00,227.20000000000002
2011-11-29 10:41:00,127.76
2011-11-29 10:45:00,931.7
2011-11-29 10:52:00,3337.44
2011-11-29 10:56:00,160.35
2011-11-29 10:57:00,147.15
2011-11-29 10:58:00,152.32
2011-11-29 11:05:00,26.3
2011-11-29 11:22:00,210.9
2011-11-29 11:30:00,374.9
2011-11-29 11:32:00,293.15
2011-11-29 11:34:00,447.74
2011-11-29 11:40:00,164.57
2011-11-29 11:41:00,308.22
2011-11-29 11:45:00,337.28
2011-11-29 11:46:00,643.0
2011-11-29 11:48:00,807.6800000000001
2011-11-29 11:50:00,214.45000000000002
2011-11-29 11:52:00,194.54999999999998
2011-11-29 11:54:00,12.48
2011-11-29 12:06:00,131.68
2011-11-29 12:07:00,1057.66
2011-11-29 12:09:00,460.83
2011-11-29 12:10:00,696.8
2011-11-29 12:12:00,416.58000000000004
2011-11-29 12:14:00,348.35
2011-11-29 12:15:00,436.1
2011-11-29 12:21:00,275.85
2011-11-29 12:22:00,367.78000000000003
2011-11-29 12:27:00,304.9
2011-11-29 12:32:00,229.8
2011-11-29 12:34:00,577.71
2011-11-29 12:38:00,6.95
2011-11-29 12:45:00,64.56
2011-11-29 12:46:00,160.93
2011-11-29 12:47:00,333.92
2011-11-29 12:50:00,404.43
2011-11-29 12:52:00,387.42
2011-11-29 13:00:00,604.86
2011-11-29 13:01:00,94.02
2011-11-29 13:04:00,231.18
2011-11-29 13:06:00,190.78
2011-11-29 13:12:00,282.18
2011-11-29 13:15:00,302.87
2011-11-29 13:17:00,308.55
2011-11-29 13:20:00,43.5
2011-11-29 13:21:00,37.92
2011-11-29 13:22:00,31.85
2011-11-29 13:29:00,298.48
2011-11-29 13:32:00,471.98
2011-11-29 13:33:00,281.9
2011-11-29 13:37:00,262.8
2011-11-29 13:40:00,465.62
2011-11-29 13:41:00,183.60000000000002
2011-11-29 13:43:00,528.48
2011-11-29 13:46:00,628.16
2011-11-29 13:49:00,4.68
2011-11-29 13:57:00,251.0
2011-11-29 13:59:00,1205.1
2011-11-29 14:00:00,225.0
2011-11-29 14:03:00,108.74
2011-11-29 14:08:00,70.81
2011-11-29 14:14:00,318.8
2011-11-29 14:20:00,518.48
2011-11-29 14:38:00,607.3100000000001
2011-11-29 14:42:00,1039.09
2011-11-29 14:43:00,310.78
2011-11-29 14:51:00,179.7
2011-11-29 14:53:00,218.75
2011-11-29 14:57:00,593.51
2011-11-29 14:58:00,231.21
2011-11-29 15:00:00,179.0
2011-11-29 15:06:00,1067.57
2011-11-29 15:09:00,277.48
2011-11-29 15:17:00,392.06
2011-11-29 15:22:00,129.15
2011-11-29 15:23:00,1006.7900000000001
2011-11-29 15:24:00,344.62
2011-11-29 15:33:00,30.0
2011-11-29 15:34:00,327.48
2011-11-29 15:39:00,133.5
2011-11-29 15:52:00,3651.6
2011-11-29 15:59:00,574.98
2011-11-29 16:16:00,2075.81
2011-11-29 16:23:00,170.74
2011-11-29 16:31:00,583.08
2011-11-29 16:32:00,261.68
2011-11-29 16:44:00,875.83
2011-11-29 16:45:00,23.4
2011-11-29 17:03:00,123.15
2011-11-29 17:12:00,283.64
2011-11-29 17:23:00,370.13
2011-11-29 17:52:00,754.99
2011-11-29 18:02:00,34.120000000000005
2011-11-29 18:05:00,78.22
2011-11-29 18:14:00,184.29
2011-11-30 08:04:00,284.38
2011-11-30 08:08:00,729.6
2011-11-30 08:17:00,302.56
2011-11-30 08:23:00,1288.64
2011-11-30 08:38:00,170.16
2011-11-30 08:43:00,441.04
2011-11-30 08:44:00,119.0
2011-11-30 08:50:00,531.21
2011-11-30 09:00:00,288.36
2011-11-30 09:18:00,588.42
2011-11-30 09:24:00,329.85
2011-11-30 09:33:00,38.16
2011-11-30 09:50:00,353.40000000000003
2011-11-30 09:53:00,968.9
2011-11-30 10:04:00,1239.38
2011-11-30 10:06:00,350.97
2011-11-30 10:11:00,434.8
2011-11-30 10:12:00,275.14
2011-11-30 10:13:00,107.6
2011-11-30 10:14:00,16.66
2011-11-30 10:15:00,314.73
2011-11-30 10:18:00,931.46
2011-11-30 10:44:00,181.45
2011-11-30 10:45:00,163.22
2011-11-30 10:48:00,569.09
2011-11-30 10:49:00,450.40000000000003
2011-11-30 10:54:00,1549.17
2011-11-30 11:08:00,599.5500000000001
2011-11-30 11:17:00,118.25999999999999
2011-11-30 11:24:00,737.8000000000001
2011-11-30 11:30:00,169.2
2011-11-30 11:31:00,171.63
2011-11-30 11:32:00,149.01
2011-11-30 11:48:00,229.27
2011-11-30 11:49:00,329.40000000000003
2011-11-30 12:00:00,372.22
2011-11-30 12:01:00,286.01
2011-11-30 12:06:00,8.5
2011-11-30 12:10:00,117.54
2011-11-30 12:15:00,375.48
2011-11-30 12:16:00,246.51999999999998
2011-11-30 12:18:00,163.85
2011-11-30 12:31:00,428.73
2011-11-30 12:32:00,520.9399999999999
2011-11-30 12:36:00,449.24
2011-11-30 12:38:00,160.18
2011-11-30 12:41:00,1897.04
2011-11-30 12:59:00,220.31
2011-11-30 13:05:00,155.7
2011-11-30 13:08:00,327.51
2011-11-30 13:13:00,300.5
2011-11-30 13:14:00,173.81
2011-11-30 13:22:00,320.04
2011-11-30 13:29:00,105.05
2011-11-30 13:45:00,84.24000000000001
2011-11-30 13:46:00,311.97
2011-11-30 13:48:00,249.6
2011-11-30 13:50:00,273.0
2011-11-30 14:00:00,143.09
2011-11-30 14:03:00,139.92000000000002
2011-11-30 14:05:00,2843.29
2011-11-30 14:09:00,206.45
2011-11-30 14:16:00,506.96000000000004
2011-11-30 14:17:00,257.15999999999997
2011-11-30 14:21:00,2.88
2011-11-30 14:33:00,163.59
2011-11-30 14:40:00,371.6
2011-11-30 14:41:00,753.1
2011-11-30 14:42:00,448.45
2011-11-30 14:52:00,366.23
2011-11-30 15:02:00,363.88
2011-11-30 15:08:00,482.96000000000004
2011-11-30 15:16:00,80.85000000000001
2011-11-30 15:27:00,1371.6
2011-11-30 15:31:00,307.8
2011-11-30 15:36:00,105.35
2011-11-30 15:38:00,56.0
2011-11-30 15:43:00,1319.16
2011-11-30 15:50:00,315.65999999999997
2011-11-30 15:58:00,371.56
2011-11-30 16:09:00,200.04
2011-11-30 16:18:00,991.1999999999999
2011-11-30 16:19:00,109.6
2011-11-30 16:21:00,1348.5800000000002
2011-11-30 16:22:00,427.64
2011-11-30 16:23:00,220.57999999999998
2011-11-30 16:26:00,271.75
2011-11-30 16:39:00,109.67999999999999
2011-11-30 16:41:00,789.9
2011-11-30 16:43:00,328.32
2011-11-30 16:47:00,292.40999999999997
2011-11-30 16:54:00,278.82
2011-11-30 17:22:00,905.52
2011-11-30 17:37:00,1075.36
2011-12-01 08:33:00,251.59
2011-12-01 08:34:00,333.05
2011-12-01 08:35:00,208.19
2011-12-01 08:52:00,367.75
2011-12-01 08:57:00,402.96
2011-12-01 08:58:00,99.6
2011-12-01 09:02:00,352.56
2011-12-01 09:03:00,487.91999999999996
2011-12-01 09:06:00,302.28
2011-12-01 09:20:00,487.68
2011-12-01 10:07:00,780.0
2011-12-01 10:10:00,98.10000000000001
2011-12-01 10:18:00,1440.41
2011-12-01 10:20:00,325.63
2011-12-01 10:31:00,414.48
2011-12-01 10:33:00,367.39
2011-12-01 10:38:00,373.74
2011-12-01 10:44:00,218.94
2011-12-01 10:45:00,16.5
2011-12-01 11:00:00,283.81
2011-12-01 11:10:00,498.44
2011-12-01 11:12:00,107.42
2011-12-01 11:16:00,136.85
2011-12-01 11:18:00,2251.51
2011-12-01 11:20:00,635.83
2011-12-01 11:38:00,112.75999999999999
2011-12-01 11:43:00,351.15
2011-12-01 11:44:00,78.48
2011-12-01 11:45:00,360.3
2011-12-01 11:51:00,376.1
2011-12-01 11:53:00,241.97
2011-12-01 11:59:00,308.15999999999997
2011-12-01 12:01:00,418.46999999999997
2011-12-01 12:11:00,154.45
2011-12-01 12:13:00,385.29999999999995
2011-12-01 12:14:00,312.29
2011-12-01 12:16:00,151.02
2011-12-01 12:17:00,149.4
2011-12-01 12:18:00,270.40000000000003
2011-12-01 12:25:00,270.61
2011-12-01 12:36:00,334.39
2011-12-01 12:39:00,355.38
2011-12-01 12:42:00,315.61
2011-12-01 12:44:00,67.92999999999999
2011-12-01 12:53:00,134.43
2011-12-01 12:54:00,337.19
2011-12-01 12:55:00,354.65000000000003
2011-12-01 13:03:00,616.32
2011-12-01 13:08:00,424.36
2011-12-01 13:12:00,637.6
2011-12-01 13:18:00,460.3
2011-12-01 13:19:00,633.53
2011-12-01 13:22:00,802.45
2011-12-01 13:25:00,93.35
2011-12-01 13:27:00,759.3
2011-12-01 13:28:00,173.15
2011-12-01 13:29:00,1562.4
2011-12-01 13:32:00,255.34
2011-12-01 13:33:00,540.77
2011-12-01 13:40:00,385.79999999999995
2011-12-01 13:41:00,41.25
2011-12-01 13:47:00,570.77
2011-12-01 14:03:00,148.54
2011-12-01 14:06:00,114.7
2011-12-01 14:09:00,229.62
2011-12-01 14:14:00,180.84
2011-12-01 14:17:00,304.7
2011-12-01 14:30:00,224.68
2011-12-01 14:34:00,464.11
2011-12-01 14:36:00,157.75
2011-12-01 14:37:00,194.13
2011-12-01 14:38:00,1121.79
2011-12-01 14:41:00,59.1
2011-12-01 14:50:00,164.68
2011-12-01 14:54:00,303.0
2011-12-01 14:55:00,545.78
2011-12-01 14:58:00,448.31
2011-12-01 15:05:00,345.53000000000003
2011-12-01 15:11:00,113.88000000000001
2011-12-01 15:12:00,1155.6100000000001
2011-12-01 15:13:00,441.84000000000003
2011-12-01 15:24:00,520.66
2011-12-01 15:28:00,339.02000000000004
2011-12-01 15:32:00,311.0
2011-12-01 15:42:00,617.25
2011-12-01 15:46:00,322.74
2011-12-01 15:47:00,72.24
2011-12-01 15:55:00,1171.4
2011-12-01 15:56:00,300.84000000000003
2011-12-01 16:05:00,712.04
2011-12-01 16:28:00,1637.6
2011-12-01 16:31:00,393.91999999999996
2011-12-01 16:37:00,187.78
2011-12-01 16:38:00,277.02
2011-12-01 17:07:00,890.0
2011-12-01 17:16:00,313.5
2011-12-01 17:20:00,654.37
2011-12-01 17:51:00,309.2
2011-12-01 17:56:00,385.75
2011-12-01 18:03:00,634.21
2011-12-01 18:07:00,122.46
2011-12-01 18:16:00,464.88
2011-12-01 18:43:00,477.33
2011-12-01 19:24:00,308.06
2011-12-01 19:33:00,130.29
2011-12-01 19:42:00,618.51
2011-12-01 19:54:00,474.95
2011-12-02 08:55:00,188.76
2011-12-02 09:10:00,157.54
2011-12-02 09:19:00,849.24
2011-12-02 09:22:00,25.200000000000003
2011-12-02 09:23:00,51.18
2011-12-02 09:32:00,323.52
2011-12-02 09:53:00,179.4
2011-12-02 10:07:00,713.78
2011-12-02 10:15:00,5.45
2011-12-02 10:21:00,168.48000000000002
2011-12-02 10:22:00,310.32
2011-12-02 10:23:00,1436.93
2011-12-02 10:24:00,67.0
2011-12-02 10:30:00,429.06000000000006
2011-12-02 10:32:00,620.0600000000001
2011-12-02 10:35:00,22.939999999999998
2011-12-02 10:41:00,269.96
2011-12-02 10:45:00,77.50000000000001
2011-12-02 10:47:00,1314.75
2011-12-02 10:52:00,213.1
2011-12-02 11:12:00,273.78000000000003
2011-12-02 11:16:00,676.2
2011-12-02 11:21:00,312.64
2011-12-02 11:28:00,989.08
2011-12-02 11:38:00,81.36
2011-12-02 11:39:00,720.0
2011-12-02 11:43:00,207.20000000000002
2011-12-02 11:45:00,62.5
2011-12-02 11:49:00,388.36
2011-12-02 11:50:00,24.96
2011-12-02 11:53:00,1852.68
2011-12-02 12:02:00,1213.03
2011-12-02 12:03:00,301.63
2011-12-02 12:07:00,156.4
2011-12-02 12:08:00,154.97
2011-12-02 12:10:00,42.36
2011-12-02 12:13:00,312.1
2011-12-02 12:17:00,360.0
2011-12-02 12:19:00,1187.2
2011-12-02 12:24:00,536.77
2011-12-02 12:26:00,92.5
2011-12-02 12:28:00,672.8
2011-12-02 12:32:00,189.18
2011-12-02 12:36:00,386.34000000000003
2011-12-02 12:40:00,78.45
2011-12-02 12:42:00,370.94
2011-12-02 12:46:00,232.0
2011-12-02 12:47:00,144.0
2011-12-02 12:52:00,518.66
2011-12-02 12:59:00,227.12
2011-12-02 13:02:00,121.11000000000001
2011-12-02 13:11:00,171.42000000000002
2011-12-02 13:12:00,1129.84
2011-12-02 13:15:00,516.8199999999999
2011-12-02 13:17:00,201.85999999999999
2011-12-02 13:20:00,309.84
2011-12-02 13:21:00,251.69
2011-12-02 13:22:00,85.1
2011-12-02 13:28:00,285.21
2011-12-02 13:29:00,129.17000000000002
2011-12-02 13:32:00,794.86
2011-12-02 13:35:00,202.2
2011-12-02 13:36:00,538.46
2011-12-02 13:37:00,264.99
2011-12-02 13:38:00,72.43
2011-12-02 13:46:00,271.99
2011-12-02 13:49:00,357.52
2011-12-02 13:52:00,3404.0
2011-12-02 13:54:00,459.86
2011-12-02 13:58:00,310.93
2011-12-02 14:02:00,13.95
2011-12-02 14:11:00,192.08
2011-12-02 14:16:00,16.5
2011-12-02 14:18:00,135.0
2011-12-02 14:25:00,863.77
2011-12-02 14:26:00,341.34
2011-12-02 14:29:00,435.0
2011-12-02 14:30:00,280.55
2011-12-02 14:46:00,433.12
2011-12-02 14:47:00,35.400000000000006
2011-12-02 14:48:00,894.25
2011-12-02 15:11:00,20.11
2011-12-02 15:22:00,40.8
2011-12-02 15:25:00,660.84
2011-12-02 15:29:00,584.52
2011-12-02 15:39:00,939.5500000000001
2011-12-02 15:40:00,462.5
2011-12-02 15:41:00,50.400000000000006
2011-12-02 15:48:00,418.0
2011-12-02 15:53:00,204.0
2011-12-02 15:55:00,95.85000000000001
2011-12-02 16:04:00,411.32
2011-12-02 16:06:00,15.0
2011-12-02 16:07:00,1441.08
2011-12-02 16:14:00,515.7
2011-12-02 16:25:00,15.0
2011-12-02 16:30:00,247.10000000000002
2011-12-02 16:32:00,2685.0
2011-12-02 16:34:00,234.88
2011-12-02 16:39:00,39.6
2011-12-02 16:46:00,209.52000000000004
2011-12-02 16:56:00,104.0
2011-12-02 17:04:00,110.73
2011-12-02 17:06:00,310.99
2011-12-02 17:12:00,492.85
2011-12-02 17:13:00,507.12
2011-12-04 10:10:00,331.28
2011-12-04 10:11:00,271.84
2011-12-04 10:29:00,305.29
2011-12-04 10:30:00,138.35
2011-12-04 10:35:00,297.73
2011-12-04 10:51:00,149.81
2011-12-04 10:53:00,207.76
2011-12-04 10:56:00,339.45
2011-12-04 11:00:00,207.28
2011-12-04 11:24:00,122.67999999999999
2011-12-04 11:32:00,75.84
2011-12-04 11:45:00,863.2
2011-12-04 11:50:00,550.96
2011-12-04 11:55:00,655.75
2011-12-04 11:56:00,763.72
2011-12-04 12:01:00,285.44
2011-12-04 12:02:00,262.68
2011-12-04 12:08:00,240.67000000000002
2011-12-04 12:13:00,163.62
2011-12-04 12:14:00,486.22
2011-12-04 12:17:00,383.45
2011-12-04 12:18:00,229.16
2011-12-04 12:29:00,52.09
2011-12-04 12:31:00,106.05
2011-12-04 12:32:00,245.24
2011-12-04 12:44:00,421.87
2011-12-04 12:48:00,635.6800000000001
2011-12-04 12:52:00,1067.33
2011-12-04 13:00:00,495.83
2011-12-04 13:15:00,411.44
2011-12-04 13:20:00,153.55
2011-12-04 13:32:00,665.71
2011-12-04 13:34:00,309.1
2011-12-04 13:45:00,361.35
2011-12-04 13:54:00,697.7
2011-12-04 13:55:00,389.62
2011-12-04 13:59:00,382.96
2011-12-04 14:01:00,334.7
2011-12-04 14:09:00,103.24
2011-12-04 14:15:00,279.37
2011-12-04 14:40:00,557.2
2011-12-04 14:45:00,442.3
2011-12-04 14:55:00,428.45
2011-12-04 15:00:00,406.86
2011-12-04 15:13:00,164.68
2011-12-04 15:16:00,231.99999999999997
2011-12-04 15:18:00,593.75
2011-12-04 15:19:00,372.27
2011-12-04 15:28:00,773.54
2011-12-04 15:35:00,124.01
2011-12-04 15:38:00,118.5
2011-12-04 15:47:00,92.55000000000001
2011-12-04 15:54:00,587.9200000000001
2011-12-04 15:55:00,96.3
2011-12-04 16:02:00,334.36
2011-12-04 16:07:00,462.3
2011-12-05 08:38:00,316.78000000000003
2011-12-05 08:39:00,310.73
2011-12-05 08:49:00,404.83
2011-12-05 09:03:00,778.04
2011-12-05 09:04:00,52.019999999999996
2011-12-05 09:11:00,578.72
2011-12-05 09:15:00,391.46000000000004
2011-12-05 09:16:00,252.25
2011-12-05 09:41:00,69.0
2011-12-05 10:00:00,369.44
2011-12-05 10:09:00,194.98
2011-12-05 10:14:00,615.28
2011-12-05 10:15:00,286.8
2011-12-05 10:18:00,633.8
2011-12-05 10:19:00,273.8
2011-12-05 10:24:00,202.95000000000002
2011-12-05 10:38:00,484.1
2011-12-05 11:01:00,304.41
2011-12-05 11:05:00,323.1
2011-12-05 11:11:00,325.74
2011-12-05 11:13:00,151.01
2011-12-05 11:29:00,116.84
2011-12-05 11:31:00,380.6
2011-12-05 11:38:00,60.400000000000006
2011-12-05 11:39:00,434.92
2011-12-05 11:49:00,322.36
2011-12-05 12:03:00,755.12
2011-12-05 12:04:00,52.74000000000001
2011-12-05 12:05:00,1854.83
2011-12-05 12:08:00,215.35
2011-12-05 12:09:00,247.06
2011-12-05 12:11:00,535.1
2011-12-05 12:13:00,110.86
2011-12-05 12:16:00,762.94
2011-12-05 12:28:00,178.04
2011-12-05 12:29:00,297.48
2011-12-05 12:30:00,507.41
2011-12-05 12:33:00,449.92
2011-12-05 12:40:00,167.8
2011-12-05 12:44:00,147.01
2011-12-05 12:46:00,102.13
2011-12-05 12:51:00,185.7
2011-12-05 12:55:00,108.46000000000001
2011-12-05 12:59:00,326.05
2011-12-05 13:10:00,349.02
2011-12-05 13:11:00,1931.6
2011-12-05 13:13:00,1048.0
2011-12-05 13:14:00,446.57
2011-12-05 13:15:00,215.25
2011-12-05 13:30:00,353.78000000000003
2011-12-05 13:32:00,102.99000000000001
2011-12-05 13:33:00,2430.08
2011-12-05 13:34:00,775.84
2011-12-05 13:37:00,107.13
2011-12-05 13:39:00,22.049999999999997
2011-12-05 13:40:00,235.57
2011-12-05 13:43:00,300.54
2011-12-05 13:44:00,224.04000000000002
2011-12-05 13:46:00,151.89999999999998
2011-12-05 13:49:00,918.1600000000001
2011-12-05 13:52:00,108.69
2011-12-05 13:58:00,479.58
2011-12-05 14:01:00,12.5
2011-12-05 14:03:00,248.08
2011-12-05 14:06:00,5483.58
2011-12-05 14:19:00,160.58
2011-12-05 14:23:00,5.48
2011-12-05 14:25:00,1352.48
2011-12-05 14:26:00,589.26
2011-12-05 14:29:00,303.29
2011-12-05 14:30:00,3705.48
2011-12-05 14:35:00,1186.48
2011-12-05 14:39:00,117.98
2011-12-05 14:40:00,518.3
2011-12-05 14:49:00,438.48
2011-12-05 14:51:00,591.01
2011-12-05 15:01:00,111.36
2011-12-05 15:02:00,186.12
2011-12-05 15:15:00,213.16
2011-12-05 15:16:00,347.6
2011-12-05 15:38:00,543.99
2011-12-05 15:43:00,328.95
2011-12-05 15:44:00,90.04
2011-12-05 15:48:00,348.79999999999995
2011-12-05 15:51:00,187.71
2011-12-05 15:59:00,128.76
2011-12-05 16:00:00,240.32
2011-12-05 16:03:00,390.71
2011-12-05 16:04:00,189.3
2011-12-05 16:05:00,525.54
2011-12-05 16:23:00,89.94
2011-12-05 16:26:00,238.0
2011-12-05 16:28:00,712.48
2011-12-05 16:31:00,85.0
2011-12-05 16:37:00,414.98
2011-12-05 16:48:00,168.9
2011-12-05 16:52:00,507.55
2011-12-05 16:53:00,30.0
2011-12-05 16:54:00,534.96
2011-12-05 16:55:00,352.08
2011-12-05 16:57:00,332.58000000000004
2011-12-05 17:06:00,147.56
2011-12-05 17:09:00,494.62
2011-12-05 17:13:00,300.21999999999997
2011-12-05 17:17:00,8935.98
2011-12-05 17:21:00,158.36
2011-12-05 17:36:00,193.39000000000001
2011-12-06 08:37:00,205.94
2011-12-06 08:46:00,718.4300000000001
2011-12-06 08:52:00,587.85
2011-12-06 08:55:00,375.59000000000003
2011-12-06 09:05:00,394.06
2011-12-06 09:06:00,319.08000000000004
2011-12-06 09:30:00,1225.0
2011-12-06 09:31:00,1761.16
2011-12-06 09:32:00,145.0
2011-12-06 09:35:00,200.45
2011-12-06 09:56:00,1444.05
2011-12-06 10:00:00,636.63
2011-12-06 10:16:00,82.8
2011-12-06 10:19:00,77.28
2011-12-06 10:27:00,497.11
2011-12-06 10:28:00,31.2
2011-12-06 10:30:00,777.86
2011-12-06 10:36:00,791.0400000000002
2011-12-06 10:41:00,61.2
2011-12-06 10:58:00,203.1
2011-12-06 11:00:00,41.989999999999995
2011-12-06 11:05:00,411.22
2011-12-06 11:06:00,153.45000000000002
2011-12-06 11:07:00,82.04
2011-12-06 11:24:00,309.22
2011-12-06 11:28:00,430.70000000000005
2011-12-06 11:30:00,312.62
2011-12-06 11:32:00,3.2
2011-12-06 11:33:00,104.53
2011-12-06 11:38:00,101.09
2011-12-06 11:39:00,897.35
2011-12-06 11:41:00,202.87
2011-12-06 11:51:00,94.4
2011-12-06 11:53:00,179.5
2011-12-06 11:58:00,329.36
2011-12-06 12:02:00,208.0
2011-12-06 12:06:00,3895.8599999999997
2011-12-06 12:09:00,557.44
2011-12-06 12:11:00,730.38
2011-12-06 12:12:00,125.16000000000001
2011-12-06 12:15:00,219.32
2011-12-06 12:18:00,608.99
2011-12-06 12:19:00,854.36
2011-12-06 12:20:00,102.80000000000001
2011-12-06 12:21:00,636.87
2011-12-06 12:23:00,356.40000000000003
2011-12-06 12:26:00,482.34
2011-12-06 12:27:00,29.419999999999998
2011-12-06 12:28:00,521.12
2011-12-06 12:30:00,302.04
2011-12-06 12:38:00,164.18
2011-12-06 12:41:00,417.0
2011-12-06 12:45:00,244.41
2011-12-06 12:50:00,569.12
2011-12-06 12:56:00,216.19
2011-12-06 12:59:00,429.36
2011-12-06 13:02:00,106.53
2011-12-06 13:10:00,339.48
2011-12-06 13:13:00,456.37
2011-12-06 13:20:00,401.75
2011-12-06 13:27:00,330.28000000000003
2011-12-06 13:29:00,1363.2000000000003
2011-12-06 13:30:00,337.75
2011-12-06 13:42:00,165.98000000000002
2011-12-06 13:45:00,224.31
2011-12-06 14:13:00,475.58000000000004
2011-12-06 14:14:00,476.36
2011-12-06 14:22:00,172.06
2011-12-06 14:23:00,974.01
2011-12-06 14:30:00,162.11
2011-12-06 14:31:00,366.77
2011-12-06 14:35:00,140.6
2011-12-06 14:40:00,194.71
2011-12-06 14:49:00,390.09000000000003
2011-12-06 14:50:00,445.27
2011-12-06 14:52:00,369.73
2011-12-06 14:56:00,138.25
2011-12-06 14:59:00,160.98000000000002
2011-12-06 15:10:00,706.64
2011-12-06 15:12:00,210.35
2011-12-06 15:17:00,307.15000000000003
2011-12-06 15:28:00,61.2
2011-12-06 15:32:00,124.2
2011-12-06 15:36:00,839.08
2011-12-06 15:40:00,529.04
2011-12-06 15:43:00,662.7
2011-12-06 16:02:00,509.4
2011-12-06 16:21:00,437.74
2011-12-06 16:32:00,295.6
2011-12-06 16:33:00,4414.88
2011-12-06 16:34:00,314.44
2011-12-06 16:35:00,720.0
2011-12-06 16:41:00,178.7
2011-12-06 17:04:00,87.3
2011-12-06 17:12:00,274.8
2011-12-06 17:18:00,168.63
2011-12-06 17:23:00,691.64
2011-12-06 17:26:00,223.68
2011-12-06 17:49:00,181.19
2011-12-07 08:03:00,382.47
2011-12-07 08:07:00,694.77
2011-12-07 08:21:00,425.19
2011-12-07 08:38:00,1273.15
2011-12-07 08:41:00,335.2
2011-12-07 08:45:00,1270.4
2011-12-07 08:55:00,187.92000000000002
2011-12-07 09:02:00,361.8
2011-12-07 09:18:00,218.53
2011-12-07 09:22:00,221.44
2011-12-07 09:32:00,630.6
2011-12-07 09:34:00,175.5
2011-12-07 09:35:00,518.23
2011-12-07 09:53:00,226.35000000000002
2011-12-07 10:06:00,110.8
2011-12-07 10:09:00,275.76
2011-12-07 10:11:00,204.86
2011-12-07 10:12:00,4949.24
2011-12-07 10:24:00,341.96999999999997
2011-12-07 10:25:00,142.6
2011-12-07 10:43:00,450.8
2011-12-07 10:48:00,396.0
2011-12-07 11:03:00,217.33
2011-12-07 11:06:00,135.0
2011-12-07 11:12:00,301.20000000000005
2011-12-07 11:16:00,193.08
2011-12-07 11:26:00,244.66000000000003
2011-12-07 11:27:00,335.77
2011-12-07 11:35:00,138.67000000000002
2011-12-07 11:36:00,186.4
2011-12-07 11:41:00,1170.0
2011-12-07 11:42:00,1396.96
2011-12-07 11:43:00,242.37
2011-12-07 11:48:00,114.14
2011-12-07 12:11:00,333.02
2011-12-07 12:14:00,8345.2
2011-12-07 12:15:00,2046.0
2011-12-07 12:16:00,204.38
2011-12-07 12:17:00,2326.44
2011-12-07 12:19:00,492.16
2011-12-07 12:20:00,3861.0
2011-12-07 12:21:00,209.73
2011-12-07 12:26:00,378.46000000000004
2011-12-07 12:33:00,752.39
2011-12-07 12:34:00,340.39
2011-12-07 12:41:00,191.47
2011-12-07 12:43:00,367.88
2011-12-07 12:45:00,15.0
2011-12-07 12:48:00,864.9399999999999
2011-12-07 12:49:00,125.75
2011-12-07 12:51:00,306.7
2011-12-07 12:55:00,949.41
2011-12-07 13:12:00,177.43
2011-12-07 13:14:00,561.84
2011-12-07 13:16:00,372.34000000000003
2011-12-07 13:17:00,360.0
2011-12-07 13:21:00,822.6800000000001
2011-12-07 13:23:00,152.75
2011-12-07 13:35:00,315.13
2011-12-07 13:38:00,150.61
2011-12-07 13:46:00,271.1
2011-12-07 13:53:00,1088.69
2011-12-07 14:01:00,236.77
2011-12-07 14:12:00,475.89
2011-12-07 14:34:00,997.49
2011-12-07 14:39:00,318.94
2011-12-07 14:43:00,265.68
2011-12-07 14:52:00,701.86
2011-12-07 14:54:00,612.4
2011-12-07 15:00:00,885.98
2011-12-07 15:02:00,422.85
2011-12-07 15:07:00,571.57
2011-12-07 15:08:00,317.92
2011-12-07 15:16:00,10901.54
2011-12-07 15:19:00,575.88
2011-12-07 15:23:00,183.12
2011-12-07 15:43:00,2238.51
2011-12-07 15:52:00,224.82
2011-12-07 15:55:00,301.56
2011-12-07 15:56:00,400.58
2011-12-07 16:24:00,258.28
2011-12-07 16:29:00,270.0
2011-12-07 16:39:00,247.8
2011-12-07 16:44:00,598.6
2011-12-07 16:47:00,893.6
2011-12-07 16:56:00,424.04
2011-12-07 17:05:00,396.87
2011-12-07 17:17:00,312.21999999999997
2011-12-07 17:22:00,12.48
2011-12-07 17:25:00,331.3
2011-12-08 08:32:00,482.28000000000003
2011-12-08 09:05:00,445.84000000000003
2011-12-08 09:06:00,822.62
2011-12-08 09:23:00,426.12
2011-12-08 09:39:00,302.4
2011-12-08 09:40:00,275.4
2011-12-08 09:46:00,189.2
2011-12-08 09:47:00,111.83
2011-12-08 09:55:00,657.12
2011-12-08 09:56:00,47.040000000000006
2011-12-08 10:24:00,537.89
2011-12-08 10:26:00,703.0
2011-12-08 10:33:00,196.89
2011-12-08 10:39:00,124.53999999999999
2011-12-08 10:40:00,375.38
2011-12-08 10:58:00,343.5
2011-12-08 10:59:00,135.28
2011-12-08 11:02:00,330.48
2011-12-08 11:15:00,103.45
2011-12-08 11:25:00,1188.2
2011-12-08 11:35:00,165.9
2011-12-08 11:36:00,994.77
2011-12-08 11:38:00,139.9
2011-12-08 11:43:00,176.87
2011-12-08 11:53:00,345.5
2011-12-08 11:56:00,329.92
2011-12-08 12:05:00,103.95
2011-12-08 12:07:00,953.34
2011-12-08 12:10:00,318.51
2011-12-08 12:12:00,250.6
2011-12-08 12:15:00,180.1
2011-12-08 12:26:00,152.18
2011-12-08 12:28:00,111.05
2011-12-08 12:29:00,186.47
2011-12-08 12:30:00,93.9
2011-12-08 12:31:00,158.45999999999998
2011-12-08 12:36:00,3599.4
2011-12-08 12:43:00,406.42
2011-12-08 12:44:00,344.17
2011-12-08 12:50:00,324.98
2011-12-08 12:52:00,194.07
2011-12-08 12:54:00,338.5
2011-12-08 12:57:00,319.45
2011-12-08 13:04:00,266.64
2011-12-08 13:11:00,360.0
2011-12-08 13:15:00,11.8
2011-12-08 13:18:00,123.12
2011-12-08 13:22:00,404.1
2011-12-08 13:25:00,185.89999999999998
2011-12-08 13:26:00,604.3
2011-12-08 13:27:00,200.5
2011-12-08 13:36:00,425.02
2011-12-08 13:43:00,332.76
2011-12-08 13:45:00,403.03000000000003
2011-12-08 13:46:00,341.86
2011-12-08 13:47:00,635.08
2011-12-08 13:50:00,365.8
2011-12-08 13:59:00,207.35
2011-12-08 14:14:00,1681.54
2011-12-08 14:15:00,238.3
2011-12-08 14:38:00,1090.95
2011-12-08 14:39:00,663.43
2011-12-08 14:53:00,333.68
2011-12-08 14:58:00,227.39
2011-12-08 15:01:00,295.1
2011-12-08 15:02:00,294.18
2011-12-08 15:03:00,674.25
2011-12-08 15:09:00,433.16
2011-12-08 15:23:00,385.89
2011-12-08 15:24:00,145.7
2011-12-08 15:29:00,154.05
2011-12-08 15:31:00,623.03
2011-12-08 15:36:00,207.70000000000002
2011-12-08 15:37:00,34.68
2011-12-08 15:41:00,113.67
2011-12-08 15:44:00,92.24000000000001
2011-12-08 15:51:00,341.76
2011-12-08 15:54:00,1084.14
2011-12-08 16:10:00,115.46000000000001
2011-12-08 16:18:00,442.9
2011-12-08 16:22:00,302.86
2011-12-08 16:29:00,346.92
2011-12-08 16:38:00,349.35
2011-12-08 16:58:00,200.51999999999998
2011-12-08 17:12:00,148.4
2011-12-08 17:24:00,207.6
2011-12-08 17:37:00,126.07
2011-12-08 17:54:00,99.41
2011-12-08 17:57:00,388.68
2011-12-08 18:03:00,728.9200000000001
2011-12-08 18:15:00,312.74
2011-12-08 18:22:00,252.23
2011-12-08 18:25:00,652.28
2011-12-08 18:42:00,215.03
2011-12-08 18:43:00,10363.82
2011-12-08 18:45:00,1080.0
2011-12-08 18:46:00,864.0
2011-12-08 18:51:00,150.84
2011-12-08 19:24:00,151.83
2011-12-08 19:28:00,125.65
2011-12-08 19:29:00,195.39000000000001
2011-12-08 19:55:00,447.65000000000003
2011-12-08 19:57:00,96.89
2011-12-08 20:01:00,61.55
2011-12-09 08:39:00,280.24
2011-12-09 08:48:00,2618.89
2011-12-09 08:59:00,682.8
2011-12-09 09:00:00,29.5
2011-12-09 09:07:00,548.0
2011-12-09 09:08:00,488.4
2011-12-09 09:15:00,168469.6
2011-12-09 09:38:00,1149.58
2011-12-09 09:44:00,406.8
2011-12-09 09:45:00,415.6
2011-12-09 09:46:00,171.60000000000002
2011-12-09 10:02:00,19.8
2011-12-09 10:10:00,208.64000000000001
2011-12-09 10:13:00,339.14
2011-12-09 10:20:00,1802.8700000000001
2011-12-09 10:45:00,103.3
2011-12-09 10:46:00,485.0
2011-12-09 10:51:00,133.35
2011-12-09 11:20:00,191.63
2011-12-09 11:26:00,382.01
2011-12-09 11:34:00,186.83
2011-12-09 11:50:00,469.44
2011-12-09 11:56:00,389.21000000000004
2011-12-09 11:59:00,224.95000000000002
2011-12-09 12:00:00,494.6
2011-12-09 12:08:00,250.52
2011-12-09 12:09:00,277.08
2011-12-09 12:16:00,848.55
2011-12-09 12:19:00,903.62
2011-12-09 12:20:00,145.29
2011-12-09 12:21:00,29.88
2011-12-09 12:23:00,124.60000000000001
2011-12-09 12:25:00,140.64000000000001
2011-12-09 12:31:00,329.05
2011-12-09 12:49:00,339.2
2011-12-09 12:50:00,267.45
