Product,TotalSold,RecommendedStock
  DOORMAT UNION JACK GUNS AND ROSES,167,200.4
 3 STRIPEY MICE FELTCRAFT,662,794.4
 4 PURPLE FLOCK DINNER CANDLES,324,388.8
 50'S CHRISTMAS GIFT BAG LARGE,1885,2262.0
 ANIMAL STICKERS,385,462.0
 BLACK PIRATE TREASURE CHEST,45,54.0
 BROWN  PIRATE TREASURE CHEST ,36,43.199999999999996
 Bank Charges,2,2.4
 CAMPHOR WOOD PORTOBELLO MUSHROOM,43,51.6
 CHERRY BLOSSOM  DECORATIVE FLASK,308,369.59999999999997
 DOLLY GIRL BEAKER,2394,2872.7999999999997
 FAIRY CAKE CANDLES,153,183.6
 FLAMINGO LIGHTS,335,402.0
 HOME SWEET HOME  BLACKBOARD,117,140.4
 I LOVE LONDON MINI BACKPACK,359,430.8
 I LOVE LONDON MINI RUCKSACK,1,1.2
 IVORY PAPER CUP CAKE CASES ,1146,1375.2
 LARGE SKULL WINDMILL,8,9.6
 NEW BAROQUE BLACK BOXES,6,7.199999999999999
 NINE DRAWER OFFICE TIDY,54,64.8
 OVAL WALL MIRROR DIAMANTE ,139,166.79999999999998
 PAINT YOUR OWN CANVAS SET,480,576.0
 PEACE WOODEN BLOCK LETTERS,133,159.6
 RED SPOT GIFT BAG LARGE,1686,2023.1999999999998
 RED/WHITE DOT MINI CASES,478,573.6
 RIDGED GLASS T-LIGHT HOLDER,940,1128.0
 SET 2 TEA TOWELS I LOVE LONDON ,3511,4213.2
 SET Of 6 SOLDIER SKITTLES,16,19.2
 SILVER CHERRY LIGHTS,264,316.8
 SILVER T-LIGHT SETTING,37,44.4
 SPACEBOY BABY GIFT SET,449,538.8
 STAR  T-LIGHT HOLDER ,20,24.0
 TOADSTOOL BEDSIDE LIGHT ,2,2.4
 TRELLIS COAT RACK,217,260.4
 VINTAGE DESIGN GIFT TAGS,244,292.8
 WHITE BAMBOO RIBS LAMPSHADE,210,252.0
 WHITE CHERRY LIGHTS,1986,2383.2
10 COLOUR SPACEBOY PEN,11892,14270.4
11 PC CERAMIC TEA SET POLKADOT,3,3.5999999999999996
12 ASS ZINC CHRISTMAS DECORATIONS,429,514.8
12 COLOURED PARTY BALLOONS,4157,4988.4
12 DAISY PEGS IN WOOD BOX,895,1074.0
12 EGG HOUSE PAINTED WOOD,475,570.0
12 HANGING EGGS HAND PAINTED,40,48.0
12 IVORY ROSE PEG PLACE SETTINGS,2377,2852.4
12 MESSAGE CARDS WITH ENVELOPES,2960,3552.0
12 MINI TOADSTOOL PEGS,465,558.0
12 PENCIL SMALL TUBE WOODLAND,9091,10909.199999999999
12 PENCILS SMALL TUBE POSY,518,621.6
12 PENCILS SMALL TUBE RED RETROSPOT,9493,11391.6
12 PENCILS SMALL TUBE RED SPOTTY,7997,9596.4
12 PENCILS SMALL TUBE SKULL,12699,15238.8
12 PENCILS TALL TUBE POSY,5821,6985.2
12 PENCILS TALL TUBE RED RETROSPOT,3807,4568.4
12 PENCILS TALL TUBE RED SPOTTY,2239,2686.7999999999997
12 PENCILS TALL TUBE SKULLS,4601,5521.2
12 PENCILS TALL TUBE WOODLAND,4431,5317.2
12 PINK HEN+CHICKS IN BASKET,90,108.0
12 PINK ROSE PEG PLACE SETTINGS,1458,1749.6
12 RED ROSE PEG PLACE SETTINGS,1154,1384.8
15 PINK FLUFFY CHICKS IN BOX,29,34.8
15CM CHRISTMAS GLASS BALL 20 LIGHTS,2525,3030.0
16 PC CUTLERY SET PANTRY DESIGN,4,4.8
16 PIECE CUTLERY SET PANTRY DESIGN,210,252.0
18PC WOODEN CUTLERY SET DISPOSABLE,503,603.6
2 DAISIES HAIR COMB,18,21.599999999999998
2 PICTURE BOOK EGGS EASTER BUNNY,718,861.6
2 PICTURE BOOK EGGS EASTER CHICKS,718,861.6
2 PICTURE BOOK EGGS EASTER DUCKS,663,795.6
20 DOLLY PEGS RETROSPOT,5385,6462.0
200 BENDY SKULL STRAWS,1224,1468.8
200 RED + WHITE BENDY STRAWS,1930,2316.0
24 HANGING EASTER EGGS FLORAL TUB,654,784.8
3 BIRDS CANVAS SCREEN,3,3.5999999999999996
3 BLACK CATS W HEARTS BLANK CARD,79,94.8
3 DRAWER ANTIQUE WHITE WOOD CABINET,707,848.4
3 GARDENIA MORRIS BOXED CANDLES,819,982.8
3 HEARTS HANGING DECORATION RUSTIC,7982,9578.4
3 HOOK HANGER MAGIC GARDEN,2623,3147.6
3 HOOK PHOTO SHELF ANTIQUE WHITE,2999,3598.7999999999997
3 PIECE JIGSAW TOADSTOOLS,16,19.2
3 PIECE SPACEBOY COOKIE CUTTER SET,2635,3162.0
3 PINK HEN+CHICKS IN BASKET,99,118.8
3 RAFFIA RIBBONS 50'S CHRISTMAS ,1782,2138.4
3 RAFFIA RIBBONS VINTAGE CHRISTMAS,676,811.1999999999999
3 ROSE MORRIS BOXED CANDLES,1237,1484.3999999999999
3 STRIPEY MICE FELTCRAFT,6971,8365.199999999999
3 TIER CAKE TIN GREEN AND CREAM,476,571.1999999999999
3 TIER CAKE TIN RED AND CREAM,844,1012.8
3 TIER SWEETHEART GARDEN SHELF,61,73.2
3 TRADITIONAL COOKIE CUTTERS  SET,354,424.8
3 TRADITIONAl BISCUIT CUTTERS  SET,1423,1707.6
3 WHITE CHOC MORRIS BOXED CANDLES,1105,1326.0
3 WICK CHRISTMAS BRIAR CANDLE ,260,312.0
36 DOILIES DOLLY GIRL,1929,2314.7999999999997
36 DOILIES SPACEBOY DESIGN ,705,846.0
36 DOILIES VINTAGE CHRISTMAS,7744,9292.8
36 FOIL HEART CAKE CASES,2438,2925.6
36 FOIL STAR CAKE CASES ,1404,1684.8
36 PENCILS TUBE POSY,171,205.2
36 PENCILS TUBE RED RETROSPOT,4516,5419.2
36 PENCILS TUBE RED SPOTTY,3225,3870.0
36 PENCILS TUBE SKULLS,3789,4546.8
36 PENCILS TUBE WOODLAND,3508,4209.599999999999
3D CHRISTMAS STAMPS STICKERS ,1756,2107.2
3D DOG PICTURE PLAYING CARDS,1207,1448.3999999999999
3D HEARTS  HONEYCOMB PAPER GARLAND,856,1027.2
3D SHEET OF CAT STICKERS,1140,1368.0
3D SHEET OF DOG STICKERS,1161,1393.2
3D SHEET OF SEA WORLD STICKERS,145,174.0
3D STICKERS CHRISTMAS STAMPS,940,1128.0
3D STICKERS TRADITIONAL CHRISTMAS ,980,1176.0
3D STICKERS VINTAGE CHRISTMAS,1060,1272.0
3D TRADITIONAL CHRISTMAS STICKERS,2296,2755.2
3D VINTAGE CHRISTMAS STICKERS ,2407,2888.4
4 BLUE DINNER CANDLES SILVER FLOCK,205,246.0
4 BURGUNDY WINE DINNER CANDLES,529,634.8
4 FESTIVE GREEN DINNER CANDLES,51,61.199999999999996
4 GOLD FLOCK CHRISTMAS BALLS,126,151.2
4 IVORY DINNER CANDLES GOLD FLOCK,816,979.1999999999999
4 IVORY DINNER CANDLES SILVER FLOCK,1268,1521.6
4 LAVENDER BOTANICAL DINNER CANDLES,1116,1339.2
4 LILY  BOTANICAL DINNER CANDLES,778,933.5999999999999
4 PEAR BOTANICAL DINNER CANDLES,1081,1297.2
4 PINK DINNER CANDLE SILVER FLOCK,257,308.4
4 PINK FLOCK CHRISTMAS BALLS,161,193.2
4 ROSE PINK DINNER CANDLES,528,633.6
4 SKY BLUE DINNER CANDLES,363,435.59999999999997
4 TRADITIONAL SPINNING TOPS,7559,9070.8
4 VANILLA BOTANICAL CANDLES,1052,1262.3999999999999
4 WILDFLOWER BOTANICAL CANDLES,594,712.8
5 HOOK BLACKBOARD ORGANISER ,300,360.0
5 HOOK HANGER MAGIC TOADSTOOL,1757,2108.4
5 HOOK HANGER RED MAGIC TOADSTOOL,4471,5365.2
5 STRAND GLASS NECKLACE AMBER,15,18.0
5 STRAND GLASS NECKLACE AMETHYST,17,20.4
5 STRAND GLASS NECKLACE BLACK,15,18.0
5 STRAND GLASS NECKLACE CRYSTAL,94,112.8
50'S CHRISTMAS PAPER GIFT BAG,1317,1580.3999999999999
50CM METAL STRING WITH  7 CLIPS,316,379.2
6 CHOCOLATE LOVE HEART T-LIGHTS,2502,3002.4
6 CROCHET STRAWBERRIES,937,1124.3999999999999
6 EGG HOUSE PAINTED WOOD,923,1107.6
6 GIFT TAGS 50'S CHRISTMAS ,3343,4011.6
6 GIFT TAGS VINTAGE CHRISTMAS ,3726,4471.2
6 HOOK JEWEL STAND LILAC DRESS,1,1.2
6 HOOK JEWELLERY STAND BLACK DRESS,516,619.1999999999999
6 RABBIT CHAIN EASTER,52,62.4
6 RIBBONS ELEGANT CHRISTMAS ,2801,3361.2
6 RIBBONS EMPIRE  ,2100,2520.0
6 RIBBONS RUSTIC CHARM,16026,19231.2
6 RIBBONS SHIMMERING PINKS ,1741,2089.2
6 ROCKET BALLOONS ,3699,4438.8
6 SEGMENT COLOURED SNACK BOWL ,18,21.599999999999998
60 CAKE CASES DOLLY GIRL DESIGN,9707,11648.4
60 CAKE CASES VINTAGE CHRISTMAS,25179,30214.8
60 GOLD AND SILVER FAIRY CAKE CASES,4201,5041.2
60 TEATIME FAIRY CAKE CASES,52828,63393.6
6PC WOOD PLATE SET DISPOSABLE,405,486.0
70'S ALPHABET WALL ART,150,180.0
72 CAKE CASES DOLLY GIRL DESIGN,943,1131.6
72 CAKE CASES VINTAGE CHRISTMAS,4293,5151.599999999999
72 ROUND PINK DOILIES,115,138.0
72 SWEETHEART FAIRY CAKE CASES,33936,40723.2
75 BLACK FAIRY CAKE CASES,985,1182.0
75 BLACK PETIT FOUR CASES,521,625.1999999999999
75 GREEN FAIRY CAKE CASES,2066,2479.2
75 GREEN PETIT FOUR CASES,1343,1611.6
A PRETTY THANK YOU CARD,438,525.6
A4 WALL TIDY BLUE OFFICE,228,273.59999999999997
A4 WALL TIDY RED FLOWERS,15,18.0
ABC TREASURE BOOK BOX ,2088,2505.6
ABSTRACT CIRCLE JOURNAL ,902,1082.3999999999999
ABSTRACT CIRCLES NOTEBOOK,3187,3824.3999999999996
ABSTRACT CIRCLES POCKET BOOK,5378,6453.599999999999
ABSTRACT CIRCLES SKETCHBOOK ,597,716.4
"ACRYLIC BEAD CHAIN, BLUE",229,274.8
"ACRYLIC BEAD CHAIN, PINK",114,136.79999999999998
"ACRYLIC BEAD GARLAND,PINK",2,2.4
ACRYLIC GEOMETRIC LAMP,27,32.4
"ACRYLIC HANGING JEWEL,BLUE",381,457.2
"ACRYLIC HANGING JEWEL,PINK",95,114.0
"ACRYLIC JEWEL ANGEL,BLUE",137,164.4
"ACRYLIC JEWEL ANGEL,PINK",292,350.4
"ACRYLIC JEWEL ICICLE, BLUE",403,483.59999999999997
"ACRYLIC JEWEL ICICLE, PINK",549,658.8
"ACRYLIC JEWEL SNOWFLAKE, PINK",168,201.6
"ACRYLIC JEWEL SNOWFLAKE,BLUE",235,282.0
"ACRYLIC JEWEL SNOWFLAKE,PINK",406,487.2
ADULT APRON APPLE DELIGHT,179,214.79999999999998
ADVENT CALENDAR GINGHAM SACK,1785,2142.0
AFGHAN SLIPPER SOCK PAIR,2567,3080.4
AGED GLASS SILVER T-LIGHT HOLDER,17004,20404.8
AIRLINE BAG VINTAGE JET SET BROWN,471,565.1999999999999
AIRLINE BAG VINTAGE JET SET RED,894,1072.8
AIRLINE BAG VINTAGE JET SET WHITE,449,538.8
AIRLINE BAG VINTAGE TOKYO 78,1522,1826.3999999999999
AIRLINE BAG VINTAGE WORLD CHAMPION ,526,631.1999999999999
"AIRLINE LOUNGE,METAL SIGN",892,1070.3999999999999
ALARM CLOCK BAKELIKE CHOCOLATE,2266,2719.2
ALARM CLOCK BAKELIKE GREEN,6713,8055.599999999999
ALARM CLOCK BAKELIKE IVORY,3451,4141.2
ALARM CLOCK BAKELIKE ORANGE,2797,3356.4
ALARM CLOCK BAKELIKE PINK,5833,6999.599999999999
ALARM CLOCK BAKELIKE RED ,8512,10214.4
ALPHABET HEARTS STICKER SHEET,807,968.4
ALPHABET STENCIL CRAFT,4526,5431.2
ALUMINIUM HEART,30,36.0
ALUMINIUM STAMPED HEART,771,925.1999999999999
AMBER BERTIE GLASS BEAD BAG CHARM,2,2.4
AMBER BERTIE MOBILE PHONE CHARM,17,20.4
AMBER CHUNKY BEAD BRACELET W STRAP,29,34.8
AMBER CHUNKY GLASS+BEAD NECKLACE,21,25.2
AMBER CRYSTAL DROP EARRINGS,1,1.2
AMBER DIAMANTE EXPANDABLE RING,36,43.199999999999996
AMBER DROP EARRINGS W LONG BEADS,26,31.2
AMBER FINE BEAD NECKLACE W TASSEL,8,9.6
AMBER GLASS BRACELET HEART CHARMS,9,10.799999999999999
AMBER GLASS TASSLE BAG CHARM,37,44.4
AMBER GLASS/SHELL/PEARL NECKLACE,3,3.5999999999999996
AMBER GLASS/SILVER BRACELET,32,38.4
AMETHYST CHUNKY BEAD BRACELET W STR,46,55.199999999999996
AMETHYST DIAMANTE EXPANDABLE RING,44,52.8
AMETHYST HOOP EARRING FLORAL LEAF,48,57.599999999999994
ANGEL DECORATION 3 BUTTONS ,6808,8169.599999999999
ANGEL DECORATION PAINTED ZINC ,2165,2598.0
ANGEL DECORATION STARS ON DRESS,5389,6466.8
ANGEL DECORATION WITH LACE PADDED,1671,2005.1999999999998
ANGEL ON KNEES METAL POLE 100CM H,6,7.199999999999999
ANIMAL STICKERS,3427,4112.4
ANIMALS AND NATURE WALL ART,267,320.4
ANT COPPER LIME BOUDICCA BRACELET,99,118.8
ANT COPPER PINK BOUDICCA BRACELET,74,88.8
ANT COPPER RED BOUDICCA BRACELET,39,46.8
ANT COPPER TURQ BOUDICCA BRACELET,87,104.39999999999999
ANT SILVER FUSCHIA BOUDICCA RING,42,50.4
ANT SILVER LIME GREEN BOUDICCA RING,54,64.8
ANT SILVER PURPLE BOUDICCA RING,26,31.2
ANT SILVER TURQUOISE BOUDICCA RING,29,34.8
ANT WHITE HIGH RISE BIRD BOX,49,58.8
ANT WHITE IRON BASKET,33,39.6
ANT WHITE SWEETHEART TABLE W 3 DRAW,3,3.5999999999999996
ANT WHITE WIRE HEART SPIRAL,1654,1984.8
ANTIQUE ALL GLASS CANDLESTICK,1470,1764.0
ANTIQUE CREAM CUTLERY CUPBOARD,39,46.8
ANTIQUE CREAM CUTLERY SHELF ,106,127.19999999999999
ANTIQUE EDWARDIAN DRESSER,52,62.4
ANTIQUE GLASS DRESSING TABLE POT,2172,2606.4
ANTIQUE GLASS HEART DECORATION ,2003,2403.6
ANTIQUE GLASS PEDESTAL BOWL,1144,1372.8
ANTIQUE GLASS PLACE SETTING,839,1006.8
ANTIQUE GLASS RIDGED HANGING BALL,775,930.0
ANTIQUE HEART SHELF UNIT,267,320.4
ANTIQUE IVORY WIRE BOWL SMALL,97,116.39999999999999
ANTIQUE LILY FAIRY LIGHTS,2668,3201.6
ANTIQUE MID BLUE FLOWER EARRINGS,7,8.4
ANTIQUE OLIVE GREEN FLOWER EARRINGS,16,19.2
ANTIQUE OPAL WHITE FLOWER EARRINGS,6,7.199999999999999
ANTIQUE RASPBERRY FLOWER EARRINGS,4,4.8
ANTIQUE SILVER BAUBLE LAMP  ,369,442.8
ANTIQUE SILVER T-LIGHT GLASS,12949,15538.8
ANTIQUE SILVER TEA GLASS ENGRAVED,15028,18033.6
ANTIQUE SILVER TEA GLASS ETCHED,18604,22324.8
ANTIQUE TALL SWIRLGLASS TRINKET POT,1003,1203.6
APOTHECARY MEASURING JAR,64,76.8
APPLE BATH SPONGE,3038,3645.6
APRON APPLE DELIGHT,492,590.4
APRON MODERN VINTAGE COTTON,601,721.1999999999999
AQUA BERTIE GLASS BEAD BAG CHARM,31,37.199999999999996
ARCHED GREY MIRROR,84,100.8
AREA PATROLLED METAL SIGN,7346,8815.199999999999
ARMY CAMO BOOKCOVER TAPE,32,38.4
ARMY CAMO WRAPPING TAPE,2246,2695.2
"ART LIGHTS,FUNK MONKEY",589,706.8
ASS COL CIRCLE MOBILE ,752,902.4
ASS COL LARGE SAND FROG P'WEIGHT,716,859.1999999999999
ASS COL LARGE SAND GECKO P'WEIGHT,809,970.8
ASS COL SMALL SAND FROG P'WEIGHT,1144,1372.8
ASS COL SMALL SAND GECKO P'WEIGHT,1584,1900.8
ASS COLOUR GLOWING TIARAS,697,836.4
ASS DES PHONE SPONGE CRAFT STICKER,1025,1230.0
ASS FLORAL PRINT MULTI SCREWDRIVER,2846,3415.2
ASS FLORAL PRINT SCISSORS,6828,8193.6
ASS FLORAL PRINT SPIRIT LEVEL ,147,176.4
ASS FLORAL PRINT TAPE MEASURE,235,282.0
ASS FLORAL PRINT TORCH,2567,3080.4
"ASS RETROSPOOF MUGS,SPORTS",143,171.6
ASS WINDPROOF MARIJUANA LIGHTERS,15,18.0
ASSORTED BOTTLE TOP  MAGNETS ,3054,3664.7999999999997
ASSORTED CAKES FRIDGE MAGNETS,2790,3348.0
ASSORTED CHEESE FRIDGE MAGNETS,755,906.0
ASSORTED CIRCULAR MOBILE,1156,1387.2
ASSORTED COLOUR BIRD ORNAMENT,78234,93880.8
ASSORTED COLOUR JUMBO PEN,247,296.4
ASSORTED COLOUR LIZARD SUCTION HOOK,1437,1724.3999999999999
ASSORTED COLOUR METAL CAT ,226,271.2
ASSORTED COLOUR MINI CASES,2972,3566.4
ASSORTED COLOUR SET 6 TEASPOONS,227,272.4
ASSORTED COLOUR SILK COIN PURSE,3551,4261.2
ASSORTED COLOUR SILK COSMETIC PURSE,1394,1672.8
ASSORTED COLOUR SILK GLASSES CASE,1987,2384.4
ASSORTED COLOUR SUCTION CUP HOOK,354,424.8
ASSORTED COLOUR T-LIGHT HOLDER,5610,6732.0
ASSORTED COLOURED CIRCLE MOBILE ,64,76.8
ASSORTED COLOURS SILK FAN,40994,49192.799999999996
ASSORTED CREEPY CRAWLIES,7387,8864.4
ASSORTED DESIGN FLOWER MUGS,7,8.4
ASSORTED DESIGN GEISHA GIRL MUGS,5,6.0
ASSORTED EASTER DECORATIONS  BELLS,872,1046.3999999999999
ASSORTED EASTER GIFT TAGS,1226,1471.2
ASSORTED FARMYARD ANIMALS IN BUCKET,3824,4588.8
ASSORTED FLORAL SECATEURS,3141,3769.2
"ASSORTED FLOWER COLOUR ""LEIS""",24665,29598.0
ASSORTED FRAGRANCE BATH CONFETTI,56,67.2
ASSORTED ICE CREAM FRIDGE MAGNETS,2811,3373.2
ASSORTED INCENSE PACK,10625,12750.0
ASSORTED LAQUERED INCENSE HOLDERS,6157,7388.4
ASSORTED MINI MADRAS NOTEBOOK,1718,2061.6
ASSORTED MONKEY SUCTION CUP HOOK,1076,1291.2
ASSORTED SANSKRIT MINI NOTEBOOK,1274,1528.8
ASSORTED SANTA CHRISTMAS DECORATION,48,57.599999999999994
ASSORTED SHAPED STENCIL FOR HENNA,52,62.4
ASSORTED SHAPES PHOTO CLIP SILVER ,1094,1312.8
ASSORTED TUTTI FRUTTI  FOB NOTEBOOK,2002,2402.4
ASSORTED TUTTI FRUTTI BRACELET,2791,3349.2
ASSORTED TUTTI FRUTTI HEART BOX,1006,1207.2
ASSORTED TUTTI FRUTTI KEYRING,249,298.8
ASSORTED TUTTI FRUTTI KEYRING BALL,1541,1849.1999999999998
ASSORTED TUTTI FRUTTI LARGE PURSE,788,945.5999999999999
ASSORTED TUTTI FRUTTI MIRROR,1320,1584.0
ASSORTED TUTTI FRUTTI NOTEBOOK,982,1178.3999999999999
ASSORTED TUTTI FRUTTI PEN,4217,5060.4
ASSORTED TUTTI FRUTTI PHOTO FRAME,413,495.59999999999997
ASSORTED TUTTI FRUTTI ROUND BOX,939,1126.8
ASSORTED TUTTI FRUTTI SMALL PURSE,2612,3134.4
ASSORTED WHITE EMBOSSED CHINA MUGS,674,808.8
ASSTD COL BUTTERFLY/CRYSTAL W/CHIME,475,570.0
ASSTD DESIGN 3D PAPER STICKERS,1731,2077.2
ASSTD DESIGN BUBBLE GUM RING,22410,26892.0
ASSTD DESIGN POP ART SLIM PEN,684,820.8
ASSTD DESIGN RACING CAR PEN,4273,5127.599999999999
ASSTD FRUIT+FLOWERS FRIDGE MAGNETS,2928,3513.6
ASSTD HEARTS DESIGN MUGS,318,381.59999999999997
ASSTD MULTICOLOUR CIRCLES MUG,1535,1842.0
ASSTD RASTA KEY-CHAINS,36,43.199999999999996
Adjustment by Peter on Jun 25 2010 ,3,3.5999999999999996
Adjustment by john on 26/01/2010 16,18,21.599999999999998
Adjustment by john on 26/01/2010 17,14,16.8
BABUSHKA LIGHTS STRING OF 10,1630,1956.0
BABY BOOM RIBBONS ,2074,2488.7999999999997
BABY MOUSE RED GINGHAM DRESS,427,512.4
BAG 125g SWIRLY MARBLES,14289,17146.8
BAG 250g SWIRLY MARBLES,16824,20188.8
BAG 500g SWIRLY MARBLES,2401,2881.2
BAG FOR CHILDREN VINTAGE BLUE ,96,115.19999999999999
BAG FOR CHILDREN VINTAGE PINK ,96,115.19999999999999
BAG OF SILVER STONES,141,169.2
BAKING MOULD CHOCOLATE CUP CAKES,12,14.399999999999999
BAKING MOULD CHOCOLATE CUPCAKES,915,1098.0
BAKING MOULD CUPCAKE CHOCOLATE,12,14.399999999999999
BAKING MOULD EASTER EGG MILK CHOC,876,1051.2
BAKING MOULD EASTER EGG WHITE CHOC,560,672.0
BAKING MOULD HEART MILK CHOCOLATE,1040,1248.0
BAKING MOULD HEART WHITE CHOCOLATE,792,950.4
BAKING MOULD ROSE MILK CHOCOLATE,673,807.6
BAKING MOULD ROSE WHITE CHOCOLATE,258,309.59999999999997
BAKING MOULD TOFFEE CUP  CHOCOLATE,6,7.199999999999999
BAKING MOULD TOFFEE CUP CHOCOLATE,866,1039.2
BAKING SET 9 PIECE RETROSPOT ,9035,10842.0
BAKING SET SPACEBOY DESIGN,4165,4998.0
BALLERINA HEART DECORATION.,338,405.59999999999997
BALLOON ART MAKE YOUR OWN FLOWERS,1323,1587.6
BALLOON PUMP WITH 10 BALLOONS,2521,3025.2
BALLOON WATER BOMB PACK OF 35,8296,9955.199999999999
BALLOONS  WRITING SET ,1632,1958.3999999999999
BANK ACCOUNT  GREETING  CARD ,1016,1219.2
BANQUET BIRTHDAY  CARD  ,3880,4656.0
BAROQUE BUTTERFLY EARRINGS BLACK,2,2.4
BAROQUE BUTTERFLY EARRINGS CRYSTAL,2,2.4
BAROQUE BUTTERFLY EARRINGS GREEN,2,2.4
BAROQUE BUTTERFLY EARRINGS MONTANA,3,3.5999999999999996
BAROQUE BUTTERFLY EARRINGS PINK,2,2.4
BAROQUE BUTTERFLY EARRINGS RED,1,1.2
BASKET OF FLOWERS SEWING KIT,1765,2118.0
BASKET OF TOADSTOOLS,2123,2547.6
BASKET/8 SCENTED LOVE TOKEN CANDLES,121,145.2
BATH BUILDING BLOCK WORD,1543,1851.6
BATH DUCK WATERING CAN,832,998.4
BATHROOM HOOK,140,168.0
BATHROOM METAL SIGN,12594,15112.8
BATHROOM METAL SIGN ,1810,2172.0
BATHROOM SCALES FOOTPRINTS IN SAND,95,114.0
BATHROOM SCALES RUBBER DUCKS,84,100.8
"BATHROOM SCALES, FAG BREAK",2,2.4
"BATHROOM SCALES, TROPICAL BEACH",35,42.0
BATHROOM SET LOVE HEART DESIGN,583,699.6
BEACH HUT DESIGN BLACKBOARD,388,465.59999999999997
BEACH HUT KEY CABINET,359,430.8
BEACH HUT MIRROR,344,412.8
BEACH HUT PHOTO FRAME,574,688.8
BEACH HUT SHELF W 3 DRAWERS,292,350.4
BEADED CHANDELIER T-LIGHT HOLDER,596,715.1999999999999
BEADED CRYSTAL HEART BLUE  LARGE,650,780.0
BEADED CRYSTAL HEART BLUE ON STICK,308,369.59999999999997
BEADED CRYSTAL HEART BLUE SMALL,370,444.0
BEADED CRYSTAL HEART GREEN LARGE,875,1050.0
BEADED CRYSTAL HEART GREEN ON STICK,330,396.0
BEADED CRYSTAL HEART GREEN SMALL,210,252.0
BEADED CRYSTAL HEART PINK LARGE,734,880.8
BEADED CRYSTAL HEART PINK ON STICK,488,585.6
BEADED CRYSTAL HEART PINK SMALL,655,786.0
BEADED CRYSTAL HEART PINK\ON STICK,15,18.0
BEADED LOVE HEART JEWELLERY SET,2098,2517.6
BEADED PEARL HEART WHITE LARGE,656,787.1999999999999
BEADED PEARL HEART WHITE ON STICK,1375,1650.0
BEAUTY SPEED EXPRESSO CUPS,462,554.4
BEECH WOOD P/FRAME,5,6.0
BEECH WOOD PHOTO FRAME ,271,325.2
BEIGE PHOTO ALBUM,94,112.8
BELL HEART ANTIQUE GOLD,12,14.399999999999999
BELL HEART DECORATION,252,302.4
BELLE JARDINIERE CUSHION COVER,683,819.6
BENDY COLOUR PENCILS,4,4.8
BERRIES CHUNKY KNITTED THROW ,5,6.0
BEST DAD CANDLE LETTERS,216,259.2
BEWARE OF THE CAT DOORMAT,2,2.4
BEWARE OF THE CAT METAL SIGN ,9080,10896.0
BICYCLE PUNCTURE REPAIR KIT ,1730,2076.0
BICYCLE SAFTEY WALL ART,458,549.6
BIG DOUGHNUT FRIDGE MAGNETS,5727,6872.4
BIG PINK POODLE,28,33.6
BIG POLKADOT MUG,78,93.6
BILI NUT AND WOOD NECKLACE,48,57.599999999999994
BINGO SET,3219,3862.7999999999997
BIRD BOX CHRISTMAS TREE DECORATION,207,248.39999999999998
BIRD DECORATION GREEN  SPOT,574,688.8
BIRD DECORATION GREEN POLKADOT,486,583.1999999999999
BIRD DECORATION RED RETROSPOT,1085,1302.0
BIRD DECORATION RED SPOT,1139,1366.8
BIRD HOUSE HOT WATER BOTTLE,1866,2239.2
BIRD IN TREE MUG ,4643,5571.599999999999
BIRD ON BRANCH CANVAS SCREEN,11,13.2
BIRDCAGE DECORATION MAGIC GARDEN,21,25.2
BIRDCAGE DECORATION TEALIGHT HOLDER,929,1114.8
BIRDHOUSE DECORATION MAGIC GARDEN,1605,1926.0
BIRDHOUSE GARDEN MARKER ,2537,3044.4
BIRDS MOBILE VINTAGE DESIGN,578,693.6
BIRTHDAY BANNER TAPE,48,57.599999999999994
BIRTHDAY BANQUET GIFT WRAP,2815,3378.0
"BIRTHDAY CARD, RETRO SPOT",2568,3081.6
BIRTHDAY PARTY CORDON BARRIER TAPE,665,798.0
BISCUIT TIN 50'S CHRISTMAS,2048,2457.6
BISCUIT TIN VINTAGE CHRISTMAS,1632,1958.3999999999999
BISCUIT TIN VINTAGE GREEN,573,687.6
BISCUIT TIN VINTAGE LEAF,24,28.799999999999997
BISCUIT TIN VINTAGE RED,761,913.1999999999999
"BISCUIT TIN, MINT,IVORY, VINTAGE",1,1.2
"BISCUIT TIN, RED,IVORY, VINTAGE",37,44.4
BISCUITS SMALL BOWL LIGHT BLUE,1262,1514.3999999999999
BLACK 3 BEAD DROP EARRINGS,8,9.6
BLACK 3 TIER GLASS PLATE STAND,10,12.0
BLACK AND WHITE CAT BOWL,1573,1887.6
BLACK AND WHITE DOG BOWL,1377,1652.3999999999999
BLACK AND WHITE PAISLEY FLOWER MUG,25685,30822.0
BLACK ASSORTED DROPLET DECORATION,59,70.8
BLACK BAROQUE CARRIAGE CLOCK,37,44.4
BLACK BAROQUE CUCKOO CLOCK,113,135.6
BLACK BAROQUE WALL CLOCK ,68,81.6
BLACK BIRD GARDEN DESIGN MUG,6149,7378.799999999999
BLACK BOX MIRROR LANTERN,55,66.0
BLACK CANDELABRA T-LIGHT HOLDER,1173,1407.6
BLACK CHAMPAGNE GLASS,1811,2173.2
BLACK CHERRY LIGHTS,231,277.2
BLACK CHRISTMAS FLOCK DROPLET ,179,214.79999999999998
BLACK CHRISTMAS TREE 120CM,249,298.8
BLACK CHRISTMAS TREE 60CM,919,1102.8
BLACK CHUNKY BEAD BRACELET W STRAP,48,57.599999999999994
BLACK CRYSTAL DROP EARRINGS,9,10.799999999999999
BLACK DIAMANTE EXPANDABLE RING,51,61.199999999999996
BLACK DIAMOND CLUSTER EARRINGS,1,1.2
BLACK DIAMOND CLUSTER NECKLACE,5,6.0
BLACK DINER WALL CLOCK,353,423.59999999999997
BLACK DROP CRYSTAL NECKLACE,13,15.6
BLACK DROP EARRINGS W LONG BEADS,2,2.4
BLACK EAR MUFF HEADPHONES,174,208.79999999999998
BLACK ENAMEL FLOWER RING,107,128.4
BLACK ENCHANTED FOREST PLACEMAT,1179,1414.8
BLACK FACE LAMB WITH PANTS,98,117.6
BLACK FEATHER CHRISTMAS DECORATION,310,372.0
BLACK FINE BEAD NECKLACE W TASSEL,10,12.0
BLACK FLOCK GOLD CANDLE,49,58.8
BLACK FLOWER CANDLE PLATE,294,352.8
BLACK GEMSTONE BRACELET,45,54.0
BLACK GEMSTONE NECKLACE 45CM,15,18.0
BLACK GLASS BRACELET W HEART CHARMS,6,7.199999999999999
BLACK GLASS TV DOUBLE P/FRAME 15X10,17,20.4
BLACK GRAND BAROQUE PHOTO FRAME,684,820.8
BLACK HEART CARD HOLDER,10255,12306.0
BLACK KITCHEN SCALES,802,962.4
BLACK LOVE BIRD CANDLE,280,336.0
BLACK LOVE BIRD T-LIGHT HOLDER,311,373.2
BLACK MEDIUM GLASS CAKE STAND,38,45.6
BLACK METAL BAROQUE PHOTO FRAME,501,601.1999999999999
BLACK MINI TAPE MEASURE ,824,988.8
BLACK NEW BAROQUE FLOCK BOX,7,8.4
BLACK ORANGE SQUEEZER,206,247.2
BLACK PHOTO ALBUM ,81,97.2
BLACK PILLAR CANDLE SILVER FLOCK,612,734.4
BLACK PIRATE TREASURE CHEST,892,1070.3999999999999
BLACK RECORD COVER FRAME,18417,22100.399999999998
BLACK RETRO BAR STOOL,22,26.4
BLACK RETRODISC LAMPSHADE,977,1172.3999999999999
"BLACK RND BULLET""KEEP CLEAN"" BIN",1,1.2
BLACK SIL'T SQU CANDLE PLATE ,40,48.0
BLACK SILOUETTE CANDLE PLATE,513,615.6
BLACK SILOUETTE CANDLE PLATE ,120,144.0
BLACK SILVER FLOWER T-LIGHT HOLDER,11512,13814.4
BLACK SMALL GLASS CAKE STAND,564,676.8
BLACK SQUARE TABLE CLOCK,207,248.39999999999998
BLACK STITCHED WALL CLOCK,727,872.4
BLACK SWEETHEART BRACELET,141,169.2
BLACK TEA TOWEL CLASSIC DESIGN,1110,1332.0
"BLACK TEA,COFFEE,SUGAR JARS",456,547.1999999999999
BLACK VINT ART DEC CRYSTAL BRACELET,8,9.6
BLACK VINT ART DEC CRYSTAL NECKLACE,15,18.0
BLACK VINTAGE  CRYSTAL EARRINGS,17,20.4
BLACK VINTAGE EARRINGS,20,24.0
BLACK WINE GLASS,3624,4348.8
BLACK+WHITE NECKLACE W TASSEL,35,42.0
BLACK/BLUE DOTS RUFFLED UMBRELLA,2944,3532.7999999999997
BLACK/BLUE POLKADOT UMBRELLA,1622,1946.3999999999999
BLACK/WHITE GLASS/SILVER BRACELET,45,54.0
BLACKCHRISTMAS TREE 30CM,18,21.599999999999998
BLCK NEW BAROQUE CANDLESTICK CANDLE,180,216.0
BLING KEY RING STAND,19,22.8
BLOKEY SILVER TOOL SET,31,37.199999999999996
BLOND DOLL DOORSTOP,328,393.59999999999997
BLOSSOM  IMAGES NOTEBOOK SET,704,844.8
BLOSSOM IMAGES GIFT WRAP SET,929,1114.8
BLOSSOM IMAGES SCRAP BOOK SET,408,489.59999999999997
BLUE  DIAMANTE PEN IN GIFT BOX,321,385.2
BLUE  SPOTTY  COFFEE MUG,227,272.4
BLUE  SPOTTY CUP,3123,3747.6
BLUE  SPOTTY EGG CUP ,922,1106.3999999999999
BLUE  SPOTTY PLATE ,2272,2726.4
BLUE  SPOTTY PUDDING BOWL,2672,3206.4
BLUE  TILE HOOK,190,228.0
BLUE  VOILE LAMPSHADE,98,117.6
BLUE & WHITE BREAKFAST TRAY,96,115.19999999999999
BLUE 3 PIECE MINI DOTS CUTLERY SET,3820,4584.0
BLUE 3 PIECE POLKADOT CUTLERY SET,2188,2625.6
BLUE 5 PATCH FLOWER CUSHION COVER,385,462.0
BLUE BABY BOY'S MEMORY BOX,5,6.0
BLUE BAROQUE FLOCK CANDLE HOLDER,3,3.5999999999999996
BLUE BEADS+HAND PHONE CHARM,2,2.4
BLUE BIRDHOUSE DECORATION,855,1026.0
BLUE BLOSSOM HAIR CLIP,101,121.19999999999999
BLUE BREAKFAST CUP AND SAUCER ,1996,2395.2
BLUE BUNNY EASTER EGG BASKET,157,188.4
BLUE BUTTERFLY ON SPRING,68,81.6
BLUE CALCULATOR RULER,994,1192.8
BLUE CAT BISCUIT BARREL PINK HEART,84,100.8
BLUE CHALET BIRDFEEDER,273,327.59999999999997
BLUE CHARLIE+LOLA PERSONAL DOORSIGN,1839,2206.7999999999997
BLUE CHECK BAG W HANDLE 34X20CM,54,64.8
BLUE CHENILLE SHAGGY CUSHION COVER ,59,70.8
BLUE CHERRY BLOSSOM CUP & SAUCER,1122,1346.3999999999999
BLUE CIRCLES DESIGN MONKEY DOLL,425,510.0
BLUE CIRCLES DESIGN TEDDY,96,115.19999999999999
BLUE CLIMBING HYDRANGA ART FLOWER,339,406.8
BLUE COAT RACK PARIS FASHION,529,634.8
BLUE COL METAL FOLDING CHAIR,7,8.4
BLUE CRUSOE CHECK LAMPSHADE,18,21.599999999999998
BLUE CRYSTAL BOOT PHONE CHARM,91,109.2
BLUE CUSHION COVER WITH FLOWER,254,304.8
BLUE DAISY MOBILE,181,217.2
BLUE DELPHINIUM ARTIFICIAL FLOWER,355,426.0
BLUE DINER WALL CLOCK,1373,1647.6
BLUE DISCO HANDBAG,279,334.8
BLUE DRAGONFLY HELICOPTER,98,117.6
BLUE DRAWER KNOB ACRYLIC EDWARDIAN,1848,2217.6
BLUE DROP EARRINGS W BEAD CLUSTER,2,2.4
BLUE EASTER EGG HUNT START POST,77,92.39999999999999
BLUE EGG  SPOON,2151,2581.2
BLUE FAIRY CAKE CHILD'S APRON,991,1189.2
BLUE FAIRY CAKE CHILDRENS APRON,4,4.8
BLUE FELT EASTER EGG BASKET,1305,1566.0
BLUE FELT HANGING HEART W FLOWER,31,37.199999999999996
BLUE FELT HANGING HEART WITH FLOWER,6,7.199999999999999
BLUE FLOCK CUSHION COVER ,8,9.6
BLUE FLOCK GLASS CANDLEHOLDER,1777,2132.4
BLUE FLORIBUNDA EGG WARMER,10,12.0
BLUE FLOWER DES PURSE,54,64.8
BLUE FLOWER T-LIGHT HOLDER,236,283.2
BLUE FLY SWAT,420,504.0
BLUE FLYING SINGING CANARY,328,393.59999999999997
BLUE GEISHA GIRL ,54,64.8
BLUE GIANT GARDEN THERMOMETER,465,558.0
BLUE GINGHAM ROSE CUSHION COVER,111,133.2
BLUE GINGHAM ROSE FLOOR CUSHION ,27,32.4
BLUE GINGHAM ROSE QUILT ,69,82.8
BLUE GLASS CHUNKY CHARM BRACELET,34,40.8
BLUE GLASS GEMS IN BAG,624,748.8
BLUE GREEN EMBROIDERY COSMETIC BAG,22,26.4
BLUE HANGING GINGHAM EASTER HEN,83,99.6
BLUE HAPPY BIRTHDAY BUNTING,4681,5617.2
BLUE HARMONICA IN BOX ,11830,14196.0
BLUE HEART COMPACT MIRROR,324,388.8
BLUE HIBISCUS  HAIR CLIP,7,8.4
BLUE HOLE PUNCH,81,97.2
BLUE JUICY FRUIT PHOTO FRAME,331,397.2
BLUE KASHMIRI BOXED MIRROR,33,39.6
BLUE KASHMIRI COFFEE TABLE ,27,32.4
BLUE KASHMIRI OCCASIONAL TABLE,23,27.599999999999998
BLUE KNITTED EGG COSY,187,224.4
BLUE KNITTED HEN ,434,520.8
BLUE KNITTED KID'S RUCKSACK,3,3.5999999999999996
BLUE LEAVES AND BEADS PHONE CHARM,17,20.4
BLUE METAL WALL SHELF,11,13.2
BLUE MONTE CARLO HANDBAG,24,28.799999999999997
BLUE MURANO TWIST BRACELET,77,92.39999999999999
BLUE MURANO TWIST NECKLACE,20,24.0
BLUE NETTING STORAGE HANGER,15,18.0
BLUE NEW BAROQUE CANDLESTICK CANDLE,743,891.6
BLUE NEW BAROQUE FLOCK CANDLESTICK,62,74.39999999999999
BLUE ORGANDY ROUND LAMPSHADE W BEA,33,39.6
BLUE OWL DECORATION,96,115.19999999999999
BLUE OWL SOFT TOY,1027,1232.3999999999999
BLUE PADDED SOFT MOBILE,459,550.8
BLUE PAINTED KASHMIRI CHAIR,18,21.599999999999998
BLUE PAINTED KASHMIRI TABLE ,17,20.4
BLUE PAISLEY JOURNAL ,750,900.0
BLUE PAISLEY NOTEBOOK,3303,3963.6
BLUE PAISLEY POCKET BOOK,5084,6100.8
BLUE PAISLEY SKETCHBOOK,413,495.59999999999997
BLUE PAISLEY TISSUE BOX,903,1083.6
BLUE PAPER PARASOL ,1624,1948.8
BLUE PARTY BAGS ,3441,4129.2
BLUE PATCH PENCIL CASE PINK HEART,284,340.8
BLUE PATCH PURSE PINK HEART,363,435.59999999999997
BLUE PILLAR CANDLE SILVER FLOCK,65,78.0
BLUE POLKADOT BEAKER ,2824,3388.7999999999997
BLUE POLKADOT BOWL,3116,3739.2
BLUE POLKADOT COFFEE MUG,2113,2535.6
BLUE POLKADOT CUP,3655,4386.0
BLUE POLKADOT EGG CUP ,1090,1308.0
BLUE POLKADOT GARDEN PARASOL,148,177.6
BLUE POLKADOT KIDS BAG,447,536.4
BLUE POLKADOT LUGGAGE TAG ,159,190.79999999999998
BLUE POLKADOT PASSPORT COVER,236,283.2
BLUE POLKADOT PLATE ,2395,2874.0
BLUE POLKADOT PUDDING BOWL,2564,3076.7999999999997
BLUE POLKADOT PURSE ,354,424.8
BLUE POLKADOT WASHING UP GLOVES,471,565.1999999999999
BLUE POLKADOT WRAP,8675,10410.0
BLUE PORCELAIN B'FLY OIL BURNER,3,3.5999999999999996
BLUE POT PLANT CANDLE ,611,733.1999999999999
BLUE PUDDING SPOON,1388,1665.6
BLUE PULL BACK RACING CAR,952,1142.3999999999999
BLUE REFECTORY CLOCK ,161,193.2
BLUE RETRO BAR STOOL,11,13.2
BLUE RETRO KITCHEN WALL CLOCK,35,42.0
BLUE RIVIERA HANDBAG,326,391.2
BLUE ROCKING SINGING CANARY,101,121.19999999999999
BLUE ROSE FABRIC MIRROR,963,1155.6
BLUE ROSE PATCH PURSE PINK BUTTERFL,248,297.59999999999997
BLUE ROUND COMPACT MIRROR,101,121.19999999999999
BLUE SAVANNAH PICNIC HAMPER FOR 2,230,276.0
BLUE SAVANNAH PICNIC HAMPER FOR 4,310,372.0
BLUE SCANDINAVIAN PAISLEY WRAP,3175,3810.0
BLUE SCOTTIE DOG W FLOWER PATTERN,219,262.8
BLUE SHARK HELICOPTER,49,58.8
BLUE SHELL+SILVER NECKLACE,12,14.399999999999999
BLUE SPOT CERAMIC DRAWER KNOB,8061,9673.199999999999
BLUE SPOTS  WRAP,6350,7620.0
BLUE SPOTTY BEAKER ,108,129.6
BLUE SPOTTY BOWL,2700,3240.0
BLUE SPOTTY LUGGAGE TAG ,1056,1267.2
BLUE SPOTTY PASSPORT COVER,222,266.4
BLUE SPOTTY PURSE ,433,519.6
BLUE SQUARE COMPACT MIRROR,371,445.2
BLUE STAR BLOCK TABLE LAMP,103,123.6
BLUE STONES ON WIRE FOR CANDLE,743,891.6
BLUE STRIPE CERAMIC DRAWER KNOB,9897,11876.4
BLUE STRIPES SHOULDER BAG,11,13.2
BLUE SWEETHEART BRACELET,133,159.6
BLUE TABLE RUN FLOWER,48,57.599999999999994
BLUE TALL PORCELAIN T-LIGHT HOLDER,7,8.4
BLUE TEA TOWEL CLASSIC DESIGN,2233,2679.6
BLUE TEATIME PRINT BOWL ,731,877.1999999999999
BLUE TILED SET OF 3 DRAWERS,5,6.0
BLUE TILED TRAY,273,327.59999999999997
BLUE TINSEL GARLAND ,130,156.0
BLUE TRAVEL FIRST AID KIT,78,93.6
BLUE TV TRAY TABLE ,158,189.6
BLUE VICTORIAN FABRIC HEART BOX,710,852.0
BLUE VICTORIAN FABRIC OVAL BOX,1665,1998.0
BLUE VINTAGE SPOT BEAKER,4901,5881.2
BLUE WHITE PLASTIC RINGS LAMPSHADE,15,18.0
BLUE WHITE SCARF HOT WATER BOTTLE,16,19.2
BLUE WHITE SPOTS GARDEN PARASOL,271,325.2
BLUE WIRE SPIRAL CANDLE HOLDER,50,60.0
BLUE YELLOW FLOWER PIGGY BANK,488,585.6
BLUE/BROWN DOTS RUFFLED UMBRELLA,539,646.8
BLUE/CREAM STRIPE CUSHION COVER ,1195,1434.0
BLUE/CREAM STRIPE FRINGE HAMMOCK,304,364.8
BLUE/GREEN SHELL NECKLACE W PENDANT,5,6.0
BLUE/NAT SHELL NECKLACE W PENDANT,7,8.4
BLUE/PINK NEST STRIPE BOX,1142,1370.3999999999999
BLUE/WHITE RIBBED MELAMINE JUG,7,8.4
BLUE/YELLOW CERAMIC CANDLE HOLDER,10,12.0
BLUE/YELLOW FLOWER DESIGN BIG MUG,38,45.6
BOHEMIAN COLLAGE STATIONERY SET,874,1048.8
BOMBS AWAY METAL SIGN,1153,1383.6
BOOM BOX SPEAKER BOYS,721,865.1999999999999
BOOM BOX SPEAKER GIRLS,516,619.1999999999999
BOOZE & WOMEN GREETING CARD ,890,1068.0
BOTANICAL GARDENS WALL CLOCK ,259,310.8
BOTANICAL LAVENDER BIRTHDAY CARD,963,1155.6
BOTANICAL LAVENDER GIFT WRAP ,1150,1380.0
BOTANICAL LILY GIFT WRAP,850,1020.0
BOTANICAL LILY GREETING CARD,903,1083.6
BOTANICAL ROSE GIFT WRAP,2815,3378.0
BOTANICAL ROSE GREETING CARD,1552,1862.3999999999999
BOTTLE BAG RETROSPOT ,3212,3854.3999999999996
BOUDOIR SQUARE TISSUE BOX,2762,3314.4
BOX OF 24 COCKTAIL PARASOLS,17299,20758.8
BOX OF 3 PEBBLE CANDLES,1,1.2
BOX OF 6 ASSORTED COLOUR TEASPOONS,418,501.59999999999997
BOX OF 6 CHRISTMAS CAKE DECORATIONS,1712,2054.4
BOX OF 6 MINI 50'S CRACKERS,3520,4224.0
BOX OF 6 MINI VINTAGE CRACKERS,3645,4374.0
BOX OF 6 PEBBLE CANDLES,5,6.0
BOX OF 9 PEBBLE CANDLES,1686,2023.1999999999998
BOX OF VINTAGE ALPHABET BLOCKS,2833,3399.6
BOX OF VINTAGE JIGSAW BLOCKS ,2195,2634.0
BOX/12 CHICK & EGG IN BASKET,254,304.8
BOX/12 MOTHER & CHICK IN BASKET/BOW,96,115.19999999999999
BOYS ALPHABET IRON ON PATCHES,18241,21889.2
BOYS VINTAGE TIN SEASIDE BUCKET,3336,4003.2
BREAD BIN DINER STYLE BLACK,8,9.6
BREAD BIN DINER STYLE IVORY,1049,1258.8
BREAD BIN DINER STYLE MINT,369,442.8
BREAD BIN DINER STYLE PINK,350,420.0
BREAD BIN DINER STYLE RED ,771,925.1999999999999
"BREAD BIN, DINER STYLE, IVORY",45,54.0
"BREAD BIN, DINER STYLE, MINT",13,15.6
"BREAD BIN, DINER STYLE, PINK",8,9.6
"BREAD BIN, DINER STYLE, RED ",3,3.5999999999999996
BRIGHT BLUES RIBBONS ,2283,2739.6
"BROCADE PURSE,SMALL ARCH BUTTON",3279,3934.7999999999997
BROCADE RING PURSE ,70082,84098.4
BROCANTE COAT RACK,459,550.8
BROCANTE SHELF WITH HOOKS,166,199.2
BROWN  PIRATE TREASURE CHEST ,603,723.6
BROWN ANTIQUE CUBE CANDLE,226,271.2
BROWN CHECK CAT DOORSTOP ,1128,1353.6
BROWN COZY SQUARE PHOTO ALBUM,205,246.0
BROWN DOG CANNISTER W BONE,4,4.8
BROWN FLOWER LIGHTS,109,130.79999999999998
BROWN FURRY HOT WATER BOTTLE,191,229.2
BROWN KUKUI COCONUT SEED NECKLACE,81,97.2
BROWN VINTAGE VICTORIAN EARRINGS,12,14.399999999999999
BUBBLE GUM CHUNKY KNITTED THROW ,5,6.0
BUBBLE GUM SCARF KNITTING KIT,306,367.2
BUBBLEGUM RING ASSORTED,11891,14269.199999999999
BUDDHA INCENSE HOLDER ASSORTED,2176,2611.2
BUFFALO BILL TREASURE BOOK BOX,1847,2216.4
BUFFALO BILL WALL ART ,246,295.2
BULL DOG BOTTLE OPENER,778,933.5999999999999
BULL DOG BOTTLE TOP WALL CLOCK,185,222.0
BUNDLE OF 3 ALPHABET EXERCISE BOOKS,3269,3922.7999999999997
BUNDLE OF 3 RETRO EXERCISE BOOKS,60,72.0
BUNDLE OF 3 RETRO NOTE BOOKS,2099,2518.7999999999997
BUNDLE OF 3 SCHOOL EXERCISE BOOKS  ,1678,2013.6
BUNNY BUNCH OF FLOWERS,14,16.8
BUNNY DECORATION MAGIC GARDEN,971,1165.2
BUNNY EGG BOX,1007,1208.3999999999999
BUNNY EGG GARLAND,1179,1414.8
BUNNY WOODEN PAINTED WITH BIRD ,1477,1772.3999999999999
BUNNY WOODEN PAINTED WITH FLOWER ,860,1032.0
"BUNTING , SPOTTY ",146,175.2
BURG FLOCK GOLD CUP/CANDLE ,115,138.0
BUTTERFLIES  HONEYCOMB GARLAND,1445,1734.0
BUTTERFLIES STICKERS,1571,1885.1999999999998
BUTTERFLY CROCHET FOOD COVER,619,742.8
BUTTERFLY CUSHION COVER,8,9.6
BUTTERFLY HAIR BAND,16,19.2
BUTTERFLY WATER TRANSFER TATTOOS ,267,320.4
BUTTON BOX ,2198,2637.6
BUTTONS AND STRIPES NOTEBOOK ,90,108.0
BUTTONS DESIGN JEWELLERY BOX,71,85.2
Bank Charges,29,34.8
CABIN BAG VINTAGE PAISLEY,105,126.0
CABIN BAG VINTAGE RETROSPOT,269,322.8
CACTI T-LIGHT CANDLES,15302,18362.399999999998
CAKE PLATE LOVEBIRD PINK,559,670.8
CAKE PLATE LOVEBIRD WHITE,1219,1462.8
CAKE SHOP  STICKER SHEET,1023,1227.6
CAKE STAND 3 TIER MAGIC GARDEN,1074,1288.8
CAKE STAND LACE WHITE,1113,1335.6
CAKE STAND LOVEBIRD 2 TIER PINK,884,1060.8
CAKE STAND LOVEBIRD 2 TIER WHITE,711,853.1999999999999
CAKE STAND VICTORIAN FILIGREE LARGE,268,321.59999999999997
CAKE STAND VICTORIAN FILIGREE MED,282,338.4
CAKE STAND VICTORIAN FILIGREE SMALL,359,430.8
CAKE STAND WHITE TWO TIER LACE,1029,1234.8
"CAKE TIN, 3 TIER MINT/IVORY",13,15.6
"CAKE TIN, 3 TIER RED/IVORY",28,33.6
"CAKE TIN, ROUND, VINTAGE MINT,IVORY",27,32.4
"CAKE TIN, ROUND, VINTAGE RED,CREAM",59,70.8
CAKES AND BOWS GIFT  TAPE,1232,1478.3999999999999
CAKES AND RABBITS DESIGN FLANNEL ,387,464.4
"CAKESTAND, 3 TIER, LOVEHEART",46,55.199999999999996
CALENDAR FAMILY FAVORITES,20,24.0
CALENDAR FAMILY FAVOURITES,684,820.8
CALENDAR IN SEASON DESIGN,935,1122.0
CALENDAR PAPER CUT DESIGN,3195,3834.0
CAMOFLAGE CUSHION COVER,11,13.2
CAMOFLAGE DESIGN TEDDY,1584,1900.8
CAMOUFLAGE BACKPACK ON WHEELS,2,2.4
CAMOUFLAGE DESIGN TEDDY,2221,2665.2
CAMOUFLAGE EAR MUFF HEADPHONES,101,121.19999999999999
CAMOUFLAGE LED TORCH,5931,7117.2
CAMPHOR WOOD PORTOBELLO MUSHROOM,498,597.6
CANDLE HOLDER SILVER MADELINE,193,231.6
"CANDLE IN JAR COLLAGE , VANILLA",65,78.0
CANDLE PLATE LACE WHITE,462,554.4
CANDLE RING W/CLEAR BEADS,13,15.6
CANDLEHOLDER PINK HANGING HEART,4069,4882.8
CANDY BUTTON PHOTO ALBUM,295,354.0
CANDY HEART HANGING DECORATION,1453,1743.6
CANDY PINK FRENCH BOUDOIR CLOCK,16,19.2
CANDY POP CHUNKY KNITTED THROW ,15,18.0
CANDY SHOP  STICKER SHEET,1005,1206.0
CANDY SPOT APRON,82,98.39999999999999
CANDY SPOT BREAD BASKETS,337,404.4
CANDY SPOT BUNNY,87,104.39999999999999
CANDY SPOT CUSHION COVER,113,135.6
CANDY SPOT EGG WARMER HARE,1044,1252.8
CANDY SPOT EGG WARMER RABBIT,609,730.8
CANDY SPOT HAND BAG,273,327.59999999999997
CANDY SPOT HEART DECORATION,396,475.2
CANDY SPOT TEA COSY,374,448.8
CANDY STRIPE ROSE C/COVER ,50,60.0
CANDY STRIPE ROSE FLOOR CUSHION,6,7.199999999999999
CANDY STRIPE ROSE QUILT,1,1.2
CANNABIS LEAF BEAD CURTAIN,48,57.599999999999994
CANNISTER VINTAGE LEAF DESIGN,12,14.399999999999999
CAPIZ CHANDELIER,5,6.0
CARAVAN SQUARE TISSUE BOX,2019,2422.7999999999997
CARD BILLBOARD FONT,5122,6146.4
CARD BIRTHDAY COWBOY,5097,6116.4
CARD CAT AND TREE ,2460,2952.0
CARD CHRISTMAS VILLAGE,5574,6688.8
CARD CIRCUS PARADE,5020,6024.0
CARD DOG AND BALL ,2322,2786.4
CARD DOLLY GIRL ,7009,8410.8
CARD GINGHAM ROSE ,2714,3256.7999999999997
CARD HOLDER GINGHAM HEART,2541,3049.2
CARD HOLDER LOVE BIRD LARGE ,220,264.0
CARD HOLDER LOVE BIRD SMALL,320,384.0
CARD I LOVE LONDON ,5625,6750.0
CARD MOTORBIKE SANTA,5948,7137.599999999999
CARD PARTY GAMES ,2126,2551.2
CARD PSYCHEDELIC APPLES,2566,3079.2
CARD SUKI BIRTHDAY,2578,3093.6
CARD WEDDING DAY,2646,3175.2
"CARD, BILLBOARD FONT",1266,1519.2
"CARD, GINGHAM ROSE ",492,590.4
CARDHOLDER GINGHAM CHRISTMAS TREE,1284,1540.8
CARDHOLDER GINGHAM HEART,102,122.39999999999999
CARDHOLDER GINGHAM STAR,1225,1470.0
CARDHOLDER HOLLY WREATH METAL,1814,2176.7999999999997
CARNATION SQUARE HANDY TIN,42,50.4
CARNIVAL BRACELET,113,135.6
CAROUSEL CHILDRENS APRON,11,13.2
CAROUSEL CHILDRENS OVERALL,38,45.6
CAROUSEL DES CHILD'S APRON,87,104.39999999999999
CAROUSEL DES CHILD'S OVERALL,156,187.2
CAROUSEL DESIGN BABY BIB,75,90.0
CAROUSEL DESIGN WASHBAG,280,336.0
CAROUSEL PLACEMATS ,2,2.4
CAROUSEL PONIES BABY BIB,115,138.0
CARRIAGE,249,298.8
CARROT CHARLIE+LOLA COASTER SET,797,956.4
CARTOON  PENCIL SHARPENERS,4525,5430.0
CAST IRON HOOK GARDEN FORK,1487,1784.3999999999999
CAST IRON HOOK GARDEN TROWEL,1336,1603.2
CAT AND BIRD WALL ART,270,324.0
CAT BOWL ,862,1034.3999999999999
CAT BOWL VINTAGE CREAM,536,643.1999999999999
"CAT BOWL, ENAMEL , CREAM COLOUR",12,14.399999999999999
"CAT FOOD CONTAINER , VINTAGE",10,12.0
CAT W SUNGLASSES BLANK CARD,4,4.8
CAT WITH SUNGLASSES BLANK CARD,5,6.0
CD WALL TIDY BLUE OFFICE,213,255.6
CD WALL TIDY RED FLOWERS,288,345.59999999999997
CERAMIC BIRDHOUSE BLACK ROSE  LARGE,162,194.4
CERAMIC BIRDHOUSE BUTTERFLY LARGE,165,198.0
CERAMIC BIRDHOUSE BUTTERFLY SMALL,678,813.6
CERAMIC BIRDHOUSE CRESTED TIT LARGE,285,342.0
CERAMIC BIRDHOUSE CRESTED TIT SMALL,684,820.8
CERAMIC BIRDHOUSE FINCH BLUE  LARGE,75,90.0
CERAMIC BIRDHOUSE FINCH BLUE ROOF,641,769.1999999999999
CERAMIC BIRDHOUSE RED ROOF LARGE,163,195.6
CERAMIC BIRDHOUSE RED ROOF SMALL,539,646.8
CERAMIC BOWL WITH LOVE HEART DESIGN,711,853.1999999999999
CERAMIC BOWL WITH STRAWBERRY DESIGN,2161,2593.2
CERAMIC CAKE BOWL + HANGING CAKES,2337,2804.4
CERAMIC CAKE DESIGN SPOTTED MUG,4394,5272.8
CERAMIC CAKE DESIGN SPOTTED PLATE,2693,3231.6
CERAMIC CAKE STAND + HANGING CAKES,2277,2732.4
CERAMIC CAKE TEAPOT WITH CHERRY,1,1.2
CERAMIC CHERRY CAKE MONEY BANK,4583,5499.599999999999
CERAMIC HEART CAKE MONEY BANK,120,144.0
CERAMIC HEART FAIRY CAKE MONEY BANK,4563,5475.599999999999
CERAMIC LOVE HEART MONEY BANK,1042,1250.3999999999999
CERAMIC LOVE HEARTS DESIGN MUG,503,603.6
CERAMIC PIRATE CHEST MONEY BANK,1689,2026.8
CERAMIC PLATE LOVE HEART DESIGN,596,715.1999999999999
CERAMIC PLATE STRAWBERRY DESIGN,2903,3483.6
CERAMIC STRAWBERRY CAKE MONEY BANK,8514,10216.8
CERAMIC STRAWBERRY DESIGN MUG,2534,3040.7999999999997
CERAMIC STRAWBERRY MONEY BOX,1370,1644.0
CERAMIC STRAWBERRY TRINKET TRAY,316,379.2
CERAMIC STRWBERRY DESIGN MUG,2269,2722.7999999999997
CERISE+GOLD CHRISTMAS STOCKING DEC,188,225.6
CERISE+GOLD CHRISTMAS TREE DEC,36,43.199999999999996
CHALKBOARD KITCHEN ORGANISER,164,196.79999999999998
CHAMBRE HOOK,123,147.6
CHAMPAGNE TRAY BLANK CARD,10,12.0
CHARLIE & LOLA WASTEPAPER BIN BLUE,1497,1796.3999999999999
CHARLIE & LOLA WASTEPAPER BIN FLORA,1696,2035.1999999999998
CHARLIE + LOLA BISCUITS TINS,1183,1419.6
CHARLIE + LOLA RED HOT WATER BOTTLE,2788,3345.6
CHARLIE AND LOLA CHARLOTTE BAG,2221,2665.2
CHARLIE AND LOLA FIGURES TINS,1919,2302.7999999999997
CHARLIE AND LOLA TABLE TINS,893,1071.6
CHARLIE LOLA BLUE HOT WATER BOTTLE ,544,652.8
CHARLIE+LOLA MY ROOM DOOR SIGN,838,1005.5999999999999
CHARLIE+LOLA PINK HOT WATER BOTTLE,2280,2736.0
CHARLIE+LOLA RED HOT WATER BOTTLE ,716,859.1999999999999
"CHARLIE+LOLA""EXTREMELY BUSY"" SIGN",1197,1436.3999999999999
"CHARLOTTE BAG , PINK/WHITE SPOTS",4216,5059.2
"CHARLOTTE BAG , SUKI DESIGN",4072,4886.4
CHARLOTTE BAG ALPHABET  DESIGN,400,480.0
CHARLOTTE BAG APPLES DESIGN,7039,8446.8
CHARLOTTE BAG DOLLY GIRL DESIGN,8034,9640.8
CHARLOTTE BAG PINK POLKADOT,8455,10146.0
CHARLOTTE BAG PINK WITH WHITE SPOTS,3952,4742.4
CHARLOTTE BAG SUKI DESIGN,15411,18493.2
CHARLOTTE BAG VINTAGE ALPHABET ,4750,5700.0
CHERRY BLOSSOM  DECORATIVE FLASK,749,898.8
CHERRY BLOSSOM BATHROOM CABINET,192,230.39999999999998
CHERRY BLOSSOM CANVAS ART PICTURE,54,64.8
CHERRY BLOSSOM DECORATIVE FLASK,777,932.4
CHERRY BLOSSOM LUGGAGE TAG,1927,2312.4
CHERRY BLOSSOM PASSPORT COVER,188,225.6
CHERRY BLOSSOM PHOTO FRAME ,10,12.0
CHERRY BLOSSOM PURSE,21,25.2
CHERRY BLOSSOM TABLE CLOCK ,216,259.2
CHERRY CROCHET FOOD COVER,951,1141.2
CHERRY DESIGN PAPERLANTERNS,1064,1276.8
CHERUB HEART DECORATION GOLD,719,862.8
CHERUB HEART DECORATION SILVER ,1296,1555.2
CHEST 7 DRAWER MA CAMPAGNE,45,54.0
CHEST NATURAL WOOD 20 DRAWERS,32,38.4
CHEST OF DRAWERS GINGHAM HEART ,222,266.4
CHICK GREY HOT WATER BOTTLE,4085,4902.0
CHILDREN'S APRON DOLLY GIRL ,2566,3079.2
CHILDREN'S CIRCUS PARADE MUG,1254,1504.8
CHILDREN'S SPACEBOY MUG,1722,2066.4
CHILDRENS APRON APPLE DESIGN,290,348.0
CHILDRENS APRON APPLES DESIGN,2626,3151.2
CHILDRENS APRON DOLLY GIRL ,103,123.6
CHILDRENS APRON SPACEBOY DESIGN,5455,6546.0
CHILDRENS CIRCUS PARADE MUG,36,43.199999999999996
CHILDRENS CUTLERY CIRCUS PARADE,962,1154.3999999999999
CHILDRENS CUTLERY DOLLY GIRL ,1621,1945.1999999999998
CHILDRENS CUTLERY POLKADOT BLUE,2523,3027.6
CHILDRENS CUTLERY POLKADOT GREEN ,1688,2025.6
CHILDRENS CUTLERY POLKADOT PINK,3528,4233.599999999999
CHILDRENS CUTLERY RETROSPOT RED ,2492,2990.4
CHILDRENS CUTLERY SPACEBOY ,1980,2376.0
CHILDRENS DOLLY GIRL MUG,1550,1860.0
CHILDRENS GARDEN GLOVES BLUE,1735,2082.0
CHILDRENS GARDEN GLOVES PINK,1741,2089.2
CHILDRENS SPACEBOY MUG,72,86.39999999999999
CHILDRENS TOY COOKING UTENSIL SET,676,811.1999999999999
CHILDS APRON SPACEBOY DESIGN,2247,2696.4
CHILDS BREAKFAST SET CIRCUS PARADE,1565,1878.0
CHILDS BREAKFAST SET DOLLY GIRL ,1598,1917.6
CHILDS BREAKFAST SET SPACEBOY ,1627,1952.3999999999999
CHILDS GARDEN BRUSH BLUE,1304,1564.8
CHILDS GARDEN BRUSH PINK,1320,1584.0
CHILDS GARDEN FORK BLUE ,2185,2622.0
CHILDS GARDEN FORK PINK,2122,2546.4
CHILDS GARDEN RAKE BLUE,786,943.1999999999999
CHILDS GARDEN RAKE PINK,772,926.4
CHILDS GARDEN SPADE BLUE,1022,1226.3999999999999
CHILDS GARDEN SPADE PINK,990,1188.0
CHILDS GARDEN TROWEL BLUE ,2185,2622.0
CHILDS GARDEN TROWEL PINK,2196,2635.2
CHILLI LIGHTS,14843,17811.6
CHINESE DRAGON PAPER LANTERNS,15301,18361.2
CHOC TRUFFLE GOLD TRINKET POT ,1765,2118.0
CHOCOLATE 1 WICK MORRIS BOX CANDLE,588,705.6
CHOCOLATE 3 WICK MORRIS BOX CANDLE,916,1099.2
CHOCOLATE BOX RIBBONS ,3761,4513.2
CHOCOLATE CALCULATOR,2995,3594.0
CHOCOLATE HOT WATER BOTTLE,9904,11884.8
CHOCOLATE ICE CREAM CANDLE,2,2.4
CHOCOLATE THIS WAY METAL SIGN,9396,11275.199999999999
CHRISTMAS CARD SCREEN PRINT ,2112,2534.4
CHRISTMAS CARD SINGING ANGEL,1625,1950.0
CHRISTMAS CARD STACK OF PRESENTS,1909,2290.7999999999997
CHRISTMAS CRAFT HEART DECORATIONS,420,504.0
CHRISTMAS CRAFT HEART STOCKING ,1260,1512.0
CHRISTMAS CRAFT LITTLE FRIENDS,4289,5146.8
CHRISTMAS CRAFT TREE TOP ANGEL,3060,3672.0
CHRISTMAS CRAFT WHITE FAIRY ,4090,4908.0
CHRISTMAS DECOUPAGE CANDLE,2341,2809.2
"CHRISTMAS GARLAND STARS,TREES",801,961.1999999999999
CHRISTMAS GINGHAM HEART,6125,7350.0
CHRISTMAS GINGHAM STAR,5067,6080.4
CHRISTMAS GINGHAM TREE,4354,5224.8
CHRISTMAS HANGING HEART WITH BELL,1647,1976.3999999999999
CHRISTMAS HANGING SNOWFLAKE,486,583.1999999999999
CHRISTMAS HANGING STAR WITH BELL,6281,7537.2
CHRISTMAS HANGING TREE WITH BELL,2868,3441.6
CHRISTMAS LIGHTS 10 REINDEER,2487,2984.4
CHRISTMAS LIGHTS 10 SANTAS ,1181,1417.2
CHRISTMAS LIGHTS 10 VINTAGE BAUBLES,2258,2709.6
CHRISTMAS METAL POSTCARD WITH BELLS,4185,5022.0
CHRISTMAS METAL TAGS ASSORTED ,7369,8842.8
CHRISTMAS MUSICAL ZINC HEART ,1683,2019.6
CHRISTMAS MUSICAL ZINC STAR,2562,3074.4
CHRISTMAS MUSICAL ZINC TREE,1562,1874.3999999999999
CHRISTMAS PUDDING TRINKET POT ,8257,9908.4
CHRISTMAS RETROSPOT ANGEL WOOD,4923,5907.599999999999
CHRISTMAS RETROSPOT HEART WOOD,4217,5060.4
CHRISTMAS RETROSPOT STAR WOOD,4594,5512.8
CHRISTMAS RETROSPOT TREE WOOD,3949,4738.8
CHRISTMAS STAR WISH LIST CHALKBOARD,6080,7296.0
CHRISTMAS TABLE CANDLE SILVER SPIKE,16,19.2
CHRISTMAS TABLE SILVER CANDLE SPIKE,1603,1923.6
CHRISTMAS TOILET ROLL,6431,7717.2
CHRISTMAS TREE DECORATION WITH BELL,1860,2232.0
CHRISTMAS TREE HANGING GOLD,776,931.1999999999999
CHRISTMAS TREE HANGING SILVER ,745,894.0
CHRISTMAS TREE HEART DECORATION,2388,2865.6
CHRISTMAS TREE PAINTED ZINC ,3308,3969.6
CHRISTMAS TREE STAR DECORATION,2489,2986.7999999999997
CHRISTMAS TREE T-LIGHT HOLDER,405,486.0
CHRYSANTHEMUM  JOURNAL,551,661.1999999999999
CHRYSANTHEMUM NOTEBOOK,3525,4230.0
CHRYSANTHEMUM POCKET BOOK ,5734,6880.8
CHRYSANTHEMUM SKETCHBOOK ,405,486.0
CHUNKY CRACKED GLAZE NECKLACE IVORY,6,7.199999999999999
CHUNKY SILVER NECKLACE PASTEL FLOWE,73,87.6
CINAMMON & ORANGE WREATH,986,1183.2
CINAMMON SET OF 9 T-LIGHTS,1868,2241.6
CINDERELLA CHANDELIER ,220,264.0
CINNAMON SCENTED VOTIVE CANDLE,2095,2514.0
CIRCLE OF FRIENDS CANDLE HOLDER,294,352.8
CIRCUS PARADE BABY GIFT SET,285,342.0
CIRCUS PARADE CHILDRENS EGG CUP ,1083,1299.6
CIRCUS PARADE LUNCH BOX ,5871,7045.2
CIRCUS PARADE LUNCHBOX ,1,1.2
CITRONELLA CANDLE FLOWERPOT,2565,3078.0
CITRONELLA CANDLE GARDEN POT,3357,4028.3999999999996
CITRUS GARLAND FELT FLOWERS ,180,216.0
CLAM SHELL LARGE,746,895.1999999999999
CLAM SHELL SMALL ,320,384.0
CLASSIC BICYCLE CLIPS ,1587,1904.3999999999999
CLASSIC CAFE SUGAR DISPENSER,2633,3159.6
CLASSIC CHROME BICYCLE BELL ,2451,2941.2
CLASSIC CROME BICYCLE BELL ,60,72.0
CLASSIC DIAMANTE EARRINGS JET,7,8.4
CLASSIC DIAMANTE NECKLACE JET,5,6.0
CLASSIC FRENCH STYLE BASKET BROWN,344,412.8
CLASSIC FRENCH STYLE BASKET GREEN ,478,573.6
CLASSIC FRENCH STYLE BASKET NATURAL,677,812.4
CLASSIC GLASS COOKIE JAR,1332,1598.3999999999999
CLASSIC GLASS SWEET JAR,119,142.79999999999998
CLASSIC METAL BIRDCAGE PLANT HOLDER,1702,2042.3999999999999
CLASSIC SUGAR DISPENSER,216,259.2
CLASSIC WHITE FRAME,1007,1208.3999999999999
CLASSICAL ROSE CANDLESTAND,509,610.8
CLASSICAL ROSE DISH,283,339.59999999999997
CLASSICAL ROSE SMALL VASE,541,649.1999999999999
CLASSICAL ROSE TABLE LAMP,14,16.8
CLASSICAL ROSE URN,94,112.8
CLEAR ACRYLIC FACETED BANGLE,95,114.0
CLEAR COLOUR GLASS GEMS IN BAG,518,621.6
CLEAR CRYSTAL STAR PHONE CHARM,200,240.0
CLEAR DRAWER KNOB ACRYLIC EDWARDIAN,6547,7856.4
CLEAR LOVE BIRD T-LIGHT HOLDER,84,100.8
CLEAR MILKSHAKE GLASS,445,534.0
CLEAR STATIONERY BOX SET ,82,98.39999999999999
CLOCK MAGNET MUM'S KITCHEN,304,364.8
CLOTHES PEGS RETROSPOT PACK 24 ,13410,16092.0
COCKLE SHELL DISH,424,508.79999999999995
COCKTAIL SWORDS 50 PIECES,899,1078.8
COFFEE MUG APPLES DESIGN,5310,6372.0
COFFEE MUG BLUE PAISLEY DESIGN,2330,2796.0
COFFEE MUG CAT + BIRD DESIGN,4733,5679.599999999999
COFFEE MUG DOG + BALL DESIGN,3923,4707.599999999999
COFFEE MUG PEARS  DESIGN,4808,5769.599999999999
COFFEE MUG PINK PAISLEY DESIGN,2230,2676.0
COFFEE SCENT PILLAR CANDLE,531,637.1999999999999
COGNAC AUX OEUFS METAL 1 HOOK,31,37.199999999999996
COLOUR GLASS T-LIGHT HOLDER HANGING,39259,47110.799999999996
COLOUR GLASS. STAR T-LIGHT HOLDER,13874,16648.8
COLOURED GLASS STAR T-LIGHT HOLDER,996,1195.2
COLOURFUL FISHING GNOME,284,340.8
COLOURFUL FLOWER FRUIT BOWL,20,24.0
COLOURFUL STANDING GNOME,706,847.1999999999999
COLOURING PENCILS BROWN TUBE,7806,9367.199999999999
COLUMBIAN  CUBE CANDLE ,320,384.0
COLUMBIAN CANDLE RECTANGLE,845,1014.0
COLUMBIAN CANDLE ROUND,1427,1712.3999999999999
COLUMBIAN CANDLE ROUND ,431,517.1999999999999
COLUMBIAN CUBE CANDLE,548,657.6
CONCH SHELL,1252,1502.3999999999999
CONDIMENT TRAY 4 BOWLS AND 4 SPOONS,44,52.8
CONGRATULATIONS BUNTING,148,177.6
COOK WITH WINE METAL SIGN ,19652,23582.399999999998
COOKING SET RETROSPOT,696,835.1999999999999
COPPER AND BRASS BAG CHARM,10,12.0
COPPER/OLIVE GREEN FLOWER NECKLACE,25,30.0
CORDIAL GLASS JUG,30,36.0
CORDIAL JUG,6,7.199999999999999
CORONA MEXICAN TRAY,1454,1744.8
COSMETIC BAG VINTAGE ROSE PAISLEY,1303,1563.6
COSY HOUR CIGAR BOX MATCHES ,3325,3990.0
COSY HOUR GIANT TUBE MATCHES,2053,2463.6
COSY SLIPPER SHOES LARGE GREEN,618,741.6
COSY SLIPPER SHOES LARGE RED,164,196.79999999999998
COSY SLIPPER SHOES SMALL  RED ,386,463.2
COSY SLIPPER SHOES SMALL GREEN,364,436.8
COTE D'AZURE NECKLACE,33,39.6
COTTON APRON PANTRY DESIGN,602,722.4
COUNTRY COTTAGE  DOORSTOP GREEN,259,310.8
COW  SOCK PUPPET,54,64.8
COWBOYS AND INDIANS BIRTHDAY CARD ,8455,10146.0
CRACKED GLAZE EARRINGS BROWN,1,1.2
CRACKED GLAZE EARRINGS RED,2,2.4
CRACKED GLAZE NECKLACE BROWN,3,3.5999999999999996
CRACKED GLAZE NECKLACE IVORY,6,7.199999999999999
CRACKED GLAZE NECKLACE RED,7,8.4
CRAZY DAISY HEART DECORATION,1279,1534.8
CREAM AND PINK FLOWERS PONY ,27,32.4
CREAM BUNNY EASTER EGG BASKET,25,30.0
CREAM C/COVER W YELLOW/GREEN FLOWER,10,12.0
CREAM CLIMBING HYDRANGA ART FLOWER,145,174.0
CREAM CUPID HEARTS COAT HANGER,6682,8018.4
CREAM CUSHION COVER WITH FLOWERS,103,123.6
CREAM DELPHINIUM ARTIFICIAL FLOWER,215,258.0
CREAM FELT EASTER EGG BASKET,2148,2577.6
CREAM HANGING HEART T-LIGHT HOLDER,57,68.39999999999999
CREAM HEART CARD HOLDER,15946,19135.2
CREAM KNITTED HEN,288,345.59999999999997
CREAM SLICE FLANNEL CHOCOLATE SPOT ,698,837.6
CREAM SLICE FLANNEL PINK SPOT ,2157,2588.4
CREAM SWEETHEART DOUBLE SHELF,3,3.5999999999999996
CREAM SWEETHEART EGG HOLDER,1093,1311.6
CREAM SWEETHEART LETTER RACK,1538,1845.6
CREAM SWEETHEART MAGAZINE RACK,275,330.0
CREAM SWEETHEART MINI CHEST,2948,3537.6
CREAM SWEETHEART SHELF + HOOKS,922,1106.3999999999999
CREAM SWEETHEART TRAYS,582,698.4
CREAM SWEETHEART WALL CABINET,472,566.4
CREAM WALL PLANTER HEART SHAPED,562,674.4
CROCHET BEAR RED/BLUE  KEYRING,41,49.199999999999996
CROCHET BEAR WITH BLUE STRIPES,98,117.6
CROCHET DOG KEYRING,24,28.799999999999997
CROCHET LILAC/RED BEAR KEYRING,12,14.399999999999999
CROCHET POODLE KEYRING,21,25.2
CROCHET ROSE DES CLOTHES HANGER,25,30.0
CROCHET ROSE PURSE WITH SUEDE BACK,163,195.6
CROCHET WHITE RABBIT KEYRING ,64,76.8
CROSS STITCH ALPHABET CUSHION COVER,216,259.2
CRYSTAL CHANDELIER T-LIGHT HOLDER,3,3.5999999999999996
CRYSTAL CZECH CROSS PHONE CHARM,44,52.8
CRYSTAL DIAMANTE EXPANDABLE RING,48,57.599999999999994
CRYSTAL DIAMANTE STAR BROOCH,21,25.2
CRYSTAL DRAGONFLY PHONE CHARM,3,3.5999999999999996
CRYSTAL FROG PHONE CHARM,189,226.79999999999998
CRYSTAL HOOP EARRING FLORAL LEAF,36,43.199999999999996
CRYSTAL KEY+LOCK PHONE CHARM,99,118.8
CRYSTAL LARGE JEWELLED PHOTO FRAME,22,26.4
CRYSTAL PAIR HEART HAIR SLIDES,35,42.0
CRYSTAL SEA HORSE PHONE CHARM,276,331.2
CRYSTAL SMALL JEWELLED PHOTOFRAME,1,1.2
CRYSTAL STILETTO PHONE CHARM,297,356.4
CRYSTAL STUD EARRINGS ASSORTED COL ,1081,1297.2
CRYSTAL STUD EARRINGS CLEAR DISPLAY,576,691.1999999999999
CUBIC MUG BLUE POLKA DOT,1249,1498.8
CUBIC MUG FLOCK BLUE ON BROWN,1240,1488.0
CUBIC MUG FLOCK PINK ON BROWN,125,150.0
CUBIC MUG PINK POLKA DOT,104,124.8
CUBIC MUG PINK POLKADOT,532,638.4
CUBIC MUG TEATIME CAKES,6,7.199999999999999
CUPBOARD 3 DRAWER MA CAMPAGNE,177,212.4
CUPCAKE LACE PAPER SET 6,3631,4357.2
CUPID DESIGN SCENTED CANDLES,660,792.0
CUPID SCENTED CANDLE IN GLASS,61,73.2
CURIO CABINET LINEN AND LACE ,36,43.199999999999996
CURIOUS  IMAGES NOTEBOOK SET,421,505.2
CURIOUS IMAGES GIFT WRAP SET,793,951.5999999999999
CURIOUS IMAGES SCRAP BOOK SET,343,411.59999999999997
CUSHION COVER PINK UNION FLAG,101,121.19999999999999
CUSHION COVER PINK UNION JACK,163,195.6
CUT GLASS HEXAGON T-LIGHT HOLDER,1022,1226.3999999999999
CUT GLASS T-LIGHT HOLDER OCTAGON,1169,1402.8
CUTE BIRD CEATURE SCREEN,28,33.6
CUTE CATS TAPE,1183,1419.6
CUTE RABBIT CEATURE SCREEN ,15,18.0
DADDY MOUSE RED GINGHAM BOW TIE,1,1.2
DAIRY MAID  PUDDING BOWL,1296,1555.2
DAIRY MAID  SMALL  MILK JUG,215,258.0
DAIRY MAID BUTTER DISH,1193,1431.6
DAIRY MAID CERAMIC BUTTER DISH,105,126.0
DAIRY MAID CERAMIC TOASTRACK,56,67.2
DAIRY MAID LARGE MILK JUG,851,1021.1999999999999
DAIRY MAID STRIPE MUG,2419,2902.7999999999997
DAIRY MAID SUGAR JAM BOWL,1372,1646.3999999999999
DAIRY MAID TOASTRACK,860,1032.0
DAIRY MAID TRADITIONAL TEAPOT ,831,997.1999999999999
DAISIES  HONEYCOMB GARLAND ,1478,1773.6
DAISY ERASERS IN BAG,1014,1216.8
DAISY FOLKART HEART DECORATION,389,466.79999999999995
DAISY GARDEN MARKER,1832,2198.4
DAISY HAIR BAND,67,80.39999999999999
DAISY HAIR COMB,14,16.8
DAISY JOURNAL ,403,483.59999999999997
DAISY NOTEBOOK ,3509,4210.8
DAISY RING,11,13.2
DAISY SKETCHBOOK ,245,294.0
DANISH ROSE BEDSIDE CABINET,31,37.199999999999996
DANISH ROSE DECORATIVE PLATE,1051,1261.2
DANISH ROSE DELUXE COASTER,1306,1567.2
DANISH ROSE FOLDING CHAIR,120,144.0
DANISH ROSE PHOTO FRAME,1691,2029.1999999999998
DANISH ROSE ROUND SEWING BOX,907,1088.3999999999999
DANISH ROSE TRINKET TRAYS,317,380.4
DANISH ROSE UMBRELLA STAND,33,39.6
DARK BIRD HOUSE TREE DECORATION,1431,1717.2
DARK CHOCOLATE SCENTCANDLE,291,349.2
DARK PINK FLOCK GLASS CANDLEHOLDER,547,656.4
DECORATION  BUTTERFLY  MAGIC GARDEN,1018,1221.6
DECORATION  PINK CHICK MAGIC GARDEN,773,927.5999999999999
"DECORATION , HANGING METAL CHICKEN",601,721.1999999999999
"DECORATION , HANGING METAL RABBIT",813,975.5999999999999
"DECORATION , WOBBLY CHICKEN, METAL ",763,915.6
"DECORATION , WOBBLY RABBIT , METAL ",1066,1279.2
"DECORATION HEN ON NEST, HANGING",1837,2204.4
DECORATION SITTING BUNNY,1335,1602.0
DECORATION WHITE CHICK MAGIC GARDEN,1291,1549.2
DECORATION WOBBLY CHICKEN,521,625.1999999999999
DECORATION WOBBLY RABBIT METAL ,753,903.6
"DECORATION, HANGING HEART+MIRROR ",2608,3129.6
DECORATIVE CATS BATHROOM BOTTLE,1261,1513.2
DECORATIVE FLORE BATHROOM BOTTLE,511,613.1999999999999
DECORATIVE HANGING SHELVING UNIT,14,16.8
DECORATIVE NET CANOPY CREAM,68,81.6
DECORATIVE NET CANOPY LEOPARD,73,87.6
DECORATIVE PLANT POT WITH FRIEZE,96,115.19999999999999
DECORATIVE ROSE BATHROOM BOTTLE,1264,1516.8
DECORATIVE VINTAGE COFFEE  BOX,44,52.8
DECORATIVE WICKER HEART LARGE,1701,2041.1999999999998
DECORATIVE WICKER HEART MEDIUM,1751,2101.2
DECORATIVE WICKER HEART SMALL,1492,1790.3999999999999
"DECOUPAGE,GREETING CARD,",1332,1598.3999999999999
DECROTIVEVINTAGE COFFEE GRINDER BOX,10,12.0
DEEP BLUE GLASS GEMS IN BAG,316,379.2
DELUXE SEWING KIT ,2045,2454.0
DENIM PATCH PENCIL CASE BUTTERFLY,247,296.4
DENIM PATCH PURSE PINK BUTTERFLY,332,398.4
DIAMANTE BOW BROOCH BLACK COLOUR,83,99.6
DIAMANTE BOW BROOCH GREEN COLOUR,42,50.4
DIAMANTE BOW BROOCH RED COLOUR,57,68.39999999999999
DIAMANTE BOW BROOCH WHITE COLOUR,1,1.2
DIAMANTE HAIR GRIP PACK/2 BLACK DIA,15,18.0
DIAMANTE HAIR GRIP PACK/2 CRYSTAL,18,21.599999999999998
DIAMANTE HAIR GRIP PACK/2 LT ROSE,21,25.2
DIAMANTE HAIR GRIP PACK/2 MONTANA,24,28.799999999999997
DIAMANTE HAIR GRIP PACK/2 PERIDOT,26,31.2
DIAMANTE HAIR GRIP PACK/2 RUBY,21,25.2
"DIAMANTE HEART SHAPED WALL MIRROR, ",783,939.5999999999999
DIAMANTE NECKLACE,8,9.6
DIAMANTE NECKLACE BLACK ,3,3.5999999999999996
DIAMANTE NECKLACE GREEN,3,3.5999999999999996
DIAMANTE NECKLACE PURPLE,10,12.0
DIAMANTE RING ASSORTED IN BOX.,1800,2160.0
DIAMOND LAS VEGAS NECKLACE 45CM,9,10.799999999999999
DINOSAUR BIRTHDAY CARD,1618,1941.6
DINOSAUR HEIGHT CHART STICKER SET,546,655.1999999999999
DINOSAUR KEYRINGS ASSORTED,14192,17030.399999999998
DINOSAUR LUNCH BOX WITH CUTLERY,2320,2784.0
DINOSAUR LUNCHBOX WITH CUTLERY,544,652.8
DINOSAUR PARTY BAG + STICKER SET,2196,2635.2
DINOSAURS  WRITING SET ,1615,1938.0
DINOSAURS WATER TRANSFER TATTOOS ,1782,2138.4
DISCO BALL CHRISTMAS DECORATION,20550,24660.0
DISCO BALL ROTATOR BATTERY OPERATED,534,640.8
DISTRESSED CANDLE STICK WHITE,13,15.6
DO NOT TOUCH MY STUFF DOOR HANGER ,2734,3280.7999999999997
DOCTOR'S BAG SOFT TOY,525,630.0
DOG AND BALL WALL ART,252,302.4
"DOG BOWL , CHASING BALL DESIGN",695,834.0
DOG BOWL CHASING BALL DESIGN,1688,2025.6
DOG BOWL VINTAGE CREAM,444,532.8
"DOG BOWL, ENAMEL , CREAM COLOUR",8,9.6
"DOG FOOD CONTAINER , VINTAGE",10,12.0
DOG LICENCE WALL ART,408,489.59999999999997
DOG TOY WITH PINK CROCHET SKIRT,441,529.1999999999999
DOGGY RUBBER,648,777.6
DOILEY BISCUIT TIN,120,144.0
DOILEY STORAGE TIN,1082,1298.3999999999999
DOILY THANK YOU CARD,703,843.6
DOLLCRAFT BOY JEAN-PAUL ,82,98.39999999999999
DOLLCRAFT GIRL AMELIE,36,43.199999999999996
DOLLCRAFT GIRL AMELIE KIT,66,79.2
DOLLCRAFT GIRL NICOLE,68,81.6
DOLLY CABINET 2 DRAWERS ,33,39.6
DOLLY CABINET 3 DRAWERS ,51,61.199999999999996
DOLLY GIRL BABY GIFT SET,419,502.79999999999995
DOLLY GIRL CHILDRENS BOWL,1553,1863.6
DOLLY GIRL CHILDRENS CUP,1548,1857.6
DOLLY GIRL CHILDRENS EGG CUP,953,1143.6
DOLLY GIRL LUNCH BOX,17340,20808.0
DOLLY GIRL MINI BACKPACK,713,855.6
DOLLY GIRL MINI RUCKSACK,8,9.6
DOLLY GIRL WALL ART,318,381.59999999999997
DOLLY HONEYCOMB GARLAND,814,976.8
DOLLY MIXTURE CHILDREN'S UMBRELLA,561,673.1999999999999
DOLPHIN WINDMILL,62,74.39999999999999
DONKEY TAIL GAME ,54,64.8
DOOR HANGER  MUM + DADS ROOM,1008,1209.6
DOOR MAT 3 SMILEY CATS,1773,2127.6
DOOR MAT AIRMAIL ,427,512.4
DOOR MAT BIRD ON THE WIRE,562,674.4
DOOR MAT BLACK FLOCK ,1220,1464.0
DOOR MAT BLUE FLOCK,1,1.2
DOOR MAT CAMOUFLAGE,38,45.6
DOOR MAT ENGLISH ROSE ,1445,1734.0
DOOR MAT FAIRY CAKE,1640,1968.0
DOOR MAT FANCY FONT HOME SWEET HOME,1117,1340.3999999999999
DOOR MAT FRIENDSHIP ,431,517.1999999999999
DOOR MAT GREEN PAISLEY ,253,303.59999999999997
DOOR MAT HEARTS,1654,1984.8
DOOR MAT KISS MY.......,13,15.6
DOOR MAT MULTICOLOUR STRIPE,1037,1244.3999999999999
DOOR MAT NEIGHBOURHOOD WITCH ,79,94.8
DOOR MAT NEW ENGLAND,1953,2343.6
DOOR MAT RED SPOT,2426,2911.2
DOOR MAT RESPECTABLE HOUSE,358,429.59999999999997
DOOR MAT SPOTTY HOME SWEET HOME,1733,2079.6
DOOR MAT SWEET HOME,28,33.6
DOOR MAT TOPIARY,1020,1224.0
DOOR MAT UNION FLAG,3733,4479.599999999999
DOOR MAT UNION JACK GUNS AND ROSES,725,870.0
DOOR MAT WELCOME PUPPIES,1414,1696.8
DOORKNOB CERAMIC IVORY,36,43.199999999999996
DOORKNOB CRACKED GLAZE BLUE,162,194.4
DOORKNOB CRACKED GLAZE GREEN,12,14.399999999999999
DOORKNOB CRACKED GLAZE IVORY,174,208.79999999999998
DOORKNOB CRACKED GLAZE PINK,12,14.399999999999999
DOORMAT 3 SMILEY CATS,2290,2748.0
DOORMAT AIRMAIL ,1943,2331.6
DOORMAT BIRD ON THE WIRE,223,267.59999999999997
DOORMAT BLACK FLOCK ,2813,3375.6
DOORMAT CHRISTMAS VILLAGE,837,1004.4
DOORMAT ENGLISH ROSE ,3158,3789.6
DOORMAT FAIRY CAKE,4760,5712.0
DOORMAT FANCY FONT HOME SWEET HOME,4825,5790.0
DOORMAT FRIENDSHIP ,795,954.0
DOORMAT HEARTS,5788,6945.599999999999
DOORMAT HOME SWEET HOME BLUE ,2493,2991.6
DOORMAT I LOVE LONDON,831,997.1999999999999
DOORMAT KEEP CALM AND COME IN,5338,6405.599999999999
DOORMAT KISS MY.......,22,26.4
DOORMAT MERRY CHRISTMAS RED ,1004,1204.8
DOORMAT MULTICOLOUR STRIPE,2273,2727.6
DOORMAT NEIGHBOURHOOD WITCH ,1043,1251.6
DOORMAT NEW ENGLAND,5146,6175.2
DOORMAT PEACE ON EARTH BLUE,856,1027.2
DOORMAT RED RETROSPOT,4806,5767.2
DOORMAT RED SPOT,1035,1242.0
DOORMAT RESPECTABLE HOUSE,1863,2235.6
DOORMAT SPOTTY HOME SWEET HOME,2671,3205.2
DOORMAT TOPIARY,2048,2457.6
DOORMAT UNION FLAG,6146,7375.2
DOORMAT UNION JACK GUNS AND ROSES,2078,2493.6
DOORMAT VINTAGE LEAF,541,649.1999999999999
DOORMAT VINTAGE LEAVES DESIGN ,426,511.2
DOORMAT WELCOME PUPPIES,3345,4014.0
DOORMAT WELCOME SUNRISE,718,861.6
DOORMAT WELCOME TO OUR HOME,1935,2322.0
DOORSTOP FOOTBALL DESIGN,556,667.1999999999999
DOORSTOP RACING CAR DESIGN,375,450.0
DOORSTOP RETROSPOT HEART,2695,3234.0
DOORSTOP RUSSIAN DOLL GINGHAM,38,45.6
DOORSTOP RUSSIAN DOLL RETROSPOT,100,120.0
DOT MATRIX CANVAS ART PICTURE,35,42.0
DOTCOM POSTAGE,16,19.2
DOTCOMGIFTSHOP TEA TOWEL,12,14.399999999999999
DOTS IRONING BOARD COVER,12,14.399999999999999
DOTTY PLACEMATS ,52,62.4
DOUBLE CERAMIC PARLOUR HOOK,22,26.4
DOUGHNUT LIP GLOSS ,9642,11570.4
DOVE DECORATION PAINTED ZINC ,4442,5330.4
DRAGONS BLOOD INCENSE,874,1048.8
DRAWER KNOB ACRYLIC EDWARDIAN CLEAR,24,28.799999999999997
DRAWER KNOB ACRYLIC EDWARDIAN GREEN,24,28.799999999999997
DRAWER KNOB ACRYLIC EDWARDIAN PINK,24,28.799999999999997
DRAWER KNOB CERAMIC BLACK,935,1122.0
DRAWER KNOB CERAMIC IVORY,2035,2442.0
DRAWER KNOB CERAMIC RED,679,814.8
DRAWER KNOB CRACKLE GLAZE BLUE,1079,1294.8
DRAWER KNOB CRACKLE GLAZE GREEN,1272,1526.3999999999999
DRAWER KNOB CRACKLE GLAZE IVORY,2076,2491.2
DRAWER KNOB CRACKLE GLAZE PINK,1216,1459.2
DRAWER KNOB VINTAGE GLASS BALL,317,380.4
DRAWER KNOB VINTAGE GLASS HEXAGON,287,344.4
DRAWER KNOB VINTAGE GLASS STAR,503,603.6
DRAWERKNOB ACRYLIC EDWARDIAN PURPLE,24,28.799999999999997
DROP DIAMANTE EARRINGS BLACK DIAMON,15,18.0
DROP DIAMANTE EARRINGS CRYSTAL,16,19.2
DROP DIAMANTE EARRINGS GREEN,8,9.6
DROP DIAMANTE EARRINGS PURPLE,31,37.199999999999996
DROP EARRINGS W FLOWER & LEAF,3,3.5999999999999996
DUCK SOCK PUPPET,4,4.8
DUSTY PINK CHRISTMAS TREE 30CM,10,12.0
DUSTY PINK CHRISTMAS TREE 60CM,10,12.0
Discount,196,235.2
EASTER BUNNIES ON A STICK,1536,1843.1999999999998
EASTER BUNNY GARLAND OF FLOWERS,1302,1562.3999999999999
EASTER BUNNY HANGING GARLAND,154,184.79999999999998
EASTER BUNNY WITH BASKET ON BACK,204,244.79999999999998
EASTER BUNNY WREATH,76,91.2
EASTER CRAFT 4 CHICKS ,2994,3592.7999999999997
EASTER CRAFT IVY WREATH WITH CHICK,1343,1611.6
EASTER DECORATION EGG BUNNY ,1457,1748.3999999999999
EASTER DECORATION HANGING BUNNY,2476,2971.2
EASTER DECORATION NATURAL CHICK,1781,2137.2
EASTER DECORATION SITTING BUNNY,1010,1212.0
EASTER TIN BUCKET,1405,1686.0
EASTER TIN BUNNY BOUQUET,1188,1425.6
EASTER TIN CHICKS IN GARDEN,292,350.4
EASTER TIN CHICKS PINK DAISY,580,696.0
EASTER TIN KEEPSAKE,1086,1303.2
EASTER TREE YELLOW BIRDS,423,507.59999999999997
EAU DE NIL DINER WALL CLOCK,244,292.8
EAU DE NIL LOVE BIRD CANDLE,397,476.4
EAU DE NILE HEART SHAPE PHOTO FRAME,525,630.0
EAU DE NILE JEWELLED PHOTOFRAME,510,612.0
EAU DE NILE JEWELLED T-LIGHT HOLDER,161,193.2
ECONOMY HOLIDAY PURSE,871,1045.2
ECONOMY LUGGAGE TAG,287,344.4
ECONOMY PASSPORT COVER ,199,238.79999999999998
EDWARDIAN 2 DRAWER WALL CABINET ,52,62.4
EDWARDIAN DROP EARRINGS JET BLACK,8,9.6
EDWARDIAN HEART PHOTO FRAME,147,176.4
EDWARDIAN PARASOL BLACK,9351,11221.199999999999
EDWARDIAN PARASOL NATURAL,10948,13137.6
EDWARDIAN PARASOL PINK,2436,2923.2
EDWARDIAN PARASOL RED,6029,7234.8
EDWARDIAN PHOTO FRAME,87,104.39999999999999
EDWARDIAN TOILET ROLL UNIT ,161,193.2
EGG CUP HENRIETTA HEN CREAM ,580,696.0
EGG CUP HENRIETTA HEN PINK,187,224.4
EGG CUP MILKMAID HEIDI,784,940.8
EGG CUP MILKMAID HELGA ,348,417.59999999999997
EGG CUP MILKMAID INGRID,587,704.4
EGG CUP NATURAL CHICKEN,1400,1680.0
EGG FRYING PAN BLUE ,150,180.0
EGG FRYING PAN IVORY ,358,429.59999999999997
EGG FRYING PAN MINT ,169,202.79999999999998
EGG FRYING PAN PINK ,199,238.79999999999998
EGG FRYING PAN RED ,405,486.0
EIGHT PIECE CREEPY CRAWLIE SET,810,972.0
EIGHT PIECE DINOSAUR SET,1691,2029.1999999999998
EIGHT PIECE SNAKE  SET,1060,1272.0
ELEPHANT BIRTHDAY CARD ,1080,1296.0
ELEPHANT CARNIVAL POUFFE,130,156.0
ELEPHANT CLIP W SUCTION CUP,34,40.8
ELEPHANT TOY WITH BLUE T-SHIRT,160,192.0
"ELEPHANT, BIRTHDAY CARD, ",6890,8268.0
ELVIS WALLHANGING / CURTAIN,297,356.4
EMBOSSED FLOWER TRELLIS PHOTO FRAME,5,6.0
EMBOSSED GLASS TEALIGHT HOLDER,4259,5110.8
EMBOSSED HEART 3 DRAWER SHELF,159,190.79999999999998
EMBOSSED HEART TRINKET BOX,221,265.2
EMBROIDERED REINDEER DECORATION,18,21.599999999999998
EMBROIDERED RIBBON REEL CLAIRE,219,262.8
EMBROIDERED RIBBON REEL DAISY ,558,669.6
EMBROIDERED RIBBON REEL EMILY ,524,628.8
EMBROIDERED RIBBON REEL RACHEL ,357,428.4
EMBROIDERED RIBBON REEL REBECCA ,312,374.4
EMBROIDERED RIBBON REEL ROSIE,484,580.8
EMBROIDERED RIBBON REEL RUBY ,165,198.0
EMBROIDERED RIBBON REEL SALLY ,458,549.6
EMBROIDERED RIBBON REEL SOPHIE  ,291,349.2
EMBROIDERED RIBBON REEL SUSIE ,556,667.1999999999999
EMERGENCY FIRST AID TIN ,2502,3002.4
EMPIRE BIRTHDAY CARD,4812,5774.4
EMPIRE DESIGN ROSETTE,4518,5421.599999999999
EMPIRE GIFT WRAP,8225,9870.0
EMPIRE TEDDY,1,1.2
EMPIRE TISSUE BOX,3039,3646.7999999999997
EMPIRE UNION JACK TV DINNER TRAY,1221,1465.2
ENAMEL BLUE RIM BISCUIT BIN,271,325.2
ENAMEL BLUE RIM COFFEE CONTAINER,307,368.4
ENAMEL BLUE RIM OVAL TRAY SET/2,48,57.599999999999994
ENAMEL BLUE RIM TEA CONTAINER,81,97.2
ENAMEL BOWL PANTRY,24,28.799999999999997
ENAMEL BREAD BIN CREAM,1300,1560.0
ENAMEL CAT BOWL CREAM,52,62.4
ENAMEL COLANDER CREAM,692,830.4
ENAMEL COLLANDER CREAM,115,138.0
ENAMEL DINNER PLATE PANTRY,12,14.399999999999999
ENAMEL DOG BOWL CREAM,76,91.2
ENAMEL FIRE BUCKET CREAM,421,505.2
ENAMEL FLOWER JUG CREAM,3039,3646.7999999999997
ENAMEL JUG PANTRY,8,9.6
ENAMEL MEASURING JUG CREAM,2149,2578.7999999999997
ENAMEL MUG PANTRY,12,14.399999999999999
ENAMEL PINK COFFEE CONTAINER,1117,1340.3999999999999
ENAMEL PINK SUGAR CONTAINER,391,469.2
ENAMEL PINK TEA CONTAINER,1037,1244.3999999999999
ENAMEL WASH BOWL CREAM,1182,1418.3999999999999
ENAMEL WATERING CAN CREAM,1288,1545.6
ENCHANTED BIRD COATHANGER 5 HOOK,2201,2641.2
ENCHANTED BIRD PLANT CAGE,432,518.4
ENCHANTED GARDEN WROUGHT IRON TABLE,5,6.0
ENGLISH ROSE DESIGN PEG BAG,2262,2714.4
ENGLISH ROSE DESIGN QUILTED THROW,306,367.2
ENGLISH ROSE DESIGN SHOPPING BAG,1,1.2
ENGLISH ROSE EDWARDIAN PARASOL,505,606.0
ENGLISH ROSE GARDEN SECATEURS,2580,3096.0
ENGLISH ROSE HOT WATER BOTTLE,2018,2421.6
ENGLISH ROSE IRONING BOARD COVER,104,124.8
ENGLISH ROSE METAL WASTE BIN,136,163.2
ENGLISH ROSE MUG IN GIFT BOX,143,171.6
ENGLISH ROSE NOTEBOOK A6 SIZE,575,690.0
ENGLISH ROSE NOTEBOOK A7 SIZE,4478,5373.599999999999
ENGLISH ROSE PHOTO FRAME ,14,16.8
ENGLISH ROSE PLACEMATS,107,128.4
ENGLISH ROSE SCENTED HANGING FLOWER,440,528.0
ENGLISH ROSE SCENTED HANGING HEART,49,58.8
ENGLISH ROSE SCISSORS,4372,5246.4
ENGLISH ROSE SET/3 GARDEN TOOLS,3,3.5999999999999996
ENGLISH ROSE SMALL SCENTED FLOWER,280,336.0
ENGLISH ROSE SPIRIT LEVEL ,989,1186.8
ENGLISH ROSE TABLE CLOCK,136,163.2
ENGLISH ROSE TABLE CLOTH,207,248.39999999999998
ENGLISH ROSE TAPE MEASURE,256,307.2
ENGLISH ROSE TEA FOR ONE GIFT BOX,1,1.2
ENGLISH ROSE TEA SET IN GIFT BOX,49,58.8
ENGLISH ROSE TORCH,526,631.1999999999999
ENVELOPE 50 BLOSSOM IMAGES,1859,2230.7999999999997
ENVELOPE 50 CURIOUS IMAGES,931,1117.2
ENVELOPE 50 ROMANTIC IMAGES,924,1108.8
ESSENTIAL BALM 3.5g TIN IN ENVELOPE,11335,13602.0
ETCHED GLASS BIRD TREE DECORATION,806,967.1999999999999
ETCHED GLASS COASTER,2130,2556.0
ETCHED GLASS DROPLET DECORATION,1905,2286.0
ETCHED GLASS STAR TREE DECORATION,885,1062.0
EUCALYPTUS & PINECONE  WREATH,742,890.4
F FAIRY POTPOURRI CUSHIONS LAVENDER,170,204.0
F FAIRY POTPOURRI CUSHIONS SUMMER,1,1.2
F.FAIRY S/3 CANDLE/GLASS,110,132.0
"F.FAIRY S/3 CANDLE/GLASS, ROSE",232,278.4
"F.FAIRY S/3 CANDLE/GLASS,LAVENDER",193,231.6
"F.FAIRY S/3 CANDLE/GLASS,LILY/VALLY",177,212.4
"F.FAIRY S/3 SML CANDLE, LAVENDER",1,1.2
"F.FAIRY S/3 SML CANDLE, ROSE",1,1.2
"F.FAIRY S/3 SML CANDLE,LILY/VALLEY",1,1.2
"F.FAIRY,CANDLE IN GLASS,LAVENDER",3,3.5999999999999996
"F.FAIRY,CANDLE IN GLASS,LILY/VALLEY",1,1.2
FAIRY CAKE BIRTHDAY CANDLE SET,1500,1800.0
FAIRY CAKE CANDLES,3841,4609.2
FAIRY CAKE CERAMIC BUTTER DISH,192,230.39999999999998
FAIRY CAKE DESIGN UMBRELLA,1137,1364.3999999999999
FAIRY CAKE FLANNEL ASSORTED COLOUR,12532,15038.4
FAIRY CAKE GREETINGS CARD,809,970.8
FAIRY CAKE NOTEBOOK A5 SIZE,721,865.1999999999999
FAIRY CAKE PLACEMATS,100,120.0
FAIRY CAKE PLACEMATS ,75,90.0
FAIRY CAKE WICKER PICNIC BASKET ,33,39.6
FAIRY CAKES  WALL THERMOMETER,28,33.6
FAIRY CAKES GIFT BAG,117,140.4
FAIRY CAKES NOTEBOOK A6 SIZE,2566,3079.2
FAIRY CAKES NOTEBOOK A7 SIZE,2861,3433.2
FAIRY CAKES PHOTO FRAME,83,99.6
FAIRY CAKES RECTANGLUAR BOXES,38,45.6
FAIRY CAKES ROUND NESTING BOXES,52,62.4
FAIRY CAKES TABLE CLOCK,19,22.8
FAIRY CAKES TILE COASTER,125,150.0
FAIRY DESIGN MUGS,1,1.2
FAIRY DREAMS INCENSE ,2391,2869.2
FAIRY SOAP SOAP HOLDER,1819,2182.7999999999997
FAIRY TALE COTTAGE NIGHT LIGHT,912,1094.3999999999999
FAIRY TALE COTTAGE NIGHTLIGHT,4208,5049.599999999999
FAMILY ALBUM WHITE PICTURE FRAME,2094,2512.7999999999997
FAMILY PHOTO FRAME CORNICE,1114,1336.8
FAN BLACK FRAME ,254,304.8
"FANCY FONT BIRTHDAY CARD, ",10430,12516.0
FANCY FONT HOME SWEET HOME DOORMAT,622,746.4
FANCY FONTS BIRTHDAY WRAP,17450,20940.0
FANNY'S REST STOPMETAL SIGN,2312,2774.4
FAUX FUR CHOCOLATE THROW,86,103.2
FAWN AND MUSHROOM GREETING CARD,1088,1305.6
FAWN BLUE HOT WATER BOTTLE,7526,9031.199999999999
"FEATHER DUSTER, COAL BLACK",170,204.0
"FEATHER DUSTER, LIGHT PINK",10,12.0
FEATHER HEART LIGHTS,1,1.2
"FEATHER PEN,COAL BLACK",3843,4611.599999999999
"FEATHER PEN,HOT PINK",6048,7257.599999999999
"FEATHER PEN,LIGHT PINK",3238,3885.6
FELT EGG COSY BLUE RABBIT ,1187,1424.3999999999999
FELT EGG COSY CHICKEN,1734,2080.7999999999997
FELT EGG COSY LADYBIRD ,722,866.4
FELT EGG COSY WHITE RABBIT ,1753,2103.6
FELT FARM ANIMAL CHICKEN,846,1015.1999999999999
FELT FARM ANIMAL HEN,478,573.6
FELT FARM ANIMAL RABBIT,1113,1335.6
FELT FARM ANIMAL SHEEP,322,386.4
FELT FARM ANIMAL WHITE BUNNY ,1803,2163.6
FELT TOADSTOOL  SMALL,998,1197.6
FELT TOADSTOOL LARGE,1294,1552.8
FELTCRAFT 6 FLOWER FRIENDS,12174,14608.8
FELTCRAFT BOY JEAN-PAUL KIT,349,418.8
FELTCRAFT BUTTERFLY HEARTS,12605,15126.0
FELTCRAFT CHRISTMAS FAIRY,3286,3943.2
FELTCRAFT CUSHION BUTTERFLY,5357,6428.4
FELTCRAFT CUSHION OWL,5312,6374.4
FELTCRAFT CUSHION RABBIT,5420,6504.0
FELTCRAFT DOLL EMILY,3675,4410.0
FELTCRAFT DOLL MARIA,1343,1611.6
FELTCRAFT DOLL MOLLY,7203,8643.6
FELTCRAFT DOLL ROSIE,4744,5692.8
FELTCRAFT GIRL AMELIE KIT,982,1178.3999999999999
FELTCRAFT GIRL NICOLE KIT,645,774.0
FELTCRAFT HAIRBAND PINK AND BLUE,1975,2370.0
FELTCRAFT HAIRBAND PINK AND PURPLE,2654,3184.7999999999997
FELTCRAFT HAIRBAND RED AND BLUE,1791,2149.2
"FELTCRAFT HAIRBAND S/2, PINK/PURPLE",96,115.19999999999999
"FELTCRAFT HAIRBAND, S/2, RED/BLUE",204,244.79999999999998
FELTCRAFT HAIRBANDS PINK + WHITE ,72,86.39999999999999
FELTCRAFT HAIRBANDS PINK AND WHITE ,1825,2190.0
FELTCRAFT PRINCESS CHARLOTTE DOLL,3407,4088.3999999999996
FELTCRAFT PRINCESS LOLA DOLL,3039,3646.7999999999997
FELTCRAFT PRINCESS OLIVIA DOLL,2195,2634.0
FENG SHUI PILLAR CANDLE,6268,7521.599999999999
FILIGREE DIAMANTE CHAIN,4,4.8
FILIGREE DIAMANTE EARRINGS,21,25.2
FILIGREE HEART BIRD WHITE ,1397,1676.3999999999999
FILIGREE HEART BUTTERFLY WHITE ,1592,1910.3999999999999
FILIGREE HEART DAISY WHITE,1199,1438.8
FILIGREE WALL MIRROR  ANTIQUE WHITE,92,110.39999999999999
FILIGRIS HEART WITH BUTTERFLY,10622,12746.4
FINE SILVER NECKLACE W PASTEL FLOWE,35,42.0
FINE WICKER HEART ,4612,5534.4
FIRE POLISHED GLASS BRACELET BLACK,14,16.8
FIRE POLISHED GLASS BRACELET GREEN,22,26.4
FIRE POLISHED GLASS BRACELET MONTAN,13,15.6
FIRE POLISHED GLASS BRACELET RED,7,8.4
FIRE POLISHED GLASS NECKL BRONZE,11,13.2
FIRE POLISHED GLASS NECKL GOLD,6,7.199999999999999
FIRE POLISHED GLASS NECKL GREEN,17,20.4
FIRE POLISHED GLASS NECKL SILVER,7,8.4
FIRST AID TIN,3370,4044.0
FIRST CLASS HOLIDAY PURSE ,697,836.4
FIRST CLASS LUGGAGE TAG ,339,406.8
FIRST CLASS PASSPORT COVER ,452,542.4
FIVE CATS HANGING DECORATION,450,540.0
FIVE HEART HANGING DECORATION,1461,1753.2
FLAG OF ST GEORGE ,381,457.2
FLAG OF ST GEORGE CAR FLAG,978,1173.6
FLAG OF ST GEORGE CHAIR,73,87.6
FLAMES SUNGLASSES PINK LENSES,71,85.2
FLAMINGO LIGHTS,527,632.4
FLAT GLASS  BAUBLE WHITE FLOCK ,36,43.199999999999996
FLAT PALM T-LIGHT HOLDER,133,159.6
FLOOR CUSHION ELEPHANT CARNIVAL,104,124.8
FLOOR LAMP SHADE WOOD BASE,113,135.6
FLORAL BATHROOM SET,2315,2778.0
FLORAL BLUE MONSTER,82,98.39999999999999
FLORAL DINOSAUR GREEN,26,31.2
FLORAL ELEPHANT SOFT TOY,879,1054.8
FLORAL FOLK STATIONERY SET,2051,2461.2
FLORAL PINK MONSTER,112,134.4
FLORAL SOFT CAR TOY,123,147.6
FLOWER BLUE CLOCK W/SUCKER,80,96.0
FLOWER BLUE CLOCK WITH SUCKER,116,139.2
FLOWER BROOCH 4 ASSORTED COLOURS,5,6.0
FLOWER BURST SILVER RING CRYSTAL,91,109.2
FLOWER BURST SILVER RING GREEN,15,18.0
FLOWER BURST SILVER RING MIDN'T BLU,25,30.0
FLOWER BURST SILVER RING OPAL,36,43.199999999999996
FLOWER BURST SILVER RING ROSE,18,21.599999999999998
FLOWER DES BLUE HANDBAG/ORANG HANDL,3,3.5999999999999996
FLOWER FAIRY 5 DRAWER LINERS,59,70.8
FLOWER FAIRY 5 SUMMER DRAW LINERS,6,7.199999999999999
FLOWER FAIRY INCENSE BOUQUET,1253,1503.6
FLOWER FAIRY INCENSE LAVENDER,4541,5449.2
FLOWER FAIRY INCENSE LILY,709,850.8
FLOWER FAIRY INCENSE ROSE,3124,3748.7999999999997
"FLOWER FAIRY MUG+COASTER,LAVENDER",11,13.2
"FLOWER FAIRY MUG+COASTER,ROSE",6,7.199999999999999
FLOWER FAIRY OIL BURNER SET ROSE,588,705.6
FLOWER FAIRY OIL BURNER SET SUMMER,533,639.6
FLOWER FAIRY POTPOURRI CUSHION LILY,292,350.4
FLOWER FAIRY SET 3 CANDLES LAVENDER,302,362.4
FLOWER FAIRY SET OF 3 LILY CANDLES,206,247.2
FLOWER FAIRY SUMMER BOUQUET SACHET,355,426.0
"FLOWER FAIRY,5 SUMMER B'DRAW LINERS",241,289.2
FLOWER GARLAND NECKLACE RED,21,25.2
"FLOWER GLASS GARLAND NECKL.36""BLACK",34,40.8
"FLOWER GLASS GARLAND NECKL.36""BLUE",22,26.4
"FLOWER GLASS GARLAND NECKL.36""GREEN",17,20.4
"FLOWER GLASS GARLD NECKL36""AMETHYST",18,21.599999999999998
"FLOWER GLASS GARLD NECKL36""TURQUOIS",13,15.6
FLOWER PENCIL/RUBBER+5 MINI PENCILS,493,591.6
FLOWER PURPLE CLOCK W/SUCKER,17,20.4
FLOWER PURPLE CLOCK WITH SUCKER,15,18.0
FLOWER SHOP DESIGN MUG,1,1.2
FLOWER VINE RAFFIA FOOD COVER,1011,1213.2
FLOWER WINDMILL,219,262.8
FLOWERS  STICKERS,1102,1322.3999999999999
FLOWERS AND BIRDS WALL PLAQUE,2,2.4
FLOWERS CHANDELIER T-LIGHT HOLDER,863,1035.6
FLOWERS HANDBAG blue and orange,49,58.8
FLOWERS TILE COASTER,1077,1292.3999999999999
FLOWERS TILE HOOK,489,586.8
FLOWERS WALL THERMOMETER,75,90.0
FLUTED ANTIQUE CANDLE HOLDER,2951,3541.2
FLYING PIG WATERING CAN,444,532.8
FLYING SAUCER TABLE LIGHT IN WHITE,191,229.2
FOLDING BUTTERFLY MIRROR HOT PINK ,1838,2205.6
FOLDING BUTTERFLY MIRROR IVORY ,735,882.0
FOLDING BUTTERFLY MIRROR RED  ,1252,1502.3999999999999
FOLDING CAMPING SCISSOR W/KNIF & S,32,38.4
FOLDING MIRROR HOT PINK ,156,187.2
FOLDING MIRROR IVORY ,18,21.599999999999998
FOLDING MIRROR RED  ,18,21.599999999999998
FOLDING SHIRT TIDY,1,1.2
FOLDING SHOE TIDY,48,57.599999999999994
FOLDING UMBRELLA  CHOC/WHITE  SPOT,524,628.8
FOLDING UMBRELLA  CREAM/MULTI  SPOT,372,446.4
FOLDING UMBRELLA  PINK/WHITE  SPOT,578,693.6
FOLDING UMBRELLA  WHITE/RED  SPOT,259,310.8
"FOLDING UMBRELLA , BLACK/BLUE  SPOT",768,921.5999999999999
"FOLDING UMBRELLA , RED/WHITE SPOT",900,1080.0
FOLDING UMBRELLA BLACKBLUE POLKADOT,184,220.79999999999998
FOLDING UMBRELLA CHOCOLATE POLKADOT,116,139.2
FOLDING UMBRELLA CREAM POLKADOT,178,213.6
FOLDING UMBRELLA PINKWHITE POLKADOT,116,139.2
FOLDING UMBRELLA RED/WHITE POLKADOT,310,372.0
FOLDING UMBRELLA WHITE/RED POLKADOT,100,120.0
"FOLK ART GREETING CARD,pack/12",70,84.0
FOLK ART METAL HEART T-LIGHT HOLDER,701,841.1999999999999
FOLK ART METAL STAR T-LIGHT HOLDER,786,943.1999999999999
FOLK FELT HANGING MULTICOL GARLAND,980,1176.0
FOLKART BAUBLE CHRISTMAS DECORATION,1339,1606.8
FOLKART CHRISTMAS TREE T-LIGHT HOLD,244,292.8
FOLKART CLIP ON STARS,1005,1206.0
FOLKART CROWN TABLE DECORATIONS,450,540.0
FOLKART HEART CHRISTMAS DECORATIONS,1,1.2
FOLKART HEART NAPKIN RINGS,375,450.0
FOLKART STAR CHRISTMAS DECORATIONS,3300,3960.0
FOLKART ZINC CLIP ON ANGEL WINGS,101,121.19999999999999
FOLKART ZINC HEART CHRISTMAS DEC,10651,12781.199999999999
FOLKART ZINC STAR CHRISTMAS DEC,1100,1320.0
FOOD CONTAINER SET 3 LOVE HEART ,4965,5958.0
"FOOD COVER WITH BEADS , SET 2 SIZES",3,3.5999999999999996
FOOD COVER WITH BEADS SET 2 ,977,1172.3999999999999
FOOD/DRINK SPONGE STICKERS,2118,2541.6
FOOD/DRINK SPUNGE STICKERS,759,910.8
FOOT STOOL HOME SWEET HOME ,434,520.8
FORKED CACTUS CANDLE,309,370.8
FOUR HOOK  WHITE LOVEBIRDS,3709,4450.8
FOUR PICTURE WHITE GLASS FRAME,23,27.599999999999998
FOUR RABBIT EASTER DECORATIONS,1065,1278.0
FRAPPUCINO SCARF KNITTING KIT,533,639.6
FREESTYLE CANVAS ART PICTURE,133,159.6
FRENCH BATHROOM SIGN BLUE METAL,2723,3267.6
FRENCH BLUE METAL DOOR SIGN 0,567,680.4
FRENCH BLUE METAL DOOR SIGN 1,1119,1342.8
FRENCH BLUE METAL DOOR SIGN 2,942,1130.3999999999999
FRENCH BLUE METAL DOOR SIGN 3,799,958.8
FRENCH BLUE METAL DOOR SIGN 4,695,834.0
FRENCH BLUE METAL DOOR SIGN 5,775,930.0
FRENCH BLUE METAL DOOR SIGN 6,652,782.4
FRENCH BLUE METAL DOOR SIGN 7,658,789.6
FRENCH BLUE METAL DOOR SIGN 8,598,717.6
FRENCH BLUE METAL DOOR SIGN 9,489,586.8
FRENCH BLUE METAL DOOR SIGN No,909,1090.8
"FRENCH BLUE METAL DOOR SIGN, 0",460,552.0
"FRENCH BLUE METAL DOOR SIGN, 1",560,672.0
"FRENCH BLUE METAL DOOR SIGN, 2",493,591.6
"FRENCH BLUE METAL DOOR SIGN, 3",486,583.1999999999999
"FRENCH BLUE METAL DOOR SIGN, 4",459,550.8
"FRENCH BLUE METAL DOOR SIGN, 5",465,558.0
"FRENCH BLUE METAL DOOR SIGN, 6",420,504.0
"FRENCH BLUE METAL DOOR SIGN, 7",438,525.6
"FRENCH BLUE METAL DOOR SIGN, 8",447,536.4
"FRENCH BLUE METAL DOOR SIGN, 9",442,530.4
"FRENCH BLUE METAL DOOR SIGN, No",337,404.4
"FRENCH BOTTLE , LAVENDER",422,506.4
"FRENCH BOTTLE, BRASSERIE DES ARTIST",282,338.4
FRENCH CARRIAGE LANTERN,132,158.4
FRENCH CHATEAU LARGE FRUIT BOWL ,269,322.8
FRENCH CHATEAU LARGE PLATTER ,190,228.0
FRENCH CHATEAU OVAL PLATTER,211,253.2
FRENCH CHATEAU SMALL FRUITBOWL,429,514.8
FRENCH EMROIDR LAVENDER SCENT HEART,320,384.0
FRENCH ENAMEL CANDLEHOLDER,1845,2214.0
FRENCH ENAMEL POT W LID,843,1011.5999999999999
FRENCH ENAMEL SOAP DISH WITH LID,48,57.599999999999994
FRENCH ENAMEL UTENSIL HOLDER,316,379.2
FRENCH ENAMEL WATER BASIN,536,643.1999999999999
FRENCH FLORAL CUSHION COVER ,978,1173.6
FRENCH GARDEN SIGN BLUE METAL,1280,1536.0
FRENCH KITCHEN SIGN BLUE METAL,2146,2575.2
FRENCH LATTICE CUSHION COVER ,469,562.8
FRENCH LAUNDRY SIGN BLUE METAL,1618,1941.6
FRENCH LAVENDER SCENT HEART,972,1166.3999999999999
FRENCH PAISLEY CUSHION COVER,224,268.8
FRENCH PAISLEY CUSHION COVER ,507,608.4
FRENCH STYLE EMBOSSED HEART CABINET,45,54.0
FRENCH STYLE STORAGE JAR BONBONS,2338,2805.6
FRENCH STYLE STORAGE JAR CAFE ,1982,2378.4
FRENCH STYLE STORAGE JAR JAM,317,380.4
FRENCH STYLE WALL DRESSER,15,18.0
FRENCH STYLE WIRE DOOR CABINET ,1,1.2
FRENCH TOILET SIGN BLUE METAL,2267,2720.4
FRENCH WC SIGN BLUE METAL,4283,5139.599999999999
FRESHWATER PEARL BRACELET GOLD,27,32.4
FRESHWATER PEARL BRACELET IVORY,35,42.0
FRESHWATER PEARL BRACELET PINK,15,18.0
FRIDGE MAGNETS LA VIE EN ROSE,1374,1648.8
FRIDGE MAGNETS LES ENFANTS ASSORTED,1491,1789.2
FRIDGE MAGNETS US DINER ASSORTED,1968,2361.6
FROG CANDLE,928,1113.6
FROG KING WATERING CAN,187,224.4
FROG SOCK PUPPET,168,201.6
FROSTED BOX 9 WHITE T-LIGHT CANDLES,3699,4438.8
FROSTED GLASS WITH SILVER SURROUND,9,10.799999999999999
FROSTED WHITE BASE ,442,530.4
FRUIT SALAD BAG CHARM,44,52.8
FRUIT TREE AND BIRDS WALL PLAQUE,253,303.59999999999997
FRYING PAN BLUE POLKADOT,142,170.4
FRYING PAN BLUE POLKADOT ,266,319.2
FRYING PAN BLUE RETROSPOT,3,3.5999999999999996
FRYING PAN PINK POLKADOT,549,658.8
FRYING PAN PINK POLKADOT ,600,720.0
FRYING PAN PINK RETROSPOT,6,7.199999999999999
FRYING PAN RED POLKADOT ,1153,1383.6
FRYING PAN RED RETROSPOT,508,609.6
FRYING PAN UNION FLAG,2858,3429.6
FULL ENGLISH BREAKFAST PLATE,2872,3446.4
FUNKY DIVA PEN,10297,12356.4
FUNKY FLOWER COFFEE POT,1,1.2
FUNKY FLOWER PICNIC BAG FOR 4,6,7.199999999999999
FUNKY GIRL ADDRESS BOOK,271,325.2
FUNKY GIRLZ ASST MAGNETIC MEMO PAD,357,428.4
FUNKY GIRLZ MAGNETIC TO DO LIST ,8,9.6
FUNKY MONKEY CUSHION COVER,324,388.8
FUNKY MONKEY GIFT BAG MEDIUM,1578,1893.6
FUNKY MONKEY GIFT BAG SMALL,1274,1528.8
FUNKY MONKEY MUG,710,852.0
FUNKY WASHING UP GLOVES ASSORTED,2736,3283.2
FUSCHIA FLOWER PURSE WITH BEADS,200,240.0
FUSCHIA RETRO BAR STOOL,44,52.8
FUSCHIA TABLE RUN FLOWER ,29,34.8
FUSCHIA VOILE POINTY SHOE DEC,103,123.6
FUSCHIA/GREEN STRIPE WOOLLY BLANKET,77,92.39999999999999
GAOLERS KEYS DECORATIVE GARDEN ,2670,3204.0
GARAGE KEY FOB,730,876.0
GARDEN METAL SIGN ,2374,2848.7999999999997
GARDEN PATH JOURNAL,926,1111.2
GARDEN PATH NOTEBOOK ,3595,4314.0
GARDEN PATH POCKET BOOK,5484,6580.8
GARDEN PATH SKETCHBOOK,475,570.0
GARDENERS KNEELING PAD,5363,6435.599999999999
GARDENERS KNEELING PAD CUP OF TEA ,6285,7542.0
GARDENERS KNEELING PAD KEEP CALM ,7722,9266.4
GARDENIA 1 WICK MORRIS BOXED CANDLE,605,726.0
GARDENIA 3 WICK MORRIS BOXED CANDLE,613,735.6
"GARLAND , WOODEN  "" HAPPY EASTER""",103,123.6
GARLAND WITH HEARTS AND BELLS,597,716.4
GARLAND WITH STARS AND BELLS,484,580.8
GARLAND WOODEN HAPPY EASTER,3703,4443.599999999999
"GARLAND, MAGIC GARDEN 1.8M",610,732.0
"GARLAND, VINTAGE BELLS",92,110.39999999999999
GEISHA GIRL CHOPSTICKS SET/5,117,140.4
GEMSTONE CHANDELIER T-LIGHT HOLDER,78,93.6
GENTLEMAN SHIRT REPAIR KIT ,2923,3507.6
GEORGIAN TRINKET BOX,141,169.2
GERANIUM FOLKART HEART DECORATION,47,56.4
GERANIUM SQUARE HANDY TIN,41,49.199999999999996
GIANT 50'S CHRISTMAS CRACKER,2628,3153.6
GIANT BLACK SUNGLASSES,84,100.8
GIANT MEDINA STAMPED METAL BOWL ,228,273.59999999999997
GIANT PINK HEART MEMO HOLDER,112,134.4
GIANT SEVENTEEN DRAWER SIDEBOARD,8,9.6
GIFT BAG BIRTHDAY,1172,1406.3999999999999
GIFT BAG LARGE 50'S CHRISTMAS,24,28.799999999999997
GIFT BAG LARGE SPOT ,96,115.19999999999999
GIFT BAG LARGE VINTAGE CHRISTMAS,148,177.6
GIFT BAG PSYCHEDELIC APPLES,1300,1560.0
GIN & TONIC DIET GREETING CARD ,7017,8420.4
GIN + TONIC DIET METAL SIGN,19755,23706.0
GIN AND TONIC DIET METAL SIGN,474,568.8
GIN AND TONIC MUG,6122,7346.4
GINGERBREAD MAN COOKIE CUTTER,7946,9535.199999999999
GINGHAM BABUSHKA DOORSTOP,270,324.0
GINGHAM HEART  DOORSTOP RED,1943,2331.6
GINGHAM HEART DECORATION,6247,7496.4
GINGHAM HEART WREATH,224,268.8
GINGHAM OVEN GLOVE RED HEART ,225,270.0
GINGHAM RECIPE BOOK BOX,409,490.79999999999995
GINGHAM ROSE WRAP,3515,4218.0
GIRAFFE WOODEN RULER,3708,4449.599999999999
GIRLS ALPHABET IRON ON PATCHES ,33217,39860.4
GIRLS VINTAGE TIN SEASIDE BUCKET,3229,3874.7999999999997
GIRLY PINK TOOL SET,280,336.0
GLAMOROUS  MUG,5032,6038.4
GLASS  BEURRE DISH,2007,2408.4
GLASS  SONGBIRD STORAGE JAR,165,198.0
GLASS AND BEADS BRACELET IVORY,13,15.6
GLASS AND PAINTED BEADS BRACELET OL,10,12.0
GLASS AND PAINTED BEADS BRACELET TO,18,21.599999999999998
GLASS APOTHECARY BOTTLE ELIXIR,798,957.5999999999999
GLASS APOTHECARY BOTTLE PERFUME,1014,1216.8
GLASS APOTHECARY BOTTLE TONIC,865,1038.0
GLASS BEAD HOOP EARRINGS AMETHYST,12,14.399999999999999
GLASS BEAD HOOP EARRINGS BLACK,6,7.199999999999999
GLASS BEAD HOOP EARRINGS GREEN,4,4.8
GLASS BEAD HOOP EARRINGS MONTANA,7,8.4
GLASS BEAD HOOP NECKLACE AMETHYST,10,12.0
GLASS BEAD HOOP NECKLACE BLACK,8,9.6
GLASS BEAD HOOP NECKLACE GREEN,7,8.4
GLASS BEAD HOOP NECKLACE MONTANA,7,8.4
GLASS BELL JAR LARGE,2,2.4
GLASS BELL JAR SMALL,4,4.8
GLASS BON BON JAR,2135,2562.0
GLASS BONBON JAR PARFUME AUX FLEURE,568,681.6
GLASS BONBON JAR. D'AMANDES,101,121.19999999999999
GLASS BONBON JAR. SUPERFINES,90,108.0
GLASS BONNE JAM JAR,117,140.4
GLASS CAKE COVER AND PLATE,329,394.8
GLASS CAKE STAND,110,132.0
GLASS CAKE STAND MIRRORED BASE,68,81.6
GLASS CHALICE BLUE  LARGE ,108,129.6
GLASS CHALICE BLUE SMALL ,936,1123.2
GLASS CHALICE GREEN  LARGE ,358,429.59999999999997
GLASS CHALICE GREEN  SMALL ,474,568.8
GLASS CHICKEN BUTTER DISH,283,339.59999999999997
GLASS CLOCHE LARGE,420,504.0
GLASS CLOCHE SMALL,890,1068.0
GLASS ETCHED T-LIGHT HOLDER LARGE,1203,1443.6
GLASS ETCHED T-LIGHT HOLDER MEDIUM,867,1040.3999999999999
GLASS HEART T-LIGHT HOLDER ,5823,6987.599999999999
GLASS HONEYPOT WASP CATCHER,2849,3418.7999999999997
GLASS JAR DAISY FRESH COTTON WOOL,1535,1842.0
GLASS JAR DIGESTIVE BISCUITS,1893,2271.6
GLASS JAR ENGLISH CONFECTIONERY,2284,2740.7999999999997
GLASS JAR KINGS CHOICE,1185,1422.0
GLASS JAR MARMALADE ,735,882.0
GLASS JAR PEACOCK BATH SALTS,658,789.6
"GLASS JAR, ENGLISH CONFECTIONERY",2,2.4
"GLASS JAR, KINGS CHOICE SOAP",42,50.4
GLASS SONGBIRD STORAGE JAR,11,13.2
GLASS SPHERE CANDLE STAND LARGE ,299,358.8
GLASS SPHERE CANDLE STAND MEDIUM,329,394.8
GLASS STAR FROSTED T-LIGHT HOLDER,1047,1256.3999999999999
GLASS TWIST BON BON JAR,69,82.8
GLASS WINE GLASS DECORATIONS,30,36.0
GLITTER BUTTERFLY CLIPS,4220,5064.0
GLITTER CHRISTMAS HEART ,1670,2004.0
GLITTER CHRISTMAS STAR ,3780,4536.0
GLITTER CHRISTMAS TREE,1671,2005.1999999999998
GLITTER CHRISTMAS TREE WITH BELLS,868,1041.6
GLITTER HANGING BUTTERFLY STRING,4700,5640.0
GLITTER HEART DECORATION,2434,2920.7999999999997
GLITTER HEART GARLAND WITH BELLS ,740,888.0
GLITTER SNOW PEAR TREE DECORATION,1774,2128.7999999999997
GLITTER STAR GARLAND WITH BELLS ,651,781.1999999999999
GLOW IN DARK DOLPHINS,511,613.1999999999999
GOLD  CHERRY LIGHTS,300,360.0
GOLD 2 STRAND NECKLACE-LEAF CHARMS,3,3.5999999999999996
GOLD APERITIF GLASS,173,207.6
GOLD CHRISTMAS STOCKING DECORATION,1,1.2
GOLD COSMETIC BAG PINK STAR,45,54.0
GOLD COSMETICS BAG WITH BUTTERFLY,19,22.8
GOLD DIAMANTE STAR BROOCH,10,12.0
GOLD EAR MUFF HEADPHONES,77,92.39999999999999
GOLD FABRIC MIRROR,459,550.8
GOLD FISHING GNOME,96,115.19999999999999
GOLD FLOWER CUSHION COVER ,24,28.799999999999997
GOLD JEWELERY BOX,20,24.0
GOLD M PEARL  ORBIT NECKLACE,17,20.4
GOLD M.O.P ORBIT BRACELET,11,13.2
GOLD M.O.P ORBIT DROP EARRINGS,16,19.2
GOLD M.O.P. ORBIT NECKLACE,2,2.4
GOLD MINI TAPE MEASURE ,1546,1855.1999999999998
GOLD MUG BONE CHINA TREE OF LIFE,1153,1383.6
GOLD PHOTO FRAME,394,472.79999999999995
GOLD PRINT PAPER BAG,414,496.79999999999995
GOLD SCROLL GLASS T-LIGHT HOLDER,178,213.6
GOLD STANDING GNOME,253,303.59999999999997
GOLD TEDDY BEAR,79,94.8
GOLD WASHBAG,1788,2145.6
GOLD WINE GLASS,360,432.0
GOLD WINE GOBLET,248,297.59999999999997
GOLD/AMBER DROP EARRINGS W LEAF,34,40.8
GOLD/M.O.P PENDANT ORBIT NECKLACE,22,26.4
GOLDIE LOOKING MIRROR,26,31.2
GOTHIC CARRIAGE LANTERN,8,9.6
GRAND CHOCOLATECANDLE,19284,23140.8
GRASS HOPPER WOODEN WALL CLOCK ,345,414.0
GREEN  DIAMANTE PEN IN GIFT BOX,252,302.4
GREEN  SPOTTY PLATE ,1284,1540.8
GREEN 3 PIECE MINI DOTS CUTLERY SET,1886,2263.2
GREEN 3 PIECE POLKADOT CUTLERY SET,1519,1822.8
GREEN 3 TIER GLASS PLATE STAND,74,88.8
GREEN BIRDHOUSE DECORATION,883,1059.6
GREEN BITTY LIGHT CHAIN,139,166.79999999999998
GREEN BLUE FLOWER PIGGY BANK,241,289.2
GREEN CAT FLORAL CUSHION COVER ,288,345.59999999999997
GREEN CHENILLE SHAGGY C/COVER,1,1.2
GREEN CHENILLE SHAGGY RUG,43,51.6
GREEN CHERRY LIGHTS,524,628.8
GREEN CHRISTMAS TREE CARD HOLDER,1982,2378.4
GREEN CHRISTMAS TREE STRING 20LIGHT,457,548.4
GREEN CRYSTAL DROP EARRINGS,6,7.199999999999999
GREEN DRAWER KNOB ACRYLIC EDWARDIAN,2106,2527.2
GREEN DROP EARRINGS W BEAD CLUSTER,6,7.199999999999999
GREEN EASTER EGG HUNT START POST,96,115.19999999999999
GREEN ENAMEL FLOWER HAIR TIE,9,10.799999999999999
GREEN ENAMEL FLOWER RING,83,99.6
GREEN ENAMEL+GLASS HAIR COMB,248,297.59999999999997
GREEN FERN JOURNAL ,702,842.4
GREEN FERN NOTEBOOK,3419,4102.8
GREEN FERN POCKET BOOK,5679,6814.8
GREEN FERN SKETCHBOOK ,416,499.2
GREEN FLORAL FELTCRAFT SHOULDER BAG,37,44.4
GREEN GEISHA GIRL ,54,64.8
GREEN GIANT GARDEN THERMOMETER,428,513.6
GREEN GINGHAM FLOWER JEWELLERY BOX,1412,1694.3999999999999
GREEN GLASS TASSLE BAG CHARM,50,60.0
GREEN GOOSE FEATHER CHRISTMAS TREE ,245,294.0
GREEN GOOSE FEATHER TREE 60CM,286,343.2
GREEN HEART COMPACT MIRROR,327,392.4
GREEN HEART OF GLASS BRACELET,24,28.799999999999997
GREEN JUICY FRUIT PHOTO FRAME,397,476.4
GREEN KASHMIRI BOXED MIRROR,23,27.599999999999998
GREEN KASHMIRI OCCASIONAL TABLE,9,10.799999999999999
GREEN LEAVES AND BEADS PHONE CHARM,14,16.8
GREEN METAL BOX ARMY SUPPLIES,437,524.4
GREEN METAL BOX TOP SECRET,16,19.2
GREEN METAL SWINGING BUNNY,904,1084.8
GREEN MINI TAPE MEASURE ,1585,1902.0
GREEN MURANO TWIST BRACELET,61,73.2
GREEN MURANO TWIST NECKLACE,14,16.8
GREEN PAIR HEART HAIR SLIDES,10,12.0
GREEN PENDANT TRIPLE SHELL NECKLACE,7,8.4
GREEN PEONY CUSHION COVER,255,306.0
GREEN PEONY DES C/COVER,10,12.0
GREEN PICNIC BARBECUE BUCKET,78,93.6
GREEN POLKADOT BOWL,1599,1918.8
GREEN POLKADOT CUP,111,133.2
GREEN POLKADOT PLATE ,1150,1380.0
GREEN POP ART MAO CUSHION COVER ,286,343.2
GREEN REGENCY TEACUP AND SAUCER,8500,10200.0
GREEN ROSE CUSHION COVER,245,294.0
GREEN ROSE QUILT ,10,12.0
GREEN ROSE WASHBAG,870,1044.0
GREEN ROUND COMPACT MIRROR,227,272.4
GREEN SPOTTY BOWL,1497,1796.3999999999999
GREEN SPOTTY CUP,2029,2434.7999999999997
GREEN SQUARE COMPACT MIRROR,367,440.4
GREEN STONE/CRYSTAL EARRINGS,2,2.4
GREEN SWEETHEART BRACELET,170,204.0
GREEN VINTAGE EARRINGS ,35,42.0
GREEN VINTAGE SPOT BEAKER,4505,5406.0
GREEN WIRE GOBLET CANDLEHOLDER,7,8.4
GREEN WIRE STANDING CANDLE HOLDER,55,66.0
GREEN WITH METAL BAG CHARM,29,34.8
GREEN/BLUE CERAMIC CANDLE HOLDER,16,19.2
GREEN/BLUE FLOWER DESIGN BIG MUG,25,30.0
"GREETING CARD, BLACKPOOL ROCK",12,14.399999999999999
"GREETING CARD, OVERCROWDED POOL.",360,432.0
"GREETING CARD, RITA",312,374.4
"GREETING CARD, STICKY GORDON",231,277.2
"GREETING CARD, THE BLACK CAT",60,72.0
"GREETING CARD, TWO SISTERS.",132,158.4
"GREETING CARD,SQUARE, DOUGHNUTS",238,285.59999999999997
GREY ACRYLIC FACETED BANGLE,78,93.6
GREY FLORAL FELTCRAFT SHOULDER BAG,1023,1227.6
GREY HEART HOT WATER BOTTLE,5623,6747.599999999999
GROOVY CACTUS INFLATABLE,303,363.59999999999997
GROW A FLYTRAP OR SUNFLOWER IN TIN,17242,20690.399999999998
GROW YOUR OWN BASIL IN ENAMEL MUG,2515,3018.0
GROW YOUR OWN FLOWERS SET OF 3,858,1029.6
GROW YOUR OWN HERBS SET OF 3,648,777.6
GROW YOUR OWN PLANT IN A CAN ,8960,10752.0
GUMBALL COAT RACK,11460,13752.0
"GUMBALL COATHOOK., BLACK & WHITE ",20,24.0
GUMBALL MAGAZINE RACK,768,921.5999999999999
GUMBALL MONOCHROME COAT RACK,1195,1434.0
GYMKHANA TREASURE BOOK BOX,1630,1956.0
GYMKHANNA TREASURE BOOK BOX,120,144.0
HAIRCLIPS FORTIES FABRIC ASSORTED,2957,3548.4
HALL CABINET WITH 3 DRAWERS,118,141.6
HAND OPEN SHAPE BLACK,16,19.2
HAND OPEN SHAPE DECO.WHITE,750,900.0
HAND OPEN SHAPE GOLD,600,720.0
HAND OPEN SHAPE PINK,2,2.4
HAND OVER THE CHOCOLATE   SIGN ,16146,19375.2
HAND PAINTED HANGING EASTER EGG,22,26.4
HAND TOWEL PALE BLUE W FLOWERS,230,276.0
HAND TOWEL PINK FLOWER AND DAISY,208,249.6
HAND WARMER BABUSHKA DESIGN,6378,7653.599999999999
HAND WARMER BIRD DESIGN,11000,13200.0
HAND WARMER OWL DESIGN,13675,16410.0
HAND WARMER RED LOVE HEART,3721,4465.2
HAND WARMER RED POLKA DOT,2592,3110.4
HAND WARMER RED RETROSPOT,7578,9093.6
HAND WARMER SCOTTY DOG DESIGN,11667,14000.4
HAND WARMER UNION JACK,8364,10036.8
HANGING  BUTTERFLY T-LIGHT HOLDER,1310,1572.0
HANGING BAUBLE T-LIGHT HOLDER LARGE,227,272.4
HANGING BAUBLE T-LIGHT HOLDER SMALL,538,645.6
HANGING BUTTERFLY  EGG,1117,1340.3999999999999
HANGING CHICK  YELLOW DECORATION,1088,1305.6
HANGING CHICK CREAM DECORATION,1218,1461.6
HANGING CHICK GREEN DECORATION,818,981.5999999999999
HANGING CLEAR MINI BOTTLE,1710,2052.0
HANGING ENGRAVED METAL HEART,274,328.8
HANGING FAIRY CAKE DECORATION,2003,2403.6
"HANGING FLOWERS+MIRROR,BLUE",527,632.4
"HANGING FLOWERS+MIRROR,CLEAR",235,282.0
"HANGING FLOWERS+MIRROR,PINK",324,388.8
HANGING GLASS ETCHED TEALIGHT,1301,1561.2
HANGING HEART BASKET,145,174.0
HANGING HEART BONHEUR,587,704.4
HANGING HEART JAR T-LIGHT HOLDER,19012,22814.399999999998
HANGING HEART MIRROR DECORATION ,2607,3128.4
HANGING HEART WITH BELL,4112,4934.4
HANGING HEART ZINC T-LIGHT HOLDER,25389,30466.8
HANGING HEN ON NEST DECORATION,794,952.8
HANGING JAM JAR T-LIGHT HOLDER,29255,35106.0
HANGING JAM JAR T-LIGHT HOLDERS,2413,2895.6
HANGING MEDINA LANTERN LARGE,704,844.8
HANGING MEDINA LANTERN SMALL,938,1125.6
HANGING METAL BIRD BATH,338,405.59999999999997
HANGING METAL CHICKEN DECORATION,122,146.4
HANGING METAL HEART LANTERN,7388,8865.6
HANGING METAL RABBIT DECORATION,452,542.4
HANGING METAL STAR LANTERN,4325,5190.0
HANGING MINI COLOURED BOTTLES,3369,4042.7999999999997
HANGING PHOTO CLIP ROPE LADDER,1556,1867.1999999999998
HANGING QUILTED PATCHWORK APPLES,1215,1458.0
HANGING RIDGE GLASS T-LIGHT HOLDER,1302,1562.3999999999999
HANGING SPRING FLOWER EGG LARGE,1713,2055.6
HANGING SPRING FLOWER EGG SMALL,1680,2016.0
HANGING SPRING FLOWER HEART SMALL,3,3.5999999999999996
HANGING WOOD AND FELT BUTTERFLY ,1089,1306.8
HANGING WOOD AND FELT FLOWER,2150,2580.0
HANGING WOOD AND FELT HEART,745,894.0
HAPPY ANNIVERSARY CANDLE LETTERS,175,210.0
HAPPY BIRTHDAY CARD STRIPEY TEDDY,28,33.6
HAPPY BIRTHDAY CARD TEDDY/CAKE,10,12.0
HAPPY BIRTHDAY GINGER CAT CARD,2,2.4
HAPPY EASTER HANGING DECORATION,631,757.1999999999999
HAPPY STENCIL CRAFT,5857,7028.4
HARDMAN MUG 3 ASSORTED,63,75.6
HAWAIIAN GRASS SKIRT ,664,796.8
HEADS AND TAILS SPORTING FUN,3315,3978.0
HEART BEADED TRELLIS DECORATION,244,292.8
HEART BUTTONS JEWELLERY BOX,39,46.8
HEART CALCULATOR,2131,2557.2
HEART DECORATION PAINTED ZINC ,8034,9640.8
HEART DECORATION RUSTIC HANGING ,5388,6465.599999999999
HEART DECORATION WITH PEARLS ,5717,6860.4
HEART EAR MUFF HEADPHONES,130,156.0
HEART FILIGREE DOVE  SMALL,16260,19512.0
HEART FILIGREE DOVE LARGE,8159,9790.8
HEART GARLAND RUSTIC PADDED,925,1110.0
HEART IVORY TRELLIS LARGE,9416,11299.199999999999
HEART IVORY TRELLIS SMALL,12939,15526.8
HEART MEASURING SPOONS LARGE,84,100.8
HEART MEASURING SPOONS SMALL,12,14.399999999999999
HEART MINI PORTRAIT FRAME,510,612.0
HEART MIRROR ANTIQUE WHITE,351,421.2
HEART OF WICKER LARGE,17104,20524.8
HEART OF WICKER SMALL,26193,31431.6
HEART SHAPE BUTTON FRAME ,100,120.0
HEART SHAPE WIRELESS DOORBELL,813,975.5999999999999
HEART SHAPED HOLLY WREATH,942,1130.3999999999999
HEART SHAPED MIRROR,1923,2307.6
HEART STRING MEMO HOLDER HANGING,961,1153.2
HEART T-LIGHT HOLDER,2027,2432.4
HEART T-LIGHT HOLDER ,639,766.8
HEART T-LIGHT HOLDER WILLIE WINKIE,928,1113.6
HEART TRELLIS TRIPLE T-LIGHT HOLDER,118,141.6
HEART TRELLISTRIPLE T-LIGHT HOLDER,56,67.2
HEART WOODEN CHRISTMAS DECORATION,4684,5620.8
HEART WREATH DECORATION WITH BELL,2163,2595.6
HEARTS  STICKERS,1973,2367.6
HEARTS GIFT TAPE,1366,1639.2
HEARTS PENCIL/RUBBER+5 MINI PENCILS,169,202.79999999999998
HEARTS WRAPPING TAPE ,628,753.6
HEAVENS SCENT FRAGRANCE OILS ASSTD,1211,1453.2
HELLO SAILOR BATHROOM SET,1495,1794.0
HELLO SAILOR BLUE SOAP HOLDER,430,516.0
HEN & 2 CHICKS IN BASKET,59,70.8
HEN HOUSE DECORATION,2341,2809.2
HEN HOUSE W CHICK IN NEST,112,134.4
HEN HOUSE W CHICK STANDING,308,369.59999999999997
HEN HOUSE W FAMILY IN BARN & NEST,75,90.0
HEN HOUSE WITH CHICK STANDING,14,16.8
HEN PARTY BANNER TAPE,12,14.399999999999999
HEN PARTY CORDON BARRIER TAPE,188,225.6
HENRIETTA HEN MUG ,293,351.59999999999997
HERB MARKER BASIL,3370,4044.0
HERB MARKER CHIVES ,1688,2025.6
HERB MARKER MINT,1709,2050.7999999999997
HERB MARKER PARSLEY,1816,2179.2
HERB MARKER ROSEMARY,1902,2282.4
HERB MARKER THYME,1861,2233.2
HEXAGONAL CRYSTAL PERFUME BOTTLE,1,1.2
HI TEC ALPINE HAND WARMER,1089,1306.8
HILDA CANDY SPOT RABBIT,142,170.4
HIPPY CHIC DECORATIVE PARASOL,206,247.2
HOLIDAY FUN LUDO,1921,2305.2
HOLLY TOP CHRISTMAS STOCKING,605,726.0
HOLLYHOCK SQUARE HANDY TIN,1,1.2
HOME BUILDING BLOCK WORD,7231,8677.199999999999
HOME GARLAND PAINTED ZINC ,1608,1929.6
HOME SMALL WOOD LETTERS,911,1093.2
HOME SWEEET HOME 3 PEG HANGER ,25,30.0
HOME SWEET HOME  BLACKBOARD,3,3.5999999999999996
HOME SWEET HOME 2 DRAWER CABINET,235,282.0
HOME SWEET HOME 3 PEG HANGER ,255,306.0
HOME SWEET HOME BLACKBOARD,969,1162.8
HOME SWEET HOME BOTTLE ,437,524.4
HOME SWEET HOME CUSHION COVER ,763,915.6
HOME SWEET HOME HANGING HEART,1815,2178.0
HOME SWEET HOME HOOK,326,391.2
HOME SWEET HOME KEY HOLDER,434,520.8
HOME SWEET HOME METAL SIGN ,5839,7006.8
HOME SWEET HOME MUG,13856,16627.2
HOMEMADE JAM SCENTED CANDLES,14012,16814.399999999998
"HOOK, 1 HANGER ,MAGIC GARDEN",4371,5245.2
"HOOK, 3 HANGER ,MAGIC GARDEN",1919,2302.7999999999997
"HOOK, 5 HANGER , MAGIC TOADSTOOL",2902,3482.4
"HOOK, 5 HANGER ,MAGIC TOADSTOOL RED",3081,3697.2
HORSE & PONY WALL ART,256,307.2
HOT BATHS METAL SIGN,11797,14156.4
HOT BATHS SOAP HOLDER,1518,1821.6
HOT STUFF HOT WATER BOTTLE,527,632.4
HOT WATER BOTTLE BABUSHKA ,3093,3711.6
HOT WATER BOTTLE BABUSHKA LARGE,136,163.2
HOT WATER BOTTLE I AM SO POORLY,4638,5565.599999999999
HOT WATER BOTTLE KEEP CALM,5313,6375.599999999999
HOT WATER BOTTLE SEX BOMB,432,518.4
HOT WATER BOTTLE TEA AND SYMPATHY,8848,10617.6
HOUSE SHAPE PENCIL SHARPENER,3206,3847.2
HOUSE WRECKING METAL SIGN ,735,882.0
HYACINTH BULB T-LIGHT CANDLES,4178,5013.599999999999
High Resolution Image,4,4.8
I CAN ONLY PLEASE ONE PERSON MUG,5925,7110.0
I LOVE LONDON BABY GIFT SET,209,250.79999999999998
I LOVE LONDON BEAKER,827,992.4
I LOVE LONDON WALL ART,12,14.399999999999999
I'M ON HOLIDAY METAL SIGN,4990,5988.0
ICE CREAM BUBBLES,2647,3176.4
ICE CREAM DESIGN GARDEN PARASOL,413,495.59999999999997
ICE CREAM PEN LIP GLOSS ,6607,7928.4
ICE CREAM SUNDAE LIP GLOSS,7896,9475.199999999999
"ICON ALARM CLOCK,FUSCHIA  PIN UP",23,27.599999999999998
ICON MUG REVOLUTIONARY,701,841.1999999999999
ICON PLACEMAT POP ART ELVIS,900,1080.0
IF YOU CAN'T STAND THE HEAT MUG,1943,2331.6
ILLUSTRATED CAT BOWL ,1730,2076.0
INCENSE BAZAAR CANNABIS,228,273.59999999999997
INCENSE BAZAAR PEACH,6,7.199999999999999
INFLATABLE POLITICAL GLOBE ,8479,10174.8
INLAID WOOD INCENSE HOLDER,3641,4369.2
IVORY CAFE HANGING LAMP ,114,136.79999999999998
IVORY CHANDELIER T-LIGHT HOLDER,560,672.0
IVORY DINER WALL CLOCK,1629,1954.8
IVORY EMBROIDERED QUILT ,51,61.199999999999996
IVORY ENCHANTED FOREST PLACEMAT,1753,2103.6
IVORY FELT EASTER RABBIT GARLAND,66,79.2
IVORY GIANT GARDEN THERMOMETER,649,778.8
IVORY GOLD METAL BAG CHARM,19,22.8
IVORY HANGING BIRD PLANTER ,245,294.0
IVORY HANGING DECORATION  BIRD,2153,2583.6
IVORY HANGING DECORATION  BUTTERFLY,1733,2079.6
IVORY HANGING DECORATION  CHICKEN,287,344.4
IVORY HANGING DECORATION  EGG,1097,1316.3999999999999
IVORY HANGING DECORATION  HEART,10146,12175.199999999999
IVORY HANGING DECORATION  RABBIT,25,30.0
IVORY KITCHEN SCALES,2916,3499.2
IVORY KNITTED MUG COSY ,943,1131.6
IVORY LOVE BIRD CANDLE,913,1095.6
IVORY PANTRY HANGING LAMP ,2,2.4
IVORY PAPER CUP CAKE CASES ,2839,3406.7999999999997
IVORY PENDANT TRIPLE SHELL NECKLACE,6,7.199999999999999
IVORY PILLAR CANDLE GOLD FLOCK,1065,1278.0
IVORY PILLAR CANDLE SILVER FLOCK,1132,1358.3999999999999
IVORY REFECTORY CLOCK,202,242.39999999999998
IVORY RETRO KITCHEN WALL CLOCK,70,84.0
IVORY ROSE LAMPSHADE ,39,46.8
IVORY SCULPTED RND CANDLE ,74,88.8
IVORY SHELL HEART EARRINGS,5,6.0
IVORY SHELL HEART NECKLACE,45,54.0
IVORY STRING CURTAIN WITH POLE ,541,649.1999999999999
IVORY SWEETHEART SOAP DISH,139,166.79999999999998
IVORY SWEETHEART WIRE LETTER RACK ,541,649.1999999999999
IVORY WALL CLOCK,60,72.0
IVORY WICKER HEART LARGE,1979,2374.7999999999997
IVORY WICKER HEART MEDIUM,2009,2410.7999999999997
IVORY WICKER HEART SMALL,2154,2584.7999999999997
IVORY WIRE KITCHEN ORGANISER,116,139.2
IVORY WIRE SWEETHEART LETTER TRAY,127,152.4
IVY HEART WREATH,492,590.4
JACOBS LADDER SMALL,2064,2476.7999999999997
JADE CRYSTAL+GLASS BRACELET,34,40.8
JADE DROP EARRINGS W FILIGREE,58,69.6
JADE GREEN ENAMEL HAIR COMB,36,43.199999999999996
JADE GREEN PAIR ENAMEL HAIR SLIDES,1,1.2
JAM CLOCK MAGNET,309,370.8
JAM JAR WITH BLUE LID,26,31.2
JAM JAR WITH GREEN LID,3450,4140.0
JAM JAR WITH PINK LID,4141,4969.2
JAM MAKING SET PRINTED,15867,19040.399999999998
JAM MAKING SET WITH JARS,8454,10144.8
JAPANESE CROCHETED ANIMAL,5092,6110.4
JARDIN DE FEMME SCENTED CANDLE,656,787.1999999999999
JARDIN ETCHED GLASS BUTTER DISH,68,81.6
JARDIN ETCHED GLASS CANDLEHLDR LONG,61,73.2
JARDIN ETCHED GLASS CHEESE DISH,219,262.8
JARDIN ETCHED GLASS FRUITBOWL,180,216.0
JARDIN ETCHED GLASS GINGER JAR,50,60.0
JARDIN ETCHED GLASS LARGE BELL JAR,91,109.2
JARDIN ETCHED GLASS SMALL BELL JAR,115,138.0
JASMINE TEA INCENSE IN TIN,264,316.8
JASMINE VOTIVE CANDLE,2944,3532.7999999999997
JAZZ HEARTS ADDRESS BOOK,6123,7347.599999999999
JAZZ HEARTS MAGNETIC MEMO PAD,7058,8469.6
JAZZ HEARTS MEMO PAD,10945,13134.0
JAZZ HEARTS PURSE NOTEBOOK,6030,7236.0
JAZZ HEARTS SPIRAL NOTEPAD,47,56.4
JELLY BABIES YELLOW SMALL BOWL,358,429.59999999999997
JET BLACK LAS VEGAS BRACELET ROUND,16,19.2
JET BLACK LAS VEGAS NECKLACE 45CM,16,19.2
"JEWELLED DECORATION,BLUE",150,180.0
"JEWELLED DECORATION,PINK",2,2.4
JIGSAW RABBIT AND BIRDHOUSE,881,1057.2
JIGSAW TOADSTOOLS 3 PIECE,1003,1203.6
JIGSAW TREE WITH BIRDHOUSE,1948,2337.6
JIGSAW TREE WITH WATERING CAN,1366,1639.2
JINGLE BELL HEART ANTIQUE GOLD,760,912.0
JINGLE BELL HEART ANTIQUE SILVER,3544,4252.8
JINGLE BELL HEART DECORATION,3679,4414.8
JINGLE BELLS TREE DECORATION,331,397.2
JOY LARGE WOOD LETTERS,433,519.6
JOY WOODEN BLOCK LETTERS,765,918.0
JUMBO  BAG BAROQUE BLACK WHITE,28899,34678.799999999996
JUMBO BAG 50'S CHRISTMAS ,8933,10719.6
JUMBO BAG ALPHABET,12533,15039.599999999999
JUMBO BAG APPLES,13875,16650.0
JUMBO BAG CHARLIE AND LOLA TOYS,3411,4093.2
JUMBO BAG DOILEY PATTERNS,8735,10482.0
JUMBO BAG DOLLY GIRL DESIGN,5367,6440.4
JUMBO BAG OWLS,19463,23355.6
JUMBO BAG PAISLEY PARK,4358,5229.599999999999
JUMBO BAG PEARS,6729,8074.799999999999
JUMBO BAG PINK POLKADOT,23572,28286.399999999998
JUMBO BAG PINK VINTAGE PAISLEY,24108,28929.6
JUMBO BAG PINK WITH WHITE SPOTS,13766,16519.2
JUMBO BAG RED RETROSPOT,74224,89068.8
JUMBO BAG RED WHITE SPOTTY ,13879,16654.8
JUMBO BAG SCANDINAVIAN BLUE PAISLEY,7754,9304.8
JUMBO BAG SCANDINAVIAN PAISLEY,15358,18429.6
JUMBO BAG SPACEBOY DESIGN,16383,19659.6
JUMBO BAG STRAWBERRY,35842,43010.4
JUMBO BAG TOYS ,11326,13591.199999999999
JUMBO BAG VINTAGE CHRISTMAS ,4905,5886.0
JUMBO BAG VINTAGE DOILEY ,143,171.6
JUMBO BAG VINTAGE DOILY ,10620,12744.0
JUMBO BAG VINTAGE LEAF,10695,12834.0
JUMBO BAG WOODLAND ANIMALS,15709,18850.8
JUMBO SHOPPER VINTAGE RED PAISLEY,24295,29154.0
JUMBO STORAGE BAG SKULLS,12305,14766.0
JUMBO STORAGE BAG SUKI,25970,31164.0
JUNGLE POPSICLES ICE LOLLY HOLDERS,1467,1760.3999999999999
JUNGLE POPSICLES ICE LOLLY MOULDS,831,997.1999999999999
KASBAH LANTERN WITH GLASS ,56,67.2
KASHMIR FOLKART HEART DISHES,3,3.5999999999999996
KASHMIR FOLKART TUMBLERS,2486,2983.2
KEEP CALM BIRTHDAY WRAP,50,60.0
KEEP CALM WALL ART ,269,322.8
KEEP OUT BOYS DOOR HANGER ,2285,2742.0
KEEP OUT GIRLS DOOR HANGER ,763,915.6
KENSINGTON COFFEE SET,359,430.8
KEY CABINET MA CAMPAGNE,645,774.0
"KEY FOB , BACK DOOR ",6014,7216.8
"KEY FOB , FRONT  DOOR ",5225,6270.0
"KEY FOB , GARAGE DESIGN",5785,6942.0
"KEY FOB , SHED",8033,9639.6
KEY RING BASEBALL BOOT ASSORTED ,1580,1896.0
KEY RING BASEBALL BOOT UNION JACK,1770,2124.0
KID'S CHALKBOARD/EASEL,5,6.0
KIDS CUTLERY DOLLY GIRL ,36,43.199999999999996
KIDS CUTLERY SPACEBOY ,36,43.199999999999996
KIDS RAIN MAC BLUE,3213,3855.6
KIDS RAIN MAC PINK,2754,3304.7999999999997
KINGS CHOICE BISCUIT TIN,1873,2247.6
KINGS CHOICE CIGAR BOX MATCHES ,3438,4125.599999999999
KINGS CHOICE GIANT TUBE MATCHES,2567,3080.4
KINGS CHOICE MUG,6681,8017.2
KINGS CHOICE SMALL TUBE MATCHES,117,140.4
KINGS CHOICE TEA CADDY ,2286,2743.2
KISS REINDEER SCANDINAVIAN STOCKING,5,6.0
KITCHEN FLOWER POTS WALL PLAQUE,487,584.4
KITCHEN METAL SIGN,5391,6469.2
KITTENS DESIGN FLANNEL,1538,1845.6
KITTY PENCIL ERASERS,2425,2910.0
KNEELING MAT HOUSEWORK  DESIGN,1473,1767.6
KNICKERBOCKERGLORY MAGNET ASSORTED ,2094,2512.7999999999997
KNITTED MUG COSY IVORY COLOUR ,546,655.1999999999999
KNITTED POM POM HOT WATER BOTTLE,5,6.0
KNITTED RABBIT DOLL ,33,39.6
KNITTED RAINBOW HOT WATER BOTTLE,20,24.0
KNITTED UNION FLAG HOT WATER BOTTLE,5724,6868.8
L BLUE C/COVER W PINK/YELLOW FLOWER,6,7.199999999999999
LA JARDIN BOTANIQUE CUSHION COVER,80,96.0
LA PALMIERA METAL SIGN CALENDAR,760,912.0
LA PALMIERA TILE COASTER,762,914.4
LA PALMIERA TILE HOOK,949,1138.8
LA PALMIERA WALL THERMOMETER,452,542.4
LA STREGA CANVAS PICTURE ,73,87.6
LADIES & GENTLEMEN METAL SIGN,8078,9693.6
LADLE LOVE HEART PINK,935,1122.0
LADLE LOVE HEART RED ,1351,1621.2
LADS ONLY TISSUE BOX,2820,3384.0
LADYBIRD + BEE RAFFIA FOOD COVER,999,1198.8
LANDMARK FRAME BAKER STREET ,347,416.4
LANDMARK FRAME CAMDEN TOWN ,557,668.4
LANDMARK FRAME COVENT GARDEN ,435,522.0
LANDMARK FRAME LONDON BRIDGE ,410,492.0
LANDMARK FRAME NOTTING HILL ,419,502.79999999999995
LANDMARK FRAME OXFORD STREET,419,502.79999999999995
LANTERN CREAM GAZEBO ,1474,1768.8
LARGE  TALL CAMPHOR WOOD TOADSTOOL ,171,205.2
LARGE ANTIQUE WHITE PHOTO FRAME,507,608.4
LARGE APOTHECARY MEASURING JAR ,50,60.0
LARGE BLACK DIAMANTE HAIRSLIDE,4,4.8
LARGE BLUE ORIENTAL FOLDING STOOL,136,163.2
LARGE BLUE PROVENCAL CERAMIC BALL,116,139.2
LARGE BONNE JAM JAR  T-LIGHT HOLDER,254,304.8
LARGE CAKE STAND  HANGING STRAWBERY,2086,2503.2
LARGE CAKE STAND HANGING HEARTS,714,856.8
LARGE CAKE TOWEL CHOCOLATE SPOTS,829,994.8
LARGE CAKE TOWEL PINK SPOTS,1251,1501.2
"LARGE CAKE TOWEL, CHOCOLATE SPOTS",225,270.0
LARGE CAMPHOR WOOD FIELD MUSHROOM ,93,111.6
LARGE CERAMIC TOP STORAGE JAR,2950,3540.0
LARGE CHINESE STYLE SCISSOR,2307,2768.4
LARGE CHUNKY GLASS ROMAN BOWL,293,351.59999999999997
LARGE CIRCULAR MIRROR MOBILE,13566,16279.199999999999
LARGE CRYSTAL DIAMANTE HAIRSLIDE,46,55.199999999999996
LARGE DECO JEWELLERY STAND,246,295.2
LARGE ENGLISH ARBORETUM,113,135.6
LARGE FIBRE OPTIC CHRISTMAS TREE,15,18.0
LARGE GLASS ROSE SCENTED CANDLE ,2,2.4
LARGE GLASS SUNDAE DISH CLEAR,996,1195.2
LARGE GREEN PEONY FOLDING STOOL,131,157.2
LARGE HANGING GLASS+ZINC LANTERN,560,672.0
LARGE HANGING IVORY & RED WOOD BIRD,3303,3963.6
LARGE HEART FLOWERS HOOK   ,568,681.6
LARGE HEART MEASURING SPOONS,4519,5422.8
LARGE IVORY HEART WALL ORGANISER,759,910.8
LARGE JEWELLERY STAND,10,12.0
LARGE MEDINA STAMPED METAL BOWL ,548,657.6
LARGE MINT DIAMANTE HAIRSLIDE,16,19.2
LARGE PARLOUR FRAME,27,32.4
LARGE PARLOUR PICTURE FRAME,77,92.39999999999999
LARGE PINK GLASS SUNDAE DISH,902,1082.3999999999999
LARGE PINK PEONY FOLDING STOOL,136,163.2
LARGE POPCORN HOLDER ,5700,6840.0
LARGE PURPLE BABUSHKA NOTEBOOK  ,2292,2750.4
LARGE RED BABUSHKA NOTEBOOK ,2532,3038.4
LARGE RED RETROSPOT WINDMILL,2560,3072.0
LARGE RED SPOT WINDMILL,2894,3472.7999999999997
LARGE ROUND CUTGLASS CANDLESTICK,148,177.6
LARGE ROUND WICKER PLATTER ,429,514.8
LARGE SKULL WINDMILL,284,340.8
LARGE STRAWBERRY CHOCOLATE CANDLE,56,67.2
LARGE STRIPES CHOCOLATE GIFT BAG,1255,1506.0
LARGE TAHITI BEACH BAG,211,253.2
LARGE TORTILLA DESIGN RED BOWL,350,420.0
LARGE TRIFLE DESIGN L BLUE BOWL,229,274.8
LARGE WHITE HEART OF WICKER,2892,3470.4
LARGE WHITE HONEYCOMB PAPER BELL  ,1210,1452.0
LARGE WHITE/PINK ROSE ART FLOWER,647,776.4
LARGE YELLOW BABUSHKA NOTEBOOK ,1127,1352.3999999999999
LARGE ZINC GLASS CANDLEHOLDER,55,66.0
LARGE ZINC HEART WALL ORGANISER,1064,1276.8
LARGE ZINC/GLASS CANDLEHOLDER,23,27.599999999999998
LASER CUT MULTI STRAND NECKLACE,5,6.0
LAUNDRY 15C METAL SIGN,5350,6420.0
LAUREL HEART ANTIQUE GOLD,518,621.6
LAUREL HEART ANTIQUE SILVER,1290,1548.0
LAUREL STAR ANTIQUE GOLD,372,446.4
LAUREL STAR ANTIQUE SILVER ,404,484.79999999999995
LAVENDER INCENSE 40 CONES IN TIN,173,207.6
LAVENDER INCENSE IN TIN,2073,2487.6
LAVENDER SCENT CAKE CANDLE,1877,2252.4
LAVENDER SCENTED FABRIC HEART,5591,6709.2
LAVENDER SCENTED SET/9 T-LIGHTS,1018,1221.6
LAVENDER TOILETTE BOTTLE,533,639.6
LAZER CUT NECKLACE W PASTEL BEADS,58,69.6
LE GRAND TRAY CHIC SET,147,176.4
LE JARDIN BOTANIQUE CUSHION COVER,521,625.1999999999999
LEAVES MAGNETIC  SHOPPING LIST,24,28.799999999999997
LED TEA LIGHTS,595,714.0
LEOPARD PRINT HOT WATER BOTTLE,46,55.199999999999996
LETS GO SHOPPING COTTON TOTE BAG,601,721.1999999999999
"LETTER ""A"" BLING KEY RING",127,152.4
"LETTER ""B"" BLING KEY RING",47,56.4
"LETTER ""C"" BLING KEY RING",114,136.79999999999998
"LETTER ""D"" BLING KEY RING",65,78.0
"LETTER ""E"" BLING KEY RING",95,114.0
"LETTER ""F"" BLING KEY RING",29,34.8
"LETTER ""G"" BLING KEY RING",69,82.8
"LETTER ""H"" BLING KEY RING",50,60.0
"LETTER ""I"" BLING KEY RING",44,52.8
"LETTER ""J"" BLING KEY RING",81,97.2
"LETTER ""K"" BLING KEY RING",109,130.79999999999998
"LETTER ""L"" BLING KEY RING",114,136.79999999999998
"LETTER ""M"" BLING KEY RING",79,94.8
"LETTER ""N"" BLING KEY RING",49,58.8
"LETTER ""O"" BLING KEY RING",31,37.199999999999996
"LETTER ""P"" BLING KEY RING",58,69.6
"LETTER ""R"" BLING KEY RING",52,62.4
"LETTER ""S"" BLING KEY RING",111,133.2
"LETTER ""T"" BLING KEY RING",43,51.6
"LETTER ""U"" BLING KEY RING",13,15.6
"LETTER ""V"" BLING KEY RING",21,25.2
"LETTER ""W"" BLING KEY RING",14,16.8
"LETTER ""Y"" BLING KEY RING",63,75.6
"LETTER ""Z"" BLING KEY RING",17,20.4
LETTER HOLDER HOME SWEET HOME,595,714.0
LETTER SHAPE PENCIL SHARPENER,4135,4962.0
LIBRARY LAMP,36,43.199999999999996
LIGHT BIRD HOUSE TREE DECORATION,804,964.8
LIGHT DECORATION BATTERY OPERATED,31,37.199999999999996
LIGHT GARLAND BUTTERFILES PINK,1617,1940.3999999999999
LIGHT PINK CHERRY LIGHTS,1420,1704.0
LIGHT PINK FLOCK GLASS CANDLEHOLDER,832,998.4
LIGHTHOUSE PRINTED METAL SIGN,69,82.8
LILAC DIAMANTE PEN IN GIFT BOX,383,459.59999999999997
LILAC FEATHERS CURTAIN,14,16.8
LILAC FLOWER BLOCK TABLE LAMP,64,76.8
LILAC GAUZE BUTTERFLY LAMPSHADE,68,81.6
LILAC VOTIVE CANDLE,218,261.59999999999997
LILLIES CANVAS PICTURE,233,279.59999999999997
LILY BROOCH AMETHYST COLOUR,48,57.599999999999994
LILY BROOCH OLIVE COLOUR,27,32.4
LILY BROOCH WHITE/SILVER COLOUR,6,7.199999999999999
LION SOCK PUPPET,35,42.0
LIPSTICK PEN BABY PINK,1818,2181.6
LIPSTICK PEN FUSCHIA,3725,4470.0
LIPSTICK PEN RED,5641,6769.2
LITTLE FLOWER SHOPPER BAG,400,480.0
LITTLE GREEN MONSTER SOFT TOY,38,45.6
LITTLE PINK MONSTER SOFT TOY,43,51.6
LOCAL CAFE MUG,1164,1396.8
LOLITA  DESIGN  COTTON TOTE BAG,959,1150.8
LONDON BUS COFFEE MUG,4213,5055.599999999999
LONG SILVER NECKLACE PASTEL FLOWER,25,30.0
LOO ROLL  METAL SIGN ,321,385.2
LOUVRE CHALKBOARD,49,58.8
LOUVRE VANITY MIRROR,129,154.79999999999998
LOVE BUILDING BLOCK WORD,5367,6440.4
LOVE GARLAND PAINTED ZINC ,3332,3998.3999999999996
LOVE HEART NAPKIN BOX ,708,849.6
LOVE HEART POCKET WARMER,4184,5020.8
LOVE HEART SOCK HANGER,1882,2258.4
LOVE HEART TRINKET POT,3406,4087.2
LOVE HOT WATER BOTTLE,2325,2790.0
LOVE LARGE WOOD LETTERS ,519,622.8
LOVE POTION MASALA INCENSE,454,544.8
LOVE SEAT ANTIQUE WHITE METAL,58,69.6
LOVEBIRD HANGING DECORATION WHITE ,8375,10050.0
LOVELY BONBON STICKER SHEET,824,988.8
LUNCH BAG  BLACK SKULL.,25392,30470.399999999998
LUNCH BAG ALPHABET DESIGN,7533,9039.6
LUNCH BAG APPLE DESIGN,11530,13836.0
LUNCH BAG CARS BLUE,23304,27964.8
LUNCH BAG DOILEY PATTERN ,6477,7772.4
LUNCH BAG DOLLY GIRL DESIGN,9715,11658.0
LUNCH BAG PAISLEY PARK  ,3305,3966.0
LUNCH BAG PINK POLKADOT,11392,13670.4
LUNCH BAG PINK POLKADOTS,10,12.0
LUNCH BAG PINK RETROSPOT,8738,10485.6
LUNCH BAG RED RETROSPOT,20294,24352.8
LUNCH BAG RED SPOTTY,17456,20947.2
LUNCH BAG RED VINTAGE DOILY,1547,1856.3999999999999
LUNCH BAG SPACEBOY DESIGN ,18834,22600.8
LUNCH BAG SUKI  DESIGN ,13896,16675.2
LUNCH BAG SUKI DESIGN ,9570,11484.0
LUNCH BAG VINTAGE DOILEY ,70,84.0
LUNCH BAG VINTAGE DOILY ,6438,7725.599999999999
LUNCH BAG VINTAGE LEAF DESIGN,6191,7429.2
LUNCH BAG WOODLAND,20916,25099.2
LUNCH BOX I LOVE LONDON,15156,18187.2
LUNCH BOX WITH CUTLERY FAIRY CAKES ,1429,1714.8
LUNCH BOX WITH CUTLERY RETROSPOT ,5331,6397.2
LUNCHBAG PINK RETROSPOT,107,128.4
LUNCHBAG SPACEBOY DESIGN ,644,772.8
LUNCHBAG SUKI  DESIGN ,405,486.0
LUNCHBOX I LOVE LONDON,1,1.2
LUNCHBOX WITH CUTLERY FAIRY CAKES ,1371,1645.2
LUNCHBOX WITH CUTLERY RETROSPOT ,1359,1630.8
LUSH GREENS RIBBONS,2092,2510.4
M/COLOUR POM-POM CURTAIN,8,9.6
MA CAMPAGNE 4 DRAWER WALL SHELF,125,150.0
MA CAMPAGNE CUTLERY BOX,595,714.0
MA CAMPAGNE MINI WOODEN CHEST,301,361.2
MADRAS NOTEBOOK LARGE ,395,474.0
MADRAS NOTEBOOK MEDIUM,1003,1203.6
MAGAZINE RACK GEBRA ASSORTED ,718,861.6
MAGIC DRAWING SLATE BAKE A CAKE ,4399,5278.8
MAGIC DRAWING SLATE BUNNIES ,3995,4794.0
MAGIC DRAWING SLATE CIRCUS PARADE  ,7504,9004.8
MAGIC DRAWING SLATE DINOSAUR,5563,6675.599999999999
MAGIC DRAWING SLATE DOLLY GIRL ,9438,11325.6
MAGIC DRAWING SLATE FIDO,360,432.0
MAGIC DRAWING SLATE GO TO THE FAIR ,2295,2754.0
MAGIC DRAWING SLATE LEAP FROG ,2740,3288.0
MAGIC DRAWING SLATE PURDEY,8378,10053.6
MAGIC DRAWING SLATE SPACEBOY ,11981,14377.199999999999
MAGIC GARDEN FELT GARLAND ,270,324.0
MAGIC GARDEN MOUNT FUJI,152,182.4
MAGIC SHEEP WOOL GROWING FROM PAPER,1781,2137.2
MAGIC SLATE BAKE A CAKE ,48,57.599999999999994
MAGIC SLATE BUNNIES AT HOME ,288,345.59999999999997
MAGIC SLATE CIRCUS PARADE  ,192,230.39999999999998
MAGIC SLATE DINOSAUR,144,172.79999999999998
MAGIC SLATE DOLLY GIRL ,192,230.39999999999998
MAGIC SLATE FIDO,288,345.59999999999997
MAGIC SLATE GO TO THE FAIR ,96,115.19999999999999
MAGIC SLATE LEAP FROG ,96,115.19999999999999
MAGIC SLATE SPACEBOY ,288,345.59999999999997
MAGIC TREE -PAPER FLOWERS,1655,1986.0
MAGNETS PACK OF 4 CHILDHOOD MEMORY,3996,4795.2
MAGNETS PACK OF 4 HOME SWEET HOME,2440,2928.0
MAGNETS PACK OF 4 RETRO PHOTO,1830,2196.0
MAGNETS PACK OF 4 SWALLOWS,4186,5023.2
MAGNETS PACK OF 4 VINTAGE COLLAGE,3398,4077.6
MAGNETS PACK OF 4 VINTAGE LABELS ,1601,1921.1999999999998
MAKE YOUR OWN FLOWERPOWER CARD KIT,1309,1570.8
MAKE YOUR OWN MONSOON CARD KIT,1391,1669.2
MAKE YOUR OWN PLAYTIME CARD KIT,960,1152.0
MAN FLU METAL SIGN,3342,4010.3999999999996
MANHATTAN CANVAS ART PICTURE,20,24.0
MARAKESH LANTERN LARGE,30,36.0
MARAKESH LANTERN SMALL ,196,235.2
MARIE ANTOIENETT TRINKET BOX GOLD,1,1.2
MARIE ANTOINETTE TRINKET BOX GOLD,312,374.4
MARIE ANTOINETTE TRINKET BOX SILVER,326,391.2
MAXWELL 2 TONE BLUE 60 PAGE PHOTO A,309,370.8
MAXWELL 2 TONE PINK 60 PAGE PHOTO A,142,170.4
MEASURING TAPE BABUSHKA BLUE,585,702.0
MEASURING TAPE BABUSHKA PINK,749,898.8
MEASURING TAPE BABUSHKA RED,707,848.4
MEASURING TAPE RUSSIAN DOLL BLUE,102,122.39999999999999
MEASURING TAPE RUSSIAN DOLL PINK,152,182.4
MEASURING TAPE RUSSIAN DOLL RED,647,776.4
MEDINA STAMPED METAL STOOL,61,73.2
MEDINA STAMPED METAL TRAY ,3,3.5999999999999996
MEDIUM CERAMIC TOP STORAGE JAR,77916,93499.2
MEDIUM CHINESE STYLE SCISSOR,1572,1886.3999999999999
MEDIUM MEDINA STAMPED METAL BOWL ,910,1092.0
MEDIUM PARLOUR FRAME ,22,26.4
MEDIUM PARLOUR PICTURE FRAME ,136,163.2
MEDIUM PINK BUDDHA HEAD ,92,110.39999999999999
MEDIUM WHITE/PINK ROSE ART FLOWER,249,298.8
MEMO BOARD COTTAGE DESIGN,3605,4326.0
MEMO BOARD RETROSPOT  DESIGN,5208,6249.599999999999
METAL 4 HOOK HANGER FRENCH CHATEAU,4538,5445.599999999999
METAL BASE FOR CANDLES,177,212.4
METAL DECORATION NAUGHTY CHILDREN ,1971,2365.2
METAL HERB GERDEN CONTAINER,24,28.799999999999997
METAL MEDINA LANTERN ,294,352.8
METAL MERRY CHRISTMAS WREATH,2807,3368.4
METAL RABBIT LADDER EASTER ,176,211.2
METAL SHELF WITH RAIL ,339,406.8
METAL SIGN CUPCAKE SINGLE HOOK,852,1022.4
METAL SIGN DROP YOUR PANTS,1230,1476.0
METAL SIGN EMPIRE TEA,2709,3250.7999999999997
METAL SIGN HER DINNER IS SERVED ,1724,2068.7999999999997
METAL SIGN HIS DINNER IS SERVED,735,882.0
METAL SIGN NEIGHBOURHOOD WITCH ,2286,2743.2
METAL SIGN TAKE IT OR LEAVE IT ,6814,8176.799999999999
"METAL SIGN,CUPCAKE SINGLE HOOK",1612,1934.3999999999999
METAL TUBE CHIME ON BAMBOO,1210,1452.0
METAL WALL SHELF UNIT WITH HOOKS,27,32.4
METALIC LEAVES BAG CHARMS,67,80.39999999999999
MIDNIGHT BLUE COPPER FLOWER NECKLAC,14,16.8
MIDNIGHT BLUE CRYSTAL DROP EARRINGS,2,2.4
MIDNIGHT BLUE DROP CRYSTAL NECKLACE,8,9.6
MIDNIGHT BLUE GLASS/SILVER BRACELET,31,37.199999999999996
MIDNIGHT BLUE PAIR HEART HAIR SLIDE,25,30.0
MIDNIGHT BLUE VINTAGE EARRINGS,41,49.199999999999996
MIDNIGHT GLAMOUR SCARF KNITTING KIT,539,646.8
MILK BOTTLE WITH GLASS STOPPER ,226,271.2
MILK MAIDS MUG ,204,244.79999999999998
MILK PAN BLUE POLKADOT,123,147.6
MILK PAN BLUE RETROSPOT,290,348.0
MILK PAN PINK POLKADOT,286,343.2
MILK PAN PINK RETROSPOT,660,792.0
MILK PAN RED RETROSPOT,1227,1472.3999999999999
MINATURE COLOURED GARDENING SET,716,859.1999999999999
MINI  ZINC GARDEN DECORATIONS ,1270,1524.0
MINI CAKE STAND  HANGING STRAWBERY,4491,5389.2
MINI CAKE STAND HANGING HEARTS,321,385.2
MINI CAKE STAND T-LIGHT HOLDER,2006,2407.2
MINI CAKE STAND WITH HANGING CAKES,3496,4195.2
MINI FUNKY DESIGN TAPES,1970,2364.0
MINI HAND WARMER BABUSHKA DESIGN,108,129.6
MINI HIGHLIGHTER PENS,15001,18001.2
MINI JIGSAW BAKE A CAKE ,3198,3837.6
MINI JIGSAW BUNNIES,2922,3506.4
MINI JIGSAW BUNNIES AT HOME,432,518.4
MINI JIGSAW CIRCUS PARADE ,6063,7275.599999999999
MINI JIGSAW DINOSAUR ,1864,2236.7999999999997
MINI JIGSAW DOLLY GIRL,5512,6614.4
MINI JIGSAW FIDO,672,806.4
MINI JIGSAW GO TO THE FAIR,1409,1690.8
MINI JIGSAW LEAP FROG,1192,1430.3999999999999
MINI JIGSAW PURDEY,3637,4364.4
MINI JIGSAW SPACEBOY,9209,11050.8
MINI LADLE LOVE HEART PINK,242,290.4
MINI LADLE LOVE HEART RED ,630,756.0
MINI LIGHTS WOODLAND MUSHROOMS,1717,2060.4
MINI PAINT SET VINTAGE ,41507,49808.4
MINI PAINT SET VINTAGE  BOY+ GIRL,1188,1425.6
MINI PAINTED GARDEN DECORATION ,2766,3319.2
MINI PLAYING CARDS BUFFALO BILL ,2839,3406.7999999999997
MINI PLAYING CARDS DOLLY GIRL ,2472,2966.4
MINI PLAYING CARDS FUN FAIR ,1040,1248.0
MINI PLAYING CARDS GYMKHANA,2297,2756.4
MINI PLAYING CARDS SPACEBOY ,2694,3232.7999999999997
MINI WOODEN HAPPY BIRTHDAY GARLAND,4893,5871.599999999999
MINIATURE ANTIQUE ROSE HOOK IVORY,2065,2478.0
MINITURE ANTIQUE ROSE HOOK IVORY,48,57.599999999999994
MINT DINER CLOCK,2,2.4
MINT DINER WALL CLOCK,363,435.59999999999997
MINT GREEN ROSE TOWEL,104,124.8
MINT KITCHEN SCALES,1476,1771.2
MIRROR CORNICE,100,120.0
MIRROR LOVE BIRD T-LIGHT HOLDER,343,411.59999999999997
MIRROR MOSAIC CANDLE PLATE,1026,1231.2
MIRROR MOSAIC GOBLET CANDLE HOLDER,613,735.6
MIRROR MOSAIC HURRICANE LAMP ,427,512.4
MIRROR MOSAIC T-LIGHT HOLDER ,1738,2085.6
MIRROR MOSAIC T-LIGHT HOLDER ROUND,1598,1917.6
MIRROR MOSAIC VOTIVE HOLDER,1088,1305.6
"MIRROR, ARCHED GEORGIAN",200,240.0
MIRRORED DISCO BALL ,1320,1584.0
MIRRORED DOVE WALL DECORATION,256,307.2
MIRRORED WALL ART FOXY,48,57.599999999999994
MIRRORED WALL ART GENTS,196,235.2
MIRRORED WALL ART LADIES,193,231.6
MIRRORED WALL ART PHOTO FRAMES,153,183.6
MIRRORED WALL ART POPPIES,368,441.59999999999997
MIRRORED WALL ART SKULLS,454,544.8
MIRRORED WALL ART SNOWFLAKES,629,754.8
MIRRORED WALL ART SPLODGES,128,153.6
MIRRORED WALL ART STARS,444,532.8
MIRRORED WALL ART TABLE LAMP,141,169.2
MISELTOE HEART WREATH ,80,96.0
MISELTOE HEART WREATH CREAM,240,288.0
MISELTOE HEART WREATH WHITE,78,93.6
MISTLETOE HEART WREATH CREAM,575,690.0
MISTLETOE HEART WREATH GREEN,838,1005.5999999999999
MIXED NUTS LIGHT GREEN BOWL,676,811.1999999999999
MOBILE VINTAGE HEARTS ,439,526.8
MOCK LOBSTER FRIDGE MAGNET,450,540.0
MODERN CHRISTMAS BAUBLE CANDLE ,10,12.0
MODERN CHRISTMAS TREE CANDLE,4,4.8
MODERN CHRISTMAS TREE CANDLE ,2,2.4
MODERN FLORAL STATIONERY SET,1786,2143.2
MODERN VINTAGE COTTON SHOPPING BAG,855,1026.0
MONEY BOX BISCUITS DESIGN,1590,1908.0
MONEY BOX CONFECTIONERY DESIGN,614,736.8
MONEY BOX FIRST ADE DESIGN,384,460.79999999999995
MONEY BOX FIRST AID DESIGN,43,51.6
MONEY BOX HOUSEKEEPING DESIGN,1304,1564.8
MONEY BOX KINGS CHOICE DESIGN,2380,2856.0
MONEY BOX POCKET MONEY DESIGN,1573,1887.6
MONSTERS STENCIL CRAFT,3938,4725.599999999999
MONTANA DIAMOND CLUSTER EARRINGS,6,7.199999999999999
MONTANA DIAMOND CLUSTER NECKLACE,4,4.8
MOODY BOY  DOOR HANGER ,2060,2472.0
MOODY GIRL DOOR HANGER ,2509,3010.7999999999997
MOON INCENSE,50,60.0
MOP PENDANT SHELL NECKLACE,10,12.0
MORE BUTTER METAL SIGN ,1520,1824.0
MOROCCAN BEATEN METAL DISH,164,196.79999999999998
MOROCCAN BEATEN METAL DISH LARGE,104,124.8
MOROCCAN BEATEN METAL MIRROR,262,314.4
MOROCCAN TEA GLASS,11309,13570.8
MOSAIC CANDLE DISH BLUE PURPLE,144,172.79999999999998
MOSAIC GLASS BALL CANDLEHOLDER,97,116.39999999999999
MOTHER'S KITCHEN SPOON REST ,178,213.6
MOTORING TISSUE BOX,2315,2778.0
MOUSE TOY WITH PINK T-SHIRT,860,1032.0
MOUSEY LONG LEGS SOFT TOY,208,249.6
MR ROBOT SOFT TOY,345,414.0
MRS ROBOT SOFT TOY,269,322.8
MUG AND COASTER SET RED CIRCLES,378,453.59999999999997
MUG PINK AND PURPLE ARABIC DESIGN,6,7.199999999999999
MULTI COLOUR SILVER T-LIGHT HOLDER,21125,25350.0
MULTI HEARTS  STICKERS,1038,1245.6
MULTICOLOUR  CONFETTI IN TUBE,412,494.4
MULTICOLOUR 3D BALLS GARLAND,596,715.1999999999999
MULTICOLOUR CRUSOE CHECK LAMPSHADE,48,57.599999999999994
MULTICOLOUR DOTS PLATE,688,825.6
MULTICOLOUR EASTER RABBIT ,52,62.4
MULTICOLOUR FEATHERS CURTAIN,72,86.39999999999999
MULTICOLOUR GLASS PLATE,116,139.2
MULTICOLOUR HONEYCOMB FAN,1354,1624.8
MULTICOLOUR HONEYCOMB PAPER GARLAND,1287,1544.3999999999999
MULTICOLOUR POLKADOT PLATE,696,835.1999999999999
MULTICOLOUR RABBIT EGG WARMER,260,312.0
MULTICOLOUR SPRING FLOWER MUG,13083,15699.599999999999
MUM'S KITCHEN CLOCK,104,124.8
MUMMY MOUSE RED GINGHAM RIBBON,198,237.6
MURANO STYLE GLASS BRACELET BLACK,46,55.199999999999996
MURANO STYLE GLASS BRACELET GOLD,29,34.8
MURANO STYLE GLASS BRACELET PINK,26,31.2
MURANO STYLE GLASS BRACELET RED,23,27.599999999999998
MUSHROOM BLUE HOT WATER BOTTLE,665,798.0
MUSICAL ZINC HEART DECORATION ,2498,2997.6
Manual,9384,11260.8
N0 SINGING METAL SIGN,1197,1436.3999999999999
NAMASTE SWAGAT INCENSE,3714,4456.8
NATURAL BARK CANDLE LARGE,337,404.4
NATURAL BARK CANDLE SMALL,491,589.1999999999999
NATURAL HANGING QUILTED HEARTS ,1427,1712.3999999999999
NATURAL RIVIERA HANDBAG,52,62.4
NATURAL SLATE CHALKBOARD LARGE ,4016,4819.2
NATURAL SLATE HEART CHALKBOARD ,14187,17024.399999999998
NATURAL SLATE RECTANGLE CHALKBOARD,6453,7743.599999999999
NECKLACE+BRACELET PINK BUTTERFLY,59,70.8
NECKLACE+BRACELET SET BLUE BLOSSOM,31,37.199999999999996
NECKLACE+BRACELET SET BLUE HIBISCUS,29,34.8
NECKLACE+BRACELET SET FRUIT SALAD ,34,40.8
NECKLACE+BRACELET SET PINK BLOSSOM,7,8.4
NECKLACE+BRACELET SET PINK DAISY,22,26.4
NEW BAROQUE B'FLY NECKLACE BLACK,5,6.0
NEW BAROQUE B'FLY NECKLACE CRYSTAL,3,3.5999999999999996
NEW BAROQUE B'FLY NECKLACE GREEN,6,7.199999999999999
NEW BAROQUE B'FLY NECKLACE MONTANA,12,14.399999999999999
NEW BAROQUE B'FLY NECKLACE PINK,13,15.6
NEW BAROQUE B'FLY NECKLACE RED,9,10.799999999999999
NEW BAROQUE BLACK BOXES,5,6.0
NEW BAROQUE BLACK PHOTO ALBUM,64,76.8
NEW BAROQUE IVORY CUSHION COVER ,254,304.8
NEW BAROQUE JEWELLERY BOX ,94,112.8
NEW BAROQUE LARGE NECKLACE BLK/WHIT,9,10.799999999999999
NEW BAROQUE SMALL NECKLACE BLACK,21,25.2
NEW BAROQUE WALL MIRROR,1,1.2
NEW ENGLAND CERAMIC CAKE SERVER,87,104.39999999999999
NEW ENGLAND EGG WARMER,120,144.0
NEW ENGLAND MILK JUG W GIFT BOX,28,33.6
NEW ENGLAND MUG W GIFT BOX,28,33.6
NEW ENGLAND PLACEMATS,32,38.4
NEW ENGLAND TEATOWELS,124,148.79999999999998
NEWSPAPER STAND,300,360.0
NIGHTINGALE COATHOOK WHITE,317,380.4
NINJA RABBIT BLACK,237,284.4
NINJA RABBIT PINK,276,331.2
NO JUNK MAIL METAL SIGN,4039,4846.8
NO SINGING METAL SIGN,11194,13432.8
NOEL GARLAND PAINTED ZINC ,1345,1614.0
NOEL WOODEN BLOCK LETTERS ,1411,1693.2
NOVELTY BISCUITS CAKE STAND 3 TIER,767,920.4
NUMBER TILE COTTAGE GARDEN 0 ,55,66.0
NUMBER TILE COTTAGE GARDEN 1,70,84.0
NUMBER TILE COTTAGE GARDEN 2,69,82.8
NUMBER TILE COTTAGE GARDEN 3 ,52,62.4
NUMBER TILE COTTAGE GARDEN 4,59,70.8
NUMBER TILE COTTAGE GARDEN 5,50,60.0
NUMBER TILE COTTAGE GARDEN 6,58,69.6
NUMBER TILE COTTAGE GARDEN 7,54,64.8
NUMBER TILE COTTAGE GARDEN 8,52,62.4
NUMBER TILE COTTAGE GARDEN 9,60,72.0
NUMBER TILE COTTAGE GARDEN No,55,66.0
"NUMBER TILE COTTAGE GARDEN, 0 ",56,67.2
"NUMBER TILE COTTAGE GARDEN, 1",63,75.6
"NUMBER TILE COTTAGE GARDEN, 2",56,67.2
"NUMBER TILE COTTAGE GARDEN, 3 ",56,67.2
"NUMBER TILE COTTAGE GARDEN, 4",56,67.2
"NUMBER TILE COTTAGE GARDEN, 5",57,68.39999999999999
"NUMBER TILE COTTAGE GARDEN, 6",56,67.2
"NUMBER TILE COTTAGE GARDEN, 7",56,67.2
"NUMBER TILE COTTAGE GARDEN, 8",56,67.2
"NUMBER TILE COTTAGE GARDEN, 9",58,69.6
"NUMBER TILE COTTAGE GARDEN, No",43,51.6
NUMBER TILE VINTAGE FONT 0,63,75.6
NUMBER TILE VINTAGE FONT 1,73,87.6
NUMBER TILE VINTAGE FONT 2,81,97.2
NUMBER TILE VINTAGE FONT 3,91,109.2
NUMBER TILE VINTAGE FONT 4,78,93.6
NUMBER TILE VINTAGE FONT 5,78,93.6
NUMBER TILE VINTAGE FONT 6 ,85,102.0
NUMBER TILE VINTAGE FONT 7,74,88.8
NUMBER TILE VINTAGE FONT 8,70,84.0
NUMBER TILE VINTAGE FONT 9 ,66,79.2
NUMBER TILE VINTAGE FONT No ,145,174.0
"NUMBER TILE VINTAGE FONT, 0",8,9.6
"NUMBER TILE VINTAGE FONT, 1",8,9.6
"NUMBER TILE VINTAGE FONT, 2",8,9.6
"NUMBER TILE VINTAGE FONT, 3",8,9.6
"NUMBER TILE VINTAGE FONT, 4",8,9.6
"NUMBER TILE VINTAGE FONT, 5",8,9.6
"NUMBER TILE VINTAGE FONT, 6 ",8,9.6
"NUMBER TILE VINTAGE FONT, 7",8,9.6
"NUMBER TILE VINTAGE FONT, 8",8,9.6
"NUMBER TILE VINTAGE FONT, No ",22,26.4
NURSE'S BAG SOFT TOY,350,420.0
"NURSERY A,B,C PAINTED LETTERS",397,476.4
Next Day Carriage,79,94.8
OCCASIONS GIFT CARD ASSORTMENT,120,144.0
OCEAN SCENT CANDLE IN JEWELLED BOX,1478,1773.6
OCEAN SCENT CANDLE JEWELLED DRAWER,88,105.6
OCEAN STRIPE HAMMOCK ,294,352.8
OFFICE MUG WARMER BLACK+SILVER ,1937,2324.4
OFFICE MUG WARMER CHOC+BLUE,1020,1224.0
OFFICE MUG WARMER PINK,952,1142.3999999999999
OFFICE MUG WARMER POLKADOT,995,1194.0
OLD DOC RUSSEL METAL SIGN,209,250.79999999999998
OLD DOC.RUSSEL METAL SIGN,9,10.799999999999999
OLD ROSE COMBO BEAD NECKLACE,12,14.399999999999999
OLIVE CHALET BIRDFEEDER,251,301.2
OPAL WHITE/SILVER FLOWER NECKLACE,1,1.2
OPEN CLOSED METAL SIGN,2896,3475.2
OPIUM SCENTED VOTIVE CANDLE,1992,2390.4
OPULENT VELVET CANDLE IN BOX,26,31.2
OPULENT VELVET SET/3 CANDLES,1202,1442.3999999999999
ORANGE CANDLE,12,14.399999999999999
ORANGE COCKTAIL GLASS LAMP,60,72.0
ORANGE FELT VASE + FLOWERS,9,10.799999999999999
ORANGE FLOWER MUG ,5395,6474.0
ORANGE PENDANT TRIPLE SHELL NECKLAC,7,8.4
ORANGE SCENTED SET/9 T-LIGHTS,1404,1684.8
ORANGE TV TRAY TABLE ,497,596.4
ORANGE VOTIVE CANDLE,1680,2016.0
ORANGE/FUSCHIA STONES NECKLACE,9,10.799999999999999
ORANGE/WHT/FUSCHIA STONES NECKLACE,6,7.199999999999999
ORGANISER WOOD ANTIQUE WHITE ,642,770.4
"ORGANISER WOOD, ANTIQUE WHITE ",3,3.5999999999999996
ORIENTAL BLUE C/COVER ,9,10.799999999999999
ORIENTAL BLUE CUSHION COVER ,218,261.59999999999997
ORIENTAL RED C/COVER ,20,24.0
ORIENTAL RED CUSHION COVER ,132,158.4
ORIGAMI JASMINE INCENSE IN TUBE,255,306.0
ORIGAMI JASMINE INCENSE+FLOWER ,19,22.8
ORIGAMI JASMINE INCENSE/CANDLE SET,617,740.4
ORIGAMI LAVENDER INCENSE CONES,96,115.19999999999999
ORIGAMI LAVENDER INCENSE IN TUBE,213,255.6
ORIGAMI LAVENDER INCENSE+FLOWER,334,400.8
ORIGAMI LAVENDER INCENSE/CANDL SET ,777,932.4
ORIGAMI OPIUM INCENSE CONES,93,111.6
ORIGAMI OPIUM INCENSE/CANDLE SET ,240,288.0
ORIGAMI OPIUM SCENT INCENSE+FLOWER,124,148.79999999999998
ORIGAMI ROSE INCENSE CONES,476,571.1999999999999
ORIGAMI ROSE INCENSE IN TUBE,1048,1257.6
ORIGAMI ROSE INCENSE+FLOWER,207,248.39999999999998
ORIGAMI ROSE INCENSE/CANDLE SET ,426,511.2
ORIGAMI SANDLEWOOD INCENSE CONES,61,73.2
ORIGAMI SANDLEWOOD INCENSE IN TUBE,61,73.2
ORIGAMI SANDLEWOOD INCENSE+FLOWER,380,456.0
ORIGAMI SANDLEWOOD INCENSE/CAND SET,493,591.6
ORIGAMI VANILLA INCENSE CONES,247,296.4
ORIGAMI VANILLA INCENSE+FLOWER ,254,304.8
ORIGAMI VANILLA INCENSE/CANDLE SET ,644,772.8
ORNATE EDWARDIAN CANDLE HOLDER,6,7.199999999999999
OVAL  MINI PORTRAIT FRAME,315,378.0
OVEN MITT APPLE DESIGN,337,404.4
OVEN MITT APPLES DESIGN,1549,1858.8
OVERNIGHT BAG VINTAGE ROSE PAISLEY,799,958.8
OWL DOORSTOP,954,1144.8
OWLS CHARLOTTE BAG,1,1.2
OYSTER TRINKET BOX,114,136.79999999999998
PACK 20 DOLLY PEGS,2616,3139.2
PACK 20 ENGLISH ROSE PAPER NAPKINS,6598,7917.599999999999
PACK 3 BOXES BIRD PANETTONE ,177,212.4
PACK 3 BOXES BIRD PANNETONE ,3613,4335.599999999999
PACK 3 BOXES CHRISTMAS PANETTONE,39,46.8
PACK 3 BOXES CHRISTMAS PANNETONE,4286,5143.2
PACK 3 FIRE ENGINE/CAR PATCHES,407,488.4
PACK 3 IRON ON DOG PATCHES,450,540.0
PACK 4 FLOWER/BUTTERFLY PATCHES,351,421.2
PACK 6 HEART/ICE-CREAM PATCHES,799,958.8
PACK OF 12 50'S CHRISTMAS TISSUES,3413,4095.6
PACK OF 12 BLUE PAISLEY TISSUES ,6000,7200.0
PACK OF 12 CHRISTMAS FUN CARDS,47,56.4
PACK OF 12 CIRCUS PARADE TISSUES ,3643,4371.599999999999
PACK OF 12 COLOURED PENCILS,7322,8786.4
PACK OF 12 DOILEY TISSUES,72,86.39999999999999
PACK OF 12 DOLLY GIRL TISSUES,1200,1440.0
PACK OF 12 HEARTS DESIGN TISSUES ,24766,29719.199999999997
PACK OF 12 LONDON TISSUES ,37084,44500.799999999996
PACK OF 12 PAISLEY PARK TISSUES ,1614,1936.8
PACK OF 12 PINK PAISLEY TISSUES ,25150,30180.0
PACK OF 12 PINK POLKADOT TISSUES,4952,5942.4
PACK OF 12 PINK SPOT TISSUES ,8151,9781.199999999999
PACK OF 12 RED APPLE TISSUES,1175,1410.0
PACK OF 12 RED RETROSPOT TISSUES ,8425,10110.0
PACK OF 12 RED SPOTTY TISSUES ,22641,27169.2
PACK OF 12 SKULL TISSUES,15449,18538.8
PACK OF 12 SPACEBOY TISSUES,5427,6512.4
PACK OF 12 STICKY BUNNIES,1866,2239.2
PACK OF 12 SUKI TISSUES ,31340,37608.0
PACK OF 12 TRADITIONAL CRAYONS,17090,20508.0
PACK OF 12 VINTAGE CHRISTMAS TISSUE,2630,3156.0
PACK OF 12 VINTAGE DOILY TISSUES,2087,2504.4
PACK OF 12 VINTAGE LEAF TISSUES ,1474,1768.8
PACK OF 12 WOODLAND TISSUES ,25859,31030.8
PACK OF 20 FAIRY CAKE PAPER NAPKINS,619,742.8
PACK OF 20 NAPKINS PANTRY DESIGN,8141,9769.199999999999
PACK OF 20 NAPKINS RED APPLES,5430,6516.0
PACK OF 20 SKULL PAPER NAPKINS,8073,9687.6
PACK OF 20 SPACEBOY NAPKINS,2962,3554.4
PACK OF 6 BIRDY GIFT TAGS,16784,20140.8
PACK OF 6 COCKTAIL PARASOL STRAWS,2460,2952.0
PACK OF 6 HANDBAG GIFT BOXES,1764,2116.7999999999997
PACK OF 6 LARGE FRUIT STRAWS ,2155,2586.0
PACK OF 6 PANETTONE GIFT BOXES,226,271.2
PACK OF 6 PANNETONE GIFT BOXES,4793,5751.599999999999
PACK OF 6 SANDCASTLE FLAGS ASSORTED,5383,6459.599999999999
PACK OF 6 SKULL PAPER CUPS,6320,7584.0
PACK OF 6 SKULL PAPER PLATES,7649,9178.8
PACK OF 6 SMALL FRUIT STRAWS,1617,1940.3999999999999
PACK OF 6 SWEETIE GIFT BOXES,2459,2950.7999999999997
PACK OF 60 DINOSAUR CAKE CASES,30881,37057.2
PACK OF 60 MUSHROOM CAKE CASES,14053,16863.6
PACK OF 60 PINK PAISLEY CAKE CASES,54592,65510.399999999994
PACK OF 60 SPACEBOY CAKE CASES,20867,25040.399999999998
PACK OF 72 RETRO SPOT CAKE CASES,45129,54154.799999999996
PACK OF 72 RETROSPOT CAKE CASES,44721,53665.2
PACK OF 72 SKULL CAKE CASES,38530,46236.0
PACK OF SIX LED TEA LIGHTS,1715,2058.0
PACK/12 BLUE FOLKART CARDS,96,115.19999999999999
PACK/12 BLUE REINDEER CARD,72,86.39999999999999
PACK/12 DECOUPAGE CARD,35,42.0
PACK/12 RUSSIAN DOLL CARDS,2,2.4
PACK/12 XMAS FUN CARD,256,307.2
PACKING CHARGE,14,16.8
PADDED HOLLY CHRISTMAS DECORATION ,100,120.0
PADDED RED HEART DECORATION,113,135.6
PADS TO MATCH ALL CUSHIONS,17,20.4
PAINT YOUR OWN CANVAS SET,4025,4830.0
PAINT YOUR OWN EGGS IN CRATE,164,196.79999999999998
PAINTED BIRD ASSORTED CHRISTMAS,409,490.79999999999995
PAINTED HEART WREATH WITH BELL,12,14.399999999999999
PAINTED LIGHTBULB RAINBOW DESIGN,171,205.2
PAINTED LIGHTBULB STAR+ MOON,259,310.8
PAINTED METAL HEART WITH HOLLY BELL,2268,2721.6
PAINTED METAL PEARS ASSORTED,10255,12306.0
PAINTED METAL STAR WITH HOLLY BELLS,2304,2764.7999999999997
PAINTED METAL TREE WITH HOLLY BELLS,722,866.4
PAINTED PINK RABBIT ,619,742.8
PAINTED SEA SHELL METAL WINDCHIME,97,116.39999999999999
PAINTED YELLOW WOODEN DAISY,502,602.4
PAIR BUTTERFLY HAIR CLIPS,29,34.8
PAIR OF ENAMEL BUTTERFLY HAIRCLIP,18,21.599999999999998
PAIR OF ENAMEL FLOWER CLUSTER SLIDE,82,98.39999999999999
PAIR OF PINK FLOWER CLUSTER SLIDE,10,12.0
PAIR PADDED HANGERS PINK CHECK,151,181.2
PAIR PINK/BLACK COATHANGERS,21,25.2
PAISLEY PARK CARD,348,417.59999999999997
PAISLEY PATTERN  STICKERS,515,618.0
PALE PINK/AMETHYST STONE NECKLACE,3,3.5999999999999996
PANDA AND BUNNIES STICKER SHEET,916,1099.2
PANTRY 3 HOOK ROLLING PIN HANGER,202,242.39999999999998
PANTRY APPLE CORER,435,522.0
PANTRY CHOPPING BOARD,1138,1365.6
PANTRY HOOK BALLOON WHISK ,196,235.2
PANTRY HOOK SPATULA,152,182.4
PANTRY HOOK TEA STRAINER ,159,190.79999999999998
PANTRY KITCHEN THERMOMETER ,88,105.6
PANTRY MAGNETIC  SHOPPING LIST,3063,3675.6
PANTRY PASTRY BRUSH,1044,1252.8
PANTRY ROLLING PIN,2406,2887.2
PANTRY SCRUBBING BRUSH,2286,2743.2
PANTRY WASHING UP BRUSH,3913,4695.599999999999
PAPER BUNTING COLOURED LACE,4038,4845.599999999999
PAPER BUNTING PAISLEY PARK,246,295.2
PAPER BUNTING RETRO SPOTS,7595,9114.0
PAPER BUNTING RETROSPOT,7632,9158.4
PAPER BUNTING VINTAGE PAISLEY,3196,3835.2
PAPER BUNTING VINTAGE PARTY,420,504.0
PAPER BUNTING WHITE LACE,7752,9302.4
PAPER CHAIN KIT 50'S CHRISTMAS ,28380,34056.0
PAPER CHAIN KIT EMPIRE,8437,10124.4
PAPER CHAIN KIT LONDON,817,980.4
PAPER CHAIN KIT RETRO SPOT,7351,8821.199999999999
PAPER CHAIN KIT RETROSPOT,5514,6616.8
PAPER CHAIN KIT SKULLS ,2482,2978.4
PAPER CHAIN KIT VINTAGE CHRISTMAS,16469,19762.8
"PAPER CRAFT , LITTLE BIRDIE",80995,97194.0
PAPER LANTERN 5 POINT SEQUIN STAR,50,60.0
PAPER LANTERN 5 POINT STAR MOON ,106,127.19999999999999
PAPER LANTERN 5 POINT STAR MOON 30,10,12.0
PAPER LANTERN 5 POINT STUDDED STAR,8,9.6
PAPER LANTERN 6 POINT SNOW STAR,26,31.2
PAPER LANTERN 7 POINT SNOW STAR,99,118.8
PAPER LANTERN 9 POINT DELUXE STAR,347,416.4
PAPER LANTERN 9 POINT HOLLY STAR 23,18,21.599999999999998
PAPER LANTERN 9 POINT HOLLY STAR 40,6,7.199999999999999
PAPER LANTERN 9 POINT HOLLY STAR L,69,82.8
PAPER LANTERN 9 POINT HOLLY STAR S,82,98.39999999999999
PAPER LANTERN 9 POINT SNOW STAR,246,295.2
PAPER LANTERN 9 POINT SNOW STAR ,234,280.8
PAPER POCKET TRAVELING FAN ,9818,11781.6
PAPERWEIGHT CHILDHOOD MEMORIES,795,954.0
PAPERWEIGHT HOME SWEET HOME,305,366.0
PAPERWEIGHT KINGS CHOICE ,337,404.4
PAPERWEIGHT SAVE THE PLANET,624,748.8
PAPERWEIGHT VINTAGE COLLAGE,800,960.0
PAPERWEIGHT VINTAGE PAISLEY,214,256.8
PARISIENNE CURIO CABINET,471,565.1999999999999
PARISIENNE JEWELLERY DRAWER ,765,918.0
PARISIENNE KEY CABINET ,662,794.4
PARISIENNE SEWING BOX,296,355.2
PARLOUR CERAMIC WALL HOOK,443,531.6
PARTY BUNTING,23460,28152.0
PARTY CHARMS 50 PIECES,2091,2509.2
PARTY CONE CHRISTMAS DECORATION ,6896,8275.199999999999
PARTY CONES CANDY ASSORTED,3867,4640.4
PARTY CONES CANDY DECORATION,296,355.2
PARTY CONES CANDY TREE DECORATION,2510,3012.0
PARTY CONES CARNIVAL ASSORTED,3445,4134.0
PARTY FOOD SHOPPER BAG,1392,1670.3999999999999
PARTY INVITES BALLOON GIRL,1208,1449.6
PARTY INVITES DINOSAURS,1550,1860.0
PARTY INVITES FOOTBALL,1303,1563.6
PARTY INVITES JAZZ HEARTS,1363,1635.6
PARTY INVITES SPACEMAN,1009,1210.8
PARTY INVITES WOODLAND,2216,2659.2
PARTY METAL SIGN ,7444,8932.8
PARTY PIZZA DISH BLUE POLKADOT,1032,1238.3999999999999
PARTY PIZZA DISH BLUE RETROSPOT,202,242.39999999999998
PARTY PIZZA DISH BLUE WHITE SPOT ,41,49.199999999999996
PARTY PIZZA DISH BLUE+WHITE SPOT ,24,28.799999999999997
PARTY PIZZA DISH GREEN POLKADOT,1005,1206.0
PARTY PIZZA DISH GREEN RETROSPOT,83,99.6
PARTY PIZZA DISH GREEN WHITE SPOT ,29,34.8
PARTY PIZZA DISH GREEN+WHITE SPOT ,12,14.399999999999999
PARTY PIZZA DISH PINK POLKADOT,1109,1330.8
PARTY PIZZA DISH PINK RETROSPOT,155,186.0
PARTY PIZZA DISH PINK WHITE SPOT ,56,67.2
PARTY PIZZA DISH PINK+WHITE SPOT ,24,28.799999999999997
PARTY PIZZA DISH RED RETROSPOT,2506,3007.2
PARTY PIZZA DISH RED WHITE SPOT ,464,556.8
PARTY PIZZA DISH RED+WHITE SPOT ,12,14.399999999999999
PARTY TIME DESIGN FLANNEL,579,694.8
PARTY TIME PENCIL ERASERS,2232,2678.4
PASTA ENAMEL/BRASS CONTAINER,10,12.0
PASTEL BLUE PHOTO ALBUM,24,28.799999999999997
PASTEL BLUE PHOTO ALBUM ,1034,1240.8
PASTEL COLOUR HONEYCOMB FAN,981,1177.2
PASTEL PINK PHOTO ALBUM,100,120.0
PASTEL PINK PHOTO ALBUM ,660,792.0
PASTEL STRIPE HAMMOCK ,194,232.79999999999998
PATCHWORK PENCIL CASE BUTTERFLY ,247,296.4
PEACE SMALL WOOD LETTERS,439,526.8
PEACE WOODEN BLOCK LETTERS,749,898.8
PEACH KNITTED HEN ,388,465.59999999999997
"PEARL & SHELL 42""NECKL. GREEN",17,20.4
"PEARL & SHELL 42""NECKL. IVORY",28,33.6
"PEARL & SHELL 42""NECKL. PINK",43,51.6
PEARL AND CHERRY QUARTZ BRACLET,3,3.5999999999999996
PEARL CRYSTAL PUMPKIN T-LIGHT HLDR,3648,4377.599999999999
PEARLISED IVORY HEART LARGE ,415,498.0
PEARLISED IVORY HEART SMALL ,217,260.4
PEG BAG APPLE DESIGN,384,460.79999999999995
PEG BAG APPLES DESIGN,1586,1903.1999999999998
"PEN, 10 COLOURS - SPACEBOY",24,28.799999999999997
PENCIL CASE GINGHAM FOREST,36,43.199999999999996
PENCIL CASE LIFE IS BEAUTIFUL,1138,1365.6
PENNY FARTHING BIRTHDAY CARD,6083,7299.599999999999
PENS ASSORTED FUNKY JEWELED ,5401,6481.2
PENS ASSORTED FUNNY FACE,12170,14604.0
PENS ASSORTED SPACEBALL,6758,8109.599999999999
PERIWINKLE T-LIGHT HOLDER,3134,3760.7999999999997
"PET MUG, BUDGIE",119,142.79999999999998
"PET MUG, GOLDFISH",81,97.2
PETIT TRAY CHIC,993,1191.6
PHARMACIE FIRST AID TIN,1642,1970.3999999999999
PHOTO CLIP LINE,320,384.0
PHOTO CUBE,3928,4713.599999999999
PHOTO FRAME 3 CLASSIC HANGING,771,925.1999999999999
PHOTO FRAME CORNICE,4246,5095.2
PHOTO FRAME LINEN AND LACE LARGE,208,249.6
PHOTO FRAME LINEN AND LACE SMALL,310,372.0
PICCADILLY TEA SET,309,370.8
PICNIC BASKET WICKER 60 PIECES,61,73.2
PICNIC BASKET WICKER LARGE,2055,2466.0
PICNIC BASKET WICKER SMALL,2985,3582.0
PICNIC BOXES SET OF 3 RETROSPOT ,1515,1818.0
PICTURE DOMINOES,6222,7466.4
PICTURE FRAME WOOD TRIPLE PORTRAIT,2309,2770.7999999999997
PIECE OF CAMO STATIONERY SET,5473,6567.599999999999
PIG KEYRING WITH LIGHT & SOUND ,3795,4554.0
PIG MUG IN TWO COLOUR DESIGNS,212,254.39999999999998
PIGGY BANK RETROSPOT ,4278,5133.599999999999
PILLOWCUSHION COVER PINK UNION JACK,51,61.199999999999996
PIN CUSHION BABUSHKA BLUE,117,140.4
PIN CUSHION BABUSHKA PINK,219,262.8
PIN CUSHION BABUSHKA RED,340,408.0
PIN CUSHION RUSSIAN DOLL BLUE,64,76.8
PIN CUSHION RUSSIAN DOLL PINK,114,136.79999999999998
PIN CUSHION RUSSIAN DOLL RED,393,471.59999999999997
PING MICROWAVE APRON,557,668.4
PING! MICROWAVE PLATE,197,236.39999999999998
PINK  HEART CONFETTI IN TUBE,1170,1404.0
PINK  HEART SHAPE LOVE BUCKET ,1897,2276.4
PINK  HONEYCOMB PAPER BALL ,622,746.4
PINK  HONEYCOMB PAPER FAN,501,601.1999999999999
PINK  POLKADOT CUP,3090,3708.0
PINK  POLKADOT PLATE ,2282,2738.4
PINK  SPOTTY CUP,3390,4068.0
PINK  SPOTTY PLATE ,2703,3243.6
PINK & WHITE BREAKFAST TRAY,92,110.39999999999999
PINK & WHITE ROSEBUD RING,19,22.8
PINK 3 PIECE MINI DOTS CUTLERY SET,4198,5037.599999999999
PINK 3 PIECE POLKADOT CUTLERY SET,2558,3069.6
PINK 3 TIER GLASS PLATE STAND,119,142.79999999999998
PINK 5 PATCH FLOWER CUSHION COVER ,387,464.4
PINK ACRYLIC JEWEL SNOWFLAKE,12,14.399999999999999
PINK ALLIUM  ARTIFICIAL FLOWER,109,130.79999999999998
PINK AND BLACK STRING CURTAIN,39,46.8
PINK AND LILAC QUILTED THROW ,33,39.6
PINK AND WHITE CHRISTMAS TREE 120CM,322,386.4
PINK AND WHITE CHRISTMAS TREE 180CM,140,168.0
PINK B'FLY C/COVER W BOBBLES,41,49.199999999999996
PINK BABY BUNTING,3290,3948.0
PINK BABY GIRL'S MEMORY BOX,2,2.4
PINK BABY GIRLS PHOTO ALBUM,15,18.0
PINK BAROQUE FLOCK CANDLE HOLDER,13,15.6
PINK BEADED CONE CHRISTMAS,14,16.8
PINK BEADS+HAND PHONE CHARM,12,14.399999999999999
PINK BERTIE GLASS BEAD BAG CHARM,140,168.0
PINK BERTIE MOBILE PHONE CHARM,18,21.599999999999998
PINK BITTY LIGHT CHAIN,77,92.39999999999999
PINK BLUE FELT CRAFT TRINKET BOX,20500,24600.0
PINK BOUDICCA LARGE BRACELET,69,82.8
PINK BOUDOIR T-LIGHT HOLDER,4203,5043.599999999999
PINK BREAKFAST CUP AND SAUCER ,1596,1915.1999999999998
PINK BUNNY EASTER EGG BASKET,158,189.6
PINK BUTTERFLY C/COVER ,6,7.199999999999999
PINK BUTTERFLY CUSHION COVER,17,20.4
PINK BUTTERFLY CUSHION COVER ,145,174.0
PINK BUTTERFLY HANDBAG W BOBBLES,9,10.799999999999999
PINK BUTTERFLY PAPER LAMPSHADE,3,3.5999999999999996
PINK BUTTERFLY WASHBAG,335,402.0
PINK CANDYSTUFT ARTIFICIAL FLOWER,319,382.8
PINK CANVAS DES CUSHION COVER ,6,7.199999999999999
PINK CAT BOWL,310,372.0
PINK CAT FLORAL CUSHION COVER ,282,338.4
PINK CHERRY BLOSSOM CUP & SAUCER,30,36.0
PINK CHERRY LIGHTS,2234,2680.7999999999997
PINK CHICK EGG WARMER + EGG CUP,175,210.0
PINK CHRISTMAS FLOCK DROPLET ,138,165.6
PINK CHRISTMAS TREE DECORATION,37,44.4
PINK CHRYSANTHEMUMS ART FLOWER,296,355.2
PINK CLEAR GLASS CANDLE PLATE,53,63.599999999999994
PINK COMBO MINI CRYSTALS NECKLACE,19,22.8
PINK CREAM FELT CRAFT TRINKET BOX ,20064,24076.8
PINK CROCHET CAT WITH SCARF,11,13.2
PINK CRYSTAL GUITAR PHONE CHARM,64,76.8
PINK CRYSTAL HEART PHONE CHARM,258,309.59999999999997
PINK CRYSTAL SKULL PHONE CHARM,88,105.6
PINK CRYSTAL+GLASS BRACELET,36,43.199999999999996
PINK CURRENT CANDLE RING,28,33.6
PINK DAISY BAG CHARM,8,9.6
PINK DIAMANTE PEN IN GIFT BOX,944,1132.8
PINK DINER WALL CLOCK,281,337.2
PINK DISCO HANDBAG,302,362.4
PINK DOG BOWL,552,662.4
PINK DOG CANNISTER,24,28.799999999999997
PINK DOLLY HAIR CLIPS,70,84.0
PINK DOUGHNUT TRINKET POT ,6214,7456.799999999999
PINK DRAWER KNOB ACRYLIC EDWARDIAN,3776,4531.2
PINK DRESS JEWELLERY STAND ,371,445.2
PINK EASTER HENS+FLOWER,12,14.399999999999999
PINK EAU DE COLOGNE BOTTLE,85,102.0
PINK ENAMEL FLOWER HAIR TIE,26,31.2
PINK ENAMEL+GLASS HAIR COMB,330,396.0
PINK FAIRY CAKE CHILD'S APRON,3325,3990.0
PINK FAIRY CAKE CHILDRENS APRON,5839,7006.8
PINK FAIRY CAKE COASTER,2676,3211.2
PINK FAIRY CAKE CUSHION COVER,1112,1334.3999999999999
PINK FEATHER CHRISTMAS DECORATION,427,512.4
PINK FEATHERS CURTAIN,106,127.19999999999999
PINK FELT EASTER EGG BASKET,1474,1768.8
PINK FELT EASTER RABBIT GARLAND,215,258.0
PINK FELT HANGING HEART W FLOWER,85,102.0
PINK FLOCK GLASS CANDLEHOLDER,160,192.0
PINK FLOCK PHOTO FRAME ,160,192.0
PINK FLOCK SUEDE CUSHION COVER ,14,16.8
PINK FLOCK TABLE CLOCK ,84,100.8
PINK FLORAL FELTCRAFT SHOULDER BAG,2403,2883.6
PINK FLOWER CROCHET FOOD COVER,695,834.0
PINK FLOWER FABRIC PONY,145,174.0
PINK FLOWER HANGING HEART ,133,159.6
PINK FLOWERS CHILDS UMBRELLA,6,7.199999999999999
PINK FLOWERS RABBIT EASTER,43,51.6
PINK FLUFFY CHRISTMAS DECORATION,545,654.0
PINK FLY SWAT,457,548.4
PINK FOXGLOVE ARTIIFCIAL FLOWER,186,223.2
PINK GAUZE BUTTERFLY LAMPSHADE,39,46.8
PINK GINGHAM CAT WITH SCARF,207,248.39999999999998
PINK GINGHAM ROSE CUSHION COVER,21,25.2
PINK GINGHAM ROSE FLOOR CUSHION,53,63.599999999999994
PINK GLASS CANDLEHOLDER,251,301.2
PINK GLASS CHUNKY CHARM BRACELET,15,18.0
PINK GLASS COCKTAIL LAMP,2,2.4
PINK GLASS TASSLE BAG CHARM ,35,42.0
PINK GOOSE FEATHER TREE 60CM,315,378.0
PINK GREEN EMBROIDERY COSMETIC BAG,22,26.4
PINK HANGING GINGHAM EASTER HEN,72,86.39999999999999
PINK HANGING HEART T-LIGHT HOLDER,823,987.5999999999999
PINK HAPPY BIRTHDAY BUNTING,5652,6782.4
PINK HAWAIIAN PICNIC HAMPER FOR 2,150,180.0
PINK HAWAIIAN PICNIC HAMPER FOR 4,349,418.8
PINK HEART CANDY BUTTON CALCULATOR,541,649.1999999999999
PINK HEART CHRISTMAS DECORATION,1,1.2
PINK HEART DOTS HOT WATER BOTTLE,841,1009.1999999999999
PINK HEART OF GLASS BRACELET,35,42.0
PINK HEART RED HANDBAG,211,253.2
PINK HEART SHAPE EGG FRYING PAN,9547,11456.4
PINK HEART SHAPE PHOTO FRAME,642,770.4
PINK HEARTS LIGHT CHAIN ,279,334.8
PINK HEARTS PAPER GARLAND,756,907.1999999999999
PINK HEARTS PHOTO ALBUM,159,190.79999999999998
PINK HORSE SOCK PUPPET,504,604.8
PINK HORSE SOCK PUPPET KIT,42,50.4
PINK HYDRANGEA ART FLOWER,272,326.4
PINK JEWELLED MIRROR TRINKET TRAY,47,56.4
PINK JEWELLED PHOTO FRAME,67,80.39999999999999
PINK JEWELLED PHOTO FRAME ,126,151.2
PINK JUICY FRUIT PHOTO FRAME,339,406.8
PINK JUMPER LARRY THE LAMB,949,1138.8
PINK KASHMIRI BOXED MIRROR,12,14.399999999999999
PINK KASHMIRI COFFEE TABLE ,20,24.0
PINK KASHMIRI OCCASIONAL TABLE,2,2.4
PINK KNITTED COW STUFFED TOY,58,69.6
PINK KNITTED EGG COSY,181,217.2
PINK KNITTED KIDS RUCKSACK,24,28.799999999999997
PINK LARGE JEWELED PHOTOFRAME,23,27.599999999999998
PINK LEAVES AND BEADS PHONE CHARM,17,20.4
PINK LOVE BIRD CANDLE,374,448.8
PINK LOVE HEART SHAPE CUP,2198,2637.6
PINK MARSHMALLOW SCARF KNITTING KIT,567,680.4
PINK METAL CHICKEN HEART ,1126,1351.2
PINK METAL SWINGING BUNNY,669,802.8
PINK MILKSHAKE GLASS,167,200.4
PINK MINI STATIONERY SET W CASE,11,13.2
PINK MINI TAPE MEASURE ,286,343.2
PINK MONTE CARLO HANDBAG,193,231.6
PINK MURANO TWIST BRACELET,68,81.6
PINK MURANO TWIST NECKLACE,26,31.2
PINK NEW BAROQUE FLOCK CANDLESTICK,22,26.4
PINK NEW BAROQUECANDLESTICK CANDLE,788,945.5999999999999
PINK OVAL JEWELLED MIRROR,111,133.2
PINK OVAL SHAPE TRINKET BOX,20,24.0
PINK OWL DECORATION,96,115.19999999999999
PINK OWL SOFT TOY,1654,1984.8
PINK PADDED MOBILE,758,909.6
PINK PAINTED KASHMIRI CHAIR,22,26.4
PINK PAINTED KASHMIRI TABLE,11,13.2
PINK PAISLEY CUSHION COVER ,412,494.4
PINK PAISLEY PHOTO ALBUM,4,4.8
PINK PAISLEY QUILT ,208,249.6
PINK PAISLEY ROSE GIFT WRAP,3300,3960.0
PINK PAISLEY SQUARE TISSUE BOX ,1646,1975.1999999999998
PINK PAPER PARASOL ,4894,5872.8
PINK PARTY BAGS,5878,7053.599999999999
PINK PARTY SUNGLASSES,178,213.6
PINK PATCH PENCIL CASE BLUE HEART,316,379.2
PINK PATCH PURSE BLUE HEART,142,170.4
PINK PICNIC BARBECUE BUCKET,82,98.39999999999999
PINK PILLAR CANDLE SILVER FLOCK,452,542.4
PINK POLKADOT BOWL,3563,4275.599999999999
PINK POLKADOT CHILDRENS UMBRELLA,354,424.8
PINK POLKADOT GARDEN PARASOL,121,145.2
PINK POLKADOT KIDS BAG,474,568.8
PINK POLKADOT PLATE ,202,242.39999999999998
PINK POLKADOT WRAP ,8125,9750.0
PINK POODLE HANGING DECORATION ,505,606.0
PINK PORCELAIN B'FLY OIL BURNER,2,2.4
PINK POT PLANT CANDLE,305,366.0
PINK RABBIT SITTING EASTER,46,55.199999999999996
PINK REGENCY TEACUP AND SAUCER,7408,8889.6
PINK RETRO BIG FLOWER BAG,110,132.0
PINK RIVIERA HANDBAG,344,412.8
PINK ROSE FABRIC MIRROR,844,1012.8
PINK ROSE PICNIC RUG,3,3.5999999999999996
PINK ROSE WASHBAG,891,1069.2
PINK ROSEBUD & PEARL NECKLACE,12,14.399999999999999
PINK ROSEBUD PEARL BRACELET,21,25.2
PINK ROSEBUD PEARL EARRINGS,12,14.399999999999999
"PINK ROSES/GINGHAM PATCH RABBIT 8""",15,18.0
PINK ROUND BUTTERFLY MIRROR ,235,282.0
PINK ROUND COMPACT MIRROR,46,55.199999999999996
PINK SCOTTIE DOG W FLOWER PATTERN,146,175.2
PINK SMALL GLASS CAKE STAND,447,536.4
PINK SMALL JEWELLED PHOTOFRAME,99,118.8
PINK SPOTS  WRAP ,7725,9270.0
PINK SPOTS CHOCOLATE NESTING BOXES ,816,979.1999999999999
PINK SPOTTY BOWL,3325,3990.0
PINK SPOTTY CHILDS UMBRELLA,949,1138.8
PINK SQUARE COMPACT MIRROR,15,18.0
PINK SQUARE TABLE CLOCK,137,164.4
PINK STAR CHRISTMAS DECORATION,156,187.2
PINK STITCHED WALL CLOCK,689,826.8
PINK STOCKING CHRISTMAS DECORATION,312,374.4
PINK STRAWBERRY HANDBAG ,55,66.0
PINK STRING CURTAIN WITH POLE,97,116.39999999999999
PINK STRIPE HOT WATER BOTTLE,245,294.0
PINK STRIPES SHOULDER BAG,1,1.2
PINK SWEETHEART BRACELET,199,238.79999999999998
PINK SWEETIE NECKLACE,5,6.0
PINK TALL PORCELAIN T-LIGHT HOLDER ,17,20.4
PINK TEATIME PRINT BOWL,116,139.2
PINK TV TRAY TABLE ,34,40.8
PINK UNION JACK  LUGGAGE TAG,972,1166.3999999999999
PINK UNION JACK  PASSPORT COVER ,765,918.0
PINK VINTAGE PAISLEY PICNIC BAG,3782,4538.4
PINK VINTAGE SPOT BEAKER,4679,5614.8
PINK VINTAGE VICTORIAN CHOKER,5,6.0
PINK VINTAGE VICTORIAN EARRINGS,25,30.0
PINK WHITE SPOTS GARDEN PARASOL,180,216.0
PINK YELLOW PATCH CUSHION COVER,359,430.8
PINK/AMETHYST/GOLD NECKLACE,9,10.799999999999999
PINK/BLUE DISC/MIRROR STRING,749,898.8
PINK/BLUE STRING CURTAIN ,115,138.0
PINK/BROWN DOTS RUFFLED UMBRELLA,1912,2294.4
PINK/FLOWER RABBIT EGG WARMER ,57,68.39999999999999
PINK/GREEN FLOWER DESIGN BIG MUG,46,55.199999999999996
PINK/PURPLE CIRCLE CURTAIN,64,76.8
PINK/PURPLE RETRO RADIO,190,228.0
"PINK/WHITE ""KEEP CLEAN"" BULLET BIN",127,152.4
PINK/WHITE CHRISTMAS TREE 30CM,58,69.6
PINK/WHITE CHRISTMAS TREE 60CM,1642,1970.3999999999999
PINK/WHITE GLASS DEMI CHOKER,8,9.6
PINK/WHITE RIBBED MELAMINE JUG,143,171.6
PINK/YELLOW FLOWERS HANDBAG,337,404.4
PINK/YELLOW PATCH CUSHION COVER,6,7.199999999999999
PINK/YELLOW RABBIT SAT EASTER,22,26.4
PIZZA DISH SLICE ,36,43.199999999999996
PIZZA PLATE IN BOX,841,1009.1999999999999
PIZZA SLICE DISH,2605,3126.0
PLACE SETTING WHITE HEART,27085,32502.0
PLACE SETTING WHITE STAR,6129,7354.8
PLANTPOT SINGLE HOOK PISTACHIO,165,198.0
PLASMATRONIC LAMP,85,102.0
PLASTERS IN TIN CIRCUS PARADE ,13112,15734.4
PLASTERS IN TIN MR STRONG ,228,273.59999999999997
PLASTERS IN TIN SKULLS,7363,8835.6
PLASTERS IN TIN SPACEBOY,14623,17547.6
PLASTERS IN TIN STRONGMAN,11048,13257.6
PLASTERS IN TIN VINTAGE PAISLEY ,9827,11792.4
PLASTERS IN TIN WOODLAND ANIMALS,12824,15388.8
PLAYING CARDS I LOVE LONDON ,1058,1269.6
PLAYING CARDS JUBILEE UNION JACK,1661,1993.1999999999998
PLAYING CARDS KEEP CALM & CARRY ON,3432,4118.4
PLAYING CARDS VINTAGE DOILEY ,13,15.6
PLAYING CARDS VINTAGE DOILY ,677,812.4
PLEASE ONE PERSON  METAL SIGN,1787,2144.4
PLEASE ONE PERSON METAL SIGN,22379,26854.8
POCKET BAG BLUE PAISLEY RED SPOT,1073,1287.6
POCKET BAG PINK PAISELY BROWN SPOT,579,694.8
"POCKET MIRROR ""GLAMOROUS""",95,114.0
POCKET MIRROR BUTTERFLY ,2,2.4
POCKET MIRROR WOODLAND,122,146.4
POLKA DOT PEN,1248,1497.6
POLKA DOT PISTACHIO PAIL,279,334.8
POLKA DOT RAFFIA FOOD COVER,1091,1309.2
POLKADOT COFFEE CUP & SAUCER PINK,1443,1731.6
POLKADOT CUTLERY 24 PCS IN TRAY,617,740.4
POLKADOT MUG PINK ,178,213.6
POLKADOT PEN,11303,13563.6
POLKADOT PENS,48,57.599999999999994
POLKADOT RAIN HAT ,2578,3093.6
POLYESTER FILLER PAD 30CMx30CM,251,301.2
POLYESTER FILLER PAD 40x40cm,3451,4141.2
POLYESTER FILLER PAD 45x30cm,239,286.8
POLYESTER FILLER PAD 45x45cm,2485,2982.0
POLYESTER FILLER PAD 60x40cm,20,24.0
POLYESTER FILLER PAD 65CMx65CM,212,254.39999999999998
POMPOM CURTAIN,660,792.0
POP ART PEN CASE & PENS,10587,12704.4
POP ART PUSH DOWN RUBBER ,2142,2570.4
POP'S GREASY SPOON METAL SIGN,86,103.2
POP-ART FLUORESCENT PENS,6192,7430.4
POPART COL BALLPOINT PEN ASST,4298,5157.599999999999
POPART RECT PENCIL SHARPENER ASST,1205,1446.0
POPART WOODEN PENCILS ASST,9300,11160.0
POPCORN HOLDER,30919,37102.799999999996
"POPCORN HOLDER , LARGE",954,1144.8
"POPCORN HOLDER , SMALL ",3070,3684.0
POPPY FIELDS CHOPPING BOARD,85,102.0
POPPY'S PLAYHOUSE BATHROOM,1870,2244.0
POPPY'S PLAYHOUSE BEDROOM ,3330,3996.0
POPPY'S PLAYHOUSE KITCHEN,3498,4197.599999999999
POPPY'S PLAYHOUSE LIVINGROOM ,2589,3106.7999999999997
PORCELAIN BUDAH INCENSE HOLDER,2524,3028.7999999999997
PORCELAIN BUTTERFLY OIL BURNER,1123,1347.6
PORCELAIN CHERUB BELL LARGE,19,22.8
PORCELAIN CHERUB BELL SMALL,321,385.2
PORCELAIN HANGING BELL LARGE,26,31.2
PORCELAIN HANGING BELL SMALL,67,80.39999999999999
PORCELAIN ROSE LARGE ,1767,2120.4
PORCELAIN ROSE SMALL,3056,3667.2
PORCELAIN T-LIGHT HOLDERS ASSORTED,2120,2544.0
POSTAGE,5235,6282.0
POSTE FRANCE CUSHION COVER,392,470.4
POSY CANDY BAG,4100,4920.0
POSY SHOPPER BAG,1513,1815.6
POTTERING IN THE SHED METAL SIGN,9247,11096.4
POTTERING MUG,5303,6363.599999999999
POTTING SHED CANDLE CITRONELLA,857,1028.3999999999999
POTTING SHED COFFEE MUG,1245,1494.0
POTTING SHED ROSE CANDLE,760,912.0
POTTING SHED SEED ENVELOPES,1144,1372.8
POTTING SHED SEED TIN,164,196.79999999999998
POTTING SHED SOW 'N' GROW SET,529,634.8
POTTING SHED TEA MUG,8770,10524.0
POTTING SHED TWINE,2297,2756.4
PREMIUM CHURCH CANDLE,247,296.4
PRETTY HANGING QUILTED HEARTS,1272,1526.3999999999999
PRICE'S CANDLE PEACH,1050,1260.0
PSYCHEDELIC METAL SIGN CALENDAR,973,1167.6
PSYCHEDELIC TILE COASTER,465,558.0
PSYCHEDELIC TILE HOOK,324,388.8
PSYCHEDELIC WALL THERMOMETER,711,853.1999999999999
PURPLE ACRYLIC FACETED BANGLE,131,157.2
PURPLE AMETHYST NECKLACE W TASSEL,14,16.8
PURPLE ANEMONE ARTIFICIAL FLOWER,405,486.0
PURPLE BERTIE GLASS BEAD BAG CHARM,102,122.39999999999999
PURPLE BOUDICCA LARGE BRACELET,44,52.8
PURPLE CHUNKY GLASS+BEAD NECKLACE,14,16.8
PURPLE CURRENT CANDLE RING,31,37.199999999999996
PURPLE DRAWERKNOB ACRYLIC EDWARDIAN,2949,3538.7999999999997
PURPLE DRESS JEWELLERY STAND,62,74.39999999999999
PURPLE ENAMEL FLOWER HAIR TIE,8,9.6
PURPLE ENAMEL FLOWER RING,91,109.2
PURPLE ENAMEL+GLASS HAIR COMB,173,207.6
PURPLE FINE BEAD NECKLACE W TASSEL,7,8.4
PURPLE FOXGLOVE ARTIIFCIAL FLOWER,322,386.4
PURPLE FRANGIPANI HAIRCLIP,57,68.39999999999999
PURPLE FRANGIPANI NECKLACE,12,14.399999999999999
PURPLE GEMSTONE BRACELET,51,61.199999999999996
PURPLE GEMSTONE NECKLACE 45CM,17,20.4
PURPLE GLASS TASSLE BAG CHARM,37,44.4
PURPLE GREEN FLOWER PIGGY BANK,359,430.8
PURPLE LAS VEGAS BRACELET ROUND,13,15.6
PURPLE LEAVES AND BEADS PHONE CHAR,3,3.5999999999999996
PURPLE PAPER PARASOL,862,1034.3999999999999
PURPLE PILLAR CANDLE BLACK FLOCK,313,375.59999999999997
PURPLE SWEETHEART BRACELET,118,141.6
PURPLE TINT ACRYLIC FLOWER VASE,24,28.799999999999997
PURPLE VINTAGE EARRINGS,34,40.8
PURPLE/BLUE CERAMIC CANDLE HOLDER,14,16.8
PURPLE/COPPER HANGING LAMPSHADE,21,25.2
PURPLE/TURQ FLOWERS HANDBAG,209,250.79999999999998
QUEEN OF SKIES LUGGAGE TAG,264,316.8
QUEEN OF THE SKIES HOLIDAY PURSE ,1037,1244.3999999999999
QUEEN OF THE SKIES PASSPORT COVER ,193,231.6
QUEENS GUARD COFFEE MUG,2365,2838.0
RABBIT  DESIGN  COTTON TOTE BAG,361,433.2
RABBIT EASTER DECORATION,20,24.0
RABBIT NIGHT LIGHT,27153,32583.6
RAIN GIRL CHILDS UMBRELLA,1,1.2
RAIN HAT WITH RED SPOTS,4288,5145.599999999999
RAIN PONCHO ,1972,2366.4
RAIN PONCHO RETROSPOT,10256,12307.199999999999
RAIN PONCHO WITH RED SPOTS,4462,5354.4
RAINBOW PEGS PHOTO CLIP STRING,381,457.2
RAINY LADIES BIRTHDAY CARD,5155,6186.0
RASPBERRY ANT COPPER FLOWER NECKLAC,25,30.0
RASTA IN BATH W SPLIFF ASHTRAY,15,18.0
RATTLE SNAKE EGGS,1420,1704.0
RECIPE BOX BLUE SKETCHBOOK DESIGN,2535,3042.0
RECIPE BOX PANTRY YELLOW DESIGN,9600,11520.0
RECIPE BOX RETRO SPOT DESIGN,952,1142.3999999999999
RECIPE BOX RETROSPOT ,3841,4609.2
RECIPE BOX WITH METAL HEART,1057,1268.3999999999999
"RECORD FRAME 7"" SINGLE SIZE ",6845,8214.0
RECTANGULAR SHAPED MIRROR,652,782.4
RECYCLED ACAPULCO MAT BLUE,335,402.0
RECYCLED ACAPULCO MAT GREEN,459,550.8
RECYCLED ACAPULCO MAT LAVENDER,266,319.2
RECYCLED ACAPULCO MAT PINK,318,381.59999999999997
RECYCLED ACAPULCO MAT RED,435,522.0
RECYCLED ACAPULCO MAT TURQUOISE,571,685.1999999999999
RECYCLED PENCIL WITH RABBIT ERASER,5088,6105.599999999999
RECYCLING BAG RETROSPOT ,14259,17110.8
RED   ACRYLIC FACETED BANGLE,113,135.6
RED  EGG  SPOON,1589,1906.8
RED  HARMONICA IN BOX ,35229,42274.799999999996
RED  SPOTTY COFFEE  MUG,692,830.4
RED 3 PIECE MINI DOTS CUTLERY SET,4051,4861.2
RED 3 PIECE RETROSPOT CUTLERY SET,2362,2834.4
RED AND WHITE SPOT TAPE,434,520.8
RED APPLES CHOPPING BOARD   ,144,172.79999999999998
RED BABY BUNTING ,2165,2598.0
RED BIRD HOUSE TREE DECORATION,548,657.6
RED BOUDICCA LARGE BRACELET,60,72.0
RED CHARLIE+LOLA PERSONAL DOORSIGN,2291,2749.2
RED COAT RACK PARIS FASHION,425,510.0
RED DAISY PAPER LAMPSHADE,321,385.2
RED DAISY POCKET BOOK ,5301,6361.2
RED DINER WALL CLOCK,1775,2130.0
RED DRAGONFLY HELICOPTER,103,123.6
RED DRAWER KNOB ACRYLIC EDWARDIAN,2483,2979.6
RED ENAMEL FLOWER RING,89,106.8
RED ENCHANTED FOREST PLACEMAT,961,1153.2
RED FLOCK LOVE HEART PHOTO FRAME,1576,1891.1999999999998
RED FLORAL FELTCRAFT SHOULDER BAG,3090,3708.0
RED FLOWER CROCHET FOOD COVER,823,987.5999999999999
RED GINGHAM ROSE JEWELLERY BOX,5930,7116.0
RED GINGHAM TEDDY BEAR ,1812,2174.4
RED GLASS TASSLE BAG CHARM,35,42.0
RED HANGING HEART T-LIGHT HOLDER,17228,20673.6
RED HANGING METAL STAR TLIGHT HLDR,923,1107.6
RED HEART CANDY POP LIGHTS,1,1.2
RED HEART LUGGAGE TAG,627,752.4
RED HEART SHAPE LOVE BUCKET ,2701,3241.2
RED HEARTS LIGHT CHAIN ,553,663.6
RED KITCHEN SCALES,2360,2832.0
RED KUKUI COCONUT SEED NECKLACE,122,146.4
RED LOVE HEART SHAPE CUP,3044,3652.7999999999997
RED METAL BEACH SPADE ,3691,4429.2
RED METAL BOX TOP SECRET,998,1197.6
RED ORGANIC CANDLE IN GLASS,613,735.6
RED PAPER PARASOL,1544,1852.8
RED PEONY CUSHION COVER ,309,370.8
RED PEONY DES C/COVER ,13,15.6
RED PEONY PHOTO FRAME ,8,9.6
RED PEONY TABLE CLOCK,33,39.6
RED POLKA DOT TISSUE BOX,943,1131.6
RED POLKADOT BEAKER ,3876,4651.2
RED POLKADOT COFFEE  MUG,1541,1849.1999999999998
RED POLKADOT PUDDING BOWL,3708,4449.599999999999
RED POPPY ARTIFICIAL FLOWER,233,279.59999999999997
RED PUDDING SPOON,1027,1232.3999999999999
RED PURSE WITH PINK HEART,96,115.19999999999999
RED REFECTORY CLOCK ,235,282.0
RED REINDEER STRING OF 20 LIGHTS,131,157.2
RED RETRO BAR STOOL,26,31.2
RED RETRO KITCHEN WALL CLOCK,44,52.8
RED RETROSPOT APRON ,637,764.4
RED RETROSPOT BIG BOWL,214,256.8
RED RETROSPOT BOWL,5020,6024.0
RED RETROSPOT BUTTER DISH,1745,2094.0
RED RETROSPOT CAKE STAND,4298,5157.599999999999
RED RETROSPOT CHARLOTTE BAG,15168,18201.6
RED RETROSPOT CHILDRENS UMBRELLA,1462,1754.3999999999999
RED RETROSPOT CUP,4175,5010.0
RED RETROSPOT JUMBO BAG ,5333,6399.599999999999
RED RETROSPOT LUGGAGE TAG,457,548.4
RED RETROSPOT MINI CASES,2021,2425.2
RED RETROSPOT MUG,3787,4544.4
RED RETROSPOT OVEN GLOVE ,4344,5212.8
RED RETROSPOT OVEN GLOVE DOUBLE,996,1195.2
RED RETROSPOT PEG BAG,3244,3892.7999999999997
RED RETROSPOT PICNIC BAG,6292,7550.4
RED RETROSPOT PLATE ,3340,4008.0
RED RETROSPOT PUDDING BOWL,686,823.1999999999999
RED RETROSPOT PURSE ,467,560.4
RED RETROSPOT ROUND CAKE TINS,1268,1521.6
RED RETROSPOT SHOPPER BAG,5596,6715.2
RED RETROSPOT SHOPPING BAG,612,734.4
RED RETROSPOT SMALL MILK JUG,4943,5931.599999999999
RED RETROSPOT STORAGE JAR,1254,1504.8
RED RETROSPOT SUGAR JAM BOWL,3026,3631.2
RED RETROSPOT TAPE,1548,1857.6
RED RETROSPOT TEA CUP AND SAUCER ,1561,1873.1999999999998
RED RETROSPOT TISSUE BOX,2453,2943.6
RED RETROSPOT TOASTRACK,104,124.8
RED RETROSPOT TRADITIONAL TEAPOT ,2266,2719.2
RED RETROSPOT UMBRELLA,2613,3135.6
RED RETROSPOT WASHBAG,64,76.8
RED RETROSPOT WRAP ,14022,16826.399999999998
RED ROCKING HORSE HAND PAINTED,2206,2647.2
RED ROSE AND LACE C/COVER,187,224.4
RED SHARK HELICOPTER,125,150.0
RED SPOT CERAMIC DRAWER KNOB,8931,10717.199999999999
RED SPOT HEART HOT WATER BOTTLE,2362,2834.4
RED SPOT PAPER GIFT BAG,2444,2932.7999999999997
RED SPOTS  WRAP ,12650,15180.0
RED SPOTTY APRON ,764,916.8
RED SPOTTY BEAKER ,85,102.0
RED SPOTTY BIG BOWL,408,489.59999999999997
RED SPOTTY BISCUIT TIN,4715,5658.0
RED SPOTTY BOWL,4383,5259.599999999999
RED SPOTTY CANDY BAG,4626,5551.2
RED SPOTTY CHARLOTTE BAG,10648,12777.6
RED SPOTTY CHILDS APRON,2434,2920.7999999999997
RED SPOTTY CHILDS UMBRELLA,1430,1716.0
RED SPOTTY COIR DOORMAT,1097,1316.3999999999999
RED SPOTTY CUP,4473,5367.599999999999
RED SPOTTY EGG CUP ,909,1090.8
RED SPOTTY LUGGAGE TAG,876,1051.2
RED SPOTTY OVEN GLOVE ,2556,3067.2
RED SPOTTY OVEN GLOVE DOUBLE,1232,1478.3999999999999
RED SPOTTY PASSPORT COVER,1,1.2
RED SPOTTY PEG BAG,2561,3073.2
RED SPOTTY PLATE ,3135,3762.0
RED SPOTTY PUDDING BOWL,3818,4581.599999999999
RED SPOTTY PURSE ,698,837.6
RED SPOTTY ROUND CAKE TINS,1415,1698.0
RED SPOTTY SHOPPER BAG,6659,7990.799999999999
RED SPOTTY SHOPPING BAG,671,805.1999999999999
RED SPOTTY TABLECLOTH ,370,444.0
RED SPOTTY WASHBAG,542,650.4
RED STAR CARD HOLDER,1904,2284.7999999999997
RED STONE/CRYSTAL EARRINGS,6,7.199999999999999
RED STRIPE CERAMIC DRAWER KNOB,9391,11269.199999999999
RED TEA TOWEL CLASSIC DESIGN,2272,2726.4
RED TOADSTOOL LED NIGHT LIGHT,27102,32522.399999999998
RED TOP SCANDINAVIAN HEART ,4,4.8
RED VICTORIAN FABRIC HEART BOX,288,345.59999999999997
RED VICTORIAN FABRIC OVAL BOX,1824,2188.7999999999997
RED VINTAGE SPOT BEAKER,1774,2128.7999999999997
RED WALL CLOCK,60,72.0
RED WHITE SCARF  HOT WATER BOTTLE,2157,2588.4
RED WOOLLY HOTTIE WHITE HEART.,9259,11110.8
RED/CREAM STRIPE CUSHION COVER ,992,1190.3999999999999
RED/CREAM STRIPE FRINGE HAMMOCK,325,390.0
RED/WHITE DOT MINI CASES,1109,1330.8
RED/WHITE DOTS RUFFLED UMBRELLA,3405,4086.0
RED/WHITE SPOT PICNIC BAG,1091,1309.2
REDWHITE STRIPE SCANDINAVIAN HEART ,375,450.0
REGENCY CAKE FORK,1608,1929.6
REGENCY CAKE SLICE,564,676.8
REGENCY CAKESTAND 3 TIER,24124,28948.8
REGENCY MILK JUG PINK ,3062,3674.4
REGENCY MIRROR WITH SHUTTERS,17,20.4
REGENCY SUGAR BOWL GREEN,2954,3544.7999999999997
REGENCY SUGAR TONGS,1714,2056.7999999999997
REGENCY TEA PLATE GREEN ,5966,7159.2
REGENCY TEA PLATE PINK,3688,4425.599999999999
REGENCY TEA PLATE ROSES ,6563,7875.599999999999
REGENCY TEA SPOON,1392,1670.3999999999999
REGENCY TEA STRAINER,1362,1634.3999999999999
REGENCY TEAPOT ROSES ,2662,3194.4
REINDEER HEART DECORATION GOLD,929,1114.8
REINDEER HEART DECORATION SILVER,1461,1753.2
RELAX LARGE WOOD LETTERS,202,242.39999999999998
RESIN BRACELET W PASTEL BEADS,18,21.599999999999998
RESIN NECKLACE W PASTEL BEADS,21,25.2
RETO LEAVES MAGNETIC SHOPPING LIST,36,43.199999999999996
"RETRO ""TEA FOR ONE"" ",120,144.0
RETRO BLUE SPOTTY WASHING UP GLOVES,846,1015.1999999999999
RETRO BROWN BALL ASHTRAY ,195,234.0
RETRO COFFEE MUGS ASSORTED,6948,8337.6
RETRO LAUNDRY TUB PINK,60,72.0
RETRO LAUNDRY TUB PISTACHIO,85,102.0
RETRO LEAVES MAGNETIC NOTEPAD,103,123.6
RETRO LONGBOARD IRONING BOARD COVER,224,268.8
RETRO MOD TRAY,1272,1526.3999999999999
"RETRO PILL BOX , REVOLUTIONARY",188,225.6
"RETRO PILL BOX KEY CHAIN,THE KING",235,282.0
RETRO PINK BALL ASHTRAY ,352,422.4
RETRO PINK SPOT WASHING UP GLOVES,187,224.4
RETRO PLASTIC 70'S TRAY,817,980.4
RETRO PLASTIC DAISY TRAY,680,816.0
RETRO PLASTIC ELEPHANT TRAY,1566,1879.1999999999998
RETRO PLASTIC POLKA TRAY,1840,2208.0
RETRO RED SPOTTY WASHING UP GLOVES,3011,3613.2
RETRO SISTERS EXPRESSO CUPS,400,480.0
RETRO SPORT PARTY BAG + STICKER SET,3339,4006.7999999999997
RETRO SPOT  CIGAR BOX MATCHES ,3101,3721.2
RETRO SPOT CAKE STAND,1431,1717.2
RETRO SPOT CANDLE  LARGE,272,326.4
RETRO SPOT CANDLE  MEDIUM,248,297.59999999999997
RETRO SPOT CANDLE  SMALL,365,438.0
RETRO SPOT CERAMIC TOASTRACK,358,429.59999999999997
RETRO SPOT GIANT  TUBE MATCHES,1295,1554.0
RETRO SPOT LAMP,490,588.0
RETRO SPOT LARGE MILK JUG,1600,1920.0
RETRO SPOT MUG,1396,1675.2
RETRO SPOT PADDED SEAT CUSHION,467,560.4
RETRO SPOT PARTY BAG + STICKER SET,933,1119.6
RETRO SPOT SMALL MILK JUG,1637,1964.3999999999999
RETRO SPOT SMALL TUBE MATCHES,2001,2401.2
RETRO SPOT STORAGE JAR,675,810.0
RETRO SPOT SUGAR JAM BOWL,853,1023.5999999999999
RETRO SPOT TEA SET CERAMIC 11 PC ,4304,5164.8
RETRO SPOT TRADITIONAL TEAPOT ,960,1152.0
RETRO SPOTS BUTTER DISH,830,996.0
RETRO SPOTS PUDDING BOWL,281,337.2
"RETRO TIN ASHTRAY,REVOLUTIONARY",52,62.4
RETROSPOT BABUSHKA DOORSTOP,287,344.4
RETROSPOT CANDLE  LARGE,690,828.0
RETROSPOT CANDLE  MEDIUM,726,871.1999999999999
RETROSPOT CANDLE  SMALL,1116,1339.2
RETROSPOT CHILDRENS APRON,6437,7724.4
RETROSPOT CIGAR BOX MATCHES ,2760,3312.0
RETROSPOT GIANT TUBE MATCHES,2056,2467.2
RETROSPOT HEART HOT WATER BOTTLE,4895,5874.0
RETROSPOT LAMP,424,508.79999999999995
RETROSPOT LARGE MILK JUG,1595,1914.0
RETROSPOT PADDED SEAT CUSHION,1613,1935.6
RETROSPOT PARTY BAG + STICKER SET,5526,6631.2
RETROSPOT RED WASHING UP GLOVES,1804,2164.7999999999997
RETROSPOT SMALL TUBE MATCHES,1761,2113.2
RETROSPOT TEA SET CERAMIC 11 PC ,5745,6894.0
RETROSPOT WOODEN HEART DECORATION,1850,2220.0
REVOLVER WOODEN RULER ,4914,5896.8
REX CASH+CARRY JUMBO SHOPPER,3884,4660.8
RHOMBUS CRYSTAL PERFUME BOTTLE,6,7.199999999999999
RIBBON REEL CHRISTMAS PRESENT ,2998,3597.6
RIBBON REEL CHRISTMAS SOCK BAUBLE,2944,3532.7999999999997
RIBBON REEL FLORA + FAUNA ,1455,1746.0
RIBBON REEL HEARTS DESIGN ,4736,5683.2
RIBBON REEL LACE DESIGN ,3801,4561.2
RIBBON REEL MAKING SNOWMEN ,2274,2728.7999999999997
RIBBON REEL POLKADOTS ,1588,1905.6
RIBBON REEL SNOWY VILLAGE,4012,4814.4
RIBBON REEL SOCKS AND MITTENS,1318,1581.6
RIBBON REEL SPOTS DESIGN ,2157,2588.4
RIBBON REEL STRIPES DESIGN ,6878,8253.6
"RIBBON REEL, MAKING SNOWMEN ",60,72.0
"RIBBON REEL, XMAS SOCK/BAUBLE",700,840.0
RIBBONS PURSE ,663,795.6
RIDGED BONNE JAM JAR T-LIGHT HOLDER,260,312.0
RIDGED GLASS FINGER BOWL,1129,1354.8
RIDGED GLASS PENDANT LAMPSHADE,43,51.6
RIDGED GLASS POSY VASE ,821,985.1999999999999
RIDGED GLASS STORAGE JAR CREAM LID,227,272.4
RIDGED GLASS T-LIGHT HOLDER,738,885.6
RING OF ROSES BIRTHDAY CARD,3817,4580.4
RIO PINK STRIPE HAMMOCK,10,12.0
RIVIERA NECKLACE,44,52.8
ROBIN CHRISTMAS CARD,1533,1839.6
ROBOT BIRTHDAY CARD,6751,8101.2
ROBOT MUG IN DISPLAY BOX,275,330.0
ROCKING HORSE GREEN CHRISTMAS ,3115,3738.0
ROCKING HORSE RED CHRISTMAS ,5293,6351.599999999999
ROCOCO WALL MIROR,2,2.4
ROCOCO WALL MIRROR WHITE,75,90.0
ROLL WRAP 50'S CHRISTMAS,3054,3664.7999999999997
ROLL WRAP 50'S RED CHRISTMAS ,1593,1911.6
ROLL WRAP VINTAGE CHRISTMAS,2847,3416.4
ROLL WRAP VINTAGE SPOT ,2584,3100.7999999999997
ROMANTIC IMAGES GIFT WRAP SET,1383,1659.6
ROMANTIC IMAGES NOTEBOOK SET,639,766.8
ROMANTIC IMAGES SCRAP BOOK SET,386,463.2
ROMANTIC PINKS RIBBONS ,2927,3512.4
ROSE 1 WICK MORRIS BOXED CANDLE,862,1034.3999999999999
ROSE 3 WICK MORRIS BOX CANDLE,1302,1562.3999999999999
ROSE CARAVAN DOORSTOP,1161,1393.2
ROSE COLOUR PAIR HEART HAIR SLIDES,24,28.799999999999997
ROSE COTTAGE KEEPSAKE BOX ,1036,1243.2
ROSE DES PADDED FLOOR CUSHION,653,783.6
ROSE DU SUD CHILDRENS APRON,26,31.2
ROSE DU SUD CHILDS APRON,79,94.8
ROSE DU SUD COSMETICS BAG,616,739.1999999999999
ROSE DU SUD CUSHION COVER,22,26.4
ROSE DU SUD CUSHION COVER ,81,97.2
ROSE DU SUD DRAWSTRING BAG,110,132.0
ROSE DU SUD OVEN GLOVE,217,260.4
ROSE DU SUD WASHBAG ,67,80.39999999999999
ROSE FLOWER CANDLE+INCENSE 16X16CM,33,39.6
ROSE FOLKART HEART DECORATIONS,1836,2203.2
ROSE PENDANT TRIPLE SHELL NECKLACE,3,3.5999999999999996
ROSE PINK METAL FOLDING CHAIR,42,50.4
ROSE SCENT CANDLE IN JEWELLED BOX,900,1080.0
ROSE SCENT CANDLE JEWELLED DRAWER,715,858.0
ROSE SCENT CANDLES IN GLASS,614,736.8
ROSE SCENTED VOTIVE CANDLE,24,28.799999999999997
ROSES BLUE BASE CUSHION COVER ,12,14.399999999999999
ROSES IN WHITE HEART CANDLE ,1805,2166.0
ROSES ON BLUE TEACUP CANDLE ,536,643.1999999999999
ROSES REGENCY TEACUP AND SAUCER ,11939,14326.8
ROSES WHITE ROUND CANDLE,826,991.1999999999999
ROTATING LEAVES T-LIGHT HOLDER,2813,3375.6
ROTATING SILVER ANGELS T-LIGHT HLDR,28606,34327.2
ROUND ARTICULATED BLUE CLOCK W/SUCK,3,3.5999999999999996
ROUND ARTICULATED PINK CLOCK W/SUCK,33,39.6
ROUND BLUE CLOCK W/SUCKER,48,57.599999999999994
ROUND BLUE CLOCK WITH SUCKER,211,253.2
ROUND CACTUS CANDLE,293,351.59999999999997
ROUND CAKE TIN VINTAGE GREEN,724,868.8
ROUND CAKE TIN VINTAGE RED,1233,1479.6
ROUND CONTAINER SET OF 5 RETROSPOT,4755,5706.0
ROUND FOOD CONTAINER S/5 RETROSPOT,36,43.199999999999996
ROUND GEORGIAN SILVER MIRROR,135,162.0
ROUND PINK HEART MIRROR,224,268.8
ROUND PURPLE CLOCK W/SUCKER,86,103.2
ROUND PURPLE CLOCK WITH SUCKER,365,438.0
"ROUND SNACK BOXES ,SET 4, FRUITS ",84,100.8
"ROUND SNACK BOXES ,SET4, WOODLAND ",66,79.2
ROUND SNACK BOXES SET OF 4 FRUITS ,12356,14827.199999999999
ROUND SNACK BOXES SET OF 4 SKULLS,2628,3153.6
ROUND SNACK BOXES SET OF4 WOODLAND ,14630,17556.0
ROUND STORAGE TIN VINTAGE LEAF,853,1023.5999999999999
ROUND WHITE CONFETTI IN TUBE,158,189.6
RUBY DROP CHANDELIER EARRINGS,18,21.599999999999998
RUBY GLASS CLUSTER BRACELET,37,44.4
RUBY GLASS CLUSTER EARRINGS,2,2.4
RUBY GLASS CLUSTER NECKLACE,11,13.2
RUSSIAN FOLKART STACKING TINS,1,1.2
RUSTIC  SEVENTEEN DRAWER SIDEBOARD,38,45.6
RUSTIC MIRROR WITH LACE HEART,443,531.6
RUSTIC STRAWBERRY JAM POT LARGE ,261,313.2
RUSTIC STRAWBERRY JAM POT SMALL,408,489.59999999999997
RUSTIC STRAWBERRY JAMPOT LARGE ,120,144.0
RUSTIC STRAWBERRY JAMPOT SMALL,36,43.199999999999996
"RUSTIC WOODEN CABINET, GLASS DOORS",181,217.2
S/12 MINI RABBIT EASTER,451,541.1999999999999
S/12 VANILLA  BOTANICAL T-LIGHTS,620,744.0
S/15 SILVER GLASS BAUBLES IN BAG,1958,2349.6
S/16 BLACK SHINY/MAT BAUBLES,48,57.599999999999994
S/16 VINTAGE BLACK CUTLERY,199,238.79999999999998
S/16 VINTAGE IVORY CUTLERY,276,331.2
S/16 VINTAGE PISTACHIO CUTLERY,215,258.0
S/16 VINTAGE RED CUTLERY,253,303.59999999999997
S/16 VINTAGE ROSE CUTLERY,133,159.6
S/16 VINTAGE SKY BLUE CUTLERY,49,58.8
S/2 BEACH HUT STOOLS,26,31.2
S/2 BEACH HUT TREASURE CHESTS,305,366.0
S/2 HYACINTH BULB CANDLES,1,1.2
S/2 ZINC HEART DESIGN PLANTERS,89,106.8
S/3 COLOURS FLOCK TEA TOWELS,1,1.2
S/3 ENGLISH LAVENDER SQU CANDLE,11,13.2
S/3 FLWR FAIRY LAVENDER CANDLES,444,532.8
S/3 FLWR FAIRY LILLY CANDLES,312,374.4
S/3 FLWR FAIRY ROSE CANDLES,42,50.4
S/3 FLWR FAIRY SUMMER CANDLES,144,172.79999999999998
S/3 FRENCH VANILLA SQU CANDLE,26,31.2
S/3 PINK COL METAL BASKET W HANDLE,122,146.4
S/3 PINK SQUARE PLANTERS ROSES,35,42.0
S/3 POT POURI CUSHIONS BLUE COLOURS,34,40.8
S/3 PUPPIES CHRISTMAS DECORATIONS,101,121.19999999999999
S/3 RABBIT FLOWER/EGG/CARROT ROPE,123,147.6
S/3 ROSE GARDEN SCENT SQU CANDLE,1,1.2
S/3 TEAR DROP CUT GLASS DECORATION,429,514.8
S/4 BLACK DINNER CANDLE SILVER FLOC,661,793.1999999999999
S/4 BLACK DISCO PARTITION PANEL,3,3.5999999999999996
S/4 BLACK LOVEBIRD COASTERS,10,12.0
S/4 BLACK MINI ROSE CANDLE IN BOWL,413,495.59999999999997
S/4 BLUE DINNER CANDLE SILVER FLOCK,413,495.59999999999997
S/4 BLUE ROUND DECOUPAGE BOXES,8294,9952.8
S/4 BURGUNDY WINE DINNER CANDLES,777,932.4
S/4 CACTI CANDLES,1282,1538.3999999999999
S/4 CONTEMPORY PINK ROSEBUD CANDLES,8,9.6
S/4 CONTEMPORY RED ROSEBUD CANDLES,9,10.799999999999999
S/4 FESTIVE GREEN DINNER CANDLES,717,860.4
S/4 FESTIVE RED DINNER CANDLES,234,280.8
S/4 GROOVY CAT MAGNETS,279,334.8
"S/4 ICON COASTER,ELVIS LIVES",51,61.199999999999996
S/4 IVORY MINI ROSE CANDLE IN BOWL,1255,1506.0
S/4 PINK DINNER CANDLE SILVER FLOCK,389,466.79999999999995
S/4 PINK FLOWER CANDLES IN BOWL,1905,2286.0
S/4 PISTACHIO LOVEBIRD COASTERS,68,81.6
S/4 PURPLE DINNER CANDLE BLK FLOCK,636,763.1999999999999
S/4 ROSE    BOTANICAL  CANDLE,126,151.2
S/4 ROSE PINK DINNER CANDLES,165,198.0
S/4 SKY BLUE DINNER CANDLES,157,188.4
S/4 VALENTINE DECOUPAGE HEART BOX,1947,2336.4
S/5 MINI ICE CREAM FRIDGE MAGNETS,1992,2390.4
S/6 CHRISTMAS TREE PLACE SETTING,1,1.2
"S/6 HALLOWEEN GHOST T LIGHTS, 5CM H",1036,1243.2
S/6 MULTICOLOUR ORNAMENETAL CANDLE,171,205.2
S/6 PAPER BOXES BLOSSOM IMAGES ,15,18.0
S/6 PAPER BOXES CURIOUS IMAGES ,36,43.199999999999996
S/6 PAPER BOXES ROMANTIC IMAGES,15,18.0
S/6 PINK EASTER DECS IN BOX,105,126.0
S/6 SCANDINAVIAN HEART T-LIGHT,1,1.2
S/6 SEW ON CROCHET FLOWERS,147,176.4
S/6 SILVER ORNAMENETAL CANDLE,97,116.39999999999999
S/6 WOODEN SKITTLES IN COTTON BAG,3296,3955.2
S/60 PINK FLUFFY CHICKS IN BOX,82,98.39999999999999
SALLE DE BAIN HOOK,2179,2614.7999999999997
SALT AND PEPPER SHAKERS TOADSTOOLS,393,471.59999999999997
SANDALWOOD FAN,4146,4975.2
SANDALWOOD INCENSE IN TIN,16,19.2
SANDWICH BATH SPONGE,2576,3091.2
SAVE THE PLANET COTTON TOTE BAG,2210,2652.0
SAVE THE PLANET MUG,11099,13318.8
SAVOY ART DECO CLOCK,394,472.79999999999995
SCALLOP SHELL SOAP DISH,1614,1936.8
SCANDINAVIAN 3 HEARTS NAPKIN RING,2044,2452.7999999999997
SCANDINAVIAN PAISLEY PICNIC BAG,3517,4220.4
SCANDINAVIAN REDS RIBBONS,5933,7119.599999999999
SCENTED CANDLE IN DIGITALIS TIN,232,278.4
SCENTED VELVET LOUNGE CANDLE ,4077,4892.4
SCHOOL DESK AND CHAIR ,23,27.599999999999998
SCOTTIE DOG HOT WATER BOTTLE,9092,10910.4
SCOTTIE DOGS BABY BIB,1730,2076.0
SCOTTIE DOGS CHILDRENS OVERALL,3,3.5999999999999996
SCOTTIES CHILDRENS APRON,423,507.59999999999997
SCOTTIES DES CHILD'S APRON,236,283.2
SCOTTIES DESIGN BABY BIB,101,121.19999999999999
SCOTTIES DESIGN CHILD'S OVERALL,44,52.8
SCOTTIES DESIGN WASHBAG,313,375.59999999999997
SCOTTS ROSES TILE COASTER,54,64.8
SCULPTED ROUND IVORY CANDLE ,44,52.8
SEAGRASS S/2 CORNER LAUNDRY ,4,4.8
SEAGRASS S/3 SQU LAUNDRY BOX,11,13.2
SEASIDE FLYING DISC,1107,1328.3999999999999
SEASIDE FRISBEE ,303,363.59999999999997
SEASIDE STRIPE HAMMOCK,179,214.79999999999998
SET 10 CARDS HANGING BAUBLES 17080,1,1.2
SET 10 LIGHTS NIGHT OWL,1400,1680.0
SET 10 NIGHT OWL LIGHTS,388,465.59999999999997
SET 12 COLOUR PENCILS DOILEY,48,57.599999999999994
SET 12 COLOUR PENCILS DOLLY GIRL ,2152,2582.4
SET 12 COLOUR PENCILS LOVE LONDON,1529,1834.8
SET 12 COLOUR PENCILS SPACEBOY ,2778,3333.6
SET 12 COLOURING PENCILS DOILEY,1,1.2
SET 12 COLOURING PENCILS DOILY,1870,2244.0
SET 12 KIDS  WHITE CHALK STICKS,7892,9470.4
SET 12 KIDS COLOUR  CHALK STICKS,14126,16951.2
SET 12 LAVENDER  BOTANICAL T-LIGHTS,1487,1784.3999999999999
SET 12 PEAR BOTANICAL T-LIGHTS,529,634.8
SET 12 RETRO WHITE CHALK STICKS,10417,12500.4
SET 12 VINTAGE DOILY CHALK ,1244,1492.8
SET 12 WILDFLOWER BOTANICAL T-LIGHT,676,811.1999999999999
SET 2 PANTRY DESIGN TEA TOWELS,2693,3231.6
SET 2 TEA TOWELS I LOVE LONDON ,1947,2336.4
SET 20 NAPKINS FAIRY CAKES DESIGN ,4992,5990.4
SET 3 JARDIN DE FEMME SCENT CANDLES,359,430.8
SET 3 PAPER VINTAGE CHICK PAPER EGG,1746,2095.2
"SET 3 RED SPOT TIN TEA,COFFEE,SUGAR",1426,1711.2
"SET 3 RETROSPOT TEA,COFFEE,SUGAR",2061,2473.2
SET 3 SONG BIRD PAPER EGGS ASSORTED,1159,1390.8
SET 3 WICKER LOG BASKETS,397,476.4
SET 3 WICKER OVAL BASKETS W LIDS,481,577.1999999999999
SET 3 WICKER STORAGE BASKETS ,254,304.8
SET 36 COLOUR PENCILS DOILEY,64,76.8
SET 36 COLOUR PENCILS DOLLY GIRL,1294,1552.8
SET 36 COLOUR PENCILS LOVE LONDON,901,1081.2
SET 36 COLOUR PENCILS SPACEBOY ,1498,1797.6
SET 36 COLOURING PENCILS DOILEY,1,1.2
SET 36 COLOURING PENCILS DOILY,1289,1546.8
SET 4 EASTER DECOUPAGE OVAL BOXES,14,16.8
SET 4 NURSERY DES ROUND BOXES,3047,3656.4
SET 4 PICNIC CUTLERY BLUEBERRY,82,98.39999999999999
SET 4 PICNIC CUTLERY CHERRY ,71,85.2
SET 4 PICNIC CUTLERY FONDANT,65,78.0
SET 4 VALENTINE DECOUPAGE HEART BOX,151,181.2
SET 40 HEART SHAPE PETIT FOUR CASES,4260,5112.0
SET 5 MINI CHOCOLATE FRIDGE MAGNETS,108,129.6
SET 5 MINI DOUGHNUT FRIDGE MAGNET ,372,446.4
SET 5 MINI GATEAUX  FRIDGE MAGNETS,2636,3163.2
SET 6 FOOTBALL CELEBRATION CANDLES,2045,2454.0
SET 6 PAPER TABLE LANTERN HEARTS ,2260,2712.0
SET 6 PAPER TABLE LANTERN STARS ,1859,2230.7999999999997
SET 6 SCHOOL MILK BOTTLES IN CRATE,2063,2475.6
SET 7 BABUSHKA NESTING BOXES,3273,3927.6
SET 72 CAKE CASES VINTAGE CHRISTMAS,672,806.4
SET 8 CANDLES VINTAGE DOILEY,122,146.4
SET 8 CANDLES VINTAGE DOILY,1024,1228.8
SET OF 10 LANTERNS FAIRY LIGHT STAR,560,672.0
SET OF 10 LED DOLLY LIGHTS,2192,2630.4
SET OF 12  VINTAGE POSTCARD SET,2709,3250.7999999999997
SET OF 12 FAIRY CAKE BAKING CASES,8228,9873.6
SET OF 12 FORK CANDLES,1215,1458.0
SET OF 12 LILY BOTANICAL T-LIGHTS,735,882.0
SET OF 12 MINI BUNNIES IN A BUCKET,1667,2000.3999999999999
SET OF 12 MINI LOAF BAKING CASES,5957,7148.4
SET OF 12 ROSE BOTANICAL T-LIGHTS,1607,1928.3999999999999
SET OF 12 T-LIGHTS VINTAGE DOILEY,61,73.2
SET OF 12 T-LIGHTS VINTAGE DOILY,915,1098.0
SET OF 16 VINTAGE BLACK CUTLERY,116,139.2
SET OF 16 VINTAGE IVORY CUTLERY,4,4.8
SET OF 16 VINTAGE PISTACHIO CUTLERY,139,166.79999999999998
SET OF 16 VINTAGE RED CUTLERY,88,105.6
SET OF 16 VINTAGE ROSE CUTLERY,218,261.59999999999997
SET OF 16 VINTAGE SKY BLUE CUTLERY,106,127.19999999999999
SET OF 2 CERAMIC CHRISTMAS REINDEER,1434,1720.8
SET OF 2 CERAMIC CHRISTMAS TREES,748,897.6
SET OF 2 CERAMIC PAINTED HEARTS ,1157,1388.3999999999999
SET OF 2 CHRISTMAS DECOUPAGE CANDLE,1197,1436.3999999999999
SET OF 2 FANCY FONT TEA TOWELS,1053,1263.6
SET OF 2 ROUND TINS CAMEMBERT ,879,1054.8
SET OF 2 ROUND TINS DUTCH CHEESE,698,837.6
SET OF 2 TEA TOWELS APPLE AND PEARS,2752,3302.4
SET OF 2 TEA TOWELS PING MICROWAVE,179,214.79999999999998
SET OF 2 TINS JARDIN DE PROVENCE,553,663.6
SET OF 2 TINS VINTAGE BATHROOM ,838,1005.5999999999999
SET OF 2 TRAYS HOME SWEET HOME,248,297.59999999999997
SET OF 2 WOODEN MARKET CRATES,995,1194.0
SET OF 20 KIDS COOKIE CUTTERS,7275,8730.0
SET OF 20 VINTAGE CHRISTMAS NAPKINS,15376,18451.2
SET OF 3 BABUSHKA STACKING TINS,1050,1260.0
SET OF 3 BIRD L.BLUE FEATHER,360,432.0
SET OF 3 BIRD LIGHT PINK FEATHER ,1950,2340.0
SET OF 3 BLACK FLYING DUCKS,1228,1473.6
SET OF 3 BLUE STRIPE BASKET,436,523.1999999999999
SET OF 3 BUTTERFLY COOKIE CUTTERS,9592,11510.4
SET OF 3 CAKE TINS PANTRY DESIGN ,7010,8412.0
SET OF 3 CAKE TINS SKETCHBOOK,908,1089.6
SET OF 3 CASES WOODLAND DESIGN,927,1112.3999999999999
SET OF 3 CHRISTMAS BRIAR CANDLES,171,205.2
SET OF 3 COLOURED  FLYING DUCKS,2851,3421.2
SET OF 3 CONEY ISLAND OVAL BOXES,259,310.8
SET OF 3 DANISH ROSE PLANTERS,906,1087.2
SET OF 3 GOLD FLYING DUCKS,347,416.4
SET OF 3 HANGING OWLS OLLIE BEAK,3613,4335.599999999999
SET OF 3 HEART COOKIE CUTTERS,11007,13208.4
SET OF 3 MINI HANGING PORTRAITS,32,38.4
SET OF 3 NOTEBOOKS IN PARCEL,8860,10632.0
SET OF 3 PANTRY WOODEN SPOONS,192,230.39999999999998
SET OF 3 PINK FLYING DUCKS,84,100.8
SET OF 3 RABBIT CARROTS EASTER,78,93.6
SET OF 3 RABBIT EGG EASTER,33,39.6
SET OF 3 RED STRIPE BASKETS,323,387.59999999999997
SET OF 3 REGENCY CAKE TINS,5844,7012.8
SET OF 3 SILVER FLYING DUCKS,136,163.2
SET OF 3 VINTAGE TEA TIME BOXES,139,166.79999999999998
SET OF 3 WICKER BASKET ROSE,70,84.0
SET OF 3 WICKER BASKET TEA AND CAKE,27,32.4
SET OF 3 WOODEN HEART DECORATIONS,3717,4460.4
SET OF 3 WOODEN SLEIGH DECORATIONS,1842,2210.4
SET OF 3 WOODEN STOCKING DECORATION,1964,2356.7999999999997
SET OF 3 WOODEN TREE DECORATIONS,1665,1998.0
SET OF 36 DINOSAUR PAPER DOILIES,1000,1200.0
SET OF 36 DOILIES PANTRY DESIGN,2653,3183.6
SET OF 36 DOILIES SPACEBOY DESIGN ,1188,1425.6
SET OF 36 DOILIES VINTAGE CHRISTMAS,444,532.8
SET OF 36 DOLLY GIRL PAPER DOILIES,42,50.4
SET OF 36 MUSHROOM PAPER DOILIES,1614,1936.8
SET OF 36 PAISLEY FLOWER DOILIES,6652,7982.4
SET OF 36 PANTRY PAPER DOILIES,39,46.8
SET OF 36 SILVER PAPER DOILIES,415,498.0
SET OF 36 SPACEBOY PAPER DOILIES,50,60.0
SET OF 36 TEATIME PAPER DOILIES,7832,9398.4
SET OF 36 VINTAGE CHRISTMAS DOILIES,27,32.4
SET OF 4 BLACK LOVEBIRD COASTERS,356,427.2
SET OF 4 CAROUSEL PLACEMATS ,131,157.2
SET OF 4 DIAMOND NAPKIN RINGS,379,454.8
SET OF 4 DOTTY PLACEMATS ,54,64.8
SET OF 4 ENGLISH ROSE COASTERS,2166,2599.2
SET OF 4 ENGLISH ROSE PLACEMATS,1072,1286.3999999999999
SET OF 4 FAIRY CAKE PLACEMATS,459,550.8
SET OF 4 FAIRY CAKE PLACEMATS ,686,823.1999999999999
SET OF 4 FAIRY CAKES COASTERS ,1094,1312.8
SET OF 4 GREEN CAROUSEL COASTERS,128,153.6
SET OF 4 JAM JAR MAGNETS,2441,2929.2
SET OF 4 KNICK KNACK TINS  DOILEY ,6,7.199999999999999
SET OF 4 KNICK KNACK TINS DOILEY ,1802,2162.4
SET OF 4 KNICK KNACK TINS DOILY ,2286,2743.2
SET OF 4 KNICK KNACK TINS LEAF,739,886.8
SET OF 4 KNICK KNACK TINS LEAVES ,304,364.8
SET OF 4 KNICK KNACK TINS LONDON ,1775,2130.0
SET OF 4 KNICK KNACK TINS POPPIES,812,974.4
SET OF 4 NAPKIN CHARM CUTLERY,18,21.599999999999998
SET OF 4 NAPKIN CHARMS 3 KEYS ,298,357.59999999999997
SET OF 4 NAPKIN CHARMS CROWNS ,357,428.4
SET OF 4 NAPKIN CHARMS CUTLERY,1906,2287.2
SET OF 4 NAPKIN CHARMS HEARTS,1598,1917.6
SET OF 4 NAPKIN CHARMS INSTRUMENT,255,306.0
SET OF 4 NAPKIN CHARMS INSTUMENT   ,12,14.399999999999999
SET OF 4 NAPKIN CHARMS LEAVES   ,405,486.0
SET OF 4 NAPKIN CHARMS STARS   ,959,1150.8
SET OF 4 NEW ENGLAND COASTERS ,1092,1310.3999999999999
SET OF 4 NEW ENGLAND PLACEMATS,2744,3292.7999999999997
SET OF 4 PANTRY JELLY MOULDS,11769,14122.8
SET OF 4 PASTEL STACKING MUGS,13,15.6
SET OF 4 PISTACHIO LOVEBIRD COASTER,393,471.59999999999997
SET OF 4 POLKADOT COASTERS,115,138.0
SET OF 4 POLKADOT PLACEMATS ,96,115.19999999999999
SET OF 4 POLKADOTS COASTERS,109,130.79999999999998
SET OF 4 ROSE BOTANICAL CANDLES,873,1047.6
SET OF 4 SANTA PLACE SETTINGS,1158,1389.6
SET OF 5 LUCKY CAT MAGNETS ,2536,3043.2
SET OF 5 MINI GROCERY MAGNETS,1631,1957.1999999999998
SET OF 5 PANCAKE DAY MAGNETS,2255,2706.0
SET OF 6 3D KIT CARDS FOR KIDS,2575,3090.0
SET OF 6 CAKE CHOPSTICKS,1990,2388.0
SET OF 6 DOTS CHOPSTICKS,185,222.0
SET OF 6 EASTER RAINBOW CHICKS,12,14.399999999999999
SET OF 6 FUNKY BEAKERS,609,730.8
SET OF 6 GIRLS CELEBRATION CANDLES,2197,2636.4
SET OF 6 HALLOWEEN GHOST T-LIGHTS,1160,1392.0
SET OF 6 HEART CHOPSTICKS,1371,1645.2
SET OF 6 HERB TINS SKETCHBOOK,1054,1264.8
SET OF 6 ICE CREAM SKITTLES,232,278.4
SET OF 6 KASHMIR FOLKART BAUBLES,911,1093.2
SET OF 6 NATIVITY MAGNETS ,2530,3036.0
SET OF 6 RIBBONS COUNTRY STYLE,163,195.6
SET OF 6 RIBBONS PARTY,167,200.4
SET OF 6 RIBBONS PERFECTLY PRETTY  ,243,291.59999999999997
SET OF 6 RIBBONS VINTAGE CHRISTMAS,8849,10618.8
SET OF 6 SNACK LOAF BAKING CASES,4264,5116.8
SET OF 6 SOLDIER SKITTLES,3762,4514.4
SET OF 6 SPICE TINS PANTRY DESIGN,5366,6439.2
SET OF 6 STRAWBERRY CHOPSTICKS,2343,2811.6
SET OF 6 T-LIGHTS CACTI ,891,1069.2
SET OF 6 T-LIGHTS EASTER CHICKS,394,472.79999999999995
SET OF 6 T-LIGHTS SANTA,2452,2942.4
SET OF 6 T-LIGHTS SNOWMEN,2079,2494.7999999999997
SET OF 6 T-LIGHTS TOADSTOOLS,1192,1430.3999999999999
SET OF 6 T-LIGHTS WEDDING CAKE ,410,492.0
SET OF 6 TEA TIME BAKING CASES,4877,5852.4
SET OF 6 VINTAGE NOTELETS KIT,1450,1740.0
SET OF 60 I LOVE LONDON CAKE CASES ,7670,9204.0
SET OF 60 PANTRY DESIGN CAKE CASES ,11661,13993.199999999999
SET OF 60 VINTAGE LEAF CAKE CASES ,5955,7146.0
SET OF 72 BLACK PAPER DOILIES ,122,146.4
SET OF 72 GREEN PAPER DOILIES,578,693.6
SET OF 72 IVORY PAPER DOILIES,1884,2260.7999999999997
SET OF 72 PINK HEART PAPER DOILIES,7595,9114.0
SET OF 72 RETRO SPOT PAPER  DOILIES,7488,8985.6
SET OF 72 RETROSPOT PAPER  DOILIES,7259,8710.8
SET OF 72 SKULL PAPER  DOILIES,2321,2785.2
SET OF 9 BLACK SKULL BALLOONS,6332,7598.4
SET OF 9 HEART SHAPED BALLOONS,4716,5659.2
SET OF MEADOW  FLOWER STICKERS,161,193.2
SET OF PICTURE FRAME  STICKERS,225,270.0
SET OF RED SALAD SERVERS ,400,480.0
SET OF SALT AND PEPPER TOADSTOOLS,3084,3700.7999999999997
SET OF SIX SILVER+RED FLOCK BAUBLES,2,2.4
SET OF SKULL WALL STICKERS,394,472.79999999999995
SET OF TEA COFFEE SUGAR TINS PANTRY,4658,5589.599999999999
SET OF THREE 50'S GIFT WRAPS ,598,717.6
SET OF THREE VINTAGE GIFT WRAPS,2827,3392.4
SET/10 BLUE POLKADOT PARTY CANDLES,5080,6096.0
SET/10 BLUE SPOTTY PARTY CANDLES,4883,5859.599999999999
SET/10 IVORY POLKADOT PARTY CANDLES,1320,1584.0
SET/10 IVORY SPOTTY PARTY CANDLES,1252,1502.3999999999999
SET/10 PINK POLKADOT PARTY CANDLES,6464,7756.799999999999
SET/10 PINK SPOTTY PARTY CANDLES,5636,6763.2
SET/10 RED POLKADOT PARTY CANDLES,8541,10249.199999999999
SET/10 RED SPOTTY PARTY CANDLES,6495,7794.0
SET/12 FUNKY FELT FLOWER PEG IN BAG,353,423.59999999999997
SET/12 TAPER CANDLES,1042,1250.3999999999999
SET/12 ZINC CHRISTMAS DECORATIONS,91,109.2
SET/16 WHITE SHINY & MATT BAUBLES,80,96.0
SET/2 BLUE  NOODLE BASKETS,57,68.39999999999999
SET/2 CHRISTMAS DECOUPAGE CANDLES,40,48.0
SET/2 RED RETROSPOT TEA TOWELS ,3001,3601.2
SET/2 RED SPOTTY TEA TOWELS ,2533,3039.6
SET/2 SPOTTY + ROSE TEA TOWELS ,1,1.2
SET/2 TEA TOWELS MODERN VINTAGE,1,1.2
SET/20 COLLAGE PAPER NAPKIN ,759,910.8
SET/20 FRUIT SALAD PAPER NAPKINS ,7062,8474.4
SET/20 POSIES PAPER NAPKINS,4,4.8
SET/20 RED RETROSPOT PAPER NAPKINS ,14329,17194.8
SET/20 RED SPOTTY PAPER NAPKINS ,15165,18198.0
SET/20 STRAWBERRY PAPER NAPKINS ,6539,7846.799999999999
SET/20 WOODLAND PAPER NAPKINS ,2745,3294.0
SET/3 CHRISTMAS BRIAR CANDLES,88,105.6
SET/3 CHRISTMAS DECOUPAGE CANDLES,1202,1442.3999999999999
SET/3 COLOUR PAINTED KASHMIRI STOOL,3,3.5999999999999996
SET/3 DECOUPAGE STACKING TINS,633,759.6
SET/3 FLORAL GARDEN TOOLS IN BAG,280,336.0
SET/3 OCEAN SCENT CANDLE JEWEL BOX,955,1146.0
SET/3 POLKA DOT STACKING TINS,249,298.8
SET/3 POLKADOT STACKING TINS,106,127.19999999999999
SET/3 POT PLANT CANDLES,167,200.4
SET/3 RABBITS FLOWER SKIPPPING ROPE,252,302.4
SET/3 RED GINGHAM ROSE STORAGE BOX,4169,5002.8
SET/3 ROSE CANDLE IN JEWELLED BOX,815,978.0
SET/3 RUSSIAN DOLL STACKING TINS,1866,2239.2
SET/3 TALL GLASS CANDLE HOLDER PINK,86,103.2
SET/3 VANILLA SCENTED CANDLE IN BOX,1835,2202.0
SET/4 2 TONE EGG SHAPE MIXING BOWLS,58,69.6
SET/4 BADGES BALLOON GIRL,848,1017.5999999999999
SET/4 BADGES BEETLES,530,636.0
SET/4 BADGES CUTE CREATURES,454,544.8
SET/4 BADGES DOGS,516,619.1999999999999
SET/4 BADGES WOODLAND ANIMAL,482,578.4
SET/4 BIRD MIRROR MAGNETS ,682,818.4
SET/4 BLACK  BAROQUE FLOCK COASTER,20,24.0
SET/4 BLUE FLOWER CANDLES IN BOWL,2415,2898.0
SET/4 BUTTERFLY MIRROR MAGNETS,726,871.1999999999999
SET/4 COLOURFUL MIXING BOWLS,94,112.8
SET/4 DAISY MIRROR MAGNETS,669,802.8
SET/4 GARDEN ROSE DINNER CANDLE,24,28.799999999999997
SET/4 MODERN VINTAGE COTTON NAPKINS,156,187.2
SET/4 PINK ORCHID CANDLES IN BOWL,1818,2181.6
SET/4 RED MINI ROSE CANDLE IN BOWL,1117,1340.3999999999999
SET/4 SCENTED CANDLES IN RAMEKINS,454,544.8
SET/4 SKULL BADGES,1956,2347.2
SET/4 SPRING FLOWER DECORATION,1132,1358.3999999999999
SET/4 WHITE RETRO STORAGE CUBES ,1007,1208.3999999999999
SET/5 BLUE SPOTTY LID GLASS BOWLS,295,354.0
SET/5 RED RETROSPOT LID GLASS BOWLS,7709,9250.8
SET/5 RED SPOTTY LID GLASS BOWLS,10526,12631.199999999999
SET/6  ANGEL T-LIGHTS WHITE/GOLD,652,782.4
SET/6 3D KIT CARDS FOR KIDS,545,654.0
SET/6 BEAD COASTERS GAUZE BAG GOLD,631,757.1999999999999
SET/6 BLACK BIRD T-LIGHT CANDLES,237,284.4
SET/6 BLACK GLITTER REINDEER CANDLE,4,4.8
SET/6 BLACK ROSE T-LIGHT CANDLES,48,57.599999999999994
SET/6 BLACK SNOWFLAKE T-LIGHTS ,387,464.4
SET/6 CHRISTMAS ICICLE T-LIGHTS,34,40.8
SET/6 COLLAGE PAPER CUPS,2486,2983.2
SET/6 COLLAGE PAPER PLATES,2285,2742.0
SET/6 EAU DE NIL BIRD T-LIGHTS,428,513.6
SET/6 FROG PRINCE T-LIGHT CANDLES,954,1144.8
SET/6 FRUIT SALAD  PAPER PLATES,15776,18931.2
SET/6 FRUIT SALAD PAPER CUPS,16503,19803.6
SET/6 GARDEN GNOME T-LIGHT CANDLES,113,135.6
SET/6 GINGERBREAD STAR T-LIGHTS,332,398.4
SET/6 GINGERBREAD TREE T-LIGHTS,6,7.199999999999999
SET/6 GOLD REINDEER T-LIGHT CANDLES,201,241.2
SET/6 GREEN SPRING  PAPER PLATE,32,38.4
SET/6 GREEN SPRING PAPER CUPS,316,379.2
SET/6 IVORY BIRD T-LIGHT CANDLES,799,958.8
SET/6 PINK  BUTTERFLY T-LIGHTS,5681,6817.2
SET/6 PINK BIRD T-LIGHT CANDLES,574,688.8
SET/6 POSIES PAPER CUPS,220,264.0
SET/6 POSIES PAPER PLATES,242,290.4
SET/6 PURPLE BUTTERFLY T-LIGHTS,1914,2296.7999999999997
SET/6 RED SPOTTY PAPER CUPS,15834,19000.8
SET/6 RED SPOTTY PAPER PLATES,17752,21302.399999999998
SET/6 SILVER REINDEER T-LIGHTS,242,290.4
SET/6 STRAWBERRY PAPER CUPS,13284,15940.8
SET/6 STRAWBERRY PAPER PLATES,12806,15367.199999999999
SET/6 TURQUOISE BUTTERFLY T-LIGHTS,3646,4375.2
SET/6 WOODLAND PAPER CUPS,13712,16454.399999999998
SET/6 WOODLAND PAPER PLATES,13668,16401.6
SET/9 CHRISTMAS T-LIGHTS SCENTED ,689,826.8
SET3 BOOK BOX GREEN GINGHAM FLOWER ,2749,3298.7999999999997
SEWING BOX RETROSPOT DESIGN ,372,446.4
SEWING SUSAN 21 NEEDLE SET,2408,2889.6
SHAKER THROW  QUILTED,52,62.4
SHELF WITH 4 HOOKS HOME SWEET HOME,448,537.6
SHOE SHINE BOX ,231,277.2
SHOPPING BAG DOORSTOP,69,82.8
"SILICON CUBE 25W, BLUE",11,13.2
SILICON STAR BULB  BLUE,29,34.8
SILK PURSE BABUSHKA BLUE,431,517.1999999999999
SILK PURSE BABUSHKA PINK,729,874.8
SILK PURSE BABUSHKA RED,668,801.6
SILK PURSE RUSSIAN DOLL BLUE,371,445.2
SILK PURSE RUSSIAN DOLL PINK,447,536.4
SILK PURSE RUSSIAN DOLL RED,575,690.0
SILVER  CANDLEPOT JARDIN ,248,297.59999999999997
SILVER 2 STRAND NECKLACE-LEAF CHARM,8,9.6
SILVER AND BLACK ORBIT NECKLACE,1,1.2
SILVER APERITIF GLASS,355,426.0
SILVER BELLS TABLE DECORATION,2090,2508.0
SILVER BLACK ORBIT BRACELET,10,12.0
SILVER BLACK ORBIT DROP EARRINGS,14,16.8
SILVER BLUE EGG T-LIGHT HOLDER,483,579.6
SILVER BOOK MARK WITH BEADS,78,93.6
SILVER BRACELET W PASTEL FLOWER,54,64.8
SILVER CHARM NECKLACE 70CM,60,72.0
SILVER CHERRY LIGHTS,59,70.8
SILVER CHRISTMAS TREE BAUBLE STAND ,198,237.6
SILVER DIAMANTE PEN IN GIFT BOX,460,552.0
SILVER DISCO HANDBAG,284,340.8
SILVER DROP EARRINGS WITH FLOWER,31,37.199999999999996
SILVER FABRIC MIRROR,789,946.8
SILVER FINCH DECORATION,187,224.4
SILVER FISHING GNOME ,105,126.0
SILVER FLOWR PINK SHELL NECKLACE,60,72.0
SILVER GLASS T-LIGHT SET,327,392.4
SILVER GLITTER FLOWER VOTIVE HOLDER,2872,3446.4
SILVER HANGING T-LIGHT HOLDER,11635,13962.0
SILVER HANGING T-LIGHT HOLDER DOME,268,321.59999999999997
SILVER HEART COMPACT MIRROR,7,8.4
SILVER HEARTS TABLE DECORATION,1231,1477.2
SILVER HOOP EARRINGS WITH FLOWER,50,60.0
SILVER JEWELLED MIRROR TRINKET TRAY,91,109.2
SILVER LARIAT 40CM,32,38.4
SILVER LARIAT BLACK STONE EARRINGS,25,30.0
SILVER LATTICE VANILLA CANDLE POT,493,591.6
SILVER LOOKING MIRROR,11,13.2
SILVER M.O.P ORBIT BRACELET,32,38.4
SILVER M.O.P ORBIT DROP EARRINGS,33,39.6
SILVER M.O.P. ORBIT NECKLACE,8,9.6
SILVER MINI TAPE MEASURE ,1379,1654.8
SILVER MONTE CARLO HANDBAG,8,9.6
SILVER MUG BONE CHINA TREE OF LIFE,1578,1893.6
SILVER OVAL JEWELLED MIRROR,21,25.2
SILVER OVAL SHAPE TRINKET BOX,31,37.199999999999996
SILVER PHOTO FRAME,296,355.2
SILVER PLATE CANDLE BOWL LARGE,446,535.1999999999999
SILVER PLATE CANDLE BOWL SMALL,850,1020.0
SILVER PURSE GOLD PINK BUTTERFLY,4,4.8
SILVER RECORD COVER FRAME,272,326.4
SILVER RETRODISC LAMPSHADE,605,726.0
SILVER ROCCOCO CHANDELIER,69,82.8
SILVER ROCOCO CANDELABRA,7,8.4
SILVER ROCOCO CANDLE STICK,200,240.0
SILVER SKULL HOT WATER BOTTLE ,179,214.79999999999998
SILVER SLEIGHBELL  WREATH,18,21.599999999999998
SILVER STANDING GNOME   ,72,86.39999999999999
SILVER STARS TABLE DECORATION,1942,2330.4
SILVER T-LIGHT SETTING,211,253.2
SILVER TEDDY BEAR,208,249.6
SILVER VANILLA  FLOWER CANDLE POT,337,404.4
SILVER VANILLA FLOWER CANDLE POT,240,288.0
SILVER WASHBAG,30,36.0
SILVER WINE GOBLET,2,2.4
SILVER/AMETHYST DROP EARRINGS LEAF,29,34.8
SILVER/BLACK ORBIT NECKLACE,22,26.4
SILVER/BLACK PENDANT ORBIT NECKLACE,6,7.199999999999999
SILVER/CRYSTAL DROP EARRINGS W LEAF,18,21.599999999999998
SILVER/M.O.P PENDANT ORBIT NECKLACE,22,26.4
SILVER/MOP ORBIT NECKLACE,28,33.6
SILVER/NAT SHELL NECKLACE W PENDANT,4,4.8
SILVER/NATURAL SHELL NECKLACE,14,16.8
SINGLE ANTIQUE ROSE HOOK IVORY,1843,2211.6
SINGLE HEART ZINC T-LIGHT HOLDER,16445,19734.0
SINGLE WIRE HOOK IVORY HEART,870,1044.0
SINGLE WIRE HOOK PINK HEART,406,487.2
SIX DRAWER OFFICE TIDY,64,76.8
SIX STRING SCANDINAVIAN HEART DECS,83,99.6
SKETCHBOOK MAGNETIC SHOPPING LIST,1318,1581.6
SKULL AND CROSSBONES  GARLAND ,3480,4176.0
SKULL DESIGN TV DINNER TRAY,690,828.0
SKULL LUNCH BOX WITH CUTLERY ,3630,4356.0
SKULL LUNCHBOX WITH CUTLERY ,250,300.0
SKULL SHOULDER BAG,3258,3909.6
SKULLS  DESIGN  COTTON TOTE BAG,1027,1232.3999999999999
SKULLS  STICKERS,4691,5629.2
SKULLS  WATER TRANSFER TATTOOS ,5750,6900.0
SKULLS AND CROSSBONES WRAP,9065,10878.0
SKULLS DESIGN FLANNEL,1322,1586.3999999999999
SKULLS GREETING CARD,4838,5805.599999999999
SKULLS PARTY BAG + STICKER SET,4065,4878.0
SKULLS SQUARE TISSUE BOX,943,1131.6
SKULLS STORAGE BOX LARGE,450,540.0
SKULLS STORAGE BOX SMALL,441,529.1999999999999
SKULLS TAPE,921,1105.2
SKULLS WRAP,3350,4020.0
SKULLS WRITING SET ,1512,1814.3999999999999
SKY BLUE COLOUR GLASS GEMS IN BAG,84,100.8
SLATE TILE NATURAL HANGING,3738,4485.599999999999
SLEEPING CAT ERASERS,9730,11676.0
SMALL APOTHECARY MEASURING JAR ,81,97.2
SMALL BLUE PROVENCAL CERAMIC BALL,88,105.6
SMALL BONNE JAM JAR  T-LIGHT HOLDER,416,499.2
SMALL CAMPHOR WOOD FIELD  MUSHROOM,444,532.8
SMALL CERAMIC TOP STORAGE JAR ,5666,6799.2
SMALL CHINESE STYLE SCISSOR,29354,35224.799999999996
SMALL CHOCOLATES PINK BOWL,1967,2360.4
SMALL CHUNKY GLASS ROMAN  BOWL,669,802.8
SMALL DECO JEWELLERY STAND,229,274.8
SMALL DOLLY MIX DESIGN ORANGE BOWL,5484,6580.8
SMALL FAIRY CAKE FRIDGE MAGNETS,12236,14683.199999999999
SMALL FOLDING SCISSOR(POINTED EDGE),3141,3769.2
SMALL FOLKART CHRISTMAS TREE DEC,135,162.0
SMALL FOLKART STAR CHRISTMAS DEC,1975,2370.0
SMALL GLASS HEART TRINKET POT,10447,12536.4
SMALL GLASS ROSE SCENTED CANDLE,4,4.8
SMALL GLASS SUNDAE DISH CLEAR,895,1074.0
SMALL GREEN PEONY FOLDING STOOL,262,314.4
SMALL HAMMERED SILVER CANDLEPOT ,810,972.0
SMALL HANGING GLASS+ZINC LANTERN,197,236.39999999999998
SMALL HANGING IVORY/RED WOOD BIRD,5336,6403.2
SMALL HEART FLOWERS HOOK ,6206,7447.2
SMALL HEART MEASURING SPOONS,5773,6927.599999999999
SMALL IVORY HEART WALL ORGANISER,1008,1209.6
SMALL JEWELLERY STAND,16,19.2
SMALL KITCHEN FLOWER POTS PLAQUE,356,427.2
SMALL LICORICE DES PINK BOWL,880,1056.0
SMALL MARAKESH LANTERN ON STICK,55,66.0
SMALL MARAKESH METAL  LANTERN ,114,136.79999999999998
SMALL MARSHMALLOWS PINK BOWL,4174,5008.8
SMALL MEDINA STAMPED METAL BOWL ,1656,1987.1999999999998
SMALL ORIENTAL BLUE FOLDING STOOL,282,338.4
SMALL ORIENTAL RED FOLDING STOOL,237,284.4
SMALL PARISIENNE HEART PHOTO FRAME ,915,1098.0
SMALL PARLOUR FRAME,42,50.4
SMALL PARLOUR PICTURE FRAME,164,196.79999999999998
SMALL PINK GLASS SUNDAE DISH,1091,1309.2
SMALL PINK MAGIC CHRISTMAS TREE,1690,2028.0
SMALL PINK PEONY FOLDING STOOL,189,226.79999999999998
SMALL POLKADOT CHOCOLATE GIFT BAG ,1310,1572.0
SMALL POP BOX FUNKY MONKEY,172,206.4
"SMALL POP BOX,FUNKY MONKEY",401,481.2
SMALL POPCORN HOLDER,42955,51546.0
SMALL PURPLE BABUSHKA NOTEBOOK ,3543,4251.599999999999
SMALL RED BABUSHKA NOTEBOOK ,3671,4405.2
SMALL RED RETROSPOT MUG IN BOX ,1426,1711.2
SMALL RED RETROSPOT WINDMILL,4896,5875.2
SMALL RED SPOT  WINDMILL,742,890.4
SMALL REGAL  SILVER CANDLEPOT ,540,648.0
SMALL RETRO SPOT MUG IN BOX  RED,317,380.4
SMALL RETRO SPOT MUG IN BOX  WHITE,379,454.8
SMALL ROUND CUT GLASS CANDLESTICK,267,320.4
SMALL SILVER FLOWER CANDLE POT,572,686.4
SMALL SILVER TRELLIS CANDLEPOT,734,880.8
SMALL SINGLE FLAME CANDLE HOLDER,51,61.199999999999996
SMALL SKULL WINDMILL,1983,2379.6
SMALL SPOTTY CHOCOLATE GIFT BAG ,1049,1258.8
SMALL SQUARE CUT GLASS CANDLESTICK,138,165.6
SMALL STRIPES CHOCOLATE GIFT BAG ,2437,2924.4
SMALL TAHITI BEACH BAG,457,548.4
SMALL TALL CAMPHOR WOOD TOADSTOOL,522,626.4
SMALL WHITE HEART OF WICKER,4262,5114.4
SMALL WHITE RETROSPOT MUG IN BOX ,1125,1350.0
SMALL WHITE/PINK ROSE ART FLOWER,388,465.59999999999997
SMALL YELLOW BABUSHKA NOTEBOOK ,2176,2611.2
SMALL ZINC HEART WALL ORGANISER,1538,1845.6
SMALL ZINC/GLASS CANDLEHOLDER,441,529.1999999999999
SMALLFOLKART BAUBLE CHRISTMAS DEC,3313,3975.6
SMOKEY GREY COLOUR D.O.F. GLASS,695,834.0
SMOKEY GREY COLOUR GLASS,196,235.2
SNACK TRAY HAPPY FOREST  ,110,132.0
SNACK TRAY I LOVE LONDON,149,178.79999999999998
SNACK TRAY PAISLEY PARK,164,196.79999999999998
SNACK TRAY RED GINGHAM,56,67.2
SNACK TRAY RED VINTAGE DOILY,185,222.0
SNOWFLAKE PORTABLE TABLE LIGHT ,708,849.6
SNOWSTORM PHOTO FRAME FRIDGE MAGNET,1485,1782.0
SOAP DISH BROCANTE,1070,1284.0
SOFT PINK ROSE TOWEL ,110,132.0
SOLDIERS EGG CUP ,9033,10839.6
SOMBRERO ,9548,11457.6
SPACE BOY BIRTHDAY CARD,805,966.0
SPACE BOY CHILDRENS CUP,130,156.0
SPACE BOY GIFT WRAP,775,930.0
SPACE CADET BLACK,126,151.2
SPACE CADET RED,219,262.8
SPACE CADET WHITE,167,200.4
SPACE FROG,221,265.2
SPACE OWL,396,475.2
SPACEBOY BEAKER,2567,3080.4
SPACEBOY BIRTHDAY CARD,16198,19437.6
SPACEBOY CHILDRENS BOWL,2367,2840.4
SPACEBOY CHILDRENS CUP,1951,2341.2
SPACEBOY CHILDRENS EGG CUP,1156,1387.2
SPACEBOY GIFT WRAP,13642,16370.4
SPACEBOY LUNCH BOX ,20271,24325.2
SPACEBOY MINI BACKPACK,1030,1236.0
SPACEBOY MINI RUCKSACK,13,15.6
SPACEBOY ROCKET LOLLY MAKERS,587,704.4
SPACEBOY TV DINNER TRAY,888,1065.6
SPACEBOY WALL ART,306,367.2
SPHERICAL IVORY CANDLE ,82,98.39999999999999
SPOTS DESIGN MUG W PINK INSIDE,784,940.8
SPOTS MUG,426,511.2
SPOTS ON RED BOOKCOVER TAPE,58,69.6
SPOTTED WHITE NATURAL SEED NECKLACE,77,92.39999999999999
SPOTTY  HOME SWEET HOME DOORMAT,650,780.0
SPOTTY BUNTING,7633,9159.6
SPOTTY COCKEREL DOORSTOP,1,1.2
SPOTTY COFFEE CUP & SAUCER,28,33.6
SPOTTY PINK DUCK DOORSTOP,580,696.0
SPRIG LAVENDER ARTIFICIAL FLOWER,667,800.4
"SPRING DEC , HANGING CHICK  GREEN",1087,1304.3999999999999
"SPRING DEC , HANGING CHICK  YELLOW",1550,1860.0
"SPRING DEC , HANGING CHICK CREAM",1872,2246.4
SPRING FLOWER CHOPSTICKS SET/5,857,1028.3999999999999
SQUARE CHERRY BLOSSOM CABINET,452,542.4
SQUARE FLOOR CUSHION VINTAGE PINK ,5,6.0
SQUARE FLOOR CUSHION VINTAGE RED,96,115.19999999999999
SQUARE METAL CANDLEHOLDER BASE,177,212.4
SQUARE MINI PORTRAIT FRAME,268,321.59999999999997
SQUARE MIRROR CURTAIN,207,248.39999999999998
SQUARECUSHION COVER PINK UNION FLAG,108,129.6
SQUARECUSHION COVER PINK UNION JACK,150,180.0
ST GEORGE SET OF 10 PARTY LIGHTS,51,61.199999999999996
ST TROPEZ NECKLACE,22,26.4
STANDING FAIRY POLE SUPPORT ,777,932.4
STANDING METAL RABBIT WITH EGG,657,788.4
STAR  T-LIGHT HOLDER ,592,710.4
STAR DECORATION PAINTED ZINC ,5509,6610.8
STAR DECORATION RUSTIC,5487,6584.4
STAR PORTABLE TABLE LIGHT ,1229,1474.8
STAR T-LIGHT HOLDER WILLIE WINKIE,1139,1366.8
STAR WOODEN CHRISTMAS DECORATION,4502,5402.4
STAR WREATH DECORATION WITH BELL,1594,1912.8
STARFISH SOAP DISH,161,193.2
STARS GIFT TAPE ,2038,2445.6
STEEL SWEETHEART ROUND TABLE CREAM,127,152.4
STOOL HOME SWEET HOME ,227,272.4
STOP FOR TEA WALL ART,518,621.6
STORAGE TIN HOME SWEET HOME,237,284.4
STORAGE TIN VINTAGE DOILEY ,6,7.199999999999999
STORAGE TIN VINTAGE DOILY ,1235,1482.0
STORAGE TIN VINTAGE LEAF,762,914.4
STRAWBERRIES  DESIGN FLANNEL ,1518,1821.6
STRAWBERRIES PRINT BOWL,5,6.0
STRAWBERRY   PICNIC BAG,3801,4561.2
STRAWBERRY BATH SPONGE ,3138,3765.6
STRAWBERRY CAKE TEAPOT,16,19.2
STRAWBERRY CANDY BAG,1659,1990.8
STRAWBERRY CERAMIC TRINKET BOX,33899,40678.799999999996
STRAWBERRY CERAMIC TRINKET POT,1036,1243.2
STRAWBERRY CHARLOTTE BAG,14542,17450.399999999998
STRAWBERRY DREAM CHILDS UMBRELLA,560,672.0
STRAWBERRY FAIRY CAKE TEAPOT,2203,2643.6
STRAWBERRY HONEYCOMB  GARLAND ,2058,2469.6
STRAWBERRY LUNCH BOX WITH CUTLERY,6418,7701.599999999999
STRAWBERRY LUNCHBOX WITH CUTLERY,1402,1682.3999999999999
STRAWBERRY RAFFIA FOOD COVER,1225,1470.0
STRAWBERRY SCENTED SET/9 T-LIGHTS,815,978.0
STRAWBERRY SHOPPER BAG,5335,6402.0
STRAWBERY SWIRL FLARE CANDLE,24,28.799999999999997
STRAWBRY SCENTED VOTIVE CANDLE,2421,2905.2
STRING CRYSTALS NATURAL,272,326.4
STRING OF 20 ROSE LIGHTS,262,314.4
"STRING OF 8 BUTTERFLIES,PINK",360,432.0
STRING OF STARS CARD HOLDER,303,363.59999999999997
STRIPES DESIGN MONKEY DOLL,1319,1582.8
STRIPES DESIGN TEDDY,159,190.79999999999998
STRIPEY CHOCOLATE NESTING BOXES,851,1021.1999999999999
STRIPY DESIGN SHOWER CAP,1084,1300.8
SUKI  SHOULDER BAG,5021,6025.2
SUMMER BUTTERFLIES BAG CHARM,31,37.199999999999996
SUMMER DAISIES BAG CHARM,84,100.8
SUMMER FUN DESIGN SHOWER CAP,1302,1562.3999999999999
SUNFLOWER DECORATIVE PARASOL,127,152.4
SUNSET CHECK HAMMOCK,283,339.59999999999997
SUNSET COLOUR CHUNKY KNITTED THROW,52,62.4
SWALLOW CIGAR BOX MATCHES ,1390,1668.0
SWALLOW GIANT TUBE MATCHES,1115,1338.0
SWALLOW SMALL TUBE MATCHES,1,1.2
SWALLOW SQUARE TISSUE BOX,2021,2425.2
SWALLOW WOODEN CHRISTMAS DECORATION,2905,3486.0
SWALLOWS GREETING CARD,12340,14808.0
SWEET HEART CAKE CARRIER,78,93.6
SWEET PUDDING STICKER SHEET,282,338.4
SWEET VALENCIA CANDLE+CUP,131,157.2
SWEETHEART 3 TIER CAKE STAND ,222,266.4
SWEETHEART BIRD HOUSE,829,994.8
SWEETHEART CAKESTAND 3 TIER,1292,1550.3999999999999
SWEETHEART CARRY-ALL BASKET,263,315.59999999999997
SWEETHEART CERAMIC TRINKET BOX,18488,22185.6
SWEETHEART CREAM STEEL FOLDIN BENCH,203,243.6
SWEETHEART CREAM STEEL FOLDIN CHAIR,1,1.2
SWEETHEART CREAM STEEL TABLE RECT,149,178.79999999999998
SWEETHEART KEY CABINET,1478,1773.6
SWEETHEART RECIPE BOOK STAND,1465,1758.0
SWEETHEART WALL TIDY ,108,129.6
SWEETHEART WIRE FRUIT BOWL,241,289.2
SWEETHEART WIRE MAGAZINE RACK,362,434.4
SWEETHEART WIRE WALL TIDY,235,282.0
SWEETIES  STICKERS,1047,1256.3999999999999
SWIRLY CIRCULAR RUBBERS IN BAG,1026,1231.2
SWISS CHALET TREE DECORATION ,1662,1994.3999999999999
SWISS ROLL TOWEL PINK  SPOTS,666,799.1999999999999
"SWISS ROLL TOWEL, CHOCOLATE  SPOTS",1208,1449.6
"SWISS ROLL TOWEL, PINK  SPOTS",1411,1693.2
T-LIGHT GLASS FLUTED ANTIQUE,8698,10437.6
T-LIGHT HOLDER HANGING LACE,2176,2611.2
T-LIGHT HOLDER HANGING LOVE BIRD,533,639.6
T-LIGHT HOLDER SILVER HEART HANDLE,192,230.39999999999998
T-LIGHT HOLDER SILVER PETIT FOUR ,182,218.4
T-LIGHT HOLDER SILVER SAUCER,41,49.199999999999996
T-LIGHT HOLDER SWEETHEART HANGING,1201,1441.2
T-LIGHT HOLDER WHITE LACE,1069,1282.8
TABLE LAMP WHITE SHADE WOOD BASE,173,207.6
TABLECLOTH RED APPLES DESIGN ,541,649.1999999999999
TALL ROCOCO CANDLE HOLDER,129,154.79999999999998
TEA BAG PLATE RED RETROSPOT,5033,6039.599999999999
TEA BAG PLATE RED SPOTTY ,6866,8239.199999999999
TEA COSY BLUE STRIPE,515,618.0
TEA COSY RED  STRIPE,1208,1449.6
TEA COSY VINTAGE UNION JACK,988,1185.6
TEA CUP AND SAUCER RETRO SPOT,614,736.8
TEA FOR ONE POLKADOT,549,658.8
TEA PARTY  WRAPPING PAPER ,6350,7620.0
TEA PARTY BIRTHDAY CARD,10808,12969.6
TEA TIME BREAKFAST BASKET,170,204.0
TEA TIME CAKE STAND IN GIFT BOX,2384,2860.7999999999997
TEA TIME DES TEA COSY,1533,1839.6
TEA TIME KITCHEN APRON,2128,2553.6
TEA TIME MUG IN GIFT BOX,806,967.1999999999999
TEA TIME OVEN GLOVE,4970,5964.0
TEA TIME PAPER LANTERNS,334,400.8
TEA TIME PARTY BUNTING,5612,6734.4
TEA TIME TABLE CLOTH,928,1113.6
TEA TIME TEA SET IN GIFT BOX,436,523.1999999999999
TEA TIME TEA TOWELS ,5141,6169.2
TEA TIME TEAPOT IN GIFT BOX,823,987.5999999999999
TEACUP AND SAUCER REGENCY GREEN,174,208.79999999999998
TEACUP AND SAUCER REGENCY PINK,144,172.79999999999998
TEACUP AND SAUCER REGENCY ROSES,210,252.0
TEAL/FUSCHIA COL BEAD NECKLACE,18,21.599999999999998
TEATIME CAKE TIN WITH HANDLE,230,276.0
TEATIME FUNKY FLOWER BACKPACK FOR 2,7,8.4
TEATIME GEL PENS ASST,3144,3772.7999999999997
TEATIME PEN CASE & PENS,9949,11938.8
TEATIME PENCIL W STAMP ASST,938,1125.6
TEATIME PENCIL WITH RUBBER,122,146.4
TEATIME PUSH DOWN RUBBER,810,972.0
TEATIME ROUND CAKE TINS ,4,4.8
TEATIME ROUND PENCIL SHARPENER ,3413,4095.6
TEXRIO TOMATOES CANDLE+CUP,118,141.6
THE KING GIFT BAG,8083,9699.6
THE KING GIFT BAG 25x24x12cm,86,103.2
THREE CANVAS LUGGAGE TAGS,90,108.0
THREE MINI HANGING FRAMES,129,154.79999999999998
TIGRIS EYE CHUNKY CHARM BRACELET,28,33.6
TIN CAN BISCUITS DESIGN,48,57.599999999999994
TIN CAN CONFECTIONERY DESIGN,12,14.399999999999999
TIN CAN HOUSEKEEPING DESIGN,24,28.799999999999997
TIN CAN KINGS CHOICE DESIGN,36,43.199999999999996
TIN CAN POCKET MONEY DESIGN,24,28.799999999999997
TINY CRYSTAL BRACELET BLUE,17,20.4
TINY CRYSTAL BRACELET GREEN,23,27.599999999999998
TINY CRYSTAL BRACELET RED,18,21.599999999999998
TINY CRYSTALS BRACELET BLACK,6,7.199999999999999
TOADSTOOL BEDSIDE LIGHT ,246,295.2
TOADSTOOL MONEY BOX,1763,2115.6
TOAST ITS - BEST MUM,2401,2881.2
TOAST ITS - DINOSAUR,1310,1572.0
TOAST ITS - FAIRY FLOWER,1148,1377.6
TOAST ITS - HAPPY BIRTHDAY,1026,1231.2
TOAST ITS - I LOVE YOU ,3339,4006.7999999999997
TOILET METAL SIGN,8125,9750.0
TOILET SIGN OCCUPIED OR VACANT,3378,4053.6
TOMATO CHARLIE+LOLA COASTER SET,1139,1366.8
TOOL BOX SOFT TOY ,316,379.2
TOOTHPASTE TUBE PEN,2080,2496.0
TOP SECRET PEN SET,1210,1452.0
TOTE BAG I LOVE LONDON,1610,1932.0
TOXIC AREA  DOOR HANGER ,2325,2790.0
TOY TIDY DOLLY GIRL DESIGN,1304,1564.8
TOY TIDY PINK POLKADOT,4378,5253.599999999999
TOY TIDY PINK RETROSPOT  ,4279,5134.8
TOY TIDY SPACEBOY  ,4654,5584.8
TOYBOX  WRAP ,1801,2161.2
TRADITIONAL CHRISTMAS RIBBONS,5802,6962.4
TRADITIONAL KNITTING NANCY,8365,10038.0
TRADITIONAL MODELLING CLAY,14393,17271.6
TRADITIONAL NAUGHTS & CROSSES,2018,2421.6
TRADITIONAL PICK UP STICKS GAME ,1836,2203.2
TRADITIONAL WOODEN CATCH CUP GAME ,7273,8727.6
TRADITIONAL WOODEN SKIPPING ROPE,11721,14065.199999999999
TRADTIONAL ALPHABET STAMP SET,926,1111.2
TRANQUILITY MASALA INCENSE,442,530.4
TRANSPARENT ACRYLIC TAPE DISPENSER,912,1094.3999999999999
TRAVEL CARD WALLET FLOWER MEADOW,1693,2031.6
TRAVEL CARD WALLET I LOVE LONDON,4346,5215.2
TRAVEL CARD WALLET KEEP CALM,11645,13974.0
TRAVEL CARD WALLET PANTRY,1853,2223.6
TRAVEL CARD WALLET RETRO PETALS,1489,1786.8
TRAVEL CARD WALLET RETROSPOT,2104,2524.7999999999997
TRAVEL CARD WALLET SKULLS,2052,2462.4
TRAVEL CARD WALLET SUKI,2228,2673.6
TRAVEL CARD WALLET TRANSPORT,3042,3650.4
TRAVEL CARD WALLET UNION JACK,2477,2972.4
TRAVEL CARD WALLET VINTAGE LEAF,1320,1584.0
TRAVEL CARD WALLET VINTAGE ROSE ,541,649.1999999999999
TRAVEL CARD WALLET VINTAGE TICKET,4540,5448.0
TRAVEL SEWING KIT,9353,11223.6
"TRAY FOR TV DINNER , DOLLY GIRL",6,7.199999999999999
"TRAY FOR TV DINNER ,SPACEBOY",6,7.199999999999999
"TRAY, BREAKFAST IN BED",337,404.4
TREASURE AHOY WALL ART,270,324.0
TREASURE ISLAND BOOK BOX,2428,2913.6
TREASURE TIN BUFFALO BILL ,1430,1716.0
TREASURE TIN GYMKHANA DESIGN,2005,2406.0
TREE OF NOAH FESTIVE SCENTED CANDLE,50,60.0
TREE T-LIGHT HOLDER WILLIE WINKIE,352,422.4
TRELLIS FLOWER CHOPSTICKS SET/5,24,28.799999999999997
TRIANGULAR POUFFE VINTAGE ,106,127.19999999999999
TRIANGULAR RIDGED GLASS POSY HOLDER,766,919.1999999999999
TRIPLE HOOK ANTIQUE IVORY ROSE,778,933.5999999999999
TRIPLE PHOTO FRAME CORNICE ,977,1172.3999999999999
TRIPLE WIRE HOOK IVORY HEART,160,192.0
TRIPLE WIRE HOOK PINK HEART,68,81.6
TROPICAL  HONEYCOMB PAPER GARLAND ,2629,3154.7999999999997
TROPICAL HOLIDAY PURSE ,31,37.199999999999996
TROPICAL LUGGAGE TAG,1692,2030.3999999999999
TROPICAL PASSPORT COVER ,373,447.59999999999997
TUB 24 HANGING EASTER EGGS SPOTTY,360,432.0
TUB 24 PINK FLOWER PEGS,419,502.79999999999995
TUMBLER BAROQUE,402,482.4
TUMBLER NEW ENGLAND,1220,1464.0
"TUMBLER, BAROQUE",479,574.8
"TUMBLER, ENGLISH ROSE",151,181.2
"TUMBLER, NEW ENGLAND",472,566.4
TURQ ICE CREAM BUM BAG ,251,301.2
TURQ PENDANT TRIPLE SHELL NECKLACE,7,8.4
TURQ STONE/CRYSTAL EARRINGS,15,18.0
TURQ+RED BOUDICCA LARGE BRACELET,81,97.2
TURQOISE ICE CREAM SUNHAT,289,346.8
TURQUOISE BERTIE GLASS BEAD CHARM,88,105.6
TURQUOISE CHRISTMAS TREE ,17,20.4
TURQUOISE CRYSTAL+GLASS BRACELET,38,45.6
TURQUOISE GLASS TASSLE BAG CHARM ,65,78.0
TURQUOISE HEART OF GLASS BRACELET,24,28.799999999999997
TUSCAN VILLA BIRD FEEDER,16,19.2
TUSCAN VILLA BIRD TABLE ,19,22.8
TUSCAN VILLA DOVECOTE,12,14.399999999999999
TUSCAN VILLA DOVECOTE BIRD FEEDER,37,44.4
TUSCAN VILLA FEEDING STATION,12,14.399999999999999
TV DINNER TRAY AIR HOSTESS ,553,663.6
TV DINNER TRAY DOLLY GIRL,1043,1251.6
TV DINNER TRAY VINTAGE PAISLEY,732,878.4
TWO DOOR CURIO CABINET,765,918.0
TWO EMBOSSED HEART MINI DRAWERS,676,811.1999999999999
This is a test product.,51,61.199999999999996
UBO-LIGHT TRIOBASE BLUE,5,6.0
UBO-LIGHT TRIOBASE PURPLE,5,6.0
UNION FLAG WINDSOCK,1052,1262.3999999999999
UNION JACK FLAG LUGGAGE TAG,1659,1990.8
UNION JACK FLAG PASSPORT COVER ,1483,1779.6
UNION JACK GUNS & ROSES  DOORMAT,747,896.4
UNION JACK HOT WATER BOTTLE ,608,729.6
UNION STRIPE CUSHION COVER ,1178,1413.6
UNION STRIPE WITH FRINGE  HAMMOCK,1280,1536.0
URBAN BLACK RIBBONS ,1627,1952.3999999999999
URBAN CHIC CHOPSTICKS SET/5,397,476.4
UTILTY CABINET WITH HOOKS,178,213.6
VANILLA CANDLE IN EMBOSSED ZINC POT,10,12.0
VANILLA INCENSE 40 CONES IN TIN,88,105.6
VANILLA INCENSE IN TIN,3931,4717.2
VANILLA SCENT CAKE CANDLE ,960,1152.0
VANILLA SCENT CANDLE JEWELLED BOX,2140,2568.0
VANILLA SCENTED VOTIVE CANDLE,24,28.799999999999997
VEGETABLE GARDEN CHOPPING BOARD,70,84.0
VEGETABLE MAGNETIC  SHOPPING LIST,36,43.199999999999996
VENDETTA CANVAS PICTURE,2,2.4
VICTORIAN  METAL POSTCARD SPRING,5773,6927.599999999999
VICTORIAN GLASS HANGING T-LIGHT,37285,44742.0
VICTORIAN METAL POSTCARD CHRISTMAS,351,421.2
VICTORIAN SEWING BOX LARGE,1229,1474.8
VICTORIAN SEWING BOX MEDIUM,1267,1520.3999999999999
VICTORIAN SEWING BOX SMALL ,2171,2605.2
VICTORIAN SEWING KIT,5294,6352.8
VILLAGE SHOW WALL ART,386,463.2
VINTAGE  2 METER FOLDING RULER,1775,2130.0
VINTAGE  2 METRE FOLDING RULER,1321,1585.2
VINTAGE BEAD CHAISE LONG JEWEL BOX,18,21.599999999999998
VINTAGE BEAD COSMETIC BAG ,1776,2131.2
VINTAGE BEAD FILLED PINK CUSHION,12,14.399999999999999
VINTAGE BEAD NOTEBOOK,183,219.6
VINTAGE BEAD PINK EVENING BAG,533,639.6
VINTAGE BEAD PINK JEWEL BOX,51,61.199999999999996
VINTAGE BEAD PINK JEWEL STAND,3,3.5999999999999996
VINTAGE BEAD PINK PURSE ,867,1040.3999999999999
VINTAGE BEAD PINK SCARF ,337,404.4
VINTAGE BEAD PINK SHADE ,525,630.0
VINTAGE BELLS GARLAND,784,940.8
VINTAGE BILLBOARD DRINK ME MUG,3981,4777.2
VINTAGE BILLBOARD LOVE/HATE MUG,3901,4681.2
VINTAGE BILLBOARD MUG ,1908,2289.6
VINTAGE BILLBOARD TEA MUG,4901,5881.2
VINTAGE BLUE KITCHEN CABINET,45,54.0
VINTAGE BLUE TINSEL REEL,383,459.59999999999997
VINTAGE CARAVAN GIFT WRAP,3446,4135.2
VINTAGE CARAVAN GREETING CARD ,3930,4716.0
VINTAGE CAT FOOD CONTAINER,34,40.8
VINTAGE CHRISTMAS BUNTING,2748,3297.6
VINTAGE CHRISTMAS CAKE FRILL,2453,2943.6
VINTAGE CHRISTMAS GIFT BAG LARGE ,1781,2137.2
VINTAGE CHRISTMAS GIFT SACK,1364,1636.8
VINTAGE CHRISTMAS PAPER GIFT BAG,1563,1875.6
VINTAGE CHRISTMAS STOCKING ,2199,2638.7999999999997
VINTAGE CHRISTMAS TABLECLOTH,391,469.2
VINTAGE COFFEE GRINDER BOX,102,122.39999999999999
VINTAGE COLLAGE  GREETING  CARD ,40,48.0
VINTAGE CREAM 3 BASKET CAKE STAND,1632,1958.3999999999999
VINTAGE CREAM CAT FOOD CONTAINER,831,997.1999999999999
VINTAGE CREAM DOG FOOD CONTAINER,990,1188.0
VINTAGE DESIGN GIFT TAGS,3,3.5999999999999996
VINTAGE DOG FOOD CONTAINER,36,43.199999999999996
VINTAGE DOILY DELUXE SEWING KIT ,722,866.4
VINTAGE DOILY JUMBO BAG RED ,4434,5320.8
VINTAGE DOILY TRAVEL SEWING KIT,3516,4219.2
VINTAGE DONKEY TAIL GAME ,1750,2100.0
VINTAGE EMBOSSED HEART,886,1063.2
VINTAGE ENAMEL & CRYSTAL EARRINGS,22,26.4
VINTAGE ENAMEL & CRYSTAL NECKLACE,10,12.0
VINTAGE ENGRAVED HEART,60,72.0
VINTAGE GLASS COFFEE CADDY,238,285.59999999999997
VINTAGE GLASS SUGAR CADDY,69,82.8
VINTAGE GLASS T-LIGHT HOLDER,2129,2554.7999999999997
VINTAGE GLASS TEA CADDY,219,262.8
VINTAGE GOLD TINSEL REEL,233,279.59999999999997
VINTAGE HEADS AND TAILS CARD GAME ,16199,19438.8
VINTAGE JINGLE BELLS HEART,226,271.2
VINTAGE JINGLE BELLS WREATH,74,88.8
VINTAGE KEEPSAKE BOX BEAUTY GIRL,6,7.199999999999999
VINTAGE KEEPSAKE BOX PARIS DAYS,69,82.8
VINTAGE KEEPSAKE BOX PINK FLOWER,33,39.6
VINTAGE KEEPSAKE BOX TRAVELOGUE,103,123.6
VINTAGE KID DOLLY CARD ,6472,7766.4
VINTAGE KITCHEN PRINT FRUITS,3471,4165.2
VINTAGE KITCHEN PRINT PUDDINGS,2695,3234.0
VINTAGE KITCHEN PRINT SEAFOOD,3644,4372.8
VINTAGE KITCHEN PRINT VEGETABLES,3316,3979.2
VINTAGE LEAF CHOPPING BOARD  ,144,172.79999999999998
VINTAGE LEAF MAGNETIC NOTEPAD,1593,1911.6
VINTAGE METAL CAKE STAND CREAM ,1,1.2
VINTAGE NOTEBOOK BEAUTY GIRL,77,92.39999999999999
VINTAGE NOTEBOOK FRENCH LETTER ,16,19.2
VINTAGE NOTEBOOK PARIS DAYS,298,357.59999999999997
VINTAGE NOTEBOOK PINK FLOWER,38,45.6
VINTAGE NOTEBOOK RED ROSE,44,52.8
VINTAGE NOTEBOOK TRAVELOGUE,307,368.4
VINTAGE PAISLEY STATIONERY SET,2064,2476.7999999999997
VINTAGE PHOTO ALBUM PARIS DAYS,80,96.0
VINTAGE PINK DECORATIVE PARASOL,102,122.39999999999999
VINTAGE PINK TINSEL REEL ,13,15.6
VINTAGE POST OFFICE CABINET,123,147.6
VINTAGE RED ENAMEL TRIM JUG ,578,693.6
VINTAGE RED ENAMEL TRIM MUG ,1633,1959.6
VINTAGE RED ENAMEL TRIM PLATE,778,933.5999999999999
VINTAGE RED KITCHEN CABINET,75,90.0
VINTAGE RED MUG,2258,2709.6
VINTAGE RED TEATIME MUG,4517,5420.4
VINTAGE RED TRIM ENAMEL BOWL ,1079,1294.8
VINTAGE ROSE BEAD BRACELET BLACK,85,102.0
VINTAGE ROSE BEAD BRACELET BLUE,19,22.8
VINTAGE ROSE BEAD BRACELET RASPBERR,74,88.8
VINTAGE SEASIDE JIGSAW PUZZLES,988,1185.6
VINTAGE SHELLS PRINT,101,121.19999999999999
VINTAGE SNAKES & LADDERS,3387,4064.3999999999996
VINTAGE SNAP CARDS,25120,30144.0
VINTAGE UNION JACK APRON,838,1005.5999999999999
VINTAGE UNION JACK BUNTING,6497,7796.4
VINTAGE UNION JACK CUSHION COVER,3517,4220.4
VINTAGE UNION JACK DOORSTOP,1710,2052.0
VINTAGE UNION JACK MEMOBOARD,6125,7350.0
VINTAGE UNION JACK PENNANT,1415,1698.0
VINTAGE UNION JACK SHOPPING BAG,896,1075.2
VINTAGE WOODEN BAR STOOL,43,51.6
VINTAGE WOODEN PLATE RACK,17,20.4
VINTAGE ZINC PLANTER  ,23,27.599999999999998
VINTAGE ZINC WATERING CAN,12,14.399999999999999
VINTAGE ZINC WATERING CAN SMALL,16,19.2
VINYL RECORD FRAME SILVER,2550,3060.0
VIP HOLIDAY PURSE,664,796.8
VIP LUGGAGE TAG ,71,85.2
VIP PASSPORT COVER ,35,42.0
VIPPASSPORT COVER ,488,585.6
WAKE UP COCKEREL CALENDAR SIGN ,117,140.4
WAKE UP COCKEREL TILE COASTER,651,781.1999999999999
WAKE UP COCKEREL TILE HOOK,218,261.59999999999997
WAKE UP COCKEREL WALL THERMOMETER,177,212.4
"WALL ART , LOVES' SECRET ",8,9.6
"WALL ART , THE MAGIC FOREST ",2,2.4
"WALL ART ,PUDDINGS ",8,9.6
WALL ART 70'S ALPHABET ,334,400.8
WALL ART ANIMALS AND NATURE ,148,177.6
WALL ART BICYCLE SAFETY,644,772.8
WALL ART BICYCLE SAFTEY ,21,25.2
WALL ART BIG LOVE ,960,1152.0
WALL ART BUFFALO BILL ,321,385.2
WALL ART CAT AND BIRD ,118,141.6
WALL ART CLASSIC PUDDINGS ,821,985.1999999999999
WALL ART DOG AND BALL ,89,106.8
WALL ART DOG LICENCE ,474,568.8
WALL ART DOLLY GIRL ,311,373.2
WALL ART GARDEN HAVEN ,210,252.0
WALL ART HORSE & PONY ,209,250.79999999999998
WALL ART I LOVE LONDON ,86,103.2
WALL ART KEEP CALM ,958,1149.6
WALL ART LOVES' SECRET ,229,274.8
WALL ART MID CENTURY MODERN ,164,196.79999999999998
WALL ART ONLY ONE PERSON ,1031,1237.2
WALL ART SPACEBOY,156,187.2
WALL ART STOP FOR TEA ,688,825.6
WALL ART THE MAGIC FOREST ,144,172.79999999999998
WALL ART TREASURE AHOY ,87,104.39999999999999
WALL ART VILLAGE SHOW ,227,272.4
WALL ART VINTAGE HEART,326,391.2
WALL ART WORK REST AND PLAY  ,205,246.0
"WALL ART,ONLY ONE PERSON ",6,7.199999999999999
"WALL MIRROR , DIAMANTE OVAL SHAPE",387,464.4
"WALL MIRROR , RECT DIAMANTE, PINK/",177,212.4
WALL MIRROR RECTANGLE DIAMANTE PINK,126,151.2
WALL MOUNTED VINTAGE ORGANISER,447,536.4
WALL TIDY RETROSPOT ,3046,3655.2
WASH BAG VINTAGE ROSE PAISLEY,1780,2136.0
WASHROOM METAL SIGN,6746,8095.2
WATERING CAN BLUE ELEPHANT,3179,3814.7999999999997
WATERING CAN GARDEN MARKER,2243,2691.6
WATERING CAN GREEN DINOSAUR,2670,3204.0
WATERING CAN PINK BUNNY,3394,4072.7999999999997
WATERING CAN SINGLE HOOK PISTACHIO,412,494.4
WATERMELON BATH SPONGE,1739,2086.7999999999997
WAVELINE SURF IRONING BOARD COVER,8,9.6
WAY OUT METAL SIGN ,1034,1240.8
WEEKEND BAG VINTAGE ROSE PAISLEY,902,1082.3999999999999
WELCOME  WOODEN BLOCK LETTERS,967,1160.3999999999999
WELCOME METAL SIGN,44,52.8
WHEELBARROW FOR CHILDREN ,518,621.6
WHITE  ROSEBUD PEARL BRACELET,30,36.0
WHITE 3 FRAME BIRDS AND TREE ,24,28.799999999999997
WHITE ADVENT CANDLE,443,531.6
WHITE ALLIUM  ARTIFICIAL FLOWER,40,48.0
WHITE AND BLUE CERAMIC OIL BURNER,312,374.4
WHITE ANEMONE ARTIFICIAL FLOWER,171,205.2
WHITE BAMBOO RIBS LAMPSHADE,3149,3778.7999999999997
WHITE BAROQUE CARRIAGE CLOCK,22,26.4
WHITE BAROQUE WALL CLOCK ,79,94.8
WHITE BEADED GARLAND STRING 20LIGHT,994,1192.8
WHITE BELL HONEYCOMB PAPER ,1845,2214.0
WHITE BELL HONEYCOMB PAPER GARLAND ,1251,1501.2
WHITE BIRD GARDEN DESIGN MUG,8800,10560.0
WHITE BITTY LIGHT CHAIN ,240,288.0
WHITE BROCANTE SOAP DISH,751,901.1999999999999
WHITE CANDYSTUFT ARTIFICIAL FLOWER,433,519.6
WHITE CERAMIC PARTY SET (5PCS),94,112.8
WHITE CHERRY LIGHTS,962,1154.3999999999999
WHITE CHOCOLATE SCENT CANDLE,351,421.2
WHITE CHRISTMAS FLOCK DROPLET ,91,109.2
WHITE CHRISTMAS GARLAND STARS TREES,543,651.6
WHITE CHRISTMAS HEART DECORATION,2590,3108.0
WHITE CHRISTMAS STAR DECORATION,3000,3600.0
WHITE CHRISTMAS TREE 60CM,3,3.5999999999999996
WHITE CHRISTMAS TREE DECORATION ,2124,2548.7999999999997
WHITE CHRYSANTHEMUMS ART FLOWER,259,310.8
WHITE DOVE HONEYCOMB PAPER GARLAND,5017,6020.4
WHITE ENAMEL FLOWER HAIR TIE,9,10.799999999999999
WHITE FOXGLOVE ARTIIFCIAL FLOWER,16,19.2
WHITE FRANGIPANI HAIR CLIP,17,20.4
WHITE FRANGIPANI NECKLACE,17,20.4
WHITE GLASS CHUNKY CHARM BRACELET,69,82.8
WHITE GLASS TV TRIPLE FRAME,16,19.2
WHITE GOOSE FEATHER CHRISTMAS TREE ,458,549.6
WHITE GOOSE FEATHER TREE 60CM ,352,422.4
WHITE GRAND BAROQUE PHOTO FRAME,174,208.79999999999998
WHITE HAND TOWEL WITH BUTTERFLY,183,219.6
WHITE HANGING BEADS CANDLE HOLDER,717,860.4
WHITE HANGING HEART T-LIGHT HOLDER,91757,110108.4
WHITE HEART CONFETTI IN TUBE,1190,1428.0
WHITE HEART OF GLASS BRACELET,23,27.599999999999998
WHITE HEARTS WIRE PLANT POT HOLDER,324,388.8
WHITE HONEYCOMB PAPER FAN ,84,100.8
WHITE HONEYCOMB PAPER GARLAND ,543,651.6
WHITE HYDRANGEA ART FLOWER,202,242.39999999999998
WHITE JEWELLED HEART DECORATION,5858,7029.599999999999
WHITE LOVEBIRD LANTERN,2105,2526.0
WHITE METAL BAROQUE PHOTO FRAME,72,86.39999999999999
WHITE METAL LANTERN,4306,5167.2
WHITE MOROCCAN METAL LANTERN,47,56.4
WHITE MURANO TWIST BRACELET,102,122.39999999999999
WHITE NEWBAROQUE CANDLESTICK CANDLE,639,766.8
"WHITE PEARL BEADED HEART, SMALL",428,513.6
WHITE PICNIC BARBECUE BUCKET,54,64.8
WHITE RETRODISC LAMPSHADE,898,1077.6
WHITE ROCKING HORSE HAND PAINTED,2750,3300.0
WHITE ROHMBIC BLOCK TABLE LAMP,2,2.4
WHITE ROSE C/COVER,20,24.0
WHITE ROSEBUD  PEARL EARRINGS,20,24.0
WHITE ROSEBUD & PEARL NECKLACE,4,4.8
WHITE ROUND PORCELAIN TLIGHT HOLDER,106,127.19999999999999
WHITE SAGE INCENSE,2058,2469.6
WHITE SATIN DRESS JEWEL STAND,4,4.8
WHITE SCANDINAVIAN HEART CHRISTMAS,1,1.2
WHITE SILVER NECKLACE SHELL GLASS,2,2.4
WHITE SKULL HOT WATER BOTTLE ,4538,5445.599999999999
WHITE SNOW SCANDINAVIAN STOCKING ,563,675.6
WHITE SOAP RACK WITH 2 BOTTLES,247,296.4
WHITE SPOT BLUE CERAMIC DRAWER KNOB,9171,11005.199999999999
WHITE SPOT RED CERAMIC DRAWER KNOB,10290,12348.0
WHITE SQUARE TABLE CLOCK,203,243.6
WHITE STITCHED CUSHION COVER,198,237.6
WHITE STITCHED WALL CLOCK,851,1021.1999999999999
WHITE STONE/CRYSTAL EARRINGS,18,21.599999999999998
WHITE SWEETHEARTS CABINET 4 DRAWERS,239,286.8
WHITE TALL PORCELAIN T-LIGHT HOLDER,1534,1840.8
"WHITE TEA,COFFEE,SUGAR JARS",638,765.6
WHITE TISSUE REAM,317,380.4
WHITE TRAVEL ALARM CLOCK,311,373.2
WHITE VINT ART DECO CRYSTAL NECKLAC,18,21.599999999999998
WHITE VINTAGE CRYSTAL BRACELET,17,20.4
WHITE VINTAGE CRYSTAL EARRINGS,11,13.2
WHITE WICKER STAR ,1422,1706.3999999999999
WHITE WIRE EGG HOLDER,1668,2001.6
WHITE WIRE PLANT POT HOLDER,16,19.2
WHITE WITH BLACK CATS BOWL,344,412.8
WHITE WITH BLACK CATS MUG,5153,6183.599999999999
WHITE WITH BLACK CATS PLATE,6091,7309.2
WHITE WITH METAL BAG CHARM,13,15.6
WHITE WOOD GARDEN PLANT LADDER,1519,1822.8
WHITE WOOD SINGLE P/FRAME,5,6.0
WHITE/BLUE PULL BACK RACING CAR,1658,1989.6
WHITE/BLUE RECT CERAMIC OIL BURNER,20,24.0
WHITE/PINK CHICK DECORATION,283,339.59999999999997
WHITE/PINK CHICK EASTER DECORATION,97,116.39999999999999
WHITE/PINK MINI CRYSTALS NECKLACE,11,13.2
WICKER STAR ,4428,5313.599999999999
WICKER WREATH LARGE,1360,1632.0
WICKER WREATH SMALL,1378,1653.6
WILLOW BRANCH LIGHTS.,703,843.6
WINE BOTTLE DRESSING DARK BLUE,138,165.6
WINE BOTTLE DRESSING LT.BLUE,141,169.2
WIRE EGG BASKET ,109,130.79999999999998
WIRE FLOWER T-LIGHT HOLDER,220,264.0
WISE MAN STAR SHAPE EGG PAN,70,84.0
WOBBLING METAL CHICKEN EASTER,85,102.0
WOOD 2 DRAWER CABINET WHITE FINISH,4774,5728.8
WOOD AND GLASS MEDICINE CABINET,65,78.0
WOOD ANIMALS HEIGHT CHART STICKERS ,6,7.199999999999999
WOOD BLACK BOARD ANT WHITE FINISH,9678,11613.6
WOOD FAN WITH FLOWER DESIGN,1391,1669.2
WOOD S/3 CABINET ANT WHITE FINISH,3913,4695.599999999999
WOOD STAMP SET BEST WISHES,1461,1753.2
WOOD STAMP SET FLOWERS,1281,1537.2
WOOD STAMP SET HAPPY BIRTHDAY,1263,1515.6
WOOD STAMP SET THANK YOU,2082,2498.4
WOOD STOCKING CHRISTMAS SCANDISPOT,2998,3597.6
WOOD XMAS TREE 9 FIG SHELVES,29,34.8
WOODEN ADVENT CALENDAR CREAM,869,1042.8
WOODEN ADVENT CALENDAR RED,773,927.5999999999999
WOODEN BOX ADVENT CALENDAR ,1239,1486.8
WOODEN BOX OF DOMINOES,11803,14163.6
WOODEN CHRISTMAS TREE 3 HANGING,138,165.6
WOODEN CROQUET GARDEN SET,1710,2052.0
WOODEN FRAME ANTIQUE WHITE ,14368,17241.6
WOODEN HAPPY BIRTHDAY GARLAND,4877,5852.4
WOODEN HEART CHRISTMAS SCANDINAVIAN,12969,15562.8
WOODEN HEART CHRISTMAS SCANDISPOT,36,43.199999999999996
WOODEN OWLS LIGHT GARLAND ,1730,2076.0
WOODEN PICTURE FRAME WHITE FINISH,15643,18771.6
WOODEN REGATTA BUNTING,991,1189.2
WOODEN ROUNDERS GARDEN SET ,2406,2887.2
WOODEN SCHOOL COLOURING SET,11158,13389.6
WOODEN SKITTLES GARDEN SET,1022,1226.3999999999999
WOODEN STAR CHRISTMAS SCANDINAVIAN,12180,14616.0
WOODEN STAR CHRISTMAS SCANDISPOT,72,86.39999999999999
WOODEN TREE CHRISTMAS SCANDINAVIAN,6566,7879.2
WOODEN TREE CHRISTMAS SCANDISPOT,96,115.19999999999999
WOODEN UNION JACK BUNTING,3165,3798.0
WOODLAND  HEIGHT CHART STICKERS ,1553,1863.6
WOODLAND  STICKERS,2652,3182.4
WOODLAND ANIMAL  WRITING SET ,1357,1628.3999999999999
WOODLAND BUNNIES LOLLY MAKERS,563,675.6
WOODLAND CHARLOTTE BAG,19027,22832.399999999998
WOODLAND CREATURES  WRAP,25,30.0
WOODLAND DESIGN  COTTON TOTE BAG,1908,2289.6
WOODLAND LARGE BLUE FELT HEART,85,102.0
WOODLAND LARGE PINK FELT HEART,278,333.59999999999997
WOODLAND LARGE RED FELT HEART,198,237.6
WOODLAND MINI BACKPACK,784,940.8
WOODLAND MINI RUCKSACK ,5,6.0
WOODLAND PARTY BAG + STICKER SET,3460,4152.0
WOODLAND SMALL BLUE FELT HEART,297,356.4
WOODLAND SMALL PINK FELT HEART,280,336.0
WOODLAND SMALL RED FELT HEART,665,798.0
WOODLAND STORAGE BOX LARGE ,782,938.4
WOODLAND STORAGE BOX SMALL,962,1154.3999999999999
WOODLAND WATER TRANSFER TATTOOS ,1748,2097.6
WOOLLY HAT SOCK GLOVE ADVENT STRING,1687,2024.3999999999999
WORLD WAR 2 GLIDERS ASSTD DESIGNS,105185,126222.0
WOVEN BERRIES CUSHION COVER ,194,232.79999999999998
WOVEN BUBBLE GUM CUSHION COVER,190,228.0
WOVEN CANDY CUSHION COVER ,93,111.6
WOVEN FROST CUSHION COVER,102,122.39999999999999
WOVEN ROSE GARDEN CUSHION COVER ,172,206.4
WOVEN SUNSET CUSHION COVER ,23,27.599999999999998
WRAP  PINK FLOCK,1050,1260.0
WRAP  VINTAGE DOILEY ,100,120.0
WRAP  VINTAGE DOILY ,2450,2940.0
"WRAP , SUMMER ROSE DESIGN",150,180.0
WRAP 50'S  CHRISTMAS,4563,5475.599999999999
WRAP A PRETTY THANK YOU,50,60.0
WRAP ALPHABET DESIGN,7925,9510.0
WRAP ALPHABET POSTER  ,1850,2220.0
WRAP BAD HAIR DAY,975,1170.0
WRAP BILLBOARD FONTS DESIGN,1800,2160.0
WRAP BIRD GARDEN ,1300,1560.0
WRAP BLIZZARD,975,1170.0
WRAP BLUE REINDEER,1350,1620.0
WRAP BLUE RUSSIAN FOLKART,2025,2430.0
WRAP BOUDOIR ,750,900.0
WRAP CAROUSEL,375,450.0
WRAP CHRISTMAS DECOUPAGE,25,30.0
WRAP CHRISTMAS SCREEN PRINT,3450,4140.0
WRAP CHRISTMAS VILLAGE,9663,11595.6
WRAP CIRCUS PARADE,5302,6362.4
WRAP COWBOYS  ,4215,5058.0
WRAP DAISY CARPET ,2060,2472.0
WRAP DOILEY DESIGN,4675,5610.0
WRAP DOLLY GIRL,5300,6360.0
WRAP ENGLISH ROSE ,13198,15837.599999999999
WRAP FLOWER SHOP  ,1575,1890.0
WRAP FOLK ART,2050,2460.0
WRAP GINGHAM ROSE ,2276,2731.2
WRAP GREEN PEARS ,3700,4440.0
WRAP GREEN RUSSIAN FOLKART ,1750,2100.0
WRAP I LOVE LONDON ,7104,8524.8
WRAP KEEP CALM BIRTHDAY,1125,1350.0
WRAP MAGIC FOREST ,1075,1290.0
WRAP MONSTER FUN ,2150,2580.0
WRAP PAISLEY PARK ,3250,3900.0
WRAP PINK FAIRY CAKES ,16586,19903.2
WRAP POPPIES  DESIGN,5175,6210.0
WRAP RED APPLES ,8650,10380.0
WRAP RED DOILEY,375,450.0
WRAP RED VINTAGE DOILY,2100,2520.0
WRAP ROMANTIC DECOUPAGE,25,30.0
WRAP SPEED DEMONS ,450,540.0
WRAP SUKI AND FRIENDS,6676,8011.2
WRAP SUMMER ROSE DESIGN,100,120.0
WRAP SWEETS LIGHT PINK SMALL BOWL,71,85.2
WRAP VINTAGE LEAF DESIGN,5251,6301.2
WRAP VINTAGE PETALS  DESIGN,3275,3930.0
WRAP WEDDING DAY,2775,3330.0
WRAP WINTER FOREST,250,300.0
"WRAP, BILLBOARD FONTS DESIGN",2890,3468.0
"WRAP, CAROUSEL",575,690.0
"WRAP, FRIENDSHIP ON GREEN",1450,1740.0
"WRAP,SUKI AND FRIENDS",3325,3990.0
"WRAPPING PAPER, XMAS VILLAGE",25,30.0
YELLOW + BROWN BEAR FELT PURSE KIT,35,42.0
YELLOW BIRDS FELT DES FOODCOVER,9,10.799999999999999
YELLOW BREAKFAST CUP AND SAUCER,2684,3220.7999999999997
YELLOW BROWN BEAR FELT PURSE KIT,11,13.2
YELLOW COAT RACK PARIS FASHION,296,355.2
YELLOW DRAGONFLY HELICOPTER,76,91.2
YELLOW EASTER EGG HUNT START POST,250,300.0
YELLOW FELT HANGING HEART W FLOWER,51,61.199999999999996
YELLOW FLOWERS FELT HANDBAG KIT,154,184.79999999999998
YELLOW GIANT GARDEN THERMOMETER,259,310.8
YELLOW KNITTED KIDS RUCKSACK,33,39.6
YELLOW METAL CHICKEN HEART ,1341,1609.2
YELLOW PINK FLOWER DESIGN BIG BOWL,31,37.199999999999996
YELLOW POT PLANT CANDLE,493,591.6
YELLOW PURPLE DAISY FELT PURSE KIT,86,103.2
YELLOW RABBIT SAT EASTER,48,57.599999999999994
YELLOW RED FLOWER PIGGY BANK,107,128.4
YELLOW SHARK HELICOPTER,89,106.8
YELLOW VW BEETLE CERAMIC MONEY BOX,46,55.199999999999996
YELLOW/BLUE RETRO RADIO,24,28.799999999999997
YELLOW/ORANGE FLOWER DESIGN PLATE,68,81.6
YELLOW/PINK CERAMIC CANDLE HOLDER,7,8.4
YELLOW/PINK FLOWER DESIGN BIG MUG,43,51.6
YOU'RE CONFUSING ME METAL SIGN ,8642,10370.4
YULETIDE IMAGES GIFT WRAP SET,1008,1209.6
YULETIDE IMAGES S/6 PAPER BOXES,762,914.4
ZINC  HEART T-LIGHT HOLDER,830,996.0
ZINC  STAR T-LIGHT HOLDER ,1183,1419.6
ZINC BOX SIGN HOME,139,166.79999999999998
ZINC FINISH 15CM PLANTER POTS,1467,1760.3999999999999
ZINC FOLKART SLEIGH BELLS,7851,9421.199999999999
ZINC HEART FLOWER T-LIGHT HOLDER,760,912.0
ZINC HEART LATTICE 2 WALL PLANTER,73,87.6
ZINC HEART LATTICE CHARGER LARGE,71,85.2
ZINC HEART LATTICE CHARGER SMALL,39,46.8
ZINC HEART LATTICE DOUBLE PLANTER,670,804.0
ZINC HEART LATTICE PLANTER BOWL,820,984.0
ZINC HEART LATTICE T-LIGHT HOLDER,1321,1585.2
ZINC HEART LATTICE TRAY OVAL ,334,400.8
ZINC HEARTS PLANT POT HOLDER,275,330.0
ZINC HERB GARDEN CONTAINER,535,642.0
ZINC METAL HEART DECORATION,19328,23193.6
ZINC PLANT POT HOLDER,8,9.6
ZINC POLICE BOX LANTERN,193,231.6
ZINC STAR T-LIGHT HOLDER ,8,9.6
ZINC SWEETHEART SOAP DISH,59,70.8
ZINC SWEETHEART WIRE LETTER RACK,248,297.59999999999997
ZINC T-LIGHT HOLDER STAR LARGE,2030,2436.0
ZINC T-LIGHT HOLDER STARS LARGE,24,28.799999999999997
ZINC T-LIGHT HOLDER STARS SMALL,4894,5872.8
ZINC TOP  2 DOOR WOODEN SHELF ,242,290.4
ZINC WILLIE WINKIE  CANDLE STICK,6166,7399.2
ZINC WIRE KITCHEN ORGANISER,25,30.0
ZINC WIRE SWEETHEART LETTER TRAY,80,96.0
